data,cidade,polo,latitude,longitude,T2M,T2M_MAX,T2M_MIN,RH2M,ALLSKY_SFC_SW_DWN,ALLSKY_SFC_PAR_TOT,T2MDEW,PRECTOTCORR,WS2M
2015-01-01,Piedade,Sudoeste,-23.717,-47.4142,24.28,28.68,19.57,81.29,26.6,12.44,20.64,2.26,1.77
2015-01-02,Piedade,Sudoeste,-23.717,-47.4142,23.66,27.36,21.23,87.12,23.75,11.12,21.25,2.82,1.68
2015-01-03,Piedade,Sudoeste,-23.717,-47.4142,23.95,28.82,20.82,84.44,22.65,10.54,20.92,2.37,1.36
2015-01-04,Piedade,Sudoeste,-23.717,-47.4142,23.76,28.25,20.12,81.11,13.11,6.39,20.04,1.13,1.12
2015-01-05,Piedade,Sudoeste,-23.717,-47.4142,23.01,26.79,20.25,83.43,21.6,10.12,19.88,16.0,1.52
2015-01-06,Piedade,Sudoeste,-23.717,-47.4142,23.86,28.97,18.87,80.13,23.37,10.95,19.88,4.16,1.23
2015-01-07,Piedade,Sudoeste,-23.717,-47.4142,24.91,30.5,19.92,77.88,28.23,13.13,20.35,11.38,1.25
2015-01-08,Piedade,Sudoeste,-23.717,-47.4142,25.17,30.09,20.42,77.5,29.75,13.81,20.62,11.08,0.86
2015-01-09,Piedade,Sudoeste,-23.717,-47.4142,26.26,31.54,20.65,74.07,29.46,13.58,20.81,0.58,1.45
2015-01-10,Piedade,Sudoeste,-23.717,-47.4142,26.75,32.38,21.51,72.92,28.83,13.3,20.94,4.48,1.17
2015-01-11,Piedade,Sudoeste,-23.717,-47.4142,26.98,32.41,20.48,68.51,28.59,13.15,20.3,0.68,1.38
2015-01-12,Piedade,Sudoeste,-23.717,-47.4142,26.78,31.72,21.71,70.7,25.11,11.66,20.64,1.29,1.03
2015-01-13,Piedade,Sudoeste,-23.717,-47.4142,26.86,32.75,20.88,67.89,28.69,13.14,19.86,2.9,1.17
2015-01-14,Piedade,Sudoeste,-23.717,-47.4142,25.41,29.5,21.0,73.32,20.67,9.68,19.98,2.75,1.1
2015-01-15,Piedade,Sudoeste,-23.717,-47.4142,24.75,29.49,20.61,76.08,25.98,11.9,19.96,0.93,1.8
2015-01-16,Piedade,Sudoeste,-23.717,-47.4142,25.93,32.2,20.42,72.02,29.06,13.38,19.74,0.21,1.47
2015-01-17,Piedade,Sudoeste,-23.717,-47.4142,27.62,34.96,19.84,63.37,28.62,13.1,18.8,0.0,1.22
2015-01-18,Piedade,Sudoeste,-23.717,-47.4142,27.94,35.29,21.04,58.86,27.06,12.44,18.05,0.31,1.66
2015-01-19,Piedade,Sudoeste,-23.717,-47.4142,27.69,36.69,20.34,57.24,29.4,13.53,16.65,2.74,1.64
2015-01-20,Piedade,Sudoeste,-23.717,-47.4142,26.59,35.27,19.41,59.12,28.59,13.06,16.11,3.8,1.71
2015-01-21,Piedade,Sudoeste,-23.717,-47.4142,24.84,31.56,20.79,75.23,21.78,10.03,19.47,9.34,1.88
2015-01-22,Piedade,Sudoeste,-23.717,-47.4142,22.66,27.53,19.16,83.42,20.23,9.38,19.48,9.19,3.4
2015-01-23,Piedade,Sudoeste,-23.717,-47.4142,22.52,27.77,18.72,78.72,20.84,9.68,18.27,1.07,2.32
2015-01-24,Piedade,Sudoeste,-23.717,-47.4142,23.62,29.39,18.35,75.65,25.91,11.9,18.51,2.59,1.37
2015-01-25,Piedade,Sudoeste,-23.717,-47.4142,22.9,26.26,18.98,81.74,28.04,12.95,19.44,14.34,1.72
2015-01-26,Piedade,Sudoeste,-23.717,-47.4142,22.38,25.79,19.71,85.91,23.09,10.73,19.79,6.46,1.41
2015-01-27,Piedade,Sudoeste,-23.717,-47.4142,23.6,27.54,18.99,77.81,22.32,10.33,19.24,2.17,1.18
2015-01-28,Piedade,Sudoeste,-23.717,-47.4142,23.58,27.89,19.58,80.86,18.35,8.65,19.88,2.18,1.77
2015-01-29,Piedade,Sudoeste,-23.717,-47.4142,23.76,28.4,20.45,81.21,16.59,7.95,20.01,0.5,2.3
2015-01-30,Piedade,Sudoeste,-23.717,-47.4142,22.54,26.4,19.73,84.6,17.2,8.16,19.65,1.48,1.74
2015-01-31,Piedade,Sudoeste,-23.717,-47.4142,22.94,29.37,19.12,80.44,19.64,9.12,19.07,2.24,2.56
2015-02-01,Piedade,Sudoeste,-23.717,-47.4142,23.76,30.72,18.98,79.37,20.7,9.67,19.57,3.82,1.93
2015-02-02,Piedade,Sudoeste,-23.717,-47.4142,22.09,26.83,17.76,84.06,20.17,9.38,19.09,3.5,1.82
2015-02-03,Piedade,Sudoeste,-23.717,-47.4142,23.31,30.84,16.16,73.04,28.16,12.96,17.27,3.22,0.92
2015-02-04,Piedade,Sudoeste,-23.717,-47.4142,21.35,25.02,19.15,86.04,12.46,6.08,18.78,6.33,1.5
2015-02-05,Piedade,Sudoeste,-23.717,-47.4142,20.42,23.27,18.33,92.44,9.24,4.71,19.14,23.02,2.7
2015-02-06,Piedade,Sudoeste,-23.717,-47.4142,21.13,26.16,16.83,84.93,18.79,8.83,18.28,20.53,1.61
2015-02-07,Piedade,Sudoeste,-23.717,-47.4142,21.83,28.34,16.53,78.22,26.39,11.96,17.28,3.02,1.48
2015-02-08,Piedade,Sudoeste,-23.717,-47.4142,22.62,29.38,17.01,78.61,27.04,12.29,18.14,1.34,1.72
2015-02-09,Piedade,Sudoeste,-23.717,-47.4142,23.47,29.57,17.9,80.19,20.99,9.75,19.45,0.67,1.43
2015-02-10,Piedade,Sudoeste,-23.717,-47.4142,23.51,28.51,19.77,83.76,19.56,9.21,20.36,6.11,2.08
2015-02-11,Piedade,Sudoeste,-23.717,-47.4142,24.09,28.19,20.7,83.94,19.78,9.32,21.02,0.34,1.95
2015-02-12,Piedade,Sudoeste,-23.717,-47.4142,24.69,28.59,20.96,81.59,24.68,11.58,21.15,0.27,1.55
2015-02-13,Piedade,Sudoeste,-23.717,-47.4142,25.57,30.34,21.77,75.21,15.75,7.49,20.59,0.64,1.05
2015-02-14,Piedade,Sudoeste,-23.717,-47.4142,23.14,27.61,19.99,83.07,20.15,9.43,19.9,4.04,1.24
2015-02-15,Piedade,Sudoeste,-23.717,-47.4142,21.92,26.75,18.85,85.21,15.06,7.22,19.1,2.31,1.47
2015-02-16,Piedade,Sudoeste,-23.717,-47.4142,21.88,27.27,17.72,81.58,13.18,6.42,18.24,1.23,1.37
2015-02-17,Piedade,Sudoeste,-23.717,-47.4142,21.72,25.87,19.11,87.5,11.33,5.6,19.42,9.44,2.07
2015-02-18,Piedade,Sudoeste,-23.717,-47.4142,21.84,25.28,19.21,89.26,10.63,5.3,19.88,11.51,2.61
2015-02-19,Piedade,Sudoeste,-23.717,-47.4142,22.53,26.71,19.13,86.53,15.76,7.55,20.02,1.96,3.15
2015-02-20,Piedade,Sudoeste,-23.717,-47.4142,22.72,27.1,19.61,83.85,13.21,6.32,19.66,2.35,2.5
2015-02-21,Piedade,Sudoeste,-23.717,-47.4142,24.03,29.21,19.7,79.48,23.92,10.96,19.93,0.28,1.53
2015-02-22,Piedade,Sudoeste,-23.717,-47.4142,23.78,30.62,18.45,75.93,26.55,12.03,18.6,0.0,2.2
2015-02-23,Piedade,Sudoeste,-23.717,-47.4142,24.46,30.66,19.41,74.34,25.46,11.78,18.95,0.47,1.57
2015-02-24,Piedade,Sudoeste,-23.717,-47.4142,23.17,27.55,19.85,82.57,21.57,10.02,19.78,4.75,1.27
2015-02-25,Piedade,Sudoeste,-23.717,-47.4142,21.69,25.26,18.39,85.69,18.55,8.77,19.08,10.3,1.59
2015-02-26,Piedade,Sudoeste,-23.717,-47.4142,23.48,29.24,18.81,77.95,25.56,11.84,18.98,1.66,0.87
2015-02-27,Piedade,Sudoeste,-23.717,-47.4142,24.43,30.25,19.24,73.88,23.08,10.7,18.94,1.09,0.91
2015-02-28,Piedade,Sudoeste,-23.717,-47.4142,22.08,26.56,18.55,84.84,17.0,8.07,19.25,5.55,2.66
2015-03-01,Piedade,Sudoeste,-23.717,-47.4142,21.71,28.22,17.48,76.47,22.8,10.42,16.89,0.81,3.14
2015-03-02,Piedade,Sudoeste,-23.717,-47.4142,22.68,29.9,16.88,72.18,26.18,11.86,16.85,0.0,1.98
2015-03-03,Piedade,Sudoeste,-23.717,-47.4142,23.44,30.81,17.21,72.14,24.04,10.92,17.3,0.0,1.91
2015-03-04,Piedade,Sudoeste,-23.717,-47.4142,24.15,31.25,18.01,72.87,24.83,11.37,18.1,0.32,1.51
2015-03-05,Piedade,Sudoeste,-23.717,-47.4142,24.91,32.04,18.54,72.27,23.74,10.93,18.71,1.67,0.85
2015-03-06,Piedade,Sudoeste,-23.717,-47.4142,22.24,25.37,20.0,86.84,15.46,7.4,19.85,9.87,1.12
2015-03-07,Piedade,Sudoeste,-23.717,-47.4142,21.56,25.67,19.41,89.06,10.79,5.34,19.57,21.25,1.57
2015-03-08,Piedade,Sudoeste,-23.717,-47.4142,21.88,26.32,19.69,90.14,8.42,4.24,20.1,15.58,2.08
2015-03-09,Piedade,Sudoeste,-23.717,-47.4142,20.96,23.9,18.78,91.07,8.75,4.37,19.39,4.05,1.59
2015-03-10,Piedade,Sudoeste,-23.717,-47.4142,22.66,27.6,18.86,85.11,14.92,7.12,19.82,5.97,1.7
2015-03-11,Piedade,Sudoeste,-23.717,-47.4142,23.36,28.25,19.43,83.04,17.85,8.39,20.06,2.47,1.3
2015-03-12,Piedade,Sudoeste,-23.717,-47.4142,22.99,27.33,19.47,84.61,15.28,7.27,20.03,1.64,1.56
2015-03-13,Piedade,Sudoeste,-23.717,-47.4142,21.89,25.36,19.31,89.07,14.58,6.94,19.92,9.09,1.5
2015-03-14,Piedade,Sudoeste,-23.717,-47.4142,21.36,24.8,18.71,88.36,11.65,5.57,19.27,6.36,0.85
2015-03-15,Piedade,Sudoeste,-23.717,-47.4142,21.23,24.91,18.34,88.39,15.98,7.48,19.14,6.69,1.09
2015-03-16,Piedade,Sudoeste,-23.717,-47.4142,22.34,27.56,18.2,85.06,17.07,7.88,19.43,20.49,0.91
2015-03-17,Piedade,Sudoeste,-23.717,-47.4142,21.48,26.14,18.12,85.23,16.83,7.92,18.65,4.38,1.6
2015-03-18,Piedade,Sudoeste,-23.717,-47.4142,20.46,23.0,18.51,90.8,10.28,5.1,18.87,1.54,1.69
2015-03-19,Piedade,Sudoeste,-23.717,-47.4142,20.75,24.67,18.28,89.05,9.87,4.84,18.78,5.24,1.67
2015-03-20,Piedade,Sudoeste,-23.717,-47.4142,20.56,24.03,17.75,87.6,15.69,7.4,18.34,11.58,0.96
2015-03-21,Piedade,Sudoeste,-23.717,-47.4142,20.68,25.19,16.4,85.56,10.9,5.23,17.97,6.3,1.25
2015-03-22,Piedade,Sudoeste,-23.717,-47.4142,20.62,25.63,17.65,86.34,13.26,6.3,18.08,4.09,1.3
2015-03-23,Piedade,Sudoeste,-23.717,-47.4142,20.28,25.64,16.96,84.44,18.22,8.38,17.36,1.4,2.19
2015-03-24,Piedade,Sudoeste,-23.717,-47.4142,20.43,26.64,15.95,81.83,20.83,9.51,16.9,0.04,2.44
2015-03-25,Piedade,Sudoeste,-23.717,-47.4142,20.52,26.67,15.63,82.21,22.3,10.17,17.06,0.01,1.84
2015-03-26,Piedade,Sudoeste,-23.717,-47.4142,21.73,28.23,15.74,78.58,22.36,10.11,17.36,0.0,1.21
2015-03-27,Piedade,Sudoeste,-23.717,-47.4142,22.17,28.41,17.34,79.58,20.69,9.52,18.03,0.22,1.03
2015-03-28,Piedade,Sudoeste,-23.717,-47.4142,22.37,28.05,18.19,83.48,16.99,7.86,19.14,0.86,1.26
2015-03-29,Piedade,Sudoeste,-23.717,-47.4142,21.85,27.44,18.73,86.96,11.64,5.63,19.4,9.0,2.03
2015-03-30,Piedade,Sudoeste,-23.717,-47.4142,22.46,27.54,18.35,87.08,8.41,4.19,20.02,2.58,1.8
2015-03-31,Piedade,Sudoeste,-23.717,-47.4142,23.12,28.04,19.05,83.33,18.49,8.34,19.82,0.77,1.65
2015-04-01,Piedade,Sudoeste,-23.717,-47.4142,21.71,27.85,17.21,80.27,20.3,9.23,17.76,0.0,1.74
2015-04-02,Piedade,Sudoeste,-23.717,-47.4142,20.96,26.98,16.29,78.11,23.05,10.46,16.58,0.0,2.37
2015-04-03,Piedade,Sudoeste,-23.717,-47.4142,20.24,27.33,14.63,78.86,21.27,9.57,15.95,0.03,1.95
2015-04-04,Piedade,Sudoeste,-23.717,-47.4142,21.81,27.98,16.17,80.45,18.89,8.71,17.92,1.8,1.5
2015-04-05,Piedade,Sudoeste,-23.717,-47.4142,22.96,28.0,19.33,83.68,11.0,5.29,19.79,1.79,2.29
2015-04-06,Piedade,Sudoeste,-23.717,-47.4142,21.22,25.54,17.28,83.58,17.06,7.86,18.05,1.46,2.92
2015-04-07,Piedade,Sudoeste,-23.717,-47.4142,17.9,23.14,13.02,80.96,13.16,6.06,14.25,0.89,3.17
2015-04-08,Piedade,Sudoeste,-23.717,-47.4142,18.31,24.87,12.8,75.62,17.91,8.19,13.57,0.03,2.2
2015-04-09,Piedade,Sudoeste,-23.717,-47.4142,19.8,26.63,14.65,80.01,18.39,8.32,15.83,0.02,1.71
2015-04-10,Piedade,Sudoeste,-23.717,-47.4142,20.39,27.35,15.26,78.15,18.75,8.5,15.89,0.0,1.96
2015-04-11,Piedade,Sudoeste,-23.717,-47.4142,20.43,27.58,15.02,76.58,20.31,9.15,15.43,0.01,1.41
2015-04-12,Piedade,Sudoeste,-23.717,-47.4142,20.64,28.16,15.42,77.01,20.26,9.09,15.65,0.01,1.59
2015-04-13,Piedade,Sudoeste,-23.717,-47.4142,20.59,27.76,15.47,76.92,18.21,8.2,15.71,0.0,1.59
2015-04-14,Piedade,Sudoeste,-23.717,-47.4142,21.61,28.23,16.81,75.27,17.37,7.89,16.39,0.01,1.51
2015-04-15,Piedade,Sudoeste,-23.717,-47.4142,21.93,27.43,17.16,81.96,14.4,6.73,18.39,11.79,1.42
2015-04-16,Piedade,Sudoeste,-23.717,-47.4142,21.48,26.92,17.95,86.77,12.43,5.77,18.96,7.26,1.48
2015-04-17,Piedade,Sudoeste,-23.717,-47.4142,20.66,26.73,16.04,83.64,18.74,8.52,17.43,0.88,1.49
2015-04-18,Piedade,Sudoeste,-23.717,-47.4142,22.35,27.71,17.68,81.22,14.92,6.99,18.7,0.59,1.53
2015-04-19,Piedade,Sudoeste,-23.717,-47.4142,22.63,26.61,19.34,85.62,10.89,5.18,19.97,13.43,0.92
2015-04-20,Piedade,Sudoeste,-23.717,-47.4142,23.43,27.96,18.91,81.86,17.17,7.98,19.93,0.47,1.07
2015-04-21,Piedade,Sudoeste,-23.717,-47.4142,22.11,26.27,18.88,87.48,13.66,6.4,19.85,2.27,1.87
2015-04-22,Piedade,Sudoeste,-23.717,-47.4142,20.36,25.91,17.63,88.01,9.0,4.34,18.18,7.95,2.36
2015-04-23,Piedade,Sudoeste,-23.717,-47.4142,20.43,25.69,17.19,85.96,12.8,5.98,17.87,0.16,2.42
2015-04-24,Piedade,Sudoeste,-23.717,-47.4142,21.32,27.42,16.63,83.04,16.59,7.58,17.99,0.02,1.57
2015-04-25,Piedade,Sudoeste,-23.717,-47.4142,18.82,23.97,14.71,81.68,18.23,8.25,15.27,0.15,2.48
2015-04-26,Piedade,Sudoeste,-23.717,-47.4142,18.9,25.4,14.38,83.19,14.92,6.78,15.68,0.17,2.34
2015-04-27,Piedade,Sudoeste,-23.717,-47.4142,19.7,26.42,14.5,78.43,18.45,8.33,15.26,0.01,1.35
2015-04-28,Piedade,Sudoeste,-23.717,-47.4142,19.89,26.47,14.62,78.92,17.6,7.89,15.59,0.25,1.49
2015-04-29,Piedade,Sudoeste,-23.717,-47.4142,18.37,23.55,15.07,84.32,14.63,6.66,15.42,1.95,2.64
2015-04-30,Piedade,Sudoeste,-23.717,-47.4142,17.55,23.3,13.94,81.58,12.64,5.81,14.01,0.6,2.71
2015-05-01,Piedade,Sudoeste,-23.717,-47.4142,17.43,24.53,12.34,79.56,17.9,8.07,13.36,0.0,1.91
2015-05-02,Piedade,Sudoeste,-23.717,-47.4142,18.66,26.13,12.41,75.19,17.51,7.88,13.58,0.0,1.27
2015-05-03,Piedade,Sudoeste,-23.717,-47.4142,20.15,26.99,14.34,76.65,13.46,6.15,15.44,1.08,2.28
2015-05-04,Piedade,Sudoeste,-23.717,-47.4142,19.99,24.91,16.97,86.0,6.01,2.96,17.46,5.27,3.05
2015-05-05,Piedade,Sudoeste,-23.717,-47.4142,18.43,24.13,15.33,84.53,11.88,5.44,15.56,1.12,2.59
2015-05-06,Piedade,Sudoeste,-23.717,-47.4142,18.46,25.03,14.16,81.6,10.09,4.65,14.86,0.05,1.97
2015-05-07,Piedade,Sudoeste,-23.717,-47.4142,16.89,23.28,13.1,82.03,14.43,6.54,13.44,0.36,2.73
2015-05-08,Piedade,Sudoeste,-23.717,-47.4142,15.69,20.94,12.71,78.75,14.14,6.41,11.71,0.15,2.72
2015-05-09,Piedade,Sudoeste,-23.717,-47.4142,17.58,25.87,11.29,78.68,17.99,8.1,13.2,0.01,1.37
2015-05-10,Piedade,Sudoeste,-23.717,-47.4142,19.05,24.88,13.38,85.14,4.46,2.28,16.24,10.38,1.67
2015-05-11,Piedade,Sudoeste,-23.717,-47.4142,18.86,22.94,14.23,86.06,6.47,3.13,16.29,8.87,2.26
2015-05-12,Piedade,Sudoeste,-23.717,-47.4142,16.82,22.82,11.58,85.3,13.08,5.95,14.2,0.57,1.76
2015-05-13,Piedade,Sudoeste,-23.717,-47.4142,16.9,22.23,13.3,84.7,12.08,5.53,14.02,0.4,2.48
2015-05-14,Piedade,Sudoeste,-23.717,-47.4142,17.82,23.19,14.81,81.82,13.82,6.26,14.39,0.01,2.44
2015-05-15,Piedade,Sudoeste,-23.717,-47.4142,16.74,21.79,13.14,83.01,11.46,5.23,13.57,0.0,1.64
2015-05-16,Piedade,Sudoeste,-23.717,-47.4142,16.89,23.88,11.41,78.72,16.15,7.27,12.57,0.01,1.32
2015-05-17,Piedade,Sudoeste,-23.717,-47.4142,17.88,23.22,13.79,83.81,13.69,6.24,14.83,0.0,1.27
2015-05-18,Piedade,Sudoeste,-23.717,-47.4142,18.48,23.16,15.34,84.38,7.75,3.67,15.49,0.2,0.81
2015-05-19,Piedade,Sudoeste,-23.717,-47.4142,18.26,22.74,15.56,85.47,8.89,4.12,15.56,0.18,1.65
2015-05-20,Piedade,Sudoeste,-23.717,-47.4142,18.39,23.04,15.54,85.34,12.68,5.84,15.66,0.54,1.36
2015-05-21,Piedade,Sudoeste,-23.717,-47.4142,19.36,25.13,15.13,81.05,14.42,6.62,15.59,0.04,1.48
2015-05-22,Piedade,Sudoeste,-23.717,-47.4142,20.08,26.09,14.56,75.01,15.77,7.26,14.97,0.0,1.31
2015-05-23,Piedade,Sudoeste,-23.717,-47.4142,18.57,23.88,14.16,81.21,14.11,6.45,14.99,0.0,1.59
2015-05-24,Piedade,Sudoeste,-23.717,-47.4142,20.05,27.68,14.3,77.95,13.86,6.39,15.67,0.02,2.08
2015-05-25,Piedade,Sudoeste,-23.717,-47.4142,21.68,28.32,15.84,76.16,13.7,6.34,16.89,0.76,1.34
2015-05-26,Piedade,Sudoeste,-23.717,-47.4142,21.44,27.46,17.25,82.78,9.51,4.49,18.07,1.31,1.25
2015-05-27,Piedade,Sudoeste,-23.717,-47.4142,21.46,28.07,16.83,75.24,14.92,6.87,16.24,0.43,1.82
2015-05-28,Piedade,Sudoeste,-23.717,-47.4142,17.54,20.37,15.21,90.78,2.95,1.56,16.0,6.23,2.38
2015-05-29,Piedade,Sudoeste,-23.717,-47.4142,16.92,22.28,12.47,81.45,12.28,5.54,13.36,3.44,1.47
2015-05-30,Piedade,Sudoeste,-23.717,-47.4142,15.76,22.28,9.6,70.6,11.03,4.97,9.73,0.51,1.33
2015-05-31,Piedade,Sudoeste,-23.717,-47.4142,15.46,18.38,12.84,91.51,4.22,2.11,14.06,11.17,0.97
2015-06-01,Piedade,Sudoeste,-23.717,-47.4142,16.83,22.9,13.26,86.38,6.54,3.08,14.34,0.35,2.05
2015-06-02,Piedade,Sudoeste,-23.717,-47.4142,16.18,20.55,13.75,86.13,4.12,2.04,13.75,0.08,2.49
2015-06-03,Piedade,Sudoeste,-23.717,-47.4142,17.53,23.64,12.8,82.95,11.74,5.32,14.34,0.0,1.12
2015-06-04,Piedade,Sudoeste,-23.717,-47.4142,18.32,25.1,13.41,82.68,14.94,6.73,15.16,0.03,0.93
2015-06-05,Piedade,Sudoeste,-23.717,-47.4142,18.9,25.61,13.67,73.78,15.9,7.17,13.55,0.01,1.19
2015-06-06,Piedade,Sudoeste,-23.717,-47.4142,18.24,25.3,12.01,74.69,15.67,7.06,13.26,0.02,1.76
2015-06-07,Piedade,Sudoeste,-23.717,-47.4142,19.03,25.96,13.41,76.03,13.86,6.26,14.42,0.01,1.66
2015-06-08,Piedade,Sudoeste,-23.717,-47.4142,20.21,26.3,13.39,65.3,14.96,6.74,13.16,0.0,1.27
2015-06-09,Piedade,Sudoeste,-23.717,-47.4142,19.02,26.02,12.1,70.69,15.44,6.87,13.04,0.0,1.36
2015-06-10,Piedade,Sudoeste,-23.717,-47.4142,18.52,26.13,11.94,69.98,15.43,6.95,12.22,0.01,1.52
2015-06-11,Piedade,Sudoeste,-23.717,-47.4142,19.07,27.14,12.42,72.8,15.66,7.12,13.35,0.0,1.94
2015-06-12,Piedade,Sudoeste,-23.717,-47.4142,18.18,22.54,15.17,82.85,7.28,3.4,15.02,0.21,1.74
2015-06-13,Piedade,Sudoeste,-23.717,-47.4142,19.23,27.3,14.28,74.72,15.09,6.88,13.86,0.02,2.08
2015-06-14,Piedade,Sudoeste,-23.717,-47.4142,20.2,27.38,13.6,72.88,14.26,6.52,14.64,0.01,3.41
2015-06-15,Piedade,Sudoeste,-23.717,-47.4142,16.03,19.1,11.3,87.94,2.95,1.54,13.97,5.51,1.71
2015-06-16,Piedade,Sudoeste,-23.717,-47.4142,14.36,21.32,10.05,78.44,13.23,5.83,9.98,0.13,1.4
2015-06-17,Piedade,Sudoeste,-23.717,-47.4142,18.35,26.06,11.31,76.72,9.6,4.44,13.74,0.01,1.01
2015-06-18,Piedade,Sudoeste,-23.717,-47.4142,19.97,28.08,14.28,79.21,13.15,5.97,15.89,1.0,2.87
2015-06-19,Piedade,Sudoeste,-23.717,-47.4142,13.9,16.35,12.34,88.03,8.94,4.12,11.92,4.07,3.94
2015-06-20,Piedade,Sudoeste,-23.717,-47.4142,15.11,20.96,11.55,83.95,14.37,6.48,12.12,0.5,2.39
2015-06-21,Piedade,Sudoeste,-23.717,-47.4142,16.84,23.94,11.09,75.46,15.28,6.87,11.99,0.0,1.36
2015-06-22,Piedade,Sudoeste,-23.717,-47.4142,18.09,25.61,11.81,69.81,15.27,6.88,11.74,0.01,1.22
2015-06-23,Piedade,Sudoeste,-23.717,-47.4142,17.76,24.95,11.49,74.74,13.36,6.01,12.57,0.29,1.63
2015-06-24,Piedade,Sudoeste,-23.717,-47.4142,14.77,18.34,12.45,85.77,8.71,3.97,12.27,1.19,3.21
2015-06-25,Piedade,Sudoeste,-23.717,-47.4142,14.81,19.91,12.17,83.69,11.59,5.23,11.85,0.33,2.86
2015-06-26,Piedade,Sudoeste,-23.717,-47.4142,15.52,22.24,11.36,78.48,14.51,6.51,11.24,0.03,2.63
2015-06-27,Piedade,Sudoeste,-23.717,-47.4142,15.19,22.87,10.35,70.7,15.8,6.92,8.71,0.01,1.64
2015-06-28,Piedade,Sudoeste,-23.717,-47.4142,14.74,22.13,7.91,68.25,15.28,6.77,8.12,0.03,1.32
2015-06-29,Piedade,Sudoeste,-23.717,-47.4142,16.17,23.72,9.15,69.15,14.94,6.7,10.09,0.01,1.86
2015-06-30,Piedade,Sudoeste,-23.717,-47.4142,17.65,24.73,11.91,75.4,13.26,6.02,12.74,0.07,2.57
2015-07-01,Piedade,Sudoeste,-23.717,-47.4142,17.61,23.23,13.7,84.53,6.0,2.88,14.68,1.43,1.54
2015-07-02,Piedade,Sudoeste,-23.717,-47.4142,16.7,20.81,13.87,89.57,5.84,2.83,14.87,13.51,1.21
2015-07-03,Piedade,Sudoeste,-23.717,-47.4142,17.6,22.96,14.15,85.77,3.36,1.73,14.97,4.75,2.1
2015-07-04,Piedade,Sudoeste,-23.717,-47.4142,15.67,19.42,10.68,93.75,4.16,2.09,14.66,11.82,2.08
2015-07-05,Piedade,Sudoeste,-23.717,-47.4142,12.59,16.85,9.65,84.7,5.1,2.51,9.96,1.5,3.0
2015-07-06,Piedade,Sudoeste,-23.717,-47.4142,15.96,22.01,11.7,86.64,12.41,5.68,13.55,1.39,1.69
2015-07-07,Piedade,Sudoeste,-23.717,-47.4142,16.88,20.09,14.87,94.09,5.44,2.64,15.9,9.87,0.99
2015-07-08,Piedade,Sudoeste,-23.717,-47.4142,17.1,19.85,15.21,94.68,3.37,1.7,16.23,5.92,2.4
2015-07-09,Piedade,Sudoeste,-23.717,-47.4142,15.35,21.08,11.5,83.65,10.49,4.75,12.29,0.1,2.86
2015-07-10,Piedade,Sudoeste,-23.717,-47.4142,16.87,23.4,10.82,80.47,14.83,6.72,13.44,2.04,1.14
2015-07-11,Piedade,Sudoeste,-23.717,-47.4142,17.52,24.59,12.0,76.9,4.87,2.45,13.11,2.5,1.75
2015-07-12,Piedade,Sudoeste,-23.717,-47.4142,18.64,26.59,12.64,73.42,13.64,6.28,13.33,0.18,1.87
2015-07-13,Piedade,Sudoeste,-23.717,-47.4142,19.73,27.25,14.72,70.16,14.36,6.57,13.72,0.05,2.48
2015-07-14,Piedade,Sudoeste,-23.717,-47.4142,20.31,27.18,14.4,64.18,14.99,6.82,12.85,0.0,2.1
2015-07-15,Piedade,Sudoeste,-23.717,-47.4142,20.31,27.48,14.97,74.29,12.1,5.49,15.03,0.03,1.25
2015-07-16,Piedade,Sudoeste,-23.717,-47.4142,19.55,25.66,15.67,79.9,8.62,4.07,15.48,0.01,1.27
2015-07-17,Piedade,Sudoeste,-23.717,-47.4142,17.01,20.46,14.45,81.71,8.96,4.15,13.7,0.03,1.28
2015-07-18,Piedade,Sudoeste,-23.717,-47.4142,18.35,24.71,13.26,71.62,14.29,6.43,12.56,0.02,1.15
2015-07-19,Piedade,Sudoeste,-23.717,-47.4142,18.66,26.02,12.33,70.07,16.42,7.4,12.32,0.0,1.67
2015-07-20,Piedade,Sudoeste,-23.717,-47.4142,18.19,25.97,11.68,68.71,13.77,6.25,11.79,0.0,2.19
2015-07-21,Piedade,Sudoeste,-23.717,-47.4142,16.91,21.94,12.44,79.44,6.04,2.89,13.16,1.01,3.03
2015-07-22,Piedade,Sudoeste,-23.717,-47.4142,14.41,18.78,12.07,83.4,9.87,4.54,11.47,0.29,2.92
2015-07-23,Piedade,Sudoeste,-23.717,-47.4142,16.58,21.86,12.77,85.75,11.16,5.07,14.01,0.11,1.78
2015-07-24,Piedade,Sudoeste,-23.717,-47.4142,18.65,25.79,13.34,78.57,13.3,6.04,14.36,3.53,1.84
2015-07-25,Piedade,Sudoeste,-23.717,-47.4142,15.54,19.88,12.68,89.12,5.43,2.62,13.67,8.13,1.5
2015-07-26,Piedade,Sudoeste,-23.717,-47.4142,15.68,23.69,10.56,80.13,15.29,6.74,11.71,0.07,1.38
2015-07-27,Piedade,Sudoeste,-23.717,-47.4142,15.37,22.97,10.03,69.57,16.88,7.27,8.72,0.03,1.28
2015-07-28,Piedade,Sudoeste,-23.717,-47.4142,15.36,24.5,8.84,63.33,17.49,7.55,7.27,0.01,1.3
2015-07-29,Piedade,Sudoeste,-23.717,-47.4142,16.12,25.07,9.45,68.15,17.85,7.8,9.45,0.03,1.49
2015-07-30,Piedade,Sudoeste,-23.717,-47.4142,16.46,26.28,9.68,67.6,18.2,7.91,9.09,0.0,1.05
2015-07-31,Piedade,Sudoeste,-23.717,-47.4142,17.99,26.93,11.04,71.25,17.24,7.57,11.73,0.02,1.55
2015-08-01,Piedade,Sudoeste,-23.717,-47.4142,19.3,27.6,12.68,67.51,17.74,7.91,12.02,0.0,1.1
2015-08-02,Piedade,Sudoeste,-23.717,-47.4142,19.39,27.24,11.62,59.83,17.76,7.92,10.81,0.0,1.61
2015-08-03,Piedade,Sudoeste,-23.717,-47.4142,20.1,28.22,11.32,56.65,18.05,8.04,10.16,0.01,1.55
2015-08-04,Piedade,Sudoeste,-23.717,-47.4142,21.2,28.11,15.28,51.88,17.66,7.92,10.15,0.0,0.83
2015-08-05,Piedade,Sudoeste,-23.717,-47.4142,19.82,27.72,12.58,60.61,16.06,7.2,10.71,0.01,1.59
2015-08-06,Piedade,Sudoeste,-23.717,-47.4142,20.04,28.14,12.51,57.65,16.35,7.21,10.12,0.0,1.36
2015-08-07,Piedade,Sudoeste,-23.717,-47.4142,20.54,29.03,12.58,53.17,18.04,7.98,9.42,0.02,1.59
2015-08-08,Piedade,Sudoeste,-23.717,-47.4142,20.4,29.74,13.19,59.32,18.21,8.09,10.98,0.01,1.57
2015-08-09,Piedade,Sudoeste,-23.717,-47.4142,19.8,28.13,13.76,73.39,16.75,7.43,13.96,0.01,1.59
2015-08-10,Piedade,Sudoeste,-23.717,-47.4142,20.25,28.36,13.67,69.97,18.21,8.14,13.54,0.0,1.62
2015-08-11,Piedade,Sudoeste,-23.717,-47.4142,20.1,29.37,13.69,70.31,18.8,8.41,13.21,0.01,1.66
2015-08-12,Piedade,Sudoeste,-23.717,-47.4142,18.91,27.41,12.13,68.19,19.12,8.47,11.6,0.01,1.36
2015-08-13,Piedade,Sudoeste,-23.717,-47.4142,19.33,28.43,11.61,66.0,19.48,8.63,11.21,0.01,1.45
2015-08-14,Piedade,Sudoeste,-23.717,-47.4142,19.67,27.78,11.85,62.87,19.38,8.65,11.06,0.0,1.27
2015-08-15,Piedade,Sudoeste,-23.717,-47.4142,20.61,28.06,13.19,56.16,17.58,7.86,10.71,0.0,1.79
2015-08-16,Piedade,Sudoeste,-23.717,-47.4142,20.37,29.34,13.16,59.06,17.27,7.7,10.78,0.01,1.61
2015-08-17,Piedade,Sudoeste,-23.717,-47.4142,20.52,29.04,13.63,64.28,18.89,8.52,12.1,0.0,1.82
2015-08-18,Piedade,Sudoeste,-23.717,-47.4142,20.01,26.45,15.39,58.53,10.72,5.0,11.3,0.0,2.3
2015-08-19,Piedade,Sudoeste,-23.717,-47.4142,20.19,28.84,13.8,60.91,18.17,8.09,11.62,0.01,2.72
2015-08-20,Piedade,Sudoeste,-23.717,-47.4142,16.41,22.97,11.65,76.25,14.46,6.45,11.59,0.32,3.09
2015-08-21,Piedade,Sudoeste,-23.717,-47.4142,17.57,25.42,12.56,74.48,16.43,7.36,12.08,0.24,2.61
2015-08-22,Piedade,Sudoeste,-23.717,-47.4142,19.04,28.15,12.78,68.59,19.67,8.68,11.63,0.14,1.44
2015-08-23,Piedade,Sudoeste,-23.717,-47.4142,20.59,29.28,13.59,60.34,19.2,8.44,11.12,0.15,1.72
2015-08-24,Piedade,Sudoeste,-23.717,-47.4142,17.47,22.21,14.12,82.77,8.65,4.12,14.33,6.61,2.64
2015-08-25,Piedade,Sudoeste,-23.717,-47.4142,16.53,21.57,13.23,85.4,6.51,3.23,13.91,5.81,1.86
2015-08-26,Piedade,Sudoeste,-23.717,-47.4142,19.54,27.88,13.58,76.76,17.28,7.79,14.61,4.02,1.58
2015-08-27,Piedade,Sudoeste,-23.717,-47.4142,18.65,24.55,14.43,81.03,4.17,2.13,15.16,11.64,1.53
2015-08-28,Piedade,Sudoeste,-23.717,-47.4142,17.43,24.98,12.13,75.71,18.67,8.26,12.2,0.67,2.27
2015-08-29,Piedade,Sudoeste,-23.717,-47.4142,18.55,27.83,11.65,69.0,21.64,9.6,11.46,0.09,1.25
2015-08-30,Piedade,Sudoeste,-23.717,-47.4142,22.12,31.3,12.45,50.24,21.92,9.74,9.9,0.01,1.33
2015-08-31,Piedade,Sudoeste,-23.717,-47.4142,23.45,32.27,14.45,49.45,22.03,9.85,11.38,0.02,1.58
2015-09-01,Piedade,Sudoeste,-23.717,-47.4142,21.49,30.75,15.78,60.39,20.58,9.17,12.49,0.29,2.98
2015-09-02,Piedade,Sudoeste,-23.717,-47.4142,17.34,24.62,13.13,75.16,15.91,7.22,12.36,0.55,3.21
2015-09-03,Piedade,Sudoeste,-23.717,-47.4142,19.97,29.84,12.58,70.39,16.05,7.31,13.23,0.28,2.12
2015-09-04,Piedade,Sudoeste,-23.717,-47.4142,19.16,27.27,14.4,78.32,7.88,3.79,14.75,2.75,2.41
2015-09-05,Piedade,Sudoeste,-23.717,-47.4142,17.25,23.15,13.84,77.8,14.14,6.45,12.96,0.81,2.98
2015-09-06,Piedade,Sudoeste,-23.717,-47.4142,18.59,25.03,13.01,77.34,10.43,4.82,14.13,1.45,1.8
2015-09-07,Piedade,Sudoeste,-23.717,-47.4142,20.1,25.73,16.32,84.2,8.71,4.17,17.18,19.38,1.68
2015-09-08,Piedade,Sudoeste,-23.717,-47.4142,20.58,26.23,16.35,86.0,2.38,1.29,17.98,18.59,3.16
2015-09-09,Piedade,Sudoeste,-23.717,-47.4142,19.56,25.03,15.68,78.65,14.35,6.61,15.31,31.43,1.11
2015-09-10,Piedade,Sudoeste,-23.717,-47.4142,19.33,24.85,14.91,84.31,11.83,5.52,16.39,10.37,2.85
2015-09-11,Piedade,Sudoeste,-23.717,-47.4142,20.14,25.78,15.84,84.67,9.0,4.28,17.25,26.61,1.97
2015-09-12,Piedade,Sudoeste,-23.717,-47.4142,15.79,19.82,12.13,86.43,8.69,4.17,13.39,8.9,2.32
2015-09-13,Piedade,Sudoeste,-23.717,-47.4142,15.07,21.73,11.39,82.93,16.34,7.36,11.89,1.16,2.83
2015-09-14,Piedade,Sudoeste,-23.717,-47.4142,16.3,23.8,10.78,80.45,21.26,9.42,12.39,0.4,2.64
2015-09-15,Piedade,Sudoeste,-23.717,-47.4142,20.58,28.49,13.3,77.74,21.72,9.79,16.14,0.06,1.87
2015-09-16,Piedade,Sudoeste,-23.717,-47.4142,23.33,31.67,16.53,69.71,22.71,10.31,16.85,0.0,2.69
2015-09-17,Piedade,Sudoeste,-23.717,-47.4142,24.25,32.49,17.45,65.3,18.64,8.56,16.59,0.0,2.47
2015-09-18,Piedade,Sudoeste,-23.717,-47.4142,25.83,33.53,17.65,57.55,23.2,10.59,15.84,0.0,1.78
2015-09-19,Piedade,Sudoeste,-23.717,-47.4142,25.86,33.99,18.25,57.64,23.8,10.81,15.84,0.11,1.53
2015-09-20,Piedade,Sudoeste,-23.717,-47.4142,23.73,32.98,16.53,63.73,24.15,10.79,14.69,0.13,1.56
2015-09-21,Piedade,Sudoeste,-23.717,-47.4142,23.57,33.1,15.15,61.08,24.39,10.96,13.55,0.0,1.24
2015-09-22,Piedade,Sudoeste,-23.717,-47.4142,24.1,33.46,15.62,52.34,24.9,11.11,12.13,0.0,1.4
2015-09-23,Piedade,Sudoeste,-23.717,-47.4142,24.97,33.89,16.05,45.07,25.12,11.13,10.87,0.0,1.46
2015-09-24,Piedade,Sudoeste,-23.717,-47.4142,26.42,35.88,18.66,45.11,24.22,10.65,12.19,0.0,1.73
2015-09-25,Piedade,Sudoeste,-23.717,-47.4142,26.11,34.61,19.1,63.89,12.43,5.73,17.92,8.68,2.02
2015-09-26,Piedade,Sudoeste,-23.717,-47.4142,21.71,27.45,18.3,82.31,8.84,4.27,18.24,10.52,2.04
2015-09-27,Piedade,Sudoeste,-23.717,-47.4142,23.17,29.82,17.5,75.6,18.88,8.48,18.09,8.85,1.77
2015-09-28,Piedade,Sudoeste,-23.717,-47.4142,21.38,26.35,18.09,81.71,10.34,4.93,17.88,7.05,2.05
2015-09-29,Piedade,Sudoeste,-23.717,-47.4142,21.23,25.89,16.76,81.48,15.74,7.23,17.77,1.57,1.44
2015-09-30,Piedade,Sudoeste,-23.717,-47.4142,21.95,27.92,17.62,81.65,15.08,6.85,18.24,4.23,1.36
2015-10-01,Piedade,Sudoeste,-23.717,-47.4142,22.39,29.16,17.6,78.87,14.58,6.45,18.05,0.62,2.06
2015-10-02,Piedade,Sudoeste,-23.717,-47.4142,23.84,31.16,17.45,76.47,21.94,9.98,18.83,5.18,1.68
2015-10-03,Piedade,Sudoeste,-23.717,-47.4142,23.07,28.54,19.35,78.29,8.37,4.14,18.65,2.46,1.69
2015-10-04,Piedade,Sudoeste,-23.717,-47.4142,20.67,26.6,16.2,77.99,12.36,5.84,16.34,0.11,2.36
2015-10-05,Piedade,Sudoeste,-23.717,-47.4142,19.1,26.55,14.06,73.62,19.53,8.93,13.76,0.02,3.22
2015-10-06,Piedade,Sudoeste,-23.717,-47.4142,20.11,29.32,13.15,70.92,22.81,10.39,13.83,0.0,2.24
2015-10-07,Piedade,Sudoeste,-23.717,-47.4142,23.04,32.69,14.43,68.22,26.09,11.78,15.87,0.0,1.82
2015-10-08,Piedade,Sudoeste,-23.717,-47.4142,25.58,34.61,17.63,60.89,25.97,11.75,16.32,1.31,2.16
2015-10-09,Piedade,Sudoeste,-23.717,-47.4142,25.09,32.62,18.39,60.44,17.14,8.06,15.94,1.93,1.67
2015-10-10,Piedade,Sudoeste,-23.717,-47.4142,23.15,28.71,19.43,75.33,12.12,5.86,18.09,3.94,1.85
2015-10-11,Piedade,Sudoeste,-23.717,-47.4142,22.54,29.13,17.96,76.4,14.04,6.64,17.64,0.27,1.8
2015-10-12,Piedade,Sudoeste,-23.717,-47.4142,22.97,29.58,18.24,73.34,17.63,8.16,17.34,0.87,1.6
2015-10-13,Piedade,Sudoeste,-23.717,-47.4142,21.83,29.43,17.02,75.5,18.53,8.49,16.69,3.01,2.19
2015-10-14,Piedade,Sudoeste,-23.717,-47.4142,25.15,34.86,16.74,64.21,23.14,10.61,16.18,0.07,2.17
2015-10-15,Piedade,Sudoeste,-23.717,-47.4142,27.21,36.66,19.17,54.07,26.78,12.19,15.17,0.0,2.42
2015-10-16,Piedade,Sudoeste,-23.717,-47.4142,28.05,36.93,20.71,55.78,21.77,9.71,16.86,0.01,1.9
2015-10-17,Piedade,Sudoeste,-23.717,-47.4142,23.37,34.23,16.53,68.25,21.2,9.52,16.34,0.02,3.68
2015-10-18,Piedade,Sudoeste,-23.717,-47.4142,18.87,25.79,14.45,70.42,16.09,7.41,12.92,1.91,4.13
2015-10-19,Piedade,Sudoeste,-23.717,-47.4142,21.61,32.11,14.09,68.32,21.58,9.7,14.49,0.9,2.82
2015-10-20,Piedade,Sudoeste,-23.717,-47.4142,26.56,37.37,15.68,58.45,23.63,10.64,15.99,0.07,2.24
2015-10-21,Piedade,Sudoeste,-23.717,-47.4142,28.51,37.31,21.38,56.14,18.96,8.36,17.67,5.6,1.77
2015-10-22,Piedade,Sudoeste,-23.717,-47.4142,24.57,29.69,20.32,78.3,12.05,5.55,20.3,24.16,1.83
2015-10-23,Piedade,Sudoeste,-23.717,-47.4142,21.93,26.12,17.29,85.32,15.46,7.11,19.18,2.33,1.89
2015-10-24,Piedade,Sudoeste,-23.717,-47.4142,19.49,25.27,16.08,80.08,19.62,8.87,15.69,1.24,3.59
2015-10-25,Piedade,Sudoeste,-23.717,-47.4142,19.84,27.25,15.43,79.32,19.53,8.92,15.79,10.68,3.07
2015-10-26,Piedade,Sudoeste,-23.717,-47.4142,21.29,26.72,16.08,83.61,18.56,8.59,18.18,7.48,2.08
2015-10-27,Piedade,Sudoeste,-23.717,-47.4142,22.57,28.89,18.13,81.21,15.69,7.4,18.86,3.29,1.72
2015-10-28,Piedade,Sudoeste,-23.717,-47.4142,21.8,27.63,17.98,80.52,13.36,6.43,17.99,2.01,2.36
2015-10-29,Piedade,Sudoeste,-23.717,-47.4142,21.56,28.6,17.06,76.23,22.37,10.27,16.6,1.25,3.56
2015-10-30,Piedade,Sudoeste,-23.717,-47.4142,23.04,30.92,16.36,70.16,26.44,12.07,16.48,0.04,2.07
2015-10-31,Piedade,Sudoeste,-23.717,-47.4142,23.26,28.52,18.74,74.3,10.81,5.42,17.9,7.57,2.19
2015-11-01,Piedade,Sudoeste,-23.717,-47.4142,20.96,25.96,17.73,85.4,7.7,3.96,18.23,31.56,2.54
2015-11-02,Piedade,Sudoeste,-23.717,-47.4142,22.16,26.99,18.49,86.54,10.43,5.19,19.64,17.32,1.86
2015-11-03,Piedade,Sudoeste,-23.717,-47.4142,21.69,25.94,17.99,89.44,12.09,5.95,19.78,6.24,1.18
2015-11-04,Piedade,Sudoeste,-23.717,-47.4142,21.71,25.06,19.04,91.94,12.76,6.23,20.29,31.23,1.63
2015-11-05,Piedade,Sudoeste,-23.717,-47.4142,22.53,27.09,18.75,85.69,12.35,6.07,19.86,3.54,1.09
2015-11-06,Piedade,Sudoeste,-23.717,-47.4142,20.12,22.95,16.61,87.45,11.92,5.87,17.87,7.3,3.03
2015-11-07,Piedade,Sudoeste,-23.717,-47.4142,20.26,26.43,15.95,83.49,12.86,6.2,17.12,4.07,2.88
2015-11-08,Piedade,Sudoeste,-23.717,-47.4142,21.41,26.43,16.9,83.43,13.3,6.4,18.26,4.43,1.55
2015-11-09,Piedade,Sudoeste,-23.717,-47.4142,23.23,28.31,18.58,84.89,18.76,8.72,20.33,2.77,1.19
2015-11-10,Piedade,Sudoeste,-23.717,-47.4142,24.18,30.32,19.85,80.74,23.98,10.97,20.34,0.35,1.71
2015-11-11,Piedade,Sudoeste,-23.717,-47.4142,24.46,29.17,19.41,81.03,22.78,10.56,20.69,1.75,1.3
2015-11-12,Piedade,Sudoeste,-23.717,-47.4142,24.16,29.2,19.54,80.94,23.37,10.79,20.39,0.16,1.38
2015-11-13,Piedade,Sudoeste,-23.717,-47.4142,24.34,29.42,19.65,82.35,16.49,7.69,20.9,16.67,1.15
2015-11-14,Piedade,Sudoeste,-23.717,-47.4142,24.21,28.77,20.55,84.9,22.18,10.22,21.28,7.83,1.9
2015-11-15,Piedade,Sudoeste,-23.717,-47.4142,23.37,28.19,19.18,85.92,20.19,9.43,20.72,4.76,1.66
2015-11-16,Piedade,Sudoeste,-23.717,-47.4142,21.26,26.45,18.0,83.34,15.91,7.56,18.21,1.12,2.44
2015-11-17,Piedade,Sudoeste,-23.717,-47.4142,23.02,28.52,17.81,82.14,16.84,7.9,19.59,14.14,1.19
2015-11-18,Piedade,Sudoeste,-23.717,-47.4142,24.9,29.76,20.17,78.06,25.49,11.58,20.49,0.84,1.1
2015-11-19,Piedade,Sudoeste,-23.717,-47.4142,24.21,27.9,21.34,87.42,21.98,10.05,21.9,15.27,1.79
2015-11-20,Piedade,Sudoeste,-23.717,-47.4142,23.12,26.04,20.05,91.46,17.08,8.16,21.63,11.12,2.32
2015-11-21,Piedade,Sudoeste,-23.717,-47.4142,21.31,27.35,16.78,81.18,16.6,7.73,17.66,1.38,2.87
2015-11-22,Piedade,Sudoeste,-23.717,-47.4142,21.85,29.15,15.87,80.99,22.61,10.51,18.15,3.12,1.76
2015-11-23,Piedade,Sudoeste,-23.717,-47.4142,21.29,25.92,17.92,87.98,5.45,2.87,19.15,6.75,1.97
2015-11-24,Piedade,Sudoeste,-23.717,-47.4142,21.27,25.49,17.83,87.76,6.4,3.31,19.07,7.6,1.5
2015-11-25,Piedade,Sudoeste,-23.717,-47.4142,22.35,28.18,17.92,83.81,10.22,5.04,19.23,2.39,1.8
2015-11-26,Piedade,Sudoeste,-23.717,-47.4142,22.09,27.92,17.47,79.71,21.43,9.81,18.11,0.27,2.49
2015-11-27,Piedade,Sudoeste,-23.717,-47.4142,22.63,29.5,16.65,76.31,25.44,11.58,17.7,0.03,2.1
2015-11-28,Piedade,Sudoeste,-23.717,-47.4142,23.77,29.24,18.56,82.81,19.71,9.22,20.45,14.08,1.62
2015-11-29,Piedade,Sudoeste,-23.717,-47.4142,23.29,28.43,19.39,84.32,14.65,7.07,20.2,12.28,1.68
2015-11-30,Piedade,Sudoeste,-23.717,-47.4142,19.81,23.93,16.41,85.17,14.34,6.88,17.11,5.4,3.09
2015-12-01,Piedade,Sudoeste,-23.717,-47.4142,21.25,28.12,15.85,80.76,18.8,8.89,17.59,0.24,2.51
2015-12-02,Piedade,Sudoeste,-23.717,-47.4142,22.88,28.84,17.65,80.14,20.98,9.74,19.0,1.04,1.97
2015-12-03,Piedade,Sudoeste,-23.717,-47.4142,22.03,27.17,18.45,82.64,14.72,7.01,18.76,0.47,2.16
2015-12-04,Piedade,Sudoeste,-23.717,-47.4142,22.67,27.28,18.51,81.7,20.17,9.34,19.18,0.51,1.38
2015-12-05,Piedade,Sudoeste,-23.717,-47.4142,23.45,27.52,19.15,82.59,21.05,9.67,20.14,6.81,1.22
2015-12-06,Piedade,Sudoeste,-23.717,-47.4142,22.74,27.15,19.57,85.21,12.73,6.18,19.93,16.87,1.39
2015-12-07,Piedade,Sudoeste,-23.717,-47.4142,21.79,27.36,18.09,82.98,16.36,7.8,18.54,4.0,1.56
2015-12-08,Piedade,Sudoeste,-23.717,-47.4142,21.92,27.7,18.14,83.0,22.47,10.36,18.73,2.24,2.04
2015-12-09,Piedade,Sudoeste,-23.717,-47.4142,23.21,28.13,18.79,83.51,15.23,7.32,20.11,1.48,1.62
2015-12-10,Piedade,Sudoeste,-23.717,-47.4142,23.23,25.99,20.94,87.73,15.27,7.38,20.99,2.11,2.48
2015-12-11,Piedade,Sudoeste,-23.717,-47.4142,23.14,27.07,19.1,81.82,20.02,9.32,19.64,0.58,1.43
2015-12-12,Piedade,Sudoeste,-23.717,-47.4142,22.98,26.74,19.44,87.2,16.11,7.51,20.62,10.1,1.28
2015-12-13,Piedade,Sudoeste,-23.717,-47.4142,23.5,28.41,19.02,83.64,24.18,11.17,20.31,3.17,1.43
2015-12-14,Piedade,Sudoeste,-23.717,-47.4142,24.28,28.37,20.7,83.27,24.78,11.47,21.07,8.07,2.07
2015-12-15,Piedade,Sudoeste,-23.717,-47.4142,24.66,29.11,20.37,81.67,22.19,10.37,21.08,3.03,1.9
2015-12-16,Piedade,Sudoeste,-23.717,-47.4142,22.24,25.94,18.35,85.54,14.2,6.85,19.57,4.41,2.6
2015-12-17,Piedade,Sudoeste,-23.717,-47.4142,23.74,29.63,17.42,77.32,26.02,11.93,19.13,0.54,1.36
2015-12-18,Piedade,Sudoeste,-23.717,-47.4142,25.44,30.45,20.14,78.38,29.15,13.42,21.07,5.08,1.7
2015-12-19,Piedade,Sudoeste,-23.717,-47.4142,24.83,29.2,21.26,81.67,23.95,11.2,21.29,9.16,1.3
2015-12-20,Piedade,Sudoeste,-23.717,-47.4142,23.19,27.16,20.42,85.35,16.66,7.96,20.42,14.68,1.19
2015-12-21,Piedade,Sudoeste,-23.717,-47.4142,23.37,28.6,19.55,83.67,21.06,9.86,20.2,10.39,1.64
2015-12-22,Piedade,Sudoeste,-23.717,-47.4142,24.01,28.43,19.76,84.52,25.77,11.99,21.06,18.55,1.59
2015-12-23,Piedade,Sudoeste,-23.717,-47.4142,24.03,26.89,21.66,86.04,23.87,11.28,21.47,18.38,1.44
2015-12-24,Piedade,Sudoeste,-23.717,-47.4142,24.82,28.71,21.19,83.37,19.45,9.24,21.68,0.64,1.16
2015-12-25,Piedade,Sudoeste,-23.717,-47.4142,24.26,27.2,21.9,87.7,15.47,7.46,21.98,0.84,0.94
2015-12-26,Piedade,Sudoeste,-23.717,-47.4142,23.65,26.95,20.98,85.5,21.85,10.26,20.93,5.72,1.22
2015-12-27,Piedade,Sudoeste,-23.717,-47.4142,23.12,27.35,20.3,90.37,14.33,6.95,21.36,9.43,2.22
2015-12-28,Piedade,Sudoeste,-23.717,-47.4142,22.54,25.32,20.25,90.98,10.27,5.23,20.94,20.6,2.88
2015-12-29,Piedade,Sudoeste,-23.717,-47.4142,22.5,26.46,20.02,88.46,7.72,3.99,20.37,26.6,3.02
2015-12-30,Piedade,Sudoeste,-23.717,-47.4142,21.85,24.63,20.18,90.18,7.64,3.98,20.12,4.92,3.66
2015-12-31,Piedade,Sudoeste,-23.717,-47.4142,23.48,27.44,20.31,86.54,19.42,9.22,20.95,1.51,2.87
2016-01-01,Piedade,Sudoeste,-23.717,-47.4142,23.41,26.85,20.92,89.58,16.29,7.83,21.5,4.73,1.55
2016-01-02,Piedade,Sudoeste,-23.717,-47.4142,22.7,26.68,20.04,89.08,16.86,8.13,20.72,14.37,1.7
2016-01-03,Piedade,Sudoeste,-23.717,-47.4142,22.04,27.34,18.9,85.59,12.87,6.4,19.37,2.81,2.86
2016-01-04,Piedade,Sudoeste,-23.717,-47.4142,22.06,28.22,17.63,80.68,20.18,9.53,18.32,0.11,2.76
2016-01-05,Piedade,Sudoeste,-23.717,-47.4142,22.53,29.14,17.49,79.17,25.47,11.64,18.46,0.0,2.04
2016-01-06,Piedade,Sudoeste,-23.717,-47.4142,23.28,29.36,17.62,79.8,27.76,12.69,19.24,0.0,1.55
2016-01-07,Piedade,Sudoeste,-23.717,-47.4142,23.63,29.91,17.63,79.88,27.89,12.83,19.58,0.0,1.49
2016-01-08,Piedade,Sudoeste,-23.717,-47.4142,24.77,30.56,19.25,79.49,25.86,12.0,20.64,0.04,1.1
2016-01-09,Piedade,Sudoeste,-23.717,-47.4142,23.91,27.09,20.98,87.94,14.64,7.04,21.74,15.18,1.61
2016-01-10,Piedade,Sudoeste,-23.717,-47.4142,23.31,26.34,21.14,89.55,11.1,5.56,21.42,23.55,1.87
2016-01-11,Piedade,Sudoeste,-23.717,-47.4142,23.23,26.3,21.36,90.45,8.04,4.12,21.52,19.14,3.57
2016-01-12,Piedade,Sudoeste,-23.717,-47.4142,23.9,27.62,21.49,89.45,9.62,4.87,21.98,20.1,2.41
2016-01-13,Piedade,Sudoeste,-23.717,-47.4142,24.94,30.34,21.34,85.35,14.23,6.87,22.08,9.27,1.36
2016-01-14,Piedade,Sudoeste,-23.717,-47.4142,22.55,26.04,19.75,89.66,13.76,6.69,20.71,16.03,2.75
2016-01-15,Piedade,Sudoeste,-23.717,-47.4142,21.81,26.44,19.07,89.44,11.74,5.89,19.91,14.53,1.86
2016-01-16,Piedade,Sudoeste,-23.717,-47.4142,21.08,26.64,16.28,81.56,21.86,10.08,17.52,0.82,3.35
2016-01-17,Piedade,Sudoeste,-23.717,-47.4142,19.54,26.12,14.25,76.54,30.69,13.86,14.87,0.0,3.52
2016-01-18,Piedade,Sudoeste,-23.717,-47.4142,20.45,25.99,16.61,82.11,19.67,9.17,17.11,0.0,3.4
2016-01-19,Piedade,Sudoeste,-23.717,-47.4142,20.81,26.28,16.56,82.15,17.95,8.52,17.45,0.0,3.42
2016-01-20,Piedade,Sudoeste,-23.717,-47.4142,21.28,27.57,16.93,82.62,20.44,9.47,17.99,0.02,3.6
2016-01-21,Piedade,Sudoeste,-23.717,-47.4142,20.67,25.9,16.98,79.76,28.54,12.96,16.74,0.03,3.78
2016-01-22,Piedade,Sudoeste,-23.717,-47.4142,20.0,26.12,15.36,78.89,25.9,11.8,15.83,0.01,3.19
2016-01-23,Piedade,Sudoeste,-23.717,-47.4142,21.37,28.03,15.68,80.41,26.07,11.71,17.43,0.09,1.83
2016-01-24,Piedade,Sudoeste,-23.717,-47.4142,22.18,28.68,15.93,81.45,23.67,10.83,18.45,0.74,1.25
2016-01-25,Piedade,Sudoeste,-23.717,-47.4142,24.4,29.6,19.14,81.01,26.69,12.23,20.63,3.22,1.29
2016-01-26,Piedade,Sudoeste,-23.717,-47.4142,25.77,30.89,20.15,78.3,27.84,12.91,21.39,1.42,1.67
2016-01-27,Piedade,Sudoeste,-23.717,-47.4142,23.24,26.59,20.1,89.81,12.55,6.06,21.42,25.19,1.6
2016-01-28,Piedade,Sudoeste,-23.717,-47.4142,22.95,27.45,19.78,87.24,21.2,9.88,20.57,8.99,2.27
2016-01-29,Piedade,Sudoeste,-23.717,-47.4142,22.28,25.99,19.3,88.29,15.1,7.28,20.2,4.22,1.94
2016-01-30,Piedade,Sudoeste,-23.717,-47.4142,23.97,28.27,19.63,83.08,19.47,9.22,20.73,0.72,2.23
2016-01-31,Piedade,Sudoeste,-23.717,-47.4142,24.68,29.7,20.21,78.66,28.77,13.16,20.49,0.05,2.19
2016-02-01,Piedade,Sudoeste,-23.717,-47.4142,25.55,30.52,20.2,74.76,25.65,11.81,20.38,0.05,1.34
2016-02-02,Piedade,Sudoeste,-23.717,-47.4142,24.82,30.17,20.77,80.25,26.32,12.11,20.86,1.06,1.28
2016-02-03,Piedade,Sudoeste,-23.717,-47.4142,24.4,30.42,19.61,80.41,25.4,11.77,20.42,1.66,1.54
2016-02-04,Piedade,Sudoeste,-23.717,-47.4142,23.23,26.7,20.54,86.95,19.35,9.16,20.82,0.32,1.15
2016-02-05,Piedade,Sudoeste,-23.717,-47.4142,23.81,27.52,20.54,85.73,23.14,10.77,21.12,7.99,1.35
2016-02-06,Piedade,Sudoeste,-23.717,-47.4142,23.68,28.77,19.79,85.59,21.54,10.06,20.88,9.3,1.49
2016-02-07,Piedade,Sudoeste,-23.717,-47.4142,23.5,28.33,19.42,85.39,23.22,10.84,20.71,10.74,1.36
2016-02-08,Piedade,Sudoeste,-23.717,-47.4142,23.92,28.55,19.43,85.25,26.53,12.32,21.12,9.57,1.26
2016-02-09,Piedade,Sudoeste,-23.717,-47.4142,24.89,30.15,19.69,79.96,26.05,12.12,20.88,0.17,1.65
2016-02-10,Piedade,Sudoeste,-23.717,-47.4142,24.93,30.22,19.91,82.79,19.63,9.18,21.55,0.26,1.67
2016-02-11,Piedade,Sudoeste,-23.717,-47.4142,22.38,26.19,17.58,88.49,17.62,8.38,20.34,2.14,2.69
2016-02-12,Piedade,Sudoeste,-23.717,-47.4142,21.23,27.65,16.75,80.3,27.3,12.58,17.45,0.05,2.78
2016-02-13,Piedade,Sudoeste,-23.717,-47.4142,22.01,29.35,16.06,83.66,24.21,11.09,18.89,0.0,1.9
2016-02-14,Piedade,Sudoeste,-23.717,-47.4142,24.65,30.97,17.89,78.21,25.77,11.92,20.18,0.03,1.23
2016-02-15,Piedade,Sudoeste,-23.717,-47.4142,24.04,27.6,21.62,87.56,13.09,6.23,21.78,12.03,1.41
2016-02-16,Piedade,Sudoeste,-23.717,-47.4142,22.68,25.66,20.25,92.38,14.15,6.83,21.36,14.5,1.79
2016-02-17,Piedade,Sudoeste,-23.717,-47.4142,23.89,28.19,20.32,86.79,19.12,9.01,21.4,3.69,1.24
2016-02-18,Piedade,Sudoeste,-23.717,-47.4142,24.88,29.46,20.94,85.29,21.28,9.95,22.03,6.44,1.62
2016-02-19,Piedade,Sudoeste,-23.717,-47.4142,24.71,29.27,20.07,83.43,21.67,10.03,21.5,8.04,1.08
2016-02-20,Piedade,Sudoeste,-23.717,-47.4142,24.38,28.19,21.55,86.53,21.79,10.17,21.87,10.95,1.6
2016-02-21,Piedade,Sudoeste,-23.717,-47.4142,22.66,25.49,20.85,91.21,10.82,5.36,21.1,12.35,1.25
2016-02-22,Piedade,Sudoeste,-23.717,-47.4142,22.33,26.1,19.86,89.33,10.93,5.38,20.38,11.18,1.13
2016-02-23,Piedade,Sudoeste,-23.717,-47.4142,22.34,25.78,19.64,88.29,11.17,5.54,20.2,2.17,2.35
2016-02-24,Piedade,Sudoeste,-23.717,-47.4142,22.66,27.68,18.7,84.58,16.96,7.97,19.71,6.36,1.87
2016-02-25,Piedade,Sudoeste,-23.717,-47.4142,22.99,27.55,19.0,86.64,18.48,8.77,20.46,17.62,1.72
2016-02-26,Piedade,Sudoeste,-23.717,-47.4142,23.09,26.25,20.53,88.46,20.42,9.67,20.98,10.97,2.08
2016-02-27,Piedade,Sudoeste,-23.717,-47.4142,23.1,26.1,21.17,90.05,11.59,5.74,21.31,8.49,2.27
2016-02-28,Piedade,Sudoeste,-23.717,-47.4142,22.7,25.56,20.78,92.79,13.14,6.39,21.44,13.93,1.85
2016-02-29,Piedade,Sudoeste,-23.717,-47.4142,20.05,24.31,17.71,87.39,11.68,5.78,17.78,9.51,2.8
2016-03-01,Piedade,Sudoeste,-23.717,-47.4142,19.8,23.48,17.21,89.62,9.4,4.69,17.97,5.33,2.04
2016-03-02,Piedade,Sudoeste,-23.717,-47.4142,20.86,24.86,17.25,89.8,13.86,6.59,19.03,13.07,1.41
2016-03-03,Piedade,Sudoeste,-23.717,-47.4142,22.15,25.69,19.5,90.9,9.93,4.86,20.54,11.74,3.43
2016-03-04,Piedade,Sudoeste,-23.717,-47.4142,22.72,27.55,18.93,85.43,19.7,9.01,19.92,4.42,2.47
2016-03-05,Piedade,Sudoeste,-23.717,-47.4142,22.49,28.01,17.92,82.4,21.27,9.8,19.03,0.1,1.35
2016-03-06,Piedade,Sudoeste,-23.717,-47.4142,23.42,28.69,18.38,80.54,19.39,9.02,19.57,1.4,1.12
2016-03-07,Piedade,Sudoeste,-23.717,-47.4142,23.44,28.55,19.15,84.65,21.61,10.04,20.53,4.64,1.0
2016-03-08,Piedade,Sudoeste,-23.717,-47.4142,23.77,29.57,18.91,83.5,22.58,10.44,20.5,1.31,1.4
2016-03-09,Piedade,Sudoeste,-23.717,-47.4142,23.06,26.48,20.11,89.22,20.59,9.59,21.12,6.32,1.53
2016-03-10,Piedade,Sudoeste,-23.717,-47.4142,23.1,26.76,20.08,90.84,13.0,6.36,21.48,36.64,2.54
2016-03-11,Piedade,Sudoeste,-23.717,-47.4142,23.61,28.46,19.32,89.19,16.43,7.8,21.6,36.27,2.71
2016-03-12,Piedade,Sudoeste,-23.717,-47.4142,21.45,27.47,17.2,84.2,21.46,9.76,18.34,2.35,1.51
2016-03-13,Piedade,Sudoeste,-23.717,-47.4142,20.43,25.92,16.57,86.32,14.61,6.82,17.91,1.19,2.91
2016-03-14,Piedade,Sudoeste,-23.717,-47.4142,21.75,27.67,17.24,85.27,20.61,9.49,18.96,0.31,2.2
2016-03-15,Piedade,Sudoeste,-23.717,-47.4142,21.96,27.62,17.65,86.11,19.74,9.22,19.36,5.26,2.08
2016-03-16,Piedade,Sudoeste,-23.717,-47.4142,21.07,24.21,18.96,90.05,15.06,7.17,19.32,2.53,2.01
2016-03-17,Piedade,Sudoeste,-23.717,-47.4142,22.12,27.45,17.5,84.17,21.76,10.06,19.06,0.13,1.32
2016-03-18,Piedade,Sudoeste,-23.717,-47.4142,22.29,27.89,17.21,84.25,23.22,10.58,19.22,0.05,1.41
2016-03-19,Piedade,Sudoeste,-23.717,-47.4142,22.3,28.44,17.1,82.99,25.28,11.48,18.89,0.01,1.21
2016-03-20,Piedade,Sudoeste,-23.717,-47.4142,22.0,28.11,16.98,83.24,22.63,10.41,18.7,0.02,1.5
2016-03-21,Piedade,Sudoeste,-23.717,-47.4142,23.13,28.19,17.65,82.88,23.35,10.81,19.82,0.01,1.51
2016-03-22,Piedade,Sudoeste,-23.717,-47.4142,24.01,29.1,19.32,82.62,13.25,6.31,20.64,0.62,1.68
2016-03-23,Piedade,Sudoeste,-23.717,-47.4142,22.29,26.52,19.2,88.62,15.67,7.3,20.23,10.88,1.33
2016-03-24,Piedade,Sudoeste,-23.717,-47.4142,21.69,26.73,18.52,88.14,17.24,7.99,19.52,5.84,1.66
2016-03-25,Piedade,Sudoeste,-23.717,-47.4142,22.08,26.19,19.39,89.75,10.2,4.96,20.25,15.89,1.64
2016-03-26,Piedade,Sudoeste,-23.717,-47.4142,22.35,25.87,19.62,91.15,15.12,7.12,20.78,4.99,2.32
2016-03-27,Piedade,Sudoeste,-23.717,-47.4142,23.56,28.17,19.38,86.43,16.58,7.74,21.01,0.19,1.32
2016-03-28,Piedade,Sudoeste,-23.717,-47.4142,23.91,28.76,20.61,85.1,20.5,9.43,21.07,0.01,0.85
2016-03-29,Piedade,Sudoeste,-23.717,-47.4142,23.67,27.98,20.14,87.58,18.06,8.33,21.34,3.95,1.17
2016-03-30,Piedade,Sudoeste,-23.717,-47.4142,22.65,26.62,19.54,90.69,18.46,8.55,20.98,1.03,1.45
2016-03-31,Piedade,Sudoeste,-23.717,-47.4142,22.09,25.74,19.26,91.47,20.78,9.58,20.58,0.4,1.0
2016-04-01,Piedade,Sudoeste,-23.717,-47.4142,23.06,28.43,19.19,84.64,21.83,10.05,20.04,0.08,1.12
2016-04-02,Piedade,Sudoeste,-23.717,-47.4142,22.97,28.55,18.49,82.47,22.2,10.2,19.48,0.01,0.98
2016-04-03,Piedade,Sudoeste,-23.717,-47.4142,23.4,29.38,18.47,82.6,21.28,9.83,19.9,0.01,1.22
2016-04-04,Piedade,Sudoeste,-23.717,-47.4142,22.95,28.56,18.05,84.92,20.6,9.54,20.05,0.0,1.8
2016-04-05,Piedade,Sudoeste,-23.717,-47.4142,22.68,28.31,18.49,84.73,22.08,10.17,19.74,0.0,1.49
2016-04-06,Piedade,Sudoeste,-23.717,-47.4142,22.5,28.03,16.88,76.26,22.4,10.2,17.74,0.01,0.8
2016-04-07,Piedade,Sudoeste,-23.717,-47.4142,23.11,29.54,17.28,76.02,22.34,10.19,18.35,0.0,1.08
2016-04-08,Piedade,Sudoeste,-23.717,-47.4142,22.63,29.11,16.83,84.95,21.21,9.77,19.68,0.04,1.33
2016-04-09,Piedade,Sudoeste,-23.717,-47.4142,23.7,29.74,18.81,78.69,21.53,9.93,19.32,0.02,0.92
2016-04-10,Piedade,Sudoeste,-23.717,-47.4142,23.24,29.45,18.1,82.15,19.25,8.92,19.72,0.31,1.35
2016-04-11,Piedade,Sudoeste,-23.717,-47.4142,23.25,28.7,18.98,83.85,18.49,8.56,20.06,0.12,1.39
2016-04-12,Piedade,Sudoeste,-23.717,-47.4142,23.31,28.84,19.02,84.85,19.71,9.14,20.34,0.1,1.11
2016-04-13,Piedade,Sudoeste,-23.717,-47.4142,22.98,28.22,18.69,83.62,19.54,9.03,19.77,0.07,1.21
2016-04-14,Piedade,Sudoeste,-23.717,-47.4142,23.22,28.78,17.44,78.53,20.28,9.31,18.93,0.01,1.15
2016-04-15,Piedade,Sudoeste,-23.717,-47.4142,23.72,29.38,18.29,75.76,19.0,8.71,18.86,0.07,1.1
2016-04-16,Piedade,Sudoeste,-23.717,-47.4142,23.18,29.03,17.74,75.15,20.01,9.22,18.23,0.0,1.0
2016-04-17,Piedade,Sudoeste,-23.717,-47.4142,22.96,28.51,16.6,71.06,21.26,9.59,17.18,0.0,1.23
2016-04-18,Piedade,Sudoeste,-23.717,-47.4142,23.05,28.45,17.45,74.82,19.69,9.04,18.16,0.0,1.5
2016-04-19,Piedade,Sudoeste,-23.717,-47.4142,23.03,28.45,17.58,76.41,19.79,9.07,18.47,0.0,1.69
2016-04-20,Piedade,Sudoeste,-23.717,-47.4142,23.32,28.3,18.69,76.6,18.19,8.42,18.78,0.0,1.18
2016-04-21,Piedade,Sudoeste,-23.717,-47.4142,22.68,28.12,17.61,74.71,19.85,9.07,17.68,0.0,1.48
2016-04-22,Piedade,Sudoeste,-23.717,-47.4142,23.08,29.18,17.84,74.62,17.27,7.9,17.92,0.0,0.72
2016-04-23,Piedade,Sudoeste,-23.717,-47.4142,22.66,28.47,18.03,79.78,19.02,8.74,18.67,0.0,1.56
2016-04-24,Piedade,Sudoeste,-23.717,-47.4142,22.61,28.31,17.25,75.91,17.82,8.24,17.82,0.0,1.54
2016-04-25,Piedade,Sudoeste,-23.717,-47.4142,22.06,28.11,16.67,79.77,17.92,8.21,18.08,0.92,2.37
2016-04-26,Piedade,Sudoeste,-23.717,-47.4142,21.42,25.55,17.95,85.72,9.5,4.56,18.78,2.43,3.04
2016-04-27,Piedade,Sudoeste,-23.717,-47.4142,17.64,20.85,13.17,85.13,7.54,3.65,14.99,2.75,1.85
2016-04-28,Piedade,Sudoeste,-23.717,-47.4142,14.77,20.5,10.48,78.04,16.31,7.17,10.69,0.0,1.82
2016-04-29,Piedade,Sudoeste,-23.717,-47.4142,14.66,19.6,11.41,82.03,10.78,5.01,11.5,0.3,1.95
2016-04-30,Piedade,Sudoeste,-23.717,-47.4142,14.76,21.05,10.25,80.8,17.14,7.64,11.05,0.03,1.53
2016-05-01,Piedade,Sudoeste,-23.717,-47.4142,13.2,20.38,7.8,77.62,20.37,8.94,8.75,0.01,1.81
2016-05-02,Piedade,Sudoeste,-23.717,-47.4142,15.39,22.78,9.41,82.1,19.98,8.87,12.04,0.0,1.63
2016-05-03,Piedade,Sudoeste,-23.717,-47.4142,17.12,24.37,11.76,78.57,18.93,8.49,12.87,0.0,1.1
2016-05-04,Piedade,Sudoeste,-23.717,-47.4142,17.8,23.96,13.13,82.54,17.79,8.04,14.56,0.01,1.29
2016-05-05,Piedade,Sudoeste,-23.717,-47.4142,18.06,24.22,13.33,82.07,12.99,5.94,14.68,0.01,1.35
2016-05-06,Piedade,Sudoeste,-23.717,-47.4142,18.46,24.72,13.01,79.28,16.93,7.67,14.38,0.02,1.09
2016-05-07,Piedade,Sudoeste,-23.717,-47.4142,18.29,23.75,14.39,84.57,9.45,4.41,15.42,0.02,0.86
2016-05-08,Piedade,Sudoeste,-23.717,-47.4142,19.59,25.22,15.2,84.39,8.25,3.94,16.67,0.12,1.11
2016-05-09,Piedade,Sudoeste,-23.717,-47.4142,20.26,26.43,16.44,82.29,9.71,4.51,16.85,0.54,1.08
2016-05-10,Piedade,Sudoeste,-23.717,-47.4142,20.3,25.34,17.09,82.23,9.03,4.29,16.91,0.09,1.93
2016-05-11,Piedade,Sudoeste,-23.717,-47.4142,19.03,23.85,15.3,84.15,10.05,4.65,16.13,0.11,1.48
2016-05-12,Piedade,Sudoeste,-23.717,-47.4142,18.33,23.38,14.92,83.57,10.61,4.9,15.28,0.04,1.9
2016-05-13,Piedade,Sudoeste,-23.717,-47.4142,17.71,23.53,13.86,82.09,12.39,5.7,14.29,0.01,2.48
2016-05-14,Piedade,Sudoeste,-23.717,-47.4142,17.34,23.41,13.33,82.09,14.04,6.38,13.89,0.0,2.06
2016-05-15,Piedade,Sudoeste,-23.717,-47.4142,18.54,25.33,12.87,84.23,16.95,7.69,15.55,0.75,2.04
2016-05-16,Piedade,Sudoeste,-23.717,-47.4142,20.83,26.06,17.48,88.4,9.42,4.46,18.69,5.36,3.37
2016-05-17,Piedade,Sudoeste,-23.717,-47.4142,17.74,23.32,13.72,82.93,12.3,5.57,14.52,3.0,1.4
2016-05-18,Piedade,Sudoeste,-23.717,-47.4142,15.56,19.3,12.82,88.36,3.71,1.88,13.56,10.52,1.33
2016-05-19,Piedade,Sudoeste,-23.717,-47.4142,15.79,20.59,12.66,88.3,6.17,3.0,13.74,14.48,2.27
2016-05-20,Piedade,Sudoeste,-23.717,-47.4142,18.29,24.35,13.27,88.79,13.48,6.21,16.3,23.57,1.58
2016-05-21,Piedade,Sudoeste,-23.717,-47.4142,18.63,21.77,16.67,94.54,3.94,2.02,17.73,8.52,2.19
2016-05-22,Piedade,Sudoeste,-23.717,-47.4142,19.93,24.69,16.48,91.16,11.26,5.24,18.34,2.19,2.45
2016-05-23,Piedade,Sudoeste,-23.717,-47.4142,14.79,18.67,8.07,84.47,13.06,5.8,11.97,2.14,2.23
2016-05-24,Piedade,Sudoeste,-23.717,-47.4142,12.91,18.21,7.72,88.41,9.6,4.4,10.9,0.15,2.71
2016-05-25,Piedade,Sudoeste,-23.717,-47.4142,16.21,22.2,11.69,85.07,15.59,7.01,13.46,0.01,1.85
2016-05-26,Piedade,Sudoeste,-23.717,-47.4142,16.9,22.9,12.73,86.68,14.73,6.64,14.43,0.05,1.14
2016-05-27,Piedade,Sudoeste,-23.717,-47.4142,17.21,23.06,12.76,85.69,10.47,4.84,14.53,0.32,0.99
2016-05-28,Piedade,Sudoeste,-23.717,-47.4142,17.65,23.15,13.41,86.46,10.81,4.91,15.14,0.04,1.41
2016-05-29,Piedade,Sudoeste,-23.717,-47.4142,17.25,21.84,13.82,87.53,7.01,3.33,15.13,0.26,1.78
2016-05-30,Piedade,Sudoeste,-23.717,-47.4142,17.56,21.85,13.9,92.34,4.14,2.07,16.29,15.45,1.49
2016-05-31,Piedade,Sudoeste,-23.717,-47.4142,18.93,23.03,15.87,90.9,9.36,4.27,17.33,9.78,1.76
2016-06-01,Piedade,Sudoeste,-23.717,-47.4142,18.87,23.38,15.08,89.28,7.8,3.63,16.95,17.46,1.5
2016-06-02,Piedade,Sudoeste,-23.717,-47.4142,18.08,22.23,14.77,89.86,12.55,5.7,16.27,9.93,1.6
2016-06-03,Piedade,Sudoeste,-23.717,-47.4142,15.56,20.46,12.32,88.81,7.43,3.5,13.6,10.18,1.31
2016-06-04,Piedade,Sudoeste,-23.717,-47.4142,15.94,20.29,12.17,89.6,6.78,3.17,14.15,17.08,0.94
2016-06-05,Piedade,Sudoeste,-23.717,-47.4142,17.65,21.78,14.46,94.29,5.73,2.73,16.69,45.56,0.93
2016-06-06,Piedade,Sudoeste,-23.717,-47.4142,17.14,20.42,14.48,93.21,5.88,2.8,16.0,24.1,1.73
2016-06-07,Piedade,Sudoeste,-23.717,-47.4142,14.58,18.85,11.22,89.18,5.62,2.7,12.71,6.29,1.07
2016-06-08,Piedade,Sudoeste,-23.717,-47.4142,13.05,18.29,9.77,83.03,14.35,6.26,10.02,0.06,0.93
2016-06-09,Piedade,Sudoeste,-23.717,-47.4142,10.47,17.55,5.8,81.56,14.34,6.19,7.27,0.0,1.25
2016-06-10,Piedade,Sudoeste,-23.717,-47.4142,10.19,18.3,4.18,83.13,13.48,5.77,7.26,0.0,1.33
2016-06-11,Piedade,Sudoeste,-23.717,-47.4142,9.32,16.1,4.11,81.0,15.97,6.88,5.88,0.0,1.23
2016-06-12,Piedade,Sudoeste,-23.717,-47.4142,8.1,15.66,2.73,78.11,16.79,7.17,3.91,0.03,1.31
2016-06-13,Piedade,Sudoeste,-23.717,-47.4142,7.8,16.08,0.49,83.62,16.8,7.23,4.78,0.01,2.51
2016-06-14,Piedade,Sudoeste,-23.717,-47.4142,12.16,18.99,7.98,83.39,15.62,6.79,9.11,0.01,1.85
2016-06-15,Piedade,Sudoeste,-23.717,-47.4142,13.95,21.3,8.13,83.4,15.34,6.8,10.96,0.01,1.04
2016-06-16,Piedade,Sudoeste,-23.717,-47.4142,15.93,22.84,9.05,81.4,15.41,6.91,12.73,0.01,0.89
2016-06-17,Piedade,Sudoeste,-23.717,-47.4142,15.36,22.13,9.45,85.69,15.39,6.92,12.87,0.0,1.53
2016-06-18,Piedade,Sudoeste,-23.717,-47.4142,15.97,22.7,11.11,87.07,12.8,5.72,13.77,0.48,0.87
2016-06-19,Piedade,Sudoeste,-23.717,-47.4142,15.37,22.2,11.38,87.37,11.38,5.05,13.16,0.33,1.4
2016-06-20,Piedade,Sudoeste,-23.717,-47.4142,14.24,19.92,11.13,88.21,9.31,4.16,12.29,0.3,2.41
2016-06-21,Piedade,Sudoeste,-23.717,-47.4142,13.16,16.85,10.82,88.34,8.69,3.94,11.22,0.36,2.83
2016-06-22,Piedade,Sudoeste,-23.717,-47.4142,14.53,19.6,11.95,91.11,7.6,3.49,13.04,0.65,1.91
2016-06-23,Piedade,Sudoeste,-23.717,-47.4142,15.12,21.27,10.58,88.25,14.27,6.3,13.0,0.07,1.24
2016-06-24,Piedade,Sudoeste,-23.717,-47.4142,15.15,21.49,10.9,86.23,14.45,6.38,12.67,0.01,1.92
2016-06-25,Piedade,Sudoeste,-23.717,-47.4142,15.64,22.03,10.75,86.6,14.26,6.38,13.29,0.0,1.62
2016-06-26,Piedade,Sudoeste,-23.717,-47.4142,15.73,22.28,11.52,85.97,13.67,6.09,13.12,0.0,1.04
2016-06-27,Piedade,Sudoeste,-23.717,-47.4142,14.75,21.43,9.35,82.47,15.21,6.7,11.44,0.0,0.8
2016-06-28,Piedade,Sudoeste,-23.717,-47.4142,14.97,21.41,9.36,81.28,15.03,6.6,11.59,0.0,1.22
2016-06-29,Piedade,Sudoeste,-23.717,-47.4142,15.53,21.51,10.55,86.67,14.06,6.22,13.24,0.0,1.36
2016-06-30,Piedade,Sudoeste,-23.717,-47.4142,16.58,23.04,11.69,84.94,10.52,4.78,13.83,0.0,1.08
2016-07-01,Piedade,Sudoeste,-23.717,-47.4142,16.9,22.95,12.2,87.1,12.81,5.69,14.58,0.02,1.16
2016-07-02,Piedade,Sudoeste,-23.717,-47.4142,17.68,23.36,13.11,81.81,14.41,6.49,14.38,0.0,1.34
2016-07-03,Piedade,Sudoeste,-23.717,-47.4142,17.53,23.88,11.93,82.08,14.82,6.69,14.24,0.01,1.3
2016-07-04,Piedade,Sudoeste,-23.717,-47.4142,17.63,23.68,12.42,79.57,15.78,7.09,13.75,0.0,1.52
2016-07-05,Piedade,Sudoeste,-23.717,-47.4142,17.54,23.48,11.51,77.89,14.52,6.53,13.4,0.0,1.48
2016-07-06,Piedade,Sudoeste,-23.717,-47.4142,18.4,24.46,13.23,82.26,15.05,6.84,15.13,0.0,2.93
2016-07-07,Piedade,Sudoeste,-23.717,-47.4142,13.63,19.81,8.5,71.74,16.8,7.18,7.8,0.0,1.06
2016-07-08,Piedade,Sudoeste,-23.717,-47.4142,11.88,19.45,5.72,76.97,16.21,7.0,7.36,0.0,1.5
2016-07-09,Piedade,Sudoeste,-23.717,-47.4142,13.53,21.02,7.47,74.36,16.27,7.05,8.58,0.0,1.42
2016-07-10,Piedade,Sudoeste,-23.717,-47.4142,16.48,24.77,8.82,70.81,16.05,7.18,10.86,0.0,1.43
2016-07-11,Piedade,Sudoeste,-23.717,-47.4142,18.0,25.86,12.17,80.06,16.03,7.18,14.16,0.0,1.85
2016-07-12,Piedade,Sudoeste,-23.717,-47.4142,18.35,26.09,11.67,79.94,16.18,7.24,14.52,0.12,1.77
2016-07-13,Piedade,Sudoeste,-23.717,-47.4142,19.19,25.86,12.9,73.81,12.98,5.82,13.97,0.14,1.34
2016-07-14,Piedade,Sudoeste,-23.717,-47.4142,17.95,25.7,12.26,76.8,14.45,6.39,13.41,0.06,1.58
2016-07-15,Piedade,Sudoeste,-23.717,-47.4142,18.6,26.52,12.52,72.16,14.33,6.41,13.16,0.11,1.87
2016-07-16,Piedade,Sudoeste,-23.717,-47.4142,16.31,20.53,12.46,89.61,3.34,1.66,14.55,6.01,2.23
2016-07-17,Piedade,Sudoeste,-23.717,-47.4142,11.98,17.76,6.66,74.61,17.21,7.34,6.89,0.13,1.32
2016-07-18,Piedade,Sudoeste,-23.717,-47.4142,10.02,17.98,3.88,79.14,16.48,7.15,6.07,0.05,1.76
2016-07-19,Piedade,Sudoeste,-23.717,-47.4142,11.85,17.97,7.06,79.41,9.13,4.11,8.05,0.0,1.47
2016-07-20,Piedade,Sudoeste,-23.717,-47.4142,12.7,19.16,9.03,83.05,11.88,5.33,9.59,0.0,1.85
2016-07-21,Piedade,Sudoeste,-23.717,-47.4142,12.61,18.99,8.59,84.52,9.29,4.1,9.78,0.0,1.59
2016-07-22,Piedade,Sudoeste,-23.717,-47.4142,12.73,19.59,9.14,82.43,13.32,5.8,9.37,0.02,2.15
2016-07-23,Piedade,Sudoeste,-23.717,-47.4142,14.85,22.66,9.07,81.83,15.79,6.97,11.44,0.05,1.48
2016-07-24,Piedade,Sudoeste,-23.717,-47.4142,16.58,24.76,9.61,81.39,16.28,7.11,13.29,0.03,1.43
2016-07-25,Piedade,Sudoeste,-23.717,-47.4142,17.66,25.42,11.61,78.91,15.96,7.06,13.55,0.0,1.3
2016-07-26,Piedade,Sudoeste,-23.717,-47.4142,16.88,24.75,10.61,77.34,16.9,7.51,12.38,0.0,2.01
2016-07-27,Piedade,Sudoeste,-23.717,-47.4142,17.15,25.65,10.82,80.56,15.96,7.08,13.54,0.0,1.98
2016-07-28,Piedade,Sudoeste,-23.717,-47.4142,13.93,21.36,9.0,79.16,15.26,6.77,10.07,0.0,2.6
2016-07-29,Piedade,Sudoeste,-23.717,-47.4142,14.81,21.55,10.78,82.07,9.7,4.42,11.46,0.0,2.55
2016-07-30,Piedade,Sudoeste,-23.717,-47.4142,16.48,24.24,11.48,82.4,16.13,7.21,13.06,0.0,1.72
2016-07-31,Piedade,Sudoeste,-23.717,-47.4142,17.49,24.12,11.91,77.08,15.6,6.96,13.06,0.02,1.18
2016-08-01,Piedade,Sudoeste,-23.717,-47.4142,17.71,24.49,11.44,74.28,13.61,6.07,12.68,0.0,1.75
2016-08-02,Piedade,Sudoeste,-23.717,-47.4142,17.17,23.87,12.49,79.71,12.0,5.32,13.32,0.0,2.51
2016-08-03,Piedade,Sudoeste,-23.717,-47.4142,16.78,24.13,11.75,80.89,13.98,6.31,13.0,0.0,1.95
2016-08-04,Piedade,Sudoeste,-23.717,-47.4142,17.75,25.3,12.82,78.47,16.22,7.21,13.33,0.0,1.38
2016-08-05,Piedade,Sudoeste,-23.717,-47.4142,18.81,26.06,12.14,71.68,16.14,7.17,12.93,0.0,1.26
2016-08-06,Piedade,Sudoeste,-23.717,-47.4142,19.46,27.35,12.86,68.14,17.96,8.01,12.82,0.0,1.88
2016-08-07,Piedade,Sudoeste,-23.717,-47.4142,19.21,27.65,13.14,72.78,13.52,5.97,13.63,0.01,2.09
2016-08-08,Piedade,Sudoeste,-23.717,-47.4142,17.6,24.08,12.79,78.89,10.88,4.8,13.64,0.01,2.29
2016-08-09,Piedade,Sudoeste,-23.717,-47.4142,18.44,24.56,13.74,82.12,6.26,2.99,15.05,0.07,1.59
2016-08-10,Piedade,Sudoeste,-23.717,-47.4142,15.48,20.87,9.38,76.72,12.55,5.6,10.99,0.02,2.54
2016-08-11,Piedade,Sudoeste,-23.717,-47.4142,12.01,18.91,7.08,79.29,11.1,5.02,8.02,0.0,2.51
2016-08-12,Piedade,Sudoeste,-23.717,-47.4142,13.95,22.18,8.96,76.14,17.24,7.59,9.06,0.01,2.29
2016-08-13,Piedade,Sudoeste,-23.717,-47.4142,15.8,25.0,7.49,63.32,20.05,8.69,7.51,0.02,1.14
2016-08-14,Piedade,Sudoeste,-23.717,-47.4142,19.14,27.78,10.67,49.63,19.28,8.53,7.86,0.0,1.43
2016-08-15,Piedade,Sudoeste,-23.717,-47.4142,20.76,28.48,14.24,61.59,12.57,5.66,12.29,0.79,2.18
2016-08-16,Piedade,Sudoeste,-23.717,-47.4142,18.93,25.19,14.5,83.06,13.12,5.9,15.66,1.35,1.47
2016-08-17,Piedade,Sudoeste,-23.717,-47.4142,20.3,28.5,14.18,75.59,19.39,8.68,15.46,0.01,2.01
2016-08-18,Piedade,Sudoeste,-23.717,-47.4142,19.13,26.5,14.74,80.45,13.22,5.88,15.36,4.02,2.77
2016-08-19,Piedade,Sudoeste,-23.717,-47.4142,20.47,28.92,13.88,76.54,16.22,7.3,15.51,2.08,1.63
2016-08-20,Piedade,Sudoeste,-23.717,-47.4142,20.17,26.63,15.87,81.0,4.75,2.33,16.46,7.49,2.55
2016-08-21,Piedade,Sudoeste,-23.717,-47.4142,14.79,18.59,8.58,87.99,6.05,2.94,12.73,22.03,3.6
2016-08-22,Piedade,Sudoeste,-23.717,-47.4142,11.02,16.47,7.78,78.79,12.42,5.55,7.09,0.39,2.89
2016-08-23,Piedade,Sudoeste,-23.717,-47.4142,13.6,21.9,7.57,79.24,20.16,8.83,9.43,0.02,2.41
2016-08-24,Piedade,Sudoeste,-23.717,-47.4142,16.38,25.32,10.21,79.06,20.51,9.05,12.06,0.01,2.01
2016-08-25,Piedade,Sudoeste,-23.717,-47.4142,17.36,26.63,10.82,77.14,20.66,9.14,12.48,0.02,1.46
2016-08-26,Piedade,Sudoeste,-23.717,-47.4142,18.12,27.4,10.97,71.03,21.83,9.55,11.6,0.01,1.02
2016-08-27,Piedade,Sudoeste,-23.717,-47.4142,18.7,27.28,10.93,60.29,21.82,9.56,9.68,0.0,1.52
2016-08-28,Piedade,Sudoeste,-23.717,-47.4142,20.29,29.13,11.24,55.64,22.03,9.66,10.3,0.0,1.77
2016-08-29,Piedade,Sudoeste,-23.717,-47.4142,22.56,30.61,13.98,54.1,20.8,9.21,12.01,0.0,1.49
2016-08-30,Piedade,Sudoeste,-23.717,-47.4142,20.89,26.38,15.35,71.32,13.37,6.16,15.22,5.12,1.35
2016-08-31,Piedade,Sudoeste,-23.717,-47.4142,15.83,20.13,11.81,87.6,5.58,2.8,13.75,6.98,2.44
2016-09-01,Piedade,Sudoeste,-23.717,-47.4142,17.21,25.0,11.44,76.2,19.99,8.73,12.34,0.01,1.81
2016-09-02,Piedade,Sudoeste,-23.717,-47.4142,19.04,27.25,13.11,77.87,16.94,7.6,14.59,0.0,2.43
2016-09-03,Piedade,Sudoeste,-23.717,-47.4142,20.24,26.23,15.64,78.81,7.41,3.61,16.0,2.11,1.87
2016-09-04,Piedade,Sudoeste,-23.717,-47.4142,19.76,24.89,16.0,81.17,7.57,3.72,16.06,0.94,1.49
2016-09-05,Piedade,Sudoeste,-23.717,-47.4142,19.41,25.77,14.83,80.99,14.73,6.7,15.71,1.55,1.14
2016-09-06,Piedade,Sudoeste,-23.717,-47.4142,18.77,22.26,16.5,87.42,4.64,2.34,16.51,3.2,2.51
2016-09-07,Piedade,Sudoeste,-23.717,-47.4142,16.82,22.96,10.5,76.63,11.7,5.23,12.33,0.16,2.62
2016-09-08,Piedade,Sudoeste,-23.717,-47.4142,15.34,24.5,7.89,67.57,22.72,9.92,8.08,0.0,0.99
2016-09-09,Piedade,Sudoeste,-23.717,-47.4142,17.24,25.64,11.02,73.69,20.22,8.93,11.48,0.0,2.58
2016-09-10,Piedade,Sudoeste,-23.717,-47.4142,19.77,28.71,13.12,74.13,20.63,9.24,14.07,0.0,2.07
2016-09-11,Piedade,Sudoeste,-23.717,-47.4142,21.09,30.11,14.37,72.78,21.31,9.53,14.77,0.01,1.65
2016-09-12,Piedade,Sudoeste,-23.717,-47.4142,22.77,31.2,14.93,65.02,22.65,10.15,14.48,0.02,1.66
2016-09-13,Piedade,Sudoeste,-23.717,-47.4142,24.39,32.3,18.08,51.24,17.93,7.99,12.45,0.0,3.26
2016-09-14,Piedade,Sudoeste,-23.717,-47.4142,18.87,23.42,12.57,76.38,7.09,3.25,14.46,0.02,1.78
2016-09-15,Piedade,Sudoeste,-23.717,-47.4142,17.57,27.69,9.87,66.13,24.33,10.45,9.72,0.0,1.99
2016-09-16,Piedade,Sudoeste,-23.717,-47.4142,17.16,25.21,10.77,71.6,16.3,7.29,11.26,0.01,2.75
2016-09-17,Piedade,Sudoeste,-23.717,-47.4142,20.58,29.24,14.22,73.41,19.48,8.62,14.94,0.01,1.62
2016-09-18,Piedade,Sudoeste,-23.717,-47.4142,23.64,33.01,15.94,70.32,18.99,8.28,16.61,13.19,1.9
2016-09-19,Piedade,Sudoeste,-23.717,-47.4142,21.73,28.88,16.28,79.31,17.52,7.89,17.51,9.47,1.7
2016-09-20,Piedade,Sudoeste,-23.717,-47.4142,16.38,22.74,10.1,73.42,14.28,6.43,11.26,0.03,3.35
2016-09-21,Piedade,Sudoeste,-23.717,-47.4142,15.44,22.76,9.79,75.01,18.96,8.49,10.43,0.01,3.51
2016-09-22,Piedade,Sudoeste,-23.717,-47.4142,17.82,26.43,12.07,70.95,24.56,10.94,11.36,0.01,2.89
2016-09-23,Piedade,Sudoeste,-23.717,-47.4142,19.29,29.18,11.62,69.96,25.2,11.2,12.4,0.0,2.01
2016-09-24,Piedade,Sudoeste,-23.717,-47.4142,18.85,27.3,13.39,72.62,20.65,9.05,13.11,0.01,2.94
2016-09-25,Piedade,Sudoeste,-23.717,-47.4142,16.34,21.59,12.01,74.08,9.43,4.52,11.34,0.04,3.35
2016-09-26,Piedade,Sudoeste,-23.717,-47.4142,16.82,26.08,10.75,68.94,23.89,10.58,10.03,0.04,2.61
2016-09-27,Piedade,Sudoeste,-23.717,-47.4142,16.91,26.97,9.55,64.38,26.65,11.7,8.19,0.01,2.66
2016-09-28,Piedade,Sudoeste,-23.717,-47.4142,18.28,29.0,9.57,65.26,26.62,11.61,10.06,0.0,1.96
2016-09-29,Piedade,Sudoeste,-23.717,-47.4142,19.34,29.31,11.88,63.7,25.37,11.24,10.77,0.01,2.94
2016-09-30,Piedade,Sudoeste,-23.717,-47.4142,17.83,26.4,12.59,72.01,19.66,8.92,11.99,0.18,3.58
2016-10-01,Piedade,Sudoeste,-23.717,-47.4142,18.07,26.26,13.06,72.05,16.92,7.65,12.28,0.13,3.76
2016-10-02,Piedade,Sudoeste,-23.717,-47.4142,18.77,27.24,13.3,72.17,22.19,9.99,12.87,0.4,3.58
2016-10-03,Piedade,Sudoeste,-23.717,-47.4142,17.85,23.25,14.51,82.7,6.02,3.05,14.65,12.23,2.67
2016-10-04,Piedade,Sudoeste,-23.717,-47.4142,18.38,24.8,14.51,79.05,15.28,6.94,14.28,3.31,2.74
2016-10-05,Piedade,Sudoeste,-23.717,-47.4142,18.23,25.38,12.68,75.27,18.75,8.43,13.09,0.98,2.45
2016-10-06,Piedade,Sudoeste,-23.717,-47.4142,17.85,25.07,13.04,72.33,20.02,9.08,12.18,2.97,2.6
2016-10-07,Piedade,Sudoeste,-23.717,-47.4142,17.27,23.49,13.49,76.17,18.51,8.36,12.51,1.17,3.0
2016-10-08,Piedade,Sudoeste,-23.717,-47.4142,19.39,28.14,11.36,67.23,27.58,12.38,11.87,0.0,1.4
2016-10-09,Piedade,Sudoeste,-23.717,-47.4142,19.72,28.69,13.33,70.4,21.7,9.76,13.17,0.13,2.98
2016-10-10,Piedade,Sudoeste,-23.717,-47.4142,19.43,28.3,13.76,69.89,22.47,10.06,12.87,0.18,3.62
2016-10-11,Piedade,Sudoeste,-23.717,-47.4142,20.87,30.95,14.14,71.67,18.67,8.49,14.72,0.47,2.53
2016-10-12,Piedade,Sudoeste,-23.717,-47.4142,21.98,29.99,14.86,72.91,23.57,10.66,16.19,1.53,1.87
2016-10-13,Piedade,Sudoeste,-23.717,-47.4142,21.26,25.57,18.54,87.63,9.88,4.85,18.98,12.75,2.53
2016-10-14,Piedade,Sudoeste,-23.717,-47.4142,22.99,29.61,17.0,77.73,11.59,5.57,18.35,0.58,1.89
2016-10-15,Piedade,Sudoeste,-23.717,-47.4142,23.96,30.69,18.96,71.57,20.06,9.18,17.75,0.54,1.32
2016-10-16,Piedade,Sudoeste,-23.717,-47.4142,25.54,33.23,18.42,67.8,23.37,10.58,18.26,0.35,1.62
2016-10-17,Piedade,Sudoeste,-23.717,-47.4142,26.78,34.77,20.06,66.06,26.16,11.96,19.06,2.47,1.93
2016-10-18,Piedade,Sudoeste,-23.717,-47.4142,26.28,34.71,20.04,67.79,22.39,10.21,18.78,0.28,1.74
2016-10-19,Piedade,Sudoeste,-23.717,-47.4142,26.91,35.39,19.51,66.3,26.08,12.05,18.96,2.16,1.76
2016-10-20,Piedade,Sudoeste,-23.717,-47.4142,26.83,34.18,21.74,67.23,23.46,10.74,19.49,11.47,1.45
2016-10-21,Piedade,Sudoeste,-23.717,-47.4142,21.83,27.34,17.33,82.38,16.35,7.58,18.47,10.93,2.9
2016-10-22,Piedade,Sudoeste,-23.717,-47.4142,19.21,25.14,15.73,77.98,18.33,8.53,14.98,1.07,3.72
2016-10-23,Piedade,Sudoeste,-23.717,-47.4142,21.16,28.19,15.8,77.58,22.28,10.3,16.74,0.93,2.1
2016-10-24,Piedade,Sudoeste,-23.717,-47.4142,22.43,29.58,17.33,81.05,21.1,9.77,18.64,16.32,1.66
2016-10-25,Piedade,Sudoeste,-23.717,-47.4142,21.64,25.22,18.49,88.27,7.04,3.58,19.53,7.73,1.77
2016-10-26,Piedade,Sudoeste,-23.717,-47.4142,23.07,28.1,18.65,83.56,16.79,7.83,19.9,9.09,1.38
2016-10-27,Piedade,Sudoeste,-23.717,-47.4142,22.28,27.19,17.3,77.42,14.25,6.76,17.85,4.85,3.65
2016-10-28,Piedade,Sudoeste,-23.717,-47.4142,18.16,25.91,11.24,70.36,27.98,12.41,11.97,0.31,2.37
2016-10-29,Piedade,Sudoeste,-23.717,-47.4142,16.66,24.73,10.19,73.76,27.66,12.36,11.31,0.43,3.87
2016-10-30,Piedade,Sudoeste,-23.717,-47.4142,19.46,28.12,13.25,72.54,26.05,11.74,13.65,0.24,2.98
2016-10-31,Piedade,Sudoeste,-23.717,-47.4142,22.09,30.23,14.36,71.56,24.77,11.34,16.08,0.37,1.94
2016-11-01,Piedade,Sudoeste,-23.717,-47.4142,23.58,29.71,17.78,68.62,23.19,10.65,16.95,0.25,2.09
2016-11-02,Piedade,Sudoeste,-23.717,-47.4142,24.03,30.86,17.85,72.15,23.41,10.84,18.07,2.41,2.61
2016-11-03,Piedade,Sudoeste,-23.717,-47.4142,19.89,24.82,15.58,85.65,7.94,3.99,17.27,10.41,2.17
2016-11-04,Piedade,Sudoeste,-23.717,-47.4142,19.63,26.84,14.76,77.15,16.31,7.48,15.07,0.77,3.08
2016-11-05,Piedade,Sudoeste,-23.717,-47.4142,20.41,28.34,15.08,74.0,21.74,9.83,15.09,0.3,3.14
2016-11-06,Piedade,Sudoeste,-23.717,-47.4142,21.65,28.72,16.04,72.74,23.75,10.85,15.91,2.5,2.02
2016-11-07,Piedade,Sudoeste,-23.717,-47.4142,22.17,29.16,16.2,73.13,26.19,11.82,16.26,0.82,1.61
2016-11-08,Piedade,Sudoeste,-23.717,-47.4142,23.26,30.96,16.31,68.08,26.54,11.97,15.88,0.18,1.74
2016-11-09,Piedade,Sudoeste,-23.717,-47.4142,23.79,30.74,17.94,74.12,22.13,10.14,18.1,22.43,2.13
2016-11-10,Piedade,Sudoeste,-23.717,-47.4142,23.9,30.66,18.88,77.65,24.66,11.33,19.2,1.71,2.54
2016-11-11,Piedade,Sudoeste,-23.717,-47.4142,24.22,31.54,17.1,70.78,25.66,11.75,17.89,1.38,1.93
2016-11-12,Piedade,Sudoeste,-23.717,-47.4142,18.76,22.09,15.82,84.98,13.57,6.58,16.09,12.75,4.03
2016-11-13,Piedade,Sudoeste,-23.717,-47.4142,18.69,22.54,15.85,86.6,8.71,4.4,16.3,11.9,2.87
2016-11-14,Piedade,Sudoeste,-23.717,-47.4142,19.32,23.22,17.18,87.26,14.62,7.06,17.03,6.56,3.01
2016-11-15,Piedade,Sudoeste,-23.717,-47.4142,21.28,27.88,16.67,80.41,21.08,9.84,17.38,2.52,2.21
2016-11-16,Piedade,Sudoeste,-23.717,-47.4142,22.45,28.62,16.6,77.43,24.94,11.53,17.79,7.43,1.47
2016-11-17,Piedade,Sudoeste,-23.717,-47.4142,23.16,29.6,17.38,78.04,23.21,10.65,18.56,2.16,1.63
2016-11-18,Piedade,Sudoeste,-23.717,-47.4142,18.28,24.49,12.41,75.85,15.39,7.25,13.63,0.31,4.11
2016-11-19,Piedade,Sudoeste,-23.717,-47.4142,16.58,23.51,11.24,68.76,21.81,9.74,10.16,0.19,3.61
2016-11-20,Piedade,Sudoeste,-23.717,-47.4142,17.9,27.19,9.4,67.88,31.46,13.91,10.68,0.03,1.83
2016-11-21,Piedade,Sudoeste,-23.717,-47.4142,21.41,29.49,11.65,65.42,30.03,13.32,13.51,0.0,1.3
2016-11-22,Piedade,Sudoeste,-23.717,-47.4142,21.39,27.49,16.81,71.64,19.48,9.0,15.56,0.86,2.51
2016-11-23,Piedade,Sudoeste,-23.717,-47.4142,21.88,28.6,16.69,78.59,16.92,7.97,17.6,5.14,1.92
2016-11-24,Piedade,Sudoeste,-23.717,-47.4142,22.77,30.34,16.8,72.47,24.86,11.26,16.85,0.43,2.57
2016-11-25,Piedade,Sudoeste,-23.717,-47.4142,23.79,31.9,17.5,68.78,24.13,10.98,16.91,0.07,1.92
2016-11-26,Piedade,Sudoeste,-23.717,-47.4142,23.73,30.35,18.32,72.0,24.51,11.32,17.85,0.41,1.48
2016-11-27,Piedade,Sudoeste,-23.717,-47.4142,24.58,30.58,18.91,72.16,25.79,11.88,18.61,3.16,1.17
2016-11-28,Piedade,Sudoeste,-23.717,-47.4142,23.99,27.82,21.4,81.93,17.4,8.24,20.48,9.22,1.38
2016-11-29,Piedade,Sudoeste,-23.717,-47.4142,22.36,29.08,15.92,79.54,15.69,7.42,18.31,4.71,3.12
2016-11-30,Piedade,Sudoeste,-23.717,-47.4142,18.55,24.45,14.84,73.88,14.36,6.87,13.38,0.67,4.26
2016-12-01,Piedade,Sudoeste,-23.717,-47.4142,19.75,25.98,14.64,74.45,17.48,8.22,14.62,0.28,2.89
2016-12-02,Piedade,Sudoeste,-23.717,-47.4142,22.29,29.6,15.53,73.38,21.64,10.02,16.87,0.03,2.18
2016-12-03,Piedade,Sudoeste,-23.717,-47.4142,22.26,26.57,18.42,78.37,14.69,6.98,18.08,5.09,2.2
2016-12-04,Piedade,Sudoeste,-23.717,-47.4142,23.17,30.98,15.99,73.79,24.34,11.18,17.25,5.82,3.66
2016-12-05,Piedade,Sudoeste,-23.717,-47.4142,20.99,29.33,14.55,70.47,27.69,12.59,14.54,0.96,2.66
2016-12-06,Piedade,Sudoeste,-23.717,-47.4142,22.86,32.44,14.18,61.66,31.96,14.37,13.59,0.01,1.98
2016-12-07,Piedade,Sudoeste,-23.717,-47.4142,24.84,34.16,16.36,59.68,19.99,9.22,15.24,4.84,1.53
2016-12-08,Piedade,Sudoeste,-23.717,-47.4142,23.16,27.62,18.52,81.08,24.09,11.23,19.51,5.15,1.39
2016-12-09,Piedade,Sudoeste,-23.717,-47.4142,24.37,30.65,19.73,76.55,18.58,8.71,19.29,4.34,1.6
2016-12-10,Piedade,Sudoeste,-23.717,-47.4142,23.36,27.35,19.89,83.57,16.66,7.91,20.2,6.3,2.05
2016-12-11,Piedade,Sudoeste,-23.717,-47.4142,23.81,27.69,21.01,87.51,12.91,6.34,21.45,14.32,2.47
2016-12-12,Piedade,Sudoeste,-23.717,-47.4142,22.21,26.32,18.37,87.81,13.58,6.55,19.99,18.17,2.08
2016-12-13,Piedade,Sudoeste,-23.717,-47.4142,24.23,30.21,17.64,78.36,20.87,9.76,19.83,0.87,1.13
2016-12-14,Piedade,Sudoeste,-23.717,-47.4142,22.84,28.5,17.07,79.75,18.08,8.52,18.9,1.2,3.0
2016-12-15,Piedade,Sudoeste,-23.717,-47.4142,18.05,22.89,14.56,75.82,16.27,7.56,13.42,0.83,4.61
2016-12-16,Piedade,Sudoeste,-23.717,-47.4142,19.53,26.49,14.14,73.02,20.64,9.53,14.13,0.21,3.66
2016-12-17,Piedade,Sudoeste,-23.717,-47.4142,21.95,29.18,15.48,71.25,26.91,12.26,15.87,0.45,2.44
2016-12-18,Piedade,Sudoeste,-23.717,-47.4142,22.74,28.67,16.83,73.23,26.0,11.9,17.02,2.92,1.36
2016-12-19,Piedade,Sudoeste,-23.717,-47.4142,22.37,27.54,18.06,80.98,21.96,10.22,18.56,15.97,1.95
2016-12-20,Piedade,Sudoeste,-23.717,-47.4142,22.97,27.25,18.51,79.63,23.52,10.89,18.96,9.8,1.64
2016-12-21,Piedade,Sudoeste,-23.717,-47.4142,22.24,25.7,19.55,84.7,21.58,10.03,19.42,5.18,1.35
2016-12-22,Piedade,Sudoeste,-23.717,-47.4142,22.26,25.27,19.36,86.4,16.26,7.76,19.82,4.41,1.75
2016-12-23,Piedade,Sudoeste,-23.717,-47.4142,24.22,29.78,18.84,75.76,25.0,11.56,19.23,3.19,0.84
2016-12-24,Piedade,Sudoeste,-23.717,-47.4142,24.65,30.72,19.29,72.57,29.25,13.62,18.79,3.16,1.25
2016-12-25,Piedade,Sudoeste,-23.717,-47.4142,23.95,29.93,19.05,74.24,27.14,12.48,18.62,3.94,1.35
2016-12-26,Piedade,Sudoeste,-23.717,-47.4142,25.89,32.77,18.54,70.35,31.28,14.44,19.32,0.25,1.44
2016-12-27,Piedade,Sudoeste,-23.717,-47.4142,27.25,33.67,20.98,66.17,28.73,13.27,19.6,1.64,1.48
2016-12-28,Piedade,Sudoeste,-23.717,-47.4142,26.22,32.16,20.91,67.79,23.84,11.04,19.14,5.69,0.99
2016-12-29,Piedade,Sudoeste,-23.717,-47.4142,24.78,29.16,20.42,76.69,27.35,12.64,20.01,2.95,1.21
2016-12-30,Piedade,Sudoeste,-23.717,-47.4142,24.31,28.45,20.87,81.19,24.2,11.25,20.64,3.49,1.1
2016-12-31,Piedade,Sudoeste,-23.717,-47.4142,24.71,29.53,21.2,75.94,24.91,11.56,19.78,2.47,1.52
2017-01-01,Piedade,Sudoeste,-23.717,-47.4142,24.44,30.0,19.76,76.32,22.91,10.72,19.48,1.61,1.78
2017-01-02,Piedade,Sudoeste,-23.717,-47.4142,23.95,28.44,19.74,82.07,22.31,10.39,20.43,4.76,1.29
2017-01-03,Piedade,Sudoeste,-23.717,-47.4142,24.84,29.75,21.23,79.64,24.43,11.44,20.68,9.65,0.86
2017-01-04,Piedade,Sudoeste,-23.717,-47.4142,23.98,28.79,20.5,80.62,21.67,10.2,20.15,2.68,1.15
2017-01-05,Piedade,Sudoeste,-23.717,-47.4142,23.74,28.1,20.13,81.62,21.69,10.16,20.08,3.79,1.75
2017-01-06,Piedade,Sudoeste,-23.717,-47.4142,22.47,25.04,20.09,90.54,20.3,9.52,20.81,5.62,1.35
2017-01-07,Piedade,Sudoeste,-23.717,-47.4142,23.81,28.08,20.11,83.36,21.23,9.85,20.56,2.42,0.97
2017-01-08,Piedade,Sudoeste,-23.717,-47.4142,24.72,28.32,20.53,79.4,22.32,10.41,20.66,1.87,0.92
2017-01-09,Piedade,Sudoeste,-23.717,-47.4142,25.2,30.32,20.64,78.79,22.66,10.61,20.96,17.07,1.65
2017-01-10,Piedade,Sudoeste,-23.717,-47.4142,24.08,28.06,21.3,86.61,22.24,10.42,21.54,15.64,1.37
2017-01-11,Piedade,Sudoeste,-23.717,-47.4142,23.55,26.6,21.15,87.06,20.35,9.54,21.16,6.92,0.82
2017-01-12,Piedade,Sudoeste,-23.717,-47.4142,22.53,25.93,20.22,90.56,14.57,7.07,20.85,12.94,2.37
2017-01-13,Piedade,Sudoeste,-23.717,-47.4142,22.47,27.35,18.97,85.58,20.1,9.31,19.73,2.68,1.59
2017-01-14,Piedade,Sudoeste,-23.717,-47.4142,24.07,29.78,18.98,80.01,26.03,11.96,19.98,2.89,1.05
2017-01-15,Piedade,Sudoeste,-23.717,-47.4142,24.13,30.68,18.27,76.83,24.25,11.12,19.11,4.55,1.38
2017-01-16,Piedade,Sudoeste,-23.717,-47.4142,23.3,27.21,20.26,86.57,16.04,7.62,20.77,25.25,2.62
2017-01-17,Piedade,Sudoeste,-23.717,-47.4142,21.48,23.07,19.71,93.16,10.16,5.05,20.33,34.11,3.03
2017-01-18,Piedade,Sudoeste,-23.717,-47.4142,22.05,24.86,19.92,90.84,10.51,5.31,20.43,13.07,2.28
2017-01-19,Piedade,Sudoeste,-23.717,-47.4142,21.12,23.66,18.87,90.5,10.34,5.09,19.45,31.07,0.99
2017-01-20,Piedade,Sudoeste,-23.717,-47.4142,20.21,22.84,17.45,89.25,12.9,6.31,18.31,17.27,1.14
2017-01-21,Piedade,Sudoeste,-23.717,-47.4142,20.75,24.06,17.67,89.33,11.9,5.83,18.84,27.31,0.87
2017-01-22,Piedade,Sudoeste,-23.717,-47.4142,20.83,24.2,17.71,87.36,15.12,7.22,18.53,5.64,0.68
2017-01-23,Piedade,Sudoeste,-23.717,-47.4142,20.82,23.94,17.57,90.11,15.58,7.43,19.06,5.69,1.71
2017-01-24,Piedade,Sudoeste,-23.717,-47.4142,22.99,27.93,18.06,86.06,23.73,10.99,20.34,8.34,2.1
2017-01-25,Piedade,Sudoeste,-23.717,-47.4142,23.41,27.42,20.51,88.6,19.73,9.26,21.29,3.56,2.36
2017-01-26,Piedade,Sudoeste,-23.717,-47.4142,22.53,25.65,20.4,90.68,8.02,4.03,20.86,9.08,1.54
2017-01-27,Piedade,Sudoeste,-23.717,-47.4142,21.3,24.21,18.88,90.05,8.11,4.14,19.53,11.34,1.06
2017-01-28,Piedade,Sudoeste,-23.717,-47.4142,21.25,24.51,19.18,89.16,22.25,10.39,19.29,3.08,1.65
2017-01-29,Piedade,Sudoeste,-23.717,-47.4142,23.83,28.94,19.77,81.75,24.85,11.4,20.17,0.33,1.72
2017-01-30,Piedade,Sudoeste,-23.717,-47.4142,23.04,27.39,20.4,87.03,20.37,9.52,20.64,3.39,1.76
2017-01-31,Piedade,Sudoeste,-23.717,-47.4142,21.69,24.46,19.45,89.35,16.75,7.93,19.79,16.84,1.88
2017-02-01,Piedade,Sudoeste,-23.717,-47.4142,21.77,25.66,18.16,86.64,18.5,8.72,19.3,10.57,1.12
2017-02-02,Piedade,Sudoeste,-23.717,-47.4142,22.28,26.64,18.2,87.96,17.93,8.4,20.06,10.08,1.77
2017-02-03,Piedade,Sudoeste,-23.717,-47.4142,22.24,25.52,19.98,90.15,19.33,9.08,20.47,9.0,2.12
2017-02-04,Piedade,Sudoeste,-23.717,-47.4142,23.29,27.55,19.74,87.21,15.09,7.26,20.92,8.09,1.87
2017-02-05,Piedade,Sudoeste,-23.717,-47.4142,24.82,29.81,20.47,84.45,26.01,12.06,21.76,3.45,1.49
2017-02-06,Piedade,Sudoeste,-23.717,-47.4142,24.0,28.73,19.71,83.96,22.63,10.43,20.89,5.66,1.16
2017-02-07,Piedade,Sudoeste,-23.717,-47.4142,23.26,28.72,20.11,88.11,23.66,10.9,21.05,6.82,2.1
2017-02-08,Piedade,Sudoeste,-23.717,-47.4142,23.08,28.91,18.94,83.47,25.3,11.67,19.87,0.74,2.73
2017-02-09,Piedade,Sudoeste,-23.717,-47.4142,22.11,28.12,17.27,80.46,26.34,11.97,18.2,0.08,2.17
2017-02-10,Piedade,Sudoeste,-23.717,-47.4142,22.51,28.61,16.87,82.5,21.55,9.86,19.08,0.36,1.77
2017-02-11,Piedade,Sudoeste,-23.717,-47.4142,24.21,29.05,19.86,79.73,23.79,10.95,20.16,0.51,1.54
2017-02-12,Piedade,Sudoeste,-23.717,-47.4142,23.54,27.23,20.39,83.56,26.16,12.07,20.44,1.33,2.21
2017-02-13,Piedade,Sudoeste,-23.717,-47.4142,24.15,28.48,20.62,79.52,22.78,10.54,20.11,0.61,1.85
2017-02-14,Piedade,Sudoeste,-23.717,-47.4142,24.36,29.19,19.32,75.49,26.22,12.04,19.46,0.11,1.99
2017-02-15,Piedade,Sudoeste,-23.717,-47.4142,24.22,30.13,18.63,78.63,25.87,11.87,19.9,0.26,1.16
2017-02-16,Piedade,Sudoeste,-23.717,-47.4142,24.32,30.38,18.71,80.55,25.66,11.74,20.33,0.22,1.11
2017-02-17,Piedade,Sudoeste,-23.717,-47.4142,24.51,30.59,17.9,77.38,27.26,12.46,19.81,1.04,0.89
2017-02-18,Piedade,Sudoeste,-23.717,-47.4142,24.84,30.9,19.11,78.59,27.59,12.55,20.44,0.58,0.89
2017-02-19,Piedade,Sudoeste,-23.717,-47.4142,24.61,31.38,18.29,77.24,28.47,12.8,19.8,0.13,1.18
2017-02-20,Piedade,Sudoeste,-23.717,-47.4142,24.66,31.18,19.71,78.67,26.02,11.68,20.3,0.02,2.08
2017-02-21,Piedade,Sudoeste,-23.717,-47.4142,23.63,29.87,17.93,79.25,26.02,11.8,19.41,0.04,1.89
2017-02-22,Piedade,Sudoeste,-23.717,-47.4142,24.0,28.64,19.7,77.13,24.58,11.29,19.48,0.79,1.67
2017-02-23,Piedade,Sudoeste,-23.717,-47.4142,24.52,28.63,19.16,73.18,26.58,12.2,19.1,1.9,1.48
2017-02-24,Piedade,Sudoeste,-23.717,-47.4142,22.69,26.28,20.03,84.96,14.81,7.01,19.91,12.49,0.85
2017-02-25,Piedade,Sudoeste,-23.717,-47.4142,21.72,25.98,18.75,85.56,11.58,5.6,18.98,4.5,1.66
2017-02-26,Piedade,Sudoeste,-23.717,-47.4142,21.97,26.79,17.76,85.91,18.26,8.5,19.31,8.42,1.08
2017-02-27,Piedade,Sudoeste,-23.717,-47.4142,23.08,28.0,18.72,83.94,22.19,10.2,19.97,1.05,1.35
2017-02-28,Piedade,Sudoeste,-23.717,-47.4142,23.69,28.51,19.01,82.1,22.82,10.55,20.21,0.61,1.82
2017-03-01,Piedade,Sudoeste,-23.717,-47.4142,23.94,27.89,19.95,82.71,20.85,9.69,20.66,2.77,1.91
2017-03-02,Piedade,Sudoeste,-23.717,-47.4142,22.9,25.92,21.06,91.24,15.49,7.36,21.36,11.53,1.4
2017-03-03,Piedade,Sudoeste,-23.717,-47.4142,22.42,25.68,20.17,92.05,13.26,6.38,21.02,17.5,1.36
2017-03-04,Piedade,Sudoeste,-23.717,-47.4142,23.17,26.66,20.39,88.63,17.02,8.01,21.07,4.66,2.25
2017-03-05,Piedade,Sudoeste,-23.717,-47.4142,22.78,25.69,20.63,92.06,14.23,6.79,21.39,12.09,1.67
2017-03-06,Piedade,Sudoeste,-23.717,-47.4142,22.73,25.8,20.3,91.76,13.81,6.63,21.27,26.09,1.01
2017-03-07,Piedade,Sudoeste,-23.717,-47.4142,23.9,29.11,19.89,85.73,21.5,10.0,21.12,5.64,1.44
2017-03-08,Piedade,Sudoeste,-23.717,-47.4142,23.43,29.05,20.11,87.09,18.38,8.58,21.01,11.04,2.18
2017-03-09,Piedade,Sudoeste,-23.717,-47.4142,23.9,28.91,19.03,83.38,22.3,10.29,20.71,0.27,1.44
2017-03-10,Piedade,Sudoeste,-23.717,-47.4142,24.41,28.48,20.23,85.3,21.12,9.81,21.66,2.6,1.73
2017-03-11,Piedade,Sudoeste,-23.717,-47.4142,23.43,26.8,20.96,90.33,19.59,9.13,21.69,2.08,1.6
2017-03-12,Piedade,Sudoeste,-23.717,-47.4142,23.75,27.95,19.85,86.92,24.21,11.25,21.29,0.3,1.72
2017-03-13,Piedade,Sudoeste,-23.717,-47.4142,22.56,27.34,19.49,85.47,14.43,6.81,19.84,1.34,2.41
2017-03-14,Piedade,Sudoeste,-23.717,-47.4142,21.46,26.21,18.95,88.68,17.0,7.89,19.41,7.8,2.31
2017-03-15,Piedade,Sudoeste,-23.717,-47.4142,22.94,28.15,18.54,84.62,22.04,10.16,19.97,3.99,1.73
2017-03-16,Piedade,Sudoeste,-23.717,-47.4142,23.65,28.68,18.82,78.14,23.26,10.69,19.37,0.46,1.94
2017-03-17,Piedade,Sudoeste,-23.717,-47.4142,22.47,26.7,19.6,85.73,16.89,7.84,19.86,9.5,1.58
2017-03-18,Piedade,Sudoeste,-23.717,-47.4142,19.67,22.57,17.3,91.18,8.86,4.45,18.16,15.39,3.23
2017-03-19,Piedade,Sudoeste,-23.717,-47.4142,19.66,25.0,16.83,87.94,9.48,4.6,17.47,6.4,2.3
2017-03-20,Piedade,Sudoeste,-23.717,-47.4142,19.55,25.53,15.74,85.78,19.94,9.09,16.88,0.89,2.74
2017-03-21,Piedade,Sudoeste,-23.717,-47.4142,19.4,25.33,15.13,83.09,20.64,9.35,16.11,0.36,2.55
2017-03-22,Piedade,Sudoeste,-23.717,-47.4142,20.26,26.71,14.95,82.8,23.66,10.65,16.89,0.24,2.1
2017-03-23,Piedade,Sudoeste,-23.717,-47.4142,20.69,26.95,15.56,81.22,22.05,10.06,17.0,0.05,1.79
2017-03-24,Piedade,Sudoeste,-23.717,-47.4142,21.35,27.19,16.34,82.33,22.34,10.19,17.86,0.81,1.48
2017-03-25,Piedade,Sudoeste,-23.717,-47.4142,21.54,27.61,16.88,83.67,21.14,9.61,18.35,0.79,1.75
2017-03-26,Piedade,Sudoeste,-23.717,-47.4142,20.35,26.31,16.5,84.35,22.97,10.51,17.34,0.27,2.06
2017-03-27,Piedade,Sudoeste,-23.717,-47.4142,20.43,26.16,16.59,85.59,10.31,5.01,17.69,1.11,2.04
2017-03-28,Piedade,Sudoeste,-23.717,-47.4142,20.22,25.82,16.56,84.26,19.89,9.14,17.21,1.84,2.79
2017-03-29,Piedade,Sudoeste,-23.717,-47.4142,18.8,23.92,15.34,82.31,21.31,9.68,15.36,1.32,2.77
2017-03-30,Piedade,Sudoeste,-23.717,-47.4142,18.83,24.98,14.28,84.0,21.42,9.69,15.74,0.36,2.11
2017-03-31,Piedade,Sudoeste,-23.717,-47.4142,17.83,23.6,14.14,83.14,21.1,9.5,14.61,0.37,2.51
2017-04-01,Piedade,Sudoeste,-23.717,-47.4142,17.94,23.78,13.72,85.6,19.56,8.9,15.25,1.26,2.54
2017-04-02,Piedade,Sudoeste,-23.717,-47.4142,18.9,24.87,14.61,84.37,20.46,9.35,15.92,0.55,1.94
2017-04-03,Piedade,Sudoeste,-23.717,-47.4142,19.84,26.19,14.6,81.14,21.53,9.83,16.18,0.1,1.28
2017-04-04,Piedade,Sudoeste,-23.717,-47.4142,21.18,27.48,15.82,78.64,21.19,9.61,16.84,0.04,1.34
2017-04-05,Piedade,Sudoeste,-23.717,-47.4142,22.28,28.88,16.65,75.4,18.43,8.52,17.26,6.17,1.71
2017-04-06,Piedade,Sudoeste,-23.717,-47.4142,22.41,26.55,19.2,89.3,7.55,3.75,20.45,17.56,1.92
2017-04-07,Piedade,Sudoeste,-23.717,-47.4142,21.77,25.51,18.75,92.1,7.72,3.77,20.38,27.31,1.71
2017-04-08,Piedade,Sudoeste,-23.717,-47.4142,22.07,27.32,18.98,87.82,15.49,7.22,19.81,1.17,2.39
2017-04-09,Piedade,Sudoeste,-23.717,-47.4142,21.88,27.17,18.55,88.2,16.72,7.77,19.68,0.75,2.02
2017-04-10,Piedade,Sudoeste,-23.717,-47.4142,22.66,27.93,18.57,86.8,18.65,8.56,20.16,0.42,1.39
2017-04-11,Piedade,Sudoeste,-23.717,-47.4142,23.4,28.5,19.45,85.39,19.38,8.9,20.58,0.93,0.98
2017-04-12,Piedade,Sudoeste,-23.717,-47.4142,19.34,22.39,16.52,88.58,9.89,4.74,17.35,4.99,3.13
2017-04-13,Piedade,Sudoeste,-23.717,-47.4142,18.95,24.3,15.83,84.65,14.28,6.59,16.13,0.83,2.75
2017-04-14,Piedade,Sudoeste,-23.717,-47.4142,20.05,26.31,15.48,85.65,17.71,8.08,17.36,0.24,1.56
2017-04-15,Piedade,Sudoeste,-23.717,-47.4142,20.62,27.09,15.74,84.86,20.46,9.25,17.72,0.08,1.33
2017-04-16,Piedade,Sudoeste,-23.717,-47.4142,20.86,24.94,16.42,83.4,17.58,8.05,17.77,0.51,0.86
2017-04-17,Piedade,Sudoeste,-23.717,-47.4142,19.66,24.26,16.54,86.29,10.29,4.93,17.21,1.62,2.52
2017-04-18,Piedade,Sudoeste,-23.717,-47.4142,17.87,22.24,14.85,82.33,16.78,7.69,14.66,0.16,3.0
2017-04-19,Piedade,Sudoeste,-23.717,-47.4142,18.02,22.86,14.56,82.36,16.04,7.32,14.81,0.01,2.37
2017-04-20,Piedade,Sudoeste,-23.717,-47.4142,20.66,26.6,15.66,80.99,18.52,8.5,17.03,4.16,1.63
2017-04-21,Piedade,Sudoeste,-23.717,-47.4142,18.61,23.04,14.76,91.41,6.38,3.18,17.15,24.83,2.19
2017-04-22,Piedade,Sudoeste,-23.717,-47.4142,16.99,22.77,12.95,89.18,12.79,5.83,15.06,2.32,2.05
2017-04-23,Piedade,Sudoeste,-23.717,-47.4142,17.66,23.52,13.89,87.33,12.17,5.62,15.34,1.02,2.34
2017-04-24,Piedade,Sudoeste,-23.717,-47.4142,18.93,24.89,13.81,86.06,19.38,8.8,16.33,0.19,1.51
2017-04-25,Piedade,Sudoeste,-23.717,-47.4142,20.66,26.51,15.6,86.04,17.02,7.78,18.05,1.97,1.94
2017-04-26,Piedade,Sudoeste,-23.717,-47.4142,21.03,25.5,18.16,91.89,3.89,2.03,19.61,6.9,2.56
2017-04-27,Piedade,Sudoeste,-23.717,-47.4142,17.63,21.6,11.8,86.32,12.47,5.73,15.2,17.89,1.96
2017-04-28,Piedade,Sudoeste,-23.717,-47.4142,15.05,21.12,10.72,82.96,11.82,5.25,11.96,0.11,2.66
2017-04-29,Piedade,Sudoeste,-23.717,-47.4142,16.34,22.08,12.55,85.39,11.98,5.44,13.74,0.28,2.75
2017-04-30,Piedade,Sudoeste,-23.717,-47.4142,17.57,23.22,13.6,85.78,16.71,7.54,14.95,0.22,2.41
2017-05-01,Piedade,Sudoeste,-23.717,-47.4142,18.11,23.69,13.91,86.06,16.85,7.63,15.52,0.15,1.76
2017-05-02,Piedade,Sudoeste,-23.717,-47.4142,18.55,24.13,14.48,85.39,15.17,6.92,15.8,0.07,1.32
2017-05-03,Piedade,Sudoeste,-23.717,-47.4142,18.49,25.01,13.66,84.86,17.61,8.0,15.68,0.06,1.31
2017-05-04,Piedade,Sudoeste,-23.717,-47.4142,19.33,25.06,14.13,83.42,15.25,6.95,16.15,1.93,1.27
2017-05-05,Piedade,Sudoeste,-23.717,-47.4142,19.28,23.34,16.58,89.91,8.03,3.83,17.52,30.83,1.1
2017-05-06,Piedade,Sudoeste,-23.717,-47.4142,18.56,23.08,15.31,90.0,12.21,5.62,16.78,8.69,1.51
2017-05-07,Piedade,Sudoeste,-23.717,-47.4142,17.67,23.22,13.56,88.62,12.68,5.78,15.6,0.62,1.53
2017-05-08,Piedade,Sudoeste,-23.717,-47.4142,17.69,23.56,13.02,83.37,17.21,7.7,14.65,0.14,1.17
2017-05-09,Piedade,Sudoeste,-23.717,-47.4142,17.96,23.99,12.04,81.63,17.13,7.74,14.5,0.09,1.26
2017-05-10,Piedade,Sudoeste,-23.717,-47.4142,18.32,23.61,14.77,88.21,9.81,4.51,16.21,0.81,1.87
2017-05-11,Piedade,Sudoeste,-23.717,-47.4142,16.61,20.07,14.08,89.46,11.2,5.08,14.79,0.85,2.39
2017-05-12,Piedade,Sudoeste,-23.717,-47.4142,17.15,23.26,12.76,84.92,17.46,7.86,14.34,0.03,1.5
2017-05-13,Piedade,Sudoeste,-23.717,-47.4142,18.61,25.36,12.89,83.77,17.48,7.88,15.63,0.04,1.77
2017-05-14,Piedade,Sudoeste,-23.717,-47.4142,19.49,25.29,15.52,87.99,12.04,5.51,17.47,1.09,2.75
2017-05-15,Piedade,Sudoeste,-23.717,-47.4142,17.31,23.32,13.53,84.6,16.46,7.42,14.51,0.12,1.58
2017-05-16,Piedade,Sudoeste,-23.717,-47.4142,16.59,22.08,13.44,85.0,12.94,5.94,13.78,0.01,2.09
2017-05-17,Piedade,Sudoeste,-23.717,-47.4142,17.01,22.27,12.93,86.71,11.26,5.14,14.62,0.16,1.8
2017-05-18,Piedade,Sudoeste,-23.717,-47.4142,16.98,20.34,13.9,91.5,3.85,1.95,15.54,13.22,2.04
2017-05-19,Piedade,Sudoeste,-23.717,-47.4142,17.76,21.42,15.51,96.16,1.59,0.84,17.15,46.25,2.16
2017-05-20,Piedade,Sudoeste,-23.717,-47.4142,18.02,22.45,14.81,90.82,10.04,4.68,16.42,0.64,1.31
2017-05-21,Piedade,Sudoeste,-23.717,-47.4142,19.64,22.87,16.81,95.28,2.82,1.45,18.85,35.14,2.09
2017-05-22,Piedade,Sudoeste,-23.717,-47.4142,17.7,22.62,12.23,88.55,11.84,5.47,15.67,6.64,2.24
2017-05-23,Piedade,Sudoeste,-23.717,-47.4142,15.02,21.05,11.24,87.33,14.4,6.42,12.81,0.28,1.67
2017-05-24,Piedade,Sudoeste,-23.717,-47.4142,18.34,24.36,13.0,84.45,12.08,5.56,15.49,0.2,1.05
2017-05-25,Piedade,Sudoeste,-23.717,-47.4142,19.9,25.12,14.6,85.67,15.68,7.21,17.29,0.13,1.29
2017-05-26,Piedade,Sudoeste,-23.717,-47.4142,20.8,25.76,16.49,83.26,15.57,7.16,17.71,0.04,1.29
2017-05-27,Piedade,Sudoeste,-23.717,-47.4142,20.06,25.18,15.72,89.07,9.48,4.43,18.1,0.26,1.25
2017-05-28,Piedade,Sudoeste,-23.717,-47.4142,19.36,24.48,15.96,87.87,8.93,4.14,17.15,0.04,0.85
2017-05-29,Piedade,Sudoeste,-23.717,-47.4142,19.24,24.1,14.82,83.36,13.97,6.35,16.22,0.01,1.03
2017-05-30,Piedade,Sudoeste,-23.717,-47.4142,18.54,23.5,15.04,89.49,8.66,4.01,16.77,0.82,1.4
2017-05-31,Piedade,Sudoeste,-23.717,-47.4142,18.11,22.91,14.19,88.38,14.31,6.45,16.05,1.38,1.23
2017-06-01,Piedade,Sudoeste,-23.717,-47.4142,16.71,20.93,10.87,90.53,7.13,3.28,15.09,1.84,2.91
2017-06-02,Piedade,Sudoeste,-23.717,-47.4142,13.64,19.71,9.67,84.24,16.33,7.23,10.74,0.11,1.06
2017-06-03,Piedade,Sudoeste,-23.717,-47.4142,15.07,21.22,10.54,81.65,16.54,7.27,11.74,0.06,1.29
2017-06-04,Piedade,Sudoeste,-23.717,-47.4142,17.49,24.64,10.63,86.46,15.38,7.03,15.24,1.46,1.52
2017-06-05,Piedade,Sudoeste,-23.717,-47.4142,19.33,24.76,15.22,93.23,2.63,1.34,18.14,33.2,2.08
2017-06-06,Piedade,Sudoeste,-23.717,-47.4142,19.81,25.07,15.77,91.16,4.68,2.3,18.23,35.88,2.41
2017-06-07,Piedade,Sudoeste,-23.717,-47.4142,20.2,25.27,16.46,85.91,14.08,6.46,17.61,5.0,1.6
2017-06-08,Piedade,Sudoeste,-23.717,-47.4142,19.38,25.3,14.33,85.35,13.03,5.87,16.7,0.03,2.49
2017-06-09,Piedade,Sudoeste,-23.717,-47.4142,16.68,20.07,10.11,88.58,6.14,2.94,14.79,1.23,1.84
2017-06-10,Piedade,Sudoeste,-23.717,-47.4142,11.44,17.42,5.92,73.17,16.83,7.22,6.29,0.0,0.98
2017-06-11,Piedade,Sudoeste,-23.717,-47.4142,12.77,19.25,5.94,69.77,15.88,6.89,7.15,0.07,0.89
2017-06-12,Piedade,Sudoeste,-23.717,-47.4142,14.29,20.6,8.07,73.62,8.16,3.76,9.41,1.4,1.1
2017-06-13,Piedade,Sudoeste,-23.717,-47.4142,14.96,18.58,11.74,92.17,3.14,1.55,13.67,14.18,0.92
2017-06-14,Piedade,Sudoeste,-23.717,-47.4142,16.25,21.67,12.73,90.34,9.98,4.54,14.54,1.29,1.53
2017-06-15,Piedade,Sudoeste,-23.717,-47.4142,16.25,21.85,12.57,88.7,13.02,5.79,14.32,0.12,2.02
2017-06-16,Piedade,Sudoeste,-23.717,-47.4142,16.09,21.58,11.5,83.18,15.3,6.77,13.11,0.04,1.46
2017-06-17,Piedade,Sudoeste,-23.717,-47.4142,16.42,22.93,10.59,81.72,15.19,6.74,13.08,0.04,1.39
2017-06-18,Piedade,Sudoeste,-23.717,-47.4142,16.59,22.86,10.82,82.73,10.21,4.6,13.53,0.03,1.54
2017-06-19,Piedade,Sudoeste,-23.717,-47.4142,17.29,23.65,13.06,83.76,14.23,6.35,14.19,0.93,1.34
2017-06-20,Piedade,Sudoeste,-23.717,-47.4142,14.46,18.28,12.55,91.05,5.73,2.75,12.96,2.83,2.81
2017-06-21,Piedade,Sudoeste,-23.717,-47.4142,15.88,21.47,12.55,88.86,11.02,5.01,13.9,0.97,2.44
2017-06-22,Piedade,Sudoeste,-23.717,-47.4142,16.95,22.74,13.09,87.86,14.76,6.66,14.75,0.21,1.94
2017-06-23,Piedade,Sudoeste,-23.717,-47.4142,16.66,22.58,12.58,86.45,15.6,6.93,14.24,0.02,1.61
2017-06-24,Piedade,Sudoeste,-23.717,-47.4142,16.96,22.84,12.89,86.61,15.17,6.81,14.61,0.03,1.53
2017-06-25,Piedade,Sudoeste,-23.717,-47.4142,16.07,21.84,12.46,86.71,15.84,7.03,13.68,0.02,1.66
2017-06-26,Piedade,Sudoeste,-23.717,-47.4142,14.97,21.71,9.42,82.99,15.94,6.98,11.74,0.02,1.21
2017-06-27,Piedade,Sudoeste,-23.717,-47.4142,15.39,21.23,11.5,80.92,15.59,6.82,11.82,0.02,1.5
2017-06-28,Piedade,Sudoeste,-23.717,-47.4142,15.99,22.75,9.99,83.9,15.31,6.84,13.07,0.01,1.23
2017-06-29,Piedade,Sudoeste,-23.717,-47.4142,17.34,23.26,11.61,77.7,14.16,6.33,13.29,0.01,1.07
2017-06-30,Piedade,Sudoeste,-23.717,-47.4142,16.91,22.39,11.63,76.21,10.52,4.75,12.53,0.01,1.18
2017-07-01,Piedade,Sudoeste,-23.717,-47.4142,15.46,21.01,11.26,88.24,9.47,4.19,13.57,0.98,1.93
2017-07-02,Piedade,Sudoeste,-23.717,-47.4142,12.93,16.72,11.04,87.06,9.8,4.43,10.72,0.65,3.05
2017-07-03,Piedade,Sudoeste,-23.717,-47.4142,12.14,17.04,8.8,80.02,11.74,5.18,8.5,0.13,2.59
2017-07-04,Piedade,Sudoeste,-23.717,-47.4142,11.61,17.5,7.67,84.17,15.25,6.68,8.78,0.03,2.01
2017-07-05,Piedade,Sudoeste,-23.717,-47.4142,12.62,18.99,8.0,81.43,16.06,7.05,9.24,0.01,1.71
2017-07-06,Piedade,Sudoeste,-23.717,-47.4142,14.11,20.44,9.01,83.49,14.24,6.32,11.05,0.01,1.41
2017-07-07,Piedade,Sudoeste,-23.717,-47.4142,15.2,21.5,10.22,84.47,10.18,4.49,12.33,0.0,1.63
2017-07-08,Piedade,Sudoeste,-23.717,-47.4142,15.51,21.53,10.66,82.66,13.57,6.04,12.26,0.0,1.31
2017-07-09,Piedade,Sudoeste,-23.717,-47.4142,15.7,21.48,11.56,78.33,14.31,6.37,11.64,0.01,1.72
2017-07-10,Piedade,Sudoeste,-23.717,-47.4142,15.75,22.16,10.09,77.83,13.99,6.32,11.66,0.01,1.44
2017-07-11,Piedade,Sudoeste,-23.717,-47.4142,16.46,23.62,11.02,78.34,15.97,7.12,12.18,0.0,0.98
2017-07-12,Piedade,Sudoeste,-23.717,-47.4142,15.52,23.22,9.97,80.55,16.17,7.13,11.75,0.01,1.56
2017-07-13,Piedade,Sudoeste,-23.717,-47.4142,16.14,23.63,11.06,84.4,15.66,6.89,13.21,0.01,1.15
2017-07-14,Piedade,Sudoeste,-23.717,-47.4142,16.31,23.14,10.52,81.74,16.21,7.2,12.86,0.01,1.33
2017-07-15,Piedade,Sudoeste,-23.717,-47.4142,15.55,22.47,9.49,78.95,16.35,7.2,11.63,0.0,2.2
2017-07-16,Piedade,Sudoeste,-23.717,-47.4142,15.85,23.15,9.3,74.67,15.79,7.03,11.09,0.01,2.45
2017-07-17,Piedade,Sudoeste,-23.717,-47.4142,16.7,24.05,10.03,76.29,16.58,7.35,11.99,0.12,1.35
2017-07-18,Piedade,Sudoeste,-23.717,-47.4142,9.48,12.89,6.34,88.79,5.33,2.49,7.74,0.98,2.93
2017-07-19,Piedade,Sudoeste,-23.717,-47.4142,10.27,15.51,6.12,86.15,9.4,4.23,7.96,0.07,2.55
2017-07-20,Piedade,Sudoeste,-23.717,-47.4142,14.91,21.96,9.9,84.43,15.67,6.99,11.96,0.05,1.54
2017-07-21,Piedade,Sudoeste,-23.717,-47.4142,15.59,22.82,10.21,79.68,16.21,7.08,11.82,0.0,1.56
2017-07-22,Piedade,Sudoeste,-23.717,-47.4142,14.37,21.56,9.23,81.33,16.05,6.89,10.89,0.01,1.2
2017-07-23,Piedade,Sudoeste,-23.717,-47.4142,16.01,23.56,10.41,77.12,16.83,7.38,11.48,0.0,1.68
2017-07-24,Piedade,Sudoeste,-23.717,-47.4142,16.0,22.53,9.23,67.13,17.64,7.68,9.49,0.0,1.82
2017-07-25,Piedade,Sudoeste,-23.717,-47.4142,16.52,23.63,9.65,70.14,17.73,7.77,10.78,0.01,1.4
2017-07-26,Piedade,Sudoeste,-23.717,-47.4142,16.5,24.06,10.41,76.16,17.52,7.77,11.76,0.0,1.13
2017-07-27,Piedade,Sudoeste,-23.717,-47.4142,16.11,23.55,10.34,81.74,17.71,7.81,12.43,0.0,1.53
2017-07-28,Piedade,Sudoeste,-23.717,-47.4142,15.64,22.71,10.66,79.89,17.94,7.88,11.64,0.01,1.67
2017-07-29,Piedade,Sudoeste,-23.717,-47.4142,15.54,23.45,8.51,76.62,17.84,7.86,10.73,0.01,1.44
2017-07-30,Piedade,Sudoeste,-23.717,-47.4142,16.55,22.43,11.72,81.84,16.72,7.51,13.12,0.01,1.12
2017-07-31,Piedade,Sudoeste,-23.717,-47.4142,16.02,22.02,10.31,71.09,11.28,4.98,10.2,0.0,1.18
2017-08-01,Piedade,Sudoeste,-23.717,-47.4142,15.79,21.98,9.4,66.6,11.15,5.0,9.16,0.0,1.47
2017-08-02,Piedade,Sudoeste,-23.717,-47.4142,16.38,24.02,9.38,66.42,14.34,6.39,9.64,0.0,1.85
2017-08-03,Piedade,Sudoeste,-23.717,-47.4142,15.79,21.34,12.74,76.88,9.43,4.3,11.6,1.63,2.77
2017-08-04,Piedade,Sudoeste,-23.717,-47.4142,14.06,18.68,10.8,86.18,10.75,4.9,11.57,2.1,2.66
2017-08-05,Piedade,Sudoeste,-23.717,-47.4142,13.25,18.66,9.63,84.54,12.75,5.67,10.39,0.95,2.89
2017-08-06,Piedade,Sudoeste,-23.717,-47.4142,14.05,21.07,9.3,81.82,17.96,7.89,10.56,0.08,2.57
2017-08-07,Piedade,Sudoeste,-23.717,-47.4142,15.97,23.85,9.19,76.04,18.74,8.25,11.26,0.01,1.62
2017-08-08,Piedade,Sudoeste,-23.717,-47.4142,18.47,25.43,12.69,72.55,14.76,6.59,13.11,0.0,1.5
2017-08-09,Piedade,Sudoeste,-23.717,-47.4142,20.37,28.55,13.52,73.38,17.35,7.62,14.86,0.01,1.91
2017-08-10,Piedade,Sudoeste,-23.717,-47.4142,17.75,24.72,12.6,81.42,13.93,6.22,14.16,0.07,2.71
2017-08-11,Piedade,Sudoeste,-23.717,-47.4142,15.96,22.4,11.31,80.8,18.56,8.25,12.27,0.05,2.64
2017-08-12,Piedade,Sudoeste,-23.717,-47.4142,18.2,27.2,11.54,77.13,16.4,7.26,13.48,0.01,1.61
2017-08-13,Piedade,Sudoeste,-23.717,-47.4142,20.03,28.93,12.29,70.95,16.81,7.46,13.89,0.03,1.98
2017-08-14,Piedade,Sudoeste,-23.717,-47.4142,18.94,25.76,13.23,75.46,12.08,5.47,13.98,0.07,1.71
2017-08-15,Piedade,Sudoeste,-23.717,-47.4142,16.75,23.04,12.7,83.71,4.98,2.5,13.75,3.07,2.47
2017-08-16,Piedade,Sudoeste,-23.717,-47.4142,16.11,19.66,13.48,90.93,4.64,2.32,14.6,7.82,1.75
2017-08-17,Piedade,Sudoeste,-23.717,-47.4142,15.64,17.85,13.88,91.5,3.59,1.88,14.24,5.62,2.04
2017-08-18,Piedade,Sudoeste,-23.717,-47.4142,16.55,20.21,14.09,91.19,4.69,2.37,15.05,4.12,1.21
2017-08-19,Piedade,Sudoeste,-23.717,-47.4142,18.38,23.94,14.41,85.28,3.19,1.65,15.66,6.1,1.52
2017-08-20,Piedade,Sudoeste,-23.717,-47.4142,17.15,22.52,13.11,85.61,2.73,1.4,14.59,25.49,2.77
2017-08-21,Piedade,Sudoeste,-23.717,-47.4142,12.71,17.13,10.21,83.91,11.14,5.14,9.92,3.87,4.29
2017-08-22,Piedade,Sudoeste,-23.717,-47.4142,14.31,20.45,9.98,84.21,16.08,7.28,11.48,0.47,3.02
2017-08-23,Piedade,Sudoeste,-23.717,-47.4142,17.36,25.55,11.05,81.25,18.43,8.32,13.68,0.12,1.65
2017-08-24,Piedade,Sudoeste,-23.717,-47.4142,16.93,24.14,12.58,81.01,20.79,9.22,13.19,0.19,2.23
2017-08-25,Piedade,Sudoeste,-23.717,-47.4142,17.44,25.58,11.41,78.24,20.72,9.26,12.97,0.04,1.63
2017-08-26,Piedade,Sudoeste,-23.717,-47.4142,17.79,26.26,11.28,73.82,21.32,9.51,12.17,0.02,1.28
2017-08-27,Piedade,Sudoeste,-23.717,-47.4142,18.27,27.22,11.1,71.87,21.66,9.56,12.12,0.01,1.2
2017-08-28,Piedade,Sudoeste,-23.717,-47.4142,17.67,26.87,10.8,75.32,21.78,9.59,12.27,0.01,1.68
2017-08-29,Piedade,Sudoeste,-23.717,-47.4142,18.18,27.58,10.81,73.2,21.47,9.54,12.24,0.0,1.28
2017-08-30,Piedade,Sudoeste,-23.717,-47.4142,21.43,29.66,13.06,58.21,21.68,9.66,11.98,0.01,1.42
2017-08-31,Piedade,Sudoeste,-23.717,-47.4142,17.63,23.24,14.29,80.05,13.51,6.16,13.86,0.59,3.93
2017-09-01,Piedade,Sudoeste,-23.717,-47.4142,18.05,25.02,13.98,79.62,16.63,7.56,14.12,0.49,3.32
2017-09-02,Piedade,Sudoeste,-23.717,-47.4142,18.14,26.35,12.63,75.89,20.21,9.14,13.27,0.03,2.15
2017-09-03,Piedade,Sudoeste,-23.717,-47.4142,17.97,27.09,10.36,67.66,22.48,9.87,10.83,0.01,1.23
2017-09-04,Piedade,Sudoeste,-23.717,-47.4142,19.16,27.39,10.83,54.21,23.16,10.13,8.9,0.0,1.89
2017-09-05,Piedade,Sudoeste,-23.717,-47.4142,18.9,27.92,10.72,53.28,23.34,10.19,8.33,0.0,2.03
2017-09-06,Piedade,Sudoeste,-23.717,-47.4142,19.19,28.41,12.21,70.47,21.99,9.71,12.3,0.0,1.66
2017-09-07,Piedade,Sudoeste,-23.717,-47.4142,19.5,28.77,12.03,66.35,23.1,10.21,11.47,0.0,1.61
2017-09-08,Piedade,Sudoeste,-23.717,-47.4142,19.87,29.34,11.95,59.83,23.08,10.19,10.5,0.0,1.49
2017-09-09,Piedade,Sudoeste,-23.717,-47.4142,20.97,29.67,13.98,56.95,22.27,9.76,11.23,0.01,1.55
2017-09-10,Piedade,Sudoeste,-23.717,-47.4142,21.5,30.53,13.71,54.61,23.61,10.34,10.89,0.0,1.94
2017-09-11,Piedade,Sudoeste,-23.717,-47.4142,22.44,31.2,14.71,53.27,23.36,10.4,11.73,0.0,1.82
2017-09-12,Piedade,Sudoeste,-23.717,-47.4142,22.48,31.94,15.23,56.41,23.48,10.42,12.2,0.0,1.65
2017-09-13,Piedade,Sudoeste,-23.717,-47.4142,22.01,31.41,13.78,55.79,23.75,10.56,11.05,0.0,1.73
2017-09-14,Piedade,Sudoeste,-23.717,-47.4142,23.12,32.43,13.67,45.58,24.56,10.74,9.85,0.0,2.53
2017-09-15,Piedade,Sudoeste,-23.717,-47.4142,22.84,32.45,14.64,51.95,24.1,10.51,10.79,0.0,1.96
2017-09-16,Piedade,Sudoeste,-23.717,-47.4142,22.95,32.43,15.88,60.73,23.99,10.66,12.83,0.0,1.86
2017-09-17,Piedade,Sudoeste,-23.717,-47.4142,22.31,32.46,14.39,56.66,23.35,10.21,11.34,0.0,1.93
2017-09-18,Piedade,Sudoeste,-23.717,-47.4142,22.15,30.95,15.93,68.46,20.76,9.17,14.51,0.01,1.9
2017-09-19,Piedade,Sudoeste,-23.717,-47.4142,22.13,31.83,14.95,61.69,22.42,9.9,12.55,0.01,2.03
2017-09-20,Piedade,Sudoeste,-23.717,-47.4142,21.49,31.23,13.48,62.38,23.93,10.63,12.51,0.0,1.86
2017-09-21,Piedade,Sudoeste,-23.717,-47.4142,21.76,30.87,14.38,61.54,24.06,10.7,12.19,0.0,1.29
2017-09-22,Piedade,Sudoeste,-23.717,-47.4142,23.29,31.38,14.81,48.41,23.57,10.32,10.42,0.01,1.68
2017-09-23,Piedade,Sudoeste,-23.717,-47.4142,22.62,31.46,15.52,53.54,22.21,9.85,11.37,0.0,2.32
2017-09-24,Piedade,Sudoeste,-23.717,-47.4142,21.06,28.6,16.45,70.31,19.82,8.88,14.66,0.08,3.55
2017-09-25,Piedade,Sudoeste,-23.717,-47.4142,20.17,28.45,14.36,67.86,22.89,10.22,12.97,0.02,2.86
2017-09-26,Piedade,Sudoeste,-23.717,-47.4142,20.95,29.77,13.84,64.82,22.92,10.29,12.47,0.0,2.0
2017-09-27,Piedade,Sudoeste,-23.717,-47.4142,22.46,31.48,14.68,59.48,23.44,10.38,12.35,0.0,1.81
2017-09-28,Piedade,Sudoeste,-23.717,-47.4142,22.81,32.24,15.91,59.42,21.01,9.33,13.06,0.03,2.29
2017-09-29,Piedade,Sudoeste,-23.717,-47.4142,20.1,27.6,16.31,75.58,13.49,6.22,15.06,8.36,3.06
2017-09-30,Piedade,Sudoeste,-23.717,-47.4142,19.85,25.13,16.4,82.57,9.12,4.49,16.47,16.99,2.41
2017-10-01,Piedade,Sudoeste,-23.717,-47.4142,21.03,27.67,15.67,76.39,18.53,8.38,16.17,3.07,2.6
2017-10-02,Piedade,Sudoeste,-23.717,-47.4142,21.82,29.57,16.02,73.85,7.94,3.81,16.27,6.27,3.98
2017-10-03,Piedade,Sudoeste,-23.717,-47.4142,17.62,22.16,13.84,67.56,15.87,7.21,10.7,4.03,1.99
2017-10-04,Piedade,Sudoeste,-23.717,-47.4142,17.98,26.41,11.62,65.7,19.28,8.59,10.07,0.02,2.11
2017-10-05,Piedade,Sudoeste,-23.717,-47.4142,22.35,31.45,13.87,67.73,25.5,11.48,14.98,0.0,1.82
2017-10-06,Piedade,Sudoeste,-23.717,-47.4142,24.44,32.46,18.62,67.78,24.97,11.42,17.34,11.2,2.34
2017-10-07,Piedade,Sudoeste,-23.717,-47.4142,20.08,23.41,17.61,86.12,6.93,3.52,17.6,5.33,1.92
2017-10-08,Piedade,Sudoeste,-23.717,-47.4142,22.05,29.74,16.48,79.01,14.0,6.49,17.57,4.28,2.04
2017-10-09,Piedade,Sudoeste,-23.717,-47.4142,24.06,31.18,17.2,71.79,20.55,9.4,17.9,0.24,1.5
2017-10-10,Piedade,Sudoeste,-23.717,-47.4142,25.41,32.5,19.28,64.12,24.05,10.97,17.43,1.08,1.6
2017-10-11,Piedade,Sudoeste,-23.717,-47.4142,26.4,34.51,19.74,62.43,25.39,11.64,17.63,1.59,1.74
2017-10-12,Piedade,Sudoeste,-23.717,-47.4142,25.91,34.77,18.61,63.47,26.12,11.95,17.03,1.89,1.68
2017-10-13,Piedade,Sudoeste,-23.717,-47.4142,26.05,34.3,18.33,59.58,25.97,11.87,16.41,1.44,1.64
2017-10-14,Piedade,Sudoeste,-23.717,-47.4142,24.62,33.33,18.21,68.71,23.85,10.86,17.73,5.4,2.25
2017-10-15,Piedade,Sudoeste,-23.717,-47.4142,20.2,27.64,15.8,72.36,19.98,9.14,14.58,0.15,4.2
2017-10-16,Piedade,Sudoeste,-23.717,-47.4142,20.47,28.73,15.27,71.12,21.1,9.57,14.41,0.11,3.64
2017-10-17,Piedade,Sudoeste,-23.717,-47.4142,22.5,31.62,15.33,67.46,23.62,10.76,15.19,0.05,2.33
2017-10-18,Piedade,Sudoeste,-23.717,-47.4142,25.37,33.73,16.46,58.1,26.98,12.24,15.02,0.0,1.85
2017-10-19,Piedade,Sudoeste,-23.717,-47.4142,26.54,34.53,19.86,46.08,27.85,12.59,12.96,0.01,2.79
2017-10-20,Piedade,Sudoeste,-23.717,-47.4142,22.71,29.56,18.06,72.17,15.61,7.25,16.92,1.19,2.61
2017-10-21,Piedade,Sudoeste,-23.717,-47.4142,23.69,32.26,17.51,65.67,7.72,3.91,15.76,0.4,2.1
2017-10-22,Piedade,Sudoeste,-23.717,-47.4142,20.99,24.14,18.74,79.59,5.91,3.0,17.13,3.45,1.66
2017-10-23,Piedade,Sudoeste,-23.717,-47.4142,18.71,23.78,14.19,76.33,12.42,5.94,14.07,2.55,3.34
2017-10-24,Piedade,Sudoeste,-23.717,-47.4142,19.65,27.94,13.84,72.33,19.83,9.02,14.0,0.14,2.86
2017-10-25,Piedade,Sudoeste,-23.717,-47.4142,22.5,30.92,15.12,73.37,23.83,10.89,16.86,6.62,1.96
2017-10-26,Piedade,Sudoeste,-23.717,-47.4142,22.9,29.09,18.28,79.72,11.59,5.48,18.72,16.64,1.72
2017-10-27,Piedade,Sudoeste,-23.717,-47.4142,23.28,29.55,19.62,80.48,10.42,5.1,19.26,5.87,2.32
2017-10-28,Piedade,Sudoeste,-23.717,-47.4142,24.05,29.93,19.48,77.96,18.88,8.68,19.56,0.84,2.87
2017-10-29,Piedade,Sudoeste,-23.717,-47.4142,21.84,25.65,18.74,83.24,7.55,3.79,18.66,9.67,1.22
2017-10-30,Piedade,Sudoeste,-23.717,-47.4142,20.32,23.38,18.44,86.12,7.25,3.7,17.77,6.34,1.37
2017-10-31,Piedade,Sudoeste,-23.717,-47.4142,20.25,27.14,15.05,78.85,14.27,6.74,16.06,2.22,2.95
2017-11-01,Piedade,Sudoeste,-23.717,-47.4142,18.41,25.89,13.26,67.43,24.18,10.83,11.58,0.0,3.87
2017-11-02,Piedade,Sudoeste,-23.717,-47.4142,19.68,28.49,13.36,65.68,29.3,13.19,12.2,0.02,2.92
2017-11-03,Piedade,Sudoeste,-23.717,-47.4142,23.04,31.68,13.85,69.2,27.71,12.72,16.19,2.21,1.97
2017-11-04,Piedade,Sudoeste,-23.717,-47.4142,23.35,28.35,19.39,82.16,20.06,9.37,19.84,20.73,2.66
2017-11-05,Piedade,Sudoeste,-23.717,-47.4142,20.5,24.22,16.23,84.41,7.73,3.93,17.62,1.43,3.14
2017-11-06,Piedade,Sudoeste,-23.717,-47.4142,18.75,24.79,15.01,77.06,16.68,7.8,14.36,0.49,3.61
2017-11-07,Piedade,Sudoeste,-23.717,-47.4142,18.93,25.87,14.1,73.51,18.99,8.7,13.69,0.01,3.19
2017-11-08,Piedade,Sudoeste,-23.717,-47.4142,19.57,26.44,14.87,77.01,16.74,7.91,15.13,1.18,2.49
2017-11-09,Piedade,Sudoeste,-23.717,-47.4142,20.56,26.01,16.16,83.58,15.6,7.38,17.52,1.9,1.7
2017-11-10,Piedade,Sudoeste,-23.717,-47.4142,23.22,29.42,17.41,78.58,23.75,10.95,18.8,4.58,2.01
2017-11-11,Piedade,Sudoeste,-23.717,-47.4142,19.86,24.55,13.38,79.25,16.98,7.96,15.89,16.52,2.57
2017-11-12,Piedade,Sudoeste,-23.717,-47.4142,19.95,28.58,12.09,63.17,32.15,14.12,11.58,0.0,1.62
2017-11-13,Piedade,Sudoeste,-23.717,-47.4142,20.06,28.54,13.37,68.23,31.25,13.92,12.89,0.01,2.47
2017-11-14,Piedade,Sudoeste,-23.717,-47.4142,19.61,29.83,10.06,60.45,31.97,14.15,9.8,0.0,2.56
2017-11-15,Piedade,Sudoeste,-23.717,-47.4142,23.79,33.06,12.49,62.71,29.36,13.37,15.13,0.12,2.12
2017-11-16,Piedade,Sudoeste,-23.717,-47.4142,24.66,30.7,19.77,71.82,27.75,12.73,18.67,10.4,2.43
2017-11-17,Piedade,Sudoeste,-23.717,-47.4142,23.05,28.08,18.76,76.51,16.43,7.79,18.24,3.27,1.68
2017-11-18,Piedade,Sudoeste,-23.717,-47.4142,21.58,25.99,18.26,88.19,20.61,9.7,19.43,19.11,2.13
2017-11-19,Piedade,Sudoeste,-23.717,-47.4142,21.22,25.46,17.71,87.08,16.3,7.7,18.88,6.7,2.01
2017-11-20,Piedade,Sudoeste,-23.717,-47.4142,20.14,24.85,16.78,83.29,13.22,6.39,17.04,4.43,3.04
2017-11-21,Piedade,Sudoeste,-23.717,-47.4142,21.0,24.98,17.11,86.39,18.75,8.76,18.55,21.52,1.61
2017-11-22,Piedade,Sudoeste,-23.717,-47.4142,20.01,24.73,15.39,86.17,14.85,7.06,17.51,3.51,2.2
2017-11-23,Piedade,Sudoeste,-23.717,-47.4142,19.51,26.64,14.11,77.86,22.82,10.41,15.16,0.36,2.49
2017-11-24,Piedade,Sudoeste,-23.717,-47.4142,21.59,29.5,14.08,71.75,29.88,13.34,15.35,0.01,1.48
2017-11-25,Piedade,Sudoeste,-23.717,-47.4142,23.62,30.75,15.13,70.55,26.94,12.23,17.16,5.62,1.24
2017-11-26,Piedade,Sudoeste,-23.717,-47.4142,23.13,27.57,20.02,86.37,14.28,6.93,20.58,12.47,3.08
2017-11-27,Piedade,Sudoeste,-23.717,-47.4142,22.48,27.91,17.86,87.23,12.9,6.31,20.07,21.53,1.94
2017-11-28,Piedade,Sudoeste,-23.717,-47.4142,20.98,27.54,16.47,79.63,22.4,10.25,16.98,0.3,2.91
2017-11-29,Piedade,Sudoeste,-23.717,-47.4142,19.88,27.19,14.55,72.04,30.68,13.84,13.96,0.01,2.82
2017-11-30,Piedade,Sudoeste,-23.717,-47.4142,19.45,26.18,13.65,73.97,21.05,9.63,14.17,0.09,2.22
2017-12-01,Piedade,Sudoeste,-23.717,-47.4142,20.65,26.7,16.54,78.59,17.93,8.42,16.42,1.44,2.73
2017-12-02,Piedade,Sudoeste,-23.717,-47.4142,20.95,27.31,16.01,77.6,18.68,8.72,16.48,0.31,3.12
2017-12-03,Piedade,Sudoeste,-23.717,-47.4142,22.42,30.01,17.04,75.23,22.62,10.35,17.37,0.04,2.48
2017-12-04,Piedade,Sudoeste,-23.717,-47.4142,23.73,31.44,17.38,70.71,28.79,13.06,17.23,0.01,1.86
2017-12-05,Piedade,Sudoeste,-23.717,-47.4142,23.96,31.14,18.98,72.53,25.04,11.53,18.1,0.46,2.57
2017-12-06,Piedade,Sudoeste,-23.717,-47.4142,23.37,30.3,18.68,74.23,20.24,9.46,18.08,3.12,2.21
2017-12-07,Piedade,Sudoeste,-23.717,-47.4142,23.14,29.23,18.08,78.07,9.84,4.89,18.71,10.17,1.43
2017-12-08,Piedade,Sudoeste,-23.717,-47.4142,23.52,29.74,18.89,81.57,21.3,9.87,19.84,7.45,1.88
2017-12-09,Piedade,Sudoeste,-23.717,-47.4142,22.79,29.47,17.29,73.59,25.36,11.5,17.14,1.15,2.14
2017-12-10,Piedade,Sudoeste,-23.717,-47.4142,22.99,29.95,18.12,71.69,25.97,11.9,16.9,3.67,1.33
2017-12-11,Piedade,Sudoeste,-23.717,-47.4142,22.88,30.76,17.22,71.47,27.69,12.6,16.72,1.08,2.6
2017-12-12,Piedade,Sudoeste,-23.717,-47.4142,20.77,27.66,15.92,72.48,23.45,10.69,15.1,0.42,3.69
2017-12-13,Piedade,Sudoeste,-23.717,-47.4142,22.51,30.56,15.8,69.86,25.82,11.75,16.05,0.15,2.29
2017-12-14,Piedade,Sudoeste,-23.717,-47.4142,23.99,32.33,16.35,67.46,29.35,13.37,16.61,0.07,1.64
2017-12-15,Piedade,Sudoeste,-23.717,-47.4142,23.77,31.85,17.04,66.62,25.83,11.85,16.07,0.11,1.59
2017-12-16,Piedade,Sudoeste,-23.717,-47.4142,25.32,33.19,17.13,63.12,27.74,12.7,16.65,1.55,1.17
2017-12-17,Piedade,Sudoeste,-23.717,-47.4142,26.19,32.11,19.95,67.77,29.4,13.52,19.08,4.47,2.02
2017-12-18,Piedade,Sudoeste,-23.717,-47.4142,24.21,28.58,20.46,77.99,22.5,10.43,19.8,2.62,1.98
2017-12-19,Piedade,Sudoeste,-23.717,-47.4142,24.5,31.27,19.73,76.11,22.93,10.63,19.39,8.96,2.04
2017-12-20,Piedade,Sudoeste,-23.717,-47.4142,23.21,27.85,19.48,81.82,18.82,8.75,19.62,6.99,1.7
2017-12-21,Piedade,Sudoeste,-23.717,-47.4142,21.04,23.77,19.16,87.86,7.79,3.97,18.86,10.41,1.48
2017-12-22,Piedade,Sudoeste,-23.717,-47.4142,23.12,28.15,18.72,81.17,12.53,6.26,19.31,5.18,2.24
2017-12-23,Piedade,Sudoeste,-23.717,-47.4142,23.07,26.91,19.57,81.71,20.42,9.61,19.47,2.21,2.68
2017-12-24,Piedade,Sudoeste,-23.717,-47.4142,22.93,25.69,20.4,86.42,18.42,8.77,20.43,2.83,2.25
2017-12-25,Piedade,Sudoeste,-23.717,-47.4142,22.2,25.82,18.96,88.69,13.41,6.48,20.15,19.93,1.55
2017-12-26,Piedade,Sudoeste,-23.717,-47.4142,22.0,26.63,18.3,86.3,19.92,9.36,19.43,3.2,1.42
2017-12-27,Piedade,Sudoeste,-23.717,-47.4142,22.97,26.39,19.8,83.58,20.76,9.73,19.86,1.88,0.98
2017-12-28,Piedade,Sudoeste,-23.717,-47.4142,22.87,27.87,19.63,84.87,15.16,7.38,19.95,5.21,1.26
2017-12-29,Piedade,Sudoeste,-23.717,-47.4142,21.8,24.71,19.24,86.49,11.27,5.55,19.34,5.11,1.75
2017-12-30,Piedade,Sudoeste,-23.717,-47.4142,21.77,24.65,19.14,90.14,12.17,6.0,20.04,5.85,2.8
2017-12-31,Piedade,Sudoeste,-23.717,-47.4142,23.41,28.73,19.62,83.88,17.8,8.53,20.27,9.02,3.65
2018-01-01,Piedade,Sudoeste,-23.717,-47.4142,24.58,30.16,19.51,79.71,19.57,9.19,20.45,0.95,1.85
2018-01-02,Piedade,Sudoeste,-23.717,-47.4142,22.99,25.55,21.11,88.68,17.36,8.32,20.95,2.81,2.49
2018-01-03,Piedade,Sudoeste,-23.717,-47.4142,22.91,28.33,18.98,84.42,16.53,7.94,19.87,7.88,2.56
2018-01-04,Piedade,Sudoeste,-23.717,-47.4142,22.29,29.38,17.03,68.43,30.67,13.93,15.36,0.11,2.9
2018-01-05,Piedade,Sudoeste,-23.717,-47.4142,22.62,29.94,15.72,73.42,27.95,12.81,16.99,0.01,2.37
2018-01-06,Piedade,Sudoeste,-23.717,-47.4142,22.97,28.21,18.35,80.19,19.35,9.16,19.02,3.67,1.16
2018-01-07,Piedade,Sudoeste,-23.717,-47.4142,20.82,25.34,17.89,85.44,15.05,7.27,18.12,8.08,3.01
2018-01-08,Piedade,Sudoeste,-23.717,-47.4142,20.63,23.58,18.43,89.4,10.25,5.1,18.76,10.02,1.8
2018-01-09,Piedade,Sudoeste,-23.717,-47.4142,20.98,24.63,17.91,86.78,10.73,5.37,18.57,5.24,1.54
2018-01-10,Piedade,Sudoeste,-23.717,-47.4142,22.15,25.64,19.24,84.27,24.14,11.1,19.26,2.02,1.8
2018-01-11,Piedade,Sudoeste,-23.717,-47.4142,22.28,25.67,19.3,87.47,17.36,8.09,20.0,4.42,1.15
2018-01-12,Piedade,Sudoeste,-23.717,-47.4142,20.95,23.78,18.71,86.99,13.68,6.59,18.58,7.95,1.89
2018-01-13,Piedade,Sudoeste,-23.717,-47.4142,21.74,26.42,17.68,84.81,14.75,7.15,18.84,1.87,2.16
2018-01-14,Piedade,Sudoeste,-23.717,-47.4142,22.14,25.99,19.49,86.38,18.37,8.69,19.57,7.07,1.85
2018-01-15,Piedade,Sudoeste,-23.717,-47.4142,22.53,26.44,19.33,87.78,20.35,9.56,20.26,4.85,2.0
2018-01-16,Piedade,Sudoeste,-23.717,-47.4142,23.36,27.96,19.67,81.48,17.75,8.42,19.69,2.13,1.4
2018-01-17,Piedade,Sudoeste,-23.717,-47.4142,23.19,27.25,19.99,84.2,22.18,10.3,20.15,1.15,1.28
2018-01-18,Piedade,Sudoeste,-23.717,-47.4142,23.89,27.96,20.44,83.11,17.08,8.14,20.69,2.07,1.52
2018-01-19,Piedade,Sudoeste,-23.717,-47.4142,23.53,27.82,19.64,82.1,16.86,7.99,20.04,9.79,1.18
2018-01-20,Piedade,Sudoeste,-23.717,-47.4142,23.17,27.16,20.27,85.41,20.65,9.67,20.37,9.52,1.15
2018-01-21,Piedade,Sudoeste,-23.717,-47.4142,23.83,28.2,19.72,82.25,20.01,9.42,20.34,2.69,1.01
2018-01-22,Piedade,Sudoeste,-23.717,-47.4142,25.2,30.66,19.89,75.55,26.65,12.36,20.06,4.02,1.13
2018-01-23,Piedade,Sudoeste,-23.717,-47.4142,25.35,29.48,20.62,75.14,25.39,11.81,20.29,16.17,1.35
2018-01-24,Piedade,Sudoeste,-23.717,-47.4142,24.57,28.06,20.79,82.22,24.2,11.34,21.15,7.76,1.11
2018-01-25,Piedade,Sudoeste,-23.717,-47.4142,23.48,27.8,20.67,85.14,21.15,9.9,20.66,2.76,2.08
2018-01-26,Piedade,Sudoeste,-23.717,-47.4142,22.73,28.27,19.04,81.58,18.82,8.85,19.17,0.6,2.81
2018-01-27,Piedade,Sudoeste,-23.717,-47.4142,21.99,28.08,18.05,80.99,21.22,9.83,18.29,1.23,2.85
2018-01-28,Piedade,Sudoeste,-23.717,-47.4142,23.57,28.81,18.09,81.13,24.61,11.46,19.88,6.74,1.2
2018-01-29,Piedade,Sudoeste,-23.717,-47.4142,24.45,28.81,21.09,83.95,17.68,8.46,21.29,20.79,1.18
2018-01-30,Piedade,Sudoeste,-23.717,-47.4142,20.81,25.89,16.95,85.94,8.13,4.21,18.24,21.33,2.67
2018-01-31,Piedade,Sudoeste,-23.717,-47.4142,20.65,26.95,15.8,81.0,26.48,12.07,16.86,2.5,2.57
2018-02-01,Piedade,Sudoeste,-23.717,-47.4142,21.34,27.3,16.23,79.16,28.63,12.99,17.12,0.1,2.5
2018-02-02,Piedade,Sudoeste,-23.717,-47.4142,21.96,27.55,17.34,79.4,19.58,9.03,17.87,0.01,2.17
2018-02-03,Piedade,Sudoeste,-23.717,-47.4142,21.03,27.52,15.88,77.42,25.75,11.77,16.47,0.1,3.05
2018-02-04,Piedade,Sudoeste,-23.717,-47.4142,20.65,27.44,14.9,78.92,22.96,10.44,16.43,0.33,2.63
2018-02-05,Piedade,Sudoeste,-23.717,-47.4142,20.65,25.93,16.6,81.21,22.73,10.39,17.03,0.31,2.43
2018-02-06,Piedade,Sudoeste,-23.717,-47.4142,20.8,25.94,16.79,82.14,21.01,9.62,17.37,0.9,1.71
2018-02-07,Piedade,Sudoeste,-23.717,-47.4142,21.79,28.71,15.51,73.63,28.25,12.8,16.07,0.03,1.46
2018-02-08,Piedade,Sudoeste,-23.717,-47.4142,23.16,30.34,15.83,69.76,27.9,12.88,16.39,0.0,1.19
2018-02-09,Piedade,Sudoeste,-23.717,-47.4142,25.07,32.27,17.1,63.94,28.05,12.94,16.96,0.02,1.48
2018-02-10,Piedade,Sudoeste,-23.717,-47.4142,24.0,27.86,21.1,81.34,18.99,8.94,20.43,2.52,1.76
2018-02-11,Piedade,Sudoeste,-23.717,-47.4142,24.55,29.49,20.4,79.41,16.98,8.06,20.35,1.86,1.32
2018-02-12,Piedade,Sudoeste,-23.717,-47.4142,23.99,29.08,19.32,81.36,18.29,8.57,20.25,1.72,1.9
2018-02-13,Piedade,Sudoeste,-23.717,-47.4142,20.81,26.09,18.21,82.01,11.5,5.68,17.45,2.56,3.49
2018-02-14,Piedade,Sudoeste,-23.717,-47.4142,19.25,22.22,16.98,85.22,12.12,5.96,16.65,5.13,3.51
2018-02-15,Piedade,Sudoeste,-23.717,-47.4142,20.73,26.11,16.46,81.8,14.49,6.98,17.27,1.31,2.45
2018-02-16,Piedade,Sudoeste,-23.717,-47.4142,22.03,28.35,17.93,80.22,24.11,11.09,18.13,0.6,2.16
2018-02-17,Piedade,Sudoeste,-23.717,-47.4142,21.8,27.9,17.52,80.26,22.24,10.27,17.92,0.21,1.92
2018-02-18,Piedade,Sudoeste,-23.717,-47.4142,22.12,26.35,18.24,78.03,10.49,5.1,17.8,0.2,0.89
2018-02-19,Piedade,Sudoeste,-23.717,-47.4142,22.43,28.19,18.74,80.34,15.66,7.4,18.46,10.78,2.02
2018-02-20,Piedade,Sudoeste,-23.717,-47.4142,22.29,26.01,19.8,89.8,14.71,6.98,20.44,5.46,2.74
2018-02-21,Piedade,Sudoeste,-23.717,-47.4142,23.83,28.59,20.28,82.09,22.39,10.32,20.26,5.66,2.53
2018-02-22,Piedade,Sudoeste,-23.717,-47.4142,23.09,28.85,19.81,83.09,21.79,10.04,19.8,4.18,1.68
2018-02-23,Piedade,Sudoeste,-23.717,-47.4142,21.99,28.22,17.54,78.07,24.78,11.4,17.56,1.86,2.92
2018-02-24,Piedade,Sudoeste,-23.717,-47.4142,21.53,28.43,16.1,76.88,26.3,11.95,16.75,0.02,2.61
2018-02-25,Piedade,Sudoeste,-23.717,-47.4142,21.99,29.29,16.1,75.45,23.97,10.91,16.8,0.01,2.29
2018-02-26,Piedade,Sudoeste,-23.717,-47.4142,22.24,27.77,17.07,81.58,16.47,7.68,18.58,27.76,1.15
2018-02-27,Piedade,Sudoeste,-23.717,-47.4142,21.72,25.47,19.38,87.6,16.66,7.91,19.45,10.77,1.17
2018-02-28,Piedade,Sudoeste,-23.717,-47.4142,23.31,29.16,18.57,82.42,23.93,11.1,19.79,1.91,1.19
2018-03-01,Piedade,Sudoeste,-23.717,-47.4142,24.02,28.97,19.42,82.74,20.63,9.64,20.58,4.67,1.03
2018-03-02,Piedade,Sudoeste,-23.717,-47.4142,23.49,27.19,20.39,87.59,19.42,9.11,21.2,13.6,0.84
2018-03-03,Piedade,Sudoeste,-23.717,-47.4142,23.14,27.68,20.41,87.58,18.51,8.69,20.83,1.62,1.26
2018-03-04,Piedade,Sudoeste,-23.717,-47.4142,23.54,29.31,18.94,81.18,20.43,9.55,19.75,0.07,1.38
2018-03-05,Piedade,Sudoeste,-23.717,-47.4142,24.13,29.49,19.53,82.28,22.32,10.34,20.58,4.51,1.18
2018-03-06,Piedade,Sudoeste,-23.717,-47.4142,24.24,30.11,19.33,81.74,20.27,9.45,20.51,7.04,1.36
2018-03-07,Piedade,Sudoeste,-23.717,-47.4142,23.19,28.63,18.78,82.71,15.44,7.24,19.83,1.79,1.7
2018-03-08,Piedade,Sudoeste,-23.717,-47.4142,22.83,28.51,18.72,79.66,16.41,7.67,18.88,0.09,3.05
2018-03-09,Piedade,Sudoeste,-23.717,-47.4142,22.59,29.06,17.18,78.0,22.84,10.47,18.13,0.11,2.11
2018-03-10,Piedade,Sudoeste,-23.717,-47.4142,22.76,28.82,17.98,79.13,17.61,8.25,18.52,0.42,1.47
2018-03-11,Piedade,Sudoeste,-23.717,-47.4142,23.87,30.76,17.71,73.5,25.42,11.68,18.11,0.04,1.31
2018-03-12,Piedade,Sudoeste,-23.717,-47.4142,25.41,31.83,18.78,71.94,21.55,9.94,19.47,0.33,1.55
2018-03-13,Piedade,Sudoeste,-23.717,-47.4142,25.31,32.22,20.11,74.82,20.78,9.62,19.91,0.21,1.87
2018-03-14,Piedade,Sudoeste,-23.717,-47.4142,24.82,28.98,20.89,82.93,22.58,10.47,21.59,18.13,1.71
2018-03-15,Piedade,Sudoeste,-23.717,-47.4142,25.16,29.68,21.46,83.35,21.5,10.01,21.94,3.89,2.06
2018-03-16,Piedade,Sudoeste,-23.717,-47.4142,24.33,28.94,20.83,83.79,22.0,10.11,21.16,1.99,1.35
2018-03-17,Piedade,Sudoeste,-23.717,-47.4142,23.85,30.18,19.33,80.87,21.21,9.89,20.04,0.34,1.74
2018-03-18,Piedade,Sudoeste,-23.717,-47.4142,24.71,31.35,18.65,75.65,24.11,11.07,19.59,0.01,1.01
2018-03-19,Piedade,Sudoeste,-23.717,-47.4142,25.53,31.33,19.98,77.18,19.15,8.97,20.86,1.27,1.5
2018-03-20,Piedade,Sudoeste,-23.717,-47.4142,23.66,26.08,21.97,91.3,18.97,8.91,22.15,39.42,1.19
2018-03-21,Piedade,Sudoeste,-23.717,-47.4142,22.57,26.68,19.48,89.89,17.11,7.97,20.74,13.25,1.21
2018-03-22,Piedade,Sudoeste,-23.717,-47.4142,21.83,27.6,18.01,84.66,15.85,7.38,18.93,1.26,2.14
2018-03-23,Piedade,Sudoeste,-23.717,-47.4142,22.97,28.63,17.98,83.86,20.75,9.65,19.82,0.53,1.53
2018-03-24,Piedade,Sudoeste,-23.717,-47.4142,23.86,28.36,19.94,80.77,22.44,10.4,20.11,0.82,1.74
2018-03-25,Piedade,Sudoeste,-23.717,-47.4142,23.5,28.53,18.45,80.5,21.01,9.74,19.71,2.02,1.99
2018-03-26,Piedade,Sudoeste,-23.717,-47.4142,22.63,25.63,20.15,88.98,8.38,4.19,20.66,5.51,1.16
2018-03-27,Piedade,Sudoeste,-23.717,-47.4142,21.72,23.91,19.89,92.29,12.85,6.16,20.39,8.21,0.84
2018-03-28,Piedade,Sudoeste,-23.717,-47.4142,21.78,25.75,18.72,87.53,17.36,8.16,19.47,5.77,1.13
2018-03-29,Piedade,Sudoeste,-23.717,-47.4142,21.73,25.92,19.02,88.19,17.88,8.36,19.54,5.06,1.47
2018-03-30,Piedade,Sudoeste,-23.717,-47.4142,22.29,27.13,18.47,86.17,17.92,8.35,19.64,5.2,1.13
2018-03-31,Piedade,Sudoeste,-23.717,-47.4142,21.8,25.02,19.4,88.38,12.8,6.07,19.72,9.31,1.28
2018-04-01,Piedade,Sudoeste,-23.717,-47.4142,21.67,24.92,18.78,90.55,14.23,6.69,20.0,7.74,1.89
2018-04-02,Piedade,Sudoeste,-23.717,-47.4142,21.77,25.85,19.0,85.69,12.59,6.02,19.06,2.04,1.86
2018-04-03,Piedade,Sudoeste,-23.717,-47.4142,21.86,26.58,18.47,87.53,10.39,5.05,19.52,7.13,1.29
2018-04-04,Piedade,Sudoeste,-23.717,-47.4142,21.34,26.51,17.94,85.61,18.41,8.44,18.59,1.12,1.44
2018-04-05,Piedade,Sudoeste,-23.717,-47.4142,21.34,27.32,16.62,81.82,20.4,9.32,17.69,0.24,1.13
2018-04-06,Piedade,Sudoeste,-23.717,-47.4142,21.03,26.99,16.78,82.56,20.51,9.35,17.53,0.25,1.57
2018-04-07,Piedade,Sudoeste,-23.717,-47.4142,21.18,27.65,16.32,81.61,21.52,9.69,17.5,0.1,1.55
2018-04-08,Piedade,Sudoeste,-23.717,-47.4142,21.49,27.59,16.77,82.6,20.78,9.42,18.16,0.04,1.88
2018-04-09,Piedade,Sudoeste,-23.717,-47.4142,21.72,27.91,17.09,81.42,19.27,8.76,18.04,0.01,1.81
2018-04-10,Piedade,Sudoeste,-23.717,-47.4142,21.43,27.8,16.42,80.49,20.54,9.36,17.51,0.01,1.67
2018-04-11,Piedade,Sudoeste,-23.717,-47.4142,20.93,27.89,15.67,77.82,21.08,9.5,16.27,0.01,1.66
2018-04-12,Piedade,Sudoeste,-23.717,-47.4142,21.37,27.61,15.05,75.67,18.74,8.56,16.4,0.07,1.23
2018-04-13,Piedade,Sudoeste,-23.717,-47.4142,22.53,29.02,16.69,73.53,20.81,9.54,17.0,0.03,1.44
2018-04-14,Piedade,Sudoeste,-23.717,-47.4142,21.73,27.04,18.32,80.82,17.28,7.96,17.95,2.86,2.83
2018-04-15,Piedade,Sudoeste,-23.717,-47.4142,19.54,22.61,17.43,90.1,10.71,5.11,17.83,5.21,2.91
2018-04-16,Piedade,Sudoeste,-23.717,-47.4142,18.96,24.15,16.24,84.19,12.38,5.82,16.01,2.43,3.37
2018-04-17,Piedade,Sudoeste,-23.717,-47.4142,18.8,24.79,14.93,79.9,15.77,7.16,14.87,0.98,2.62
2018-04-18,Piedade,Sudoeste,-23.717,-47.4142,19.18,26.05,14.1,76.8,20.06,9.0,14.4,0.12,1.62
2018-04-19,Piedade,Sudoeste,-23.717,-47.4142,18.69,26.08,12.39,75.72,21.38,9.41,13.52,0.42,1.17
2018-04-20,Piedade,Sudoeste,-23.717,-47.4142,19.03,25.82,13.38,71.76,18.38,8.14,13.23,0.12,1.57
2018-04-21,Piedade,Sudoeste,-23.717,-47.4142,17.41,25.42,11.16,74.6,20.55,9.17,11.89,0.02,1.71
2018-04-22,Piedade,Sudoeste,-23.717,-47.4142,19.08,26.7,12.72,79.22,18.17,8.21,14.94,0.07,1.58
2018-04-23,Piedade,Sudoeste,-23.717,-47.4142,20.2,26.82,15.1,79.12,17.82,8.09,15.91,0.02,1.43
2018-04-24,Piedade,Sudoeste,-23.717,-47.4142,20.85,27.88,15.6,77.6,18.28,8.23,16.13,0.02,1.4
2018-04-25,Piedade,Sudoeste,-23.717,-47.4142,21.43,28.19,15.76,76.36,17.83,8.14,16.38,0.01,1.31
2018-04-26,Piedade,Sudoeste,-23.717,-47.4142,22.18,28.87,16.83,76.93,18.2,8.39,17.23,0.0,1.25
2018-04-27,Piedade,Sudoeste,-23.717,-47.4142,22.24,28.96,17.2,76.16,17.57,8.08,17.14,0.08,1.32
2018-04-28,Piedade,Sudoeste,-23.717,-47.4142,22.04,28.56,17.2,77.31,18.39,8.42,17.24,0.05,1.28
2018-04-29,Piedade,Sudoeste,-23.717,-47.4142,21.93,28.73,16.89,74.23,18.41,8.38,16.31,0.05,1.21
2018-04-30,Piedade,Sudoeste,-23.717,-47.4142,21.74,29.2,15.56,70.49,18.37,8.35,15.19,0.02,1.28
2018-05-01,Piedade,Sudoeste,-23.717,-47.4142,22.21,29.07,17.68,68.38,15.66,7.15,15.49,0.01,1.03
2018-05-02,Piedade,Sudoeste,-23.717,-47.4142,21.69,28.71,16.25,75.45,15.63,7.16,16.31,0.04,1.28
2018-05-03,Piedade,Sudoeste,-23.717,-47.4142,21.7,28.71,16.15,69.99,17.32,7.93,14.89,0.03,1.39
2018-05-04,Piedade,Sudoeste,-23.717,-47.4142,21.7,29.86,14.6,68.27,18.5,8.3,14.43,0.02,1.27
2018-05-05,Piedade,Sudoeste,-23.717,-47.4142,22.49,29.81,17.48,66.36,15.85,7.16,15.07,0.03,1.26
2018-05-06,Piedade,Sudoeste,-23.717,-47.4142,21.06,28.76,15.47,74.38,16.67,7.57,15.39,0.09,2.08
2018-05-07,Piedade,Sudoeste,-23.717,-47.4142,20.05,26.15,15.97,79.74,13.67,6.26,15.96,0.74,2.38
2018-05-08,Piedade,Sudoeste,-23.717,-47.4142,20.02,26.49,15.59,78.88,14.03,6.45,15.68,0.45,2.44
2018-05-09,Piedade,Sudoeste,-23.717,-47.4142,19.68,26.9,14.92,74.84,17.55,7.86,14.16,0.03,1.98
2018-05-10,Piedade,Sudoeste,-23.717,-47.4142,19.33,26.85,13.67,74.21,17.28,7.75,13.82,0.02,1.36
2018-05-11,Piedade,Sudoeste,-23.717,-47.4142,20.06,27.38,13.59,72.79,15.57,7.06,14.36,0.02,2.01
2018-05-12,Piedade,Sudoeste,-23.717,-47.4142,19.88,25.86,16.09,78.86,11.28,5.21,15.74,0.12,1.49
2018-05-13,Piedade,Sudoeste,-23.717,-47.4142,19.23,26.19,14.89,76.59,14.8,6.63,14.49,0.02,1.72
2018-05-14,Piedade,Sudoeste,-23.717,-47.4142,19.89,27.32,13.9,76.55,16.6,7.41,15.05,0.02,1.87
2018-05-15,Piedade,Sudoeste,-23.717,-47.4142,19.77,24.81,15.51,80.4,10.55,4.9,16.05,0.17,1.57
2018-05-16,Piedade,Sudoeste,-23.717,-47.4142,19.83,25.6,14.99,80.66,12.06,5.5,16.09,0.5,1.57
2018-05-17,Piedade,Sudoeste,-23.717,-47.4142,20.07,26.69,16.07,79.17,15.04,6.86,15.79,0.16,1.81
2018-05-18,Piedade,Sudoeste,-23.717,-47.4142,20.61,27.44,15.37,78.74,13.36,6.14,16.26,7.68,1.81
2018-05-19,Piedade,Sudoeste,-23.717,-47.4142,18.94,24.0,13.48,88.78,7.01,3.37,16.9,4.48,3.15
2018-05-20,Piedade,Sudoeste,-23.717,-47.4142,11.93,18.52,7.59,72.89,16.15,7.09,6.41,0.05,2.41
2018-05-21,Piedade,Sudoeste,-23.717,-47.4142,12.46,20.44,6.33,72.49,17.8,7.79,6.81,0.42,0.94
2018-05-22,Piedade,Sudoeste,-23.717,-47.4142,14.61,23.58,7.04,69.42,17.48,7.59,7.9,0.03,1.38
2018-05-23,Piedade,Sudoeste,-23.717,-47.4142,15.58,23.84,8.49,77.98,15.73,6.94,10.99,0.02,1.54
2018-05-24,Piedade,Sudoeste,-23.717,-47.4142,16.95,24.9,11.67,77.92,15.39,6.92,12.46,0.03,1.69
2018-05-25,Piedade,Sudoeste,-23.717,-47.4142,17.45,24.69,13.28,80.09,11.69,5.3,13.35,0.48,1.85
2018-05-26,Piedade,Sudoeste,-23.717,-47.4142,17.72,24.58,13.06,79.65,14.82,6.66,13.51,0.58,1.31
2018-05-27,Piedade,Sudoeste,-23.717,-47.4142,17.52,25.15,12.85,77.45,16.08,7.22,12.68,0.1,1.64
2018-05-28,Piedade,Sudoeste,-23.717,-47.4142,17.06,25.21,11.52,74.15,15.75,6.98,11.26,0.01,1.86
2018-05-29,Piedade,Sudoeste,-23.717,-47.4142,16.94,25.02,10.08,71.03,15.54,6.91,10.41,0.0,1.52
2018-05-30,Piedade,Sudoeste,-23.717,-47.4142,17.24,25.14,10.39,70.07,16.21,7.2,10.63,0.02,1.31
2018-05-31,Piedade,Sudoeste,-23.717,-47.4142,17.49,25.41,10.79,64.28,16.02,7.08,9.45,0.0,1.39
2018-06-01,Piedade,Sudoeste,-23.717,-47.4142,18.24,25.68,10.64,63.14,15.83,7.09,10.23,0.0,1.63
2018-06-02,Piedade,Sudoeste,-23.717,-47.4142,20.07,27.77,13.92,67.64,9.68,4.44,13.38,0.7,2.05
2018-06-03,Piedade,Sudoeste,-23.717,-47.4142,16.89,20.26,13.28,83.69,6.6,3.1,13.99,2.05,2.79
2018-06-04,Piedade,Sudoeste,-23.717,-47.4142,16.01,21.99,12.85,78.42,7.33,3.46,11.98,0.24,2.61
2018-06-05,Piedade,Sudoeste,-23.717,-47.4142,17.85,23.4,13.54,79.7,6.56,3.09,14.04,0.76,1.21
2018-06-06,Piedade,Sudoeste,-23.717,-47.4142,18.53,24.12,14.97,84.87,8.56,3.89,15.64,0.92,1.4
2018-06-07,Piedade,Sudoeste,-23.717,-47.4142,18.48,24.51,14.77,84.99,6.52,3.08,15.63,2.89,1.73
2018-06-08,Piedade,Sudoeste,-23.717,-47.4142,15.99,22.27,10.56,79.03,11.98,5.24,11.82,0.37,1.07
2018-06-09,Piedade,Sudoeste,-23.717,-47.4142,16.19,24.23,9.88,77.74,11.5,5.02,11.7,0.02,1.42
2018-06-10,Piedade,Sudoeste,-23.717,-47.4142,19.28,25.01,14.23,78.49,9.51,4.39,15.25,0.01,1.4
2018-06-11,Piedade,Sudoeste,-23.717,-47.4142,21.44,28.47,16.88,75.67,12.0,5.47,16.44,0.01,2.02
2018-06-12,Piedade,Sudoeste,-23.717,-47.4142,21.93,28.73,16.62,75.96,10.92,5.04,16.99,2.76,2.2
2018-06-13,Piedade,Sudoeste,-23.717,-47.4142,21.04,26.56,17.69,86.06,8.2,3.88,18.37,5.3,1.82
2018-06-14,Piedade,Sudoeste,-23.717,-47.4142,15.88,20.07,12.9,82.7,6.61,3.13,12.77,1.47,2.97
2018-06-15,Piedade,Sudoeste,-23.717,-47.4142,14.1,16.49,12.25,85.36,8.35,3.88,11.65,1.55,2.6
2018-06-16,Piedade,Sudoeste,-23.717,-47.4142,14.61,18.93,12.4,84.71,8.43,3.86,11.95,1.13,2.52
2018-06-17,Piedade,Sudoeste,-23.717,-47.4142,16.09,22.94,11.78,81.62,13.09,5.9,12.52,0.26,2.01
2018-06-18,Piedade,Sudoeste,-23.717,-47.4142,17.01,23.13,12.64,82.54,11.45,5.15,13.6,0.07,1.73
2018-06-19,Piedade,Sudoeste,-23.717,-47.4142,18.23,24.91,13.36,78.59,13.62,6.08,13.97,0.02,1.29
2018-06-20,Piedade,Sudoeste,-23.717,-47.4142,18.47,25.56,12.95,73.01,14.99,6.72,12.85,0.02,1.23
2018-06-21,Piedade,Sudoeste,-23.717,-47.4142,18.2,25.61,11.59,70.01,14.02,6.26,11.96,0.04,1.65
2018-06-22,Piedade,Sudoeste,-23.717,-47.4142,18.39,25.14,13.31,70.74,12.42,5.54,12.31,0.04,1.02
2018-06-23,Piedade,Sudoeste,-23.717,-47.4142,19.38,26.75,12.71,64.94,14.35,6.42,11.63,0.01,1.45
2018-06-24,Piedade,Sudoeste,-23.717,-47.4142,20.55,27.72,14.71,62.4,13.66,6.17,12.44,0.02,1.24
2018-06-25,Piedade,Sudoeste,-23.717,-47.4142,19.99,27.26,15.77,63.97,14.67,6.54,12.25,0.02,1.63
2018-06-26,Piedade,Sudoeste,-23.717,-47.4142,20.0,28.39,12.65,58.21,11.35,5.12,10.49,0.01,1.4
2018-06-27,Piedade,Sudoeste,-23.717,-47.4142,20.06,27.83,15.25,61.82,12.6,5.64,11.63,0.01,1.12
2018-06-28,Piedade,Sudoeste,-23.717,-47.4142,19.52,27.89,13.79,69.59,11.09,5.06,12.72,0.02,0.97
2018-06-29,Piedade,Sudoeste,-23.717,-47.4142,19.68,27.0,13.1,64.01,14.88,6.72,11.86,0.02,1.43
2018-06-30,Piedade,Sudoeste,-23.717,-47.4142,19.35,27.24,12.38,64.48,13.63,6.12,11.71,0.02,1.58
2018-07-01,Piedade,Sudoeste,-23.717,-47.4142,19.61,27.13,13.78,69.81,14.15,6.33,12.95,0.05,1.24
2018-07-02,Piedade,Sudoeste,-23.717,-47.4142,20.03,27.89,13.79,62.41,14.46,6.37,11.67,0.0,1.54
2018-07-03,Piedade,Sudoeste,-23.717,-47.4142,18.63,26.57,13.32,73.58,13.44,6.02,13.26,0.23,2.13
2018-07-04,Piedade,Sudoeste,-23.717,-47.4142,18.58,27.02,13.47,75.9,13.44,5.99,13.53,0.18,1.63
2018-07-05,Piedade,Sudoeste,-23.717,-47.4142,20.17,28.27,13.7,68.21,14.54,6.46,13.05,0.01,1.18
2018-07-06,Piedade,Sudoeste,-23.717,-47.4142,19.95,28.4,13.46,64.29,12.56,5.57,11.9,0.04,1.19
2018-07-07,Piedade,Sudoeste,-23.717,-47.4142,19.04,26.3,13.44,69.6,12.95,5.72,12.33,0.03,1.73
2018-07-08,Piedade,Sudoeste,-23.717,-47.4142,19.55,27.89,12.62,60.81,15.49,6.86,10.88,0.0,1.69
2018-07-09,Piedade,Sudoeste,-23.717,-47.4142,18.54,25.91,12.82,71.77,12.62,5.57,12.69,0.26,2.0
2018-07-10,Piedade,Sudoeste,-23.717,-47.4142,12.78,18.69,7.94,73.68,12.28,5.49,7.68,0.16,2.61
2018-07-11,Piedade,Sudoeste,-23.717,-47.4142,11.88,18.9,7.36,74.04,12.52,5.52,6.66,0.01,2.46
2018-07-12,Piedade,Sudoeste,-23.717,-47.4142,12.29,20.91,7.06,70.21,16.78,7.23,5.57,0.0,1.41
2018-07-13,Piedade,Sudoeste,-23.717,-47.4142,14.89,23.62,6.85,61.94,15.05,6.66,5.95,0.01,1.16
2018-07-14,Piedade,Sudoeste,-23.717,-47.4142,19.41,27.19,12.0,48.34,16.36,7.26,7.75,0.0,0.96
2018-07-15,Piedade,Sudoeste,-23.717,-47.4142,20.52,28.71,11.69,47.96,16.84,7.41,8.12,0.0,1.12
2018-07-16,Piedade,Sudoeste,-23.717,-47.4142,19.4,28.1,11.84,49.56,16.54,7.34,7.85,0.01,1.12
2018-07-17,Piedade,Sudoeste,-23.717,-47.4142,18.94,29.07,11.66,52.24,16.47,7.31,6.99,0.01,1.49
2018-07-18,Piedade,Sudoeste,-23.717,-47.4142,19.44,28.3,11.29,57.98,16.5,7.33,9.9,0.01,1.6
2018-07-19,Piedade,Sudoeste,-23.717,-47.4142,20.38,28.66,13.13,60.87,16.72,7.48,11.71,0.01,1.72
2018-07-20,Piedade,Sudoeste,-23.717,-47.4142,20.37,29.61,13.07,58.4,17.01,7.53,10.95,0.01,2.0
2018-07-21,Piedade,Sudoeste,-23.717,-47.4142,19.34,28.81,12.74,63.68,13.16,5.88,11.14,0.03,1.81
2018-07-22,Piedade,Sudoeste,-23.717,-47.4142,18.35,25.9,13.23,74.59,11.6,5.2,13.21,0.04,2.52
2018-07-23,Piedade,Sudoeste,-23.717,-47.4142,18.98,26.74,13.75,71.81,13.76,6.14,12.75,0.01,1.3
2018-07-24,Piedade,Sudoeste,-23.717,-47.4142,17.69,25.3,12.15,76.36,13.23,5.92,12.71,0.08,2.43
2018-07-25,Piedade,Sudoeste,-23.717,-47.4142,18.22,24.95,12.88,75.45,13.17,5.9,13.04,0.0,1.55
2018-07-26,Piedade,Sudoeste,-23.717,-47.4142,19.44,27.08,14.06,68.11,15.78,7.1,12.03,0.02,1.47
2018-07-27,Piedade,Sudoeste,-23.717,-47.4142,19.7,27.85,12.66,57.6,16.43,7.31,9.82,0.0,1.44
2018-07-28,Piedade,Sudoeste,-23.717,-47.4142,20.68,29.01,12.92,49.09,17.22,7.62,8.54,0.02,1.55
2018-07-29,Piedade,Sudoeste,-23.717,-47.4142,21.27,29.83,15.05,50.93,16.26,7.24,9.76,0.01,2.39
2018-07-30,Piedade,Sudoeste,-23.717,-47.4142,19.39,24.0,15.95,70.34,9.16,4.2,13.49,2.73,0.97
2018-07-31,Piedade,Sudoeste,-23.717,-47.4142,16.16,21.4,12.2,83.6,9.71,4.41,13.15,8.39,2.21
2018-08-01,Piedade,Sudoeste,-23.717,-47.4142,14.59,20.59,11.91,79.62,5.44,2.66,10.79,2.77,3.17
2018-08-02,Piedade,Sudoeste,-23.717,-47.4142,15.98,21.93,12.09,82.72,9.51,4.4,12.76,2.13,2.18
2018-08-03,Piedade,Sudoeste,-23.717,-47.4142,15.85,19.43,13.45,91.77,1.86,1.0,14.48,18.43,1.36
2018-08-04,Piedade,Sudoeste,-23.717,-47.4142,17.54,23.37,12.75,81.4,7.2,3.45,13.93,2.38,1.05
2018-08-05,Piedade,Sudoeste,-23.717,-47.4142,17.05,21.2,12.95,80.17,5.34,2.59,13.4,0.62,0.96
2018-08-06,Piedade,Sudoeste,-23.717,-47.4142,14.41,16.89,12.02,91.51,3.53,1.83,13.01,8.52,1.43
2018-08-07,Piedade,Sudoeste,-23.717,-47.4142,15.3,23.23,10.46,80.8,11.93,5.42,11.47,0.43,2.05
2018-08-08,Piedade,Sudoeste,-23.717,-47.4142,18.43,27.16,11.44,75.24,14.87,6.67,12.88,4.67,1.36
2018-08-09,Piedade,Sudoeste,-23.717,-47.4142,17.87,25.35,10.83,80.49,9.84,4.56,14.12,0.79,2.99
2018-08-10,Piedade,Sudoeste,-23.717,-47.4142,12.27,20.54,6.0,69.45,19.69,8.42,5.87,0.0,2.42
2018-08-11,Piedade,Sudoeste,-23.717,-47.4142,12.72,22.49,5.64,66.95,18.52,8.13,5.34,0.0,1.31
2018-08-12,Piedade,Sudoeste,-23.717,-47.4142,13.59,22.49,7.4,75.74,16.06,7.1,8.59,0.0,2.25
2018-08-13,Piedade,Sudoeste,-23.717,-47.4142,15.7,25.16,9.61,73.89,18.95,8.37,9.96,0.02,2.4
2018-08-14,Piedade,Sudoeste,-23.717,-47.4142,17.63,28.24,10.25,66.29,20.1,8.83,9.43,0.03,1.53
2018-08-15,Piedade,Sudoeste,-23.717,-47.4142,16.64,25.59,9.63,74.43,13.54,6.04,11.32,0.13,2.67
2018-08-16,Piedade,Sudoeste,-23.717,-47.4142,16.49,22.84,12.98,76.55,11.84,5.37,11.93,0.09,3.39
2018-08-17,Piedade,Sudoeste,-23.717,-47.4142,16.61,23.17,12.56,80.03,11.72,5.3,12.64,0.51,2.91
2018-08-18,Piedade,Sudoeste,-23.717,-47.4142,17.73,25.53,12.64,75.19,17.99,8.05,12.34,0.18,1.92
2018-08-19,Piedade,Sudoeste,-23.717,-47.4142,18.74,27.19,11.7,66.4,19.01,8.48,11.01,0.02,1.42
2018-08-20,Piedade,Sudoeste,-23.717,-47.4142,20.17,29.38,12.48,58.4,19.78,8.79,10.19,0.02,1.23
2018-08-21,Piedade,Sudoeste,-23.717,-47.4142,20.64,29.41,13.47,56.92,18.81,8.37,10.29,0.1,1.44
2018-08-22,Piedade,Sudoeste,-23.717,-47.4142,19.77,27.31,14.88,63.87,10.62,4.92,11.66,0.08,1.13
2018-08-23,Piedade,Sudoeste,-23.717,-47.4142,20.64,28.71,15.55,62.55,16.09,7.32,12.55,0.05,1.29
2018-08-24,Piedade,Sudoeste,-23.717,-47.4142,22.43,31.36,15.4,60.53,10.78,5.05,13.21,3.56,2.3
2018-08-25,Piedade,Sudoeste,-23.717,-47.4142,20.0,26.71,14.38,79.15,10.37,4.83,15.96,7.21,2.7
2018-08-26,Piedade,Sudoeste,-23.717,-47.4142,14.43,20.3,10.01,73.51,11.29,5.11,9.39,0.05,3.21
2018-08-27,Piedade,Sudoeste,-23.717,-47.4142,14.89,23.49,9.49,73.26,16.64,7.41,9.55,0.03,3.25
2018-08-28,Piedade,Sudoeste,-23.717,-47.4142,18.69,28.25,11.98,71.26,19.77,8.8,12.3,0.01,1.95
2018-08-29,Piedade,Sudoeste,-23.717,-47.4142,19.78,28.83,12.24,65.47,21.38,9.52,11.57,0.01,1.15
2018-08-30,Piedade,Sudoeste,-23.717,-47.4142,21.66,29.82,13.69,56.91,21.03,9.42,11.76,0.01,1.99
2018-08-31,Piedade,Sudoeste,-23.717,-47.4142,22.64,31.23,14.15,50.83,21.88,9.63,10.43,0.02,1.79
2018-09-01,Piedade,Sudoeste,-23.717,-47.4142,23.14,32.42,15.41,50.81,20.86,9.46,11.16,0.03,1.71
2018-09-02,Piedade,Sudoeste,-23.717,-47.4142,23.87,33.04,15.5,52.92,16.51,7.52,12.28,0.0,2.16
2018-09-03,Piedade,Sudoeste,-23.717,-47.4142,17.68,23.52,12.29,75.36,7.48,3.65,13.1,1.52,2.71
2018-09-04,Piedade,Sudoeste,-23.717,-47.4142,14.54,20.98,10.12,75.2,9.28,4.41,9.65,5.23,2.91
2018-09-05,Piedade,Sudoeste,-23.717,-47.4142,14.08,21.28,9.78,72.11,15.58,6.96,8.18,0.72,3.05
2018-09-06,Piedade,Sudoeste,-23.717,-47.4142,16.38,26.85,9.52,65.51,23.18,10.16,8.13,0.01,2.7
2018-09-07,Piedade,Sudoeste,-23.717,-47.4142,18.67,30.22,10.24,64.63,23.4,10.22,9.62,0.0,2.01
2018-09-08,Piedade,Sudoeste,-23.717,-47.4142,19.17,30.17,11.66,65.71,23.23,10.21,10.55,0.01,2.47
2018-09-09,Piedade,Sudoeste,-23.717,-47.4142,19.25,29.53,12.48,66.64,22.24,9.83,11.13,0.0,2.88
2018-09-10,Piedade,Sudoeste,-23.717,-47.4142,19.02,28.17,12.9,66.71,22.73,10.1,11.5,0.0,2.88
2018-09-11,Piedade,Sudoeste,-23.717,-47.4142,18.25,27.17,12.7,69.16,21.45,9.59,11.52,0.0,3.56
2018-09-12,Piedade,Sudoeste,-23.717,-47.4142,18.87,28.04,13.53,68.52,19.88,8.85,11.95,0.01,3.63
2018-09-13,Piedade,Sudoeste,-23.717,-47.4142,19.72,29.16,13.33,70.89,20.44,9.12,13.31,6.78,2.55
2018-09-14,Piedade,Sudoeste,-23.717,-47.4142,19.97,28.58,14.6,76.88,2.7,1.34,14.96,6.29,2.4
2018-09-15,Piedade,Sudoeste,-23.717,-47.4142,19.33,25.68,15.07,80.71,10.28,4.67,15.4,10.47,1.9
2018-09-16,Piedade,Sudoeste,-23.717,-47.4142,18.41,26.4,12.87,73.42,19.39,8.66,12.7,0.58,2.69
2018-09-17,Piedade,Sudoeste,-23.717,-47.4142,16.63,19.54,13.55,84.71,6.06,3.01,13.93,6.09,1.69
2018-09-18,Piedade,Sudoeste,-23.717,-47.4142,20.71,25.98,17.35,82.98,13.22,6.16,17.43,2.46,2.53
2018-09-19,Piedade,Sudoeste,-23.717,-47.4142,22.43,28.06,16.61,75.69,19.94,9.02,17.44,6.33,1.33
2018-09-20,Piedade,Sudoeste,-23.717,-47.4142,20.87,25.1,18.01,84.69,8.5,4.1,18.09,7.94,1.37
2018-09-21,Piedade,Sudoeste,-23.717,-47.4142,21.41,28.17,17.25,78.31,19.71,8.99,17.02,1.28,1.61
2018-09-22,Piedade,Sudoeste,-23.717,-47.4142,21.93,31.53,15.13,67.07,24.79,11.03,13.69,0.0,1.74
2018-09-23,Piedade,Sudoeste,-23.717,-47.4142,22.38,32.75,13.36,60.94,25.49,11.28,12.19,0.01,1.47
2018-09-24,Piedade,Sudoeste,-23.717,-47.4142,23.45,34.04,14.67,51.46,25.82,11.48,10.51,0.02,1.47
2018-09-25,Piedade,Sudoeste,-23.717,-47.4142,22.69,33.8,14.04,62.81,22.04,9.94,13.26,0.02,2.32
2018-09-26,Piedade,Sudoeste,-23.717,-47.4142,24.5,32.28,17.97,66.17,15.76,7.31,16.75,0.06,2.09
2018-09-27,Piedade,Sudoeste,-23.717,-47.4142,23.17,28.86,19.9,80.99,8.19,3.97,19.3,6.19,1.9
2018-09-28,Piedade,Sudoeste,-23.717,-47.4142,22.66,29.75,18.26,75.58,13.11,6.15,17.53,0.68,2.54
2018-09-29,Piedade,Sudoeste,-23.717,-47.4142,22.6,28.64,18.46,75.23,19.51,8.85,17.59,0.06,1.86
2018-09-30,Piedade,Sudoeste,-23.717,-47.4142,21.5,25.36,19.13,86.93,12.46,5.88,19.11,8.8,0.86
2018-10-01,Piedade,Sudoeste,-23.717,-47.4142,22.57,27.87,18.95,79.7,16.92,7.83,18.48,2.5,1.9
2018-10-02,Piedade,Sudoeste,-23.717,-47.4142,24.92,32.7,17.4,67.56,21.14,9.65,17.43,0.43,1.5
2018-10-03,Piedade,Sudoeste,-23.717,-47.4142,24.67,31.29,19.37,74.04,18.06,8.39,19.04,3.8,1.5
2018-10-04,Piedade,Sudoeste,-23.717,-47.4142,21.67,28.71,17.15,74.77,19.82,9.09,16.46,1.72,3.7
2018-10-05,Piedade,Sudoeste,-23.717,-47.4142,19.29,26.79,14.35,71.34,15.23,7.15,13.46,0.19,3.88
2018-10-06,Piedade,Sudoeste,-23.717,-47.4142,18.15,24.95,14.09,74.94,7.23,3.65,13.28,2.16,3.55
2018-10-07,Piedade,Sudoeste,-23.717,-47.4142,20.08,27.74,14.91,79.12,9.3,4.63,16.0,5.89,2.32
2018-10-08,Piedade,Sudoeste,-23.717,-47.4142,20.66,24.32,17.7,88.98,7.16,3.68,18.68,15.04,1.53
2018-10-09,Piedade,Sudoeste,-23.717,-47.4142,23.31,28.84,19.09,83.62,18.58,8.65,20.11,22.87,2.11
2018-10-10,Piedade,Sudoeste,-23.717,-47.4142,23.37,28.87,19.68,80.91,17.69,8.22,19.6,5.23,1.5
2018-10-11,Piedade,Sudoeste,-23.717,-47.4142,20.42,25.18,17.01,84.1,7.86,3.96,17.48,7.3,3.57
2018-10-12,Piedade,Sudoeste,-23.717,-47.4142,21.94,28.33,16.79,79.77,20.45,9.38,17.94,0.53,1.91
2018-10-13,Piedade,Sudoeste,-23.717,-47.4142,23.37,28.17,19.26,84.96,16.22,7.64,20.47,3.62,1.93
2018-10-14,Piedade,Sudoeste,-23.717,-47.4142,20.61,26.61,16.39,81.66,14.46,6.83,17.08,3.87,2.31
2018-10-15,Piedade,Sudoeste,-23.717,-47.4142,19.27,26.53,16.05,83.46,13.07,6.2,16.2,12.52,2.39
2018-10-16,Piedade,Sudoeste,-23.717,-47.4142,21.27,28.54,15.99,80.08,19.01,8.84,17.33,1.76,2.37
2018-10-17,Piedade,Sudoeste,-23.717,-47.4142,23.73,29.88,18.37,81.03,17.45,8.17,19.93,19.56,1.24
2018-10-18,Piedade,Sudoeste,-23.717,-47.4142,23.08,26.45,20.56,89.8,20.89,9.67,21.24,7.67,1.37
2018-10-19,Piedade,Sudoeste,-23.717,-47.4142,20.14,24.43,15.61,85.25,12.99,6.19,17.44,5.03,3.64
2018-10-20,Piedade,Sudoeste,-23.717,-47.4142,17.19,22.9,13.57,71.94,26.91,11.94,11.64,0.11,4.09
2018-10-21,Piedade,Sudoeste,-23.717,-47.4142,17.68,24.75,13.23,72.63,25.42,11.41,12.11,0.0,3.31
2018-10-22,Piedade,Sudoeste,-23.717,-47.4142,20.2,28.78,12.72,73.64,26.7,12.15,14.68,0.0,1.88
2018-10-23,Piedade,Sudoeste,-23.717,-47.4142,22.37,30.21,15.75,74.78,23.56,10.86,17.08,1.09,1.98
2018-10-24,Piedade,Sudoeste,-23.717,-47.4142,19.03,23.67,16.81,85.5,6.64,3.36,16.43,11.71,3.5
2018-10-25,Piedade,Sudoeste,-23.717,-47.4142,19.8,24.85,16.61,87.52,7.05,3.67,17.56,6.76,1.86
2018-10-26,Piedade,Sudoeste,-23.717,-47.4142,22.01,27.72,17.23,83.05,12.88,6.32,18.69,1.2,1.12
2018-10-27,Piedade,Sudoeste,-23.717,-47.4142,22.77,27.29,18.43,82.56,16.18,7.66,19.38,4.87,3.04
2018-10-28,Piedade,Sudoeste,-23.717,-47.4142,17.72,23.44,13.22,75.73,23.07,10.44,12.91,1.51,3.53
2018-10-29,Piedade,Sudoeste,-23.717,-47.4142,18.41,26.45,12.2,72.88,22.23,10.11,12.76,0.03,2.44
2018-10-30,Piedade,Sudoeste,-23.717,-47.4142,21.05,30.13,13.07,69.8,28.59,12.85,14.17,0.0,1.96
2018-10-31,Piedade,Sudoeste,-23.717,-47.4142,23.28,31.41,15.53,77.72,22.3,10.21,18.52,1.46,1.91
2018-11-01,Piedade,Sudoeste,-23.717,-47.4142,23.14,27.59,18.67,82.85,16.9,7.85,19.82,1.19,2.03
2018-11-02,Piedade,Sudoeste,-23.717,-47.4142,22.62,30.14,16.96,72.77,23.99,11.03,16.93,0.13,2.63
2018-11-03,Piedade,Sudoeste,-23.717,-47.4142,24.99,32.59,17.39,71.81,22.03,10.28,18.76,4.76,2.4
2018-11-04,Piedade,Sudoeste,-23.717,-47.4142,20.27,24.38,16.01,77.58,18.85,8.78,15.98,0.67,3.36
2018-11-05,Piedade,Sudoeste,-23.717,-47.4142,19.95,27.56,14.71,69.54,15.26,7.15,13.62,0.02,3.73
2018-11-06,Piedade,Sudoeste,-23.717,-47.4142,20.88,27.08,16.03,73.52,16.27,7.67,15.61,0.19,2.4
2018-11-07,Piedade,Sudoeste,-23.717,-47.4142,18.96,22.62,16.39,83.22,19.26,9.0,15.96,0.81,3.81
2018-11-08,Piedade,Sudoeste,-23.717,-47.4142,18.58,22.93,15.76,79.3,13.1,6.38,14.7,1.28,4.3
2018-11-09,Piedade,Sudoeste,-23.717,-47.4142,20.81,27.25,15.39,75.58,14.49,6.92,15.86,0.83,2.25
2018-11-10,Piedade,Sudoeste,-23.717,-47.4142,22.44,29.82,16.65,74.72,13.92,6.73,17.05,2.97,1.82
2018-11-11,Piedade,Sudoeste,-23.717,-47.4142,23.27,31.2,17.58,75.25,23.05,10.64,17.95,1.32,1.8
2018-11-12,Piedade,Sudoeste,-23.717,-47.4142,24.28,32.86,17.1,69.44,26.76,12.25,17.28,0.24,2.08
2018-11-13,Piedade,Sudoeste,-23.717,-47.4142,26.08,33.7,18.04,66.97,26.57,12.22,18.45,0.2,1.64
2018-11-14,Piedade,Sudoeste,-23.717,-47.4142,26.85,32.76,20.85,69.0,21.61,10.03,20.05,1.38,2.59
2018-11-15,Piedade,Sudoeste,-23.717,-47.4142,25.38,32.14,19.31,73.54,20.69,9.64,19.64,1.86,1.67
2018-11-16,Piedade,Sudoeste,-23.717,-47.4142,22.75,32.65,16.55,67.51,24.15,10.95,15.62,0.29,3.8
2018-11-17,Piedade,Sudoeste,-23.717,-47.4142,23.35,31.42,15.98,67.27,23.18,10.59,16.24,1.64,2.11
2018-11-18,Piedade,Sudoeste,-23.717,-47.4142,23.61,30.15,19.89,80.12,11.82,5.79,19.56,13.47,3.23
2018-11-19,Piedade,Sudoeste,-23.717,-47.4142,18.09,21.58,14.46,84.6,10.12,5.09,15.35,29.43,3.64
2018-11-20,Piedade,Sudoeste,-23.717,-47.4142,18.13,24.09,13.63,76.04,16.78,7.87,13.56,0.36,3.6
2018-11-21,Piedade,Sudoeste,-23.717,-47.4142,20.06,26.83,14.21,77.31,16.49,7.75,15.64,0.16,2.9
2018-11-22,Piedade,Sudoeste,-23.717,-47.4142,21.92,27.35,16.24,78.92,22.41,10.37,17.74,0.96,1.79
2018-11-23,Piedade,Sudoeste,-23.717,-47.4142,23.38,28.87,18.13,80.61,20.46,9.51,19.42,23.17,2.67
2018-11-24,Piedade,Sudoeste,-23.717,-47.4142,21.55,24.57,19.14,89.24,11.33,5.61,19.62,13.65,3.91
2018-11-25,Piedade,Sudoeste,-23.717,-47.4142,20.91,24.33,17.46,87.74,18.21,8.55,18.7,14.27,2.2
2018-11-26,Piedade,Sudoeste,-23.717,-47.4142,19.49,24.9,15.22,75.71,25.76,11.75,14.72,0.7,3.52
2018-11-27,Piedade,Sudoeste,-23.717,-47.4142,20.48,27.43,14.94,76.08,26.4,12.06,15.78,0.17,2.25
2018-11-28,Piedade,Sudoeste,-23.717,-47.4142,22.04,28.24,16.5,77.8,25.98,11.86,17.56,0.93,1.64
2018-11-29,Piedade,Sudoeste,-23.717,-47.4142,23.3,28.9,18.02,75.25,22.06,10.19,18.18,0.49,1.47
2018-11-30,Piedade,Sudoeste,-23.717,-47.4142,23.61,28.89,19.33,78.89,22.89,10.75,19.33,25.7,1.35
2018-12-01,Piedade,Sudoeste,-23.717,-47.4142,23.05,27.26,20.38,88.0,15.09,7.29,20.79,30.96,1.95
2018-12-02,Piedade,Sudoeste,-23.717,-47.4142,21.87,26.93,17.59,81.61,23.26,10.7,18.29,1.66,3.06
2018-12-03,Piedade,Sudoeste,-23.717,-47.4142,20.72,26.8,16.31,78.18,21.72,10.02,16.44,0.18,2.75
2018-12-04,Piedade,Sudoeste,-23.717,-47.4142,22.6,28.41,15.1,73.65,27.72,12.7,17.19,0.01,1.35
2018-12-05,Piedade,Sudoeste,-23.717,-47.4142,23.61,29.81,18.13,71.42,28.33,12.93,17.62,0.73,1.94
2018-12-06,Piedade,Sudoeste,-23.717,-47.4142,21.98,29.79,14.97,70.79,28.82,13.05,15.86,0.17,2.38
2018-12-07,Piedade,Sudoeste,-23.717,-47.4142,20.8,27.66,16.26,75.41,21.86,10.04,15.9,1.08,3.13
2018-12-08,Piedade,Sudoeste,-23.717,-47.4142,17.93,23.73,12.99,71.35,22.15,10.03,12.22,0.45,4.05
2018-12-09,Piedade,Sudoeste,-23.717,-47.4142,19.76,28.52,11.0,68.06,31.3,14.02,12.7,0.01,1.52
2018-12-10,Piedade,Sudoeste,-23.717,-47.4142,22.61,29.96,14.27,67.27,29.36,13.39,15.4,0.0,1.77
2018-12-11,Piedade,Sudoeste,-23.717,-47.4142,24.94,31.23,17.01,60.44,29.49,13.48,15.98,0.01,1.35
2018-12-12,Piedade,Sudoeste,-23.717,-47.4142,26.11,33.48,18.12,57.79,30.54,14.04,16.12,0.34,1.82
2018-12-13,Piedade,Sudoeste,-23.717,-47.4142,26.42,33.57,19.01,62.01,28.26,12.93,17.62,1.33,1.23
2018-12-14,Piedade,Sudoeste,-23.717,-47.4142,26.25,31.36,21.3,66.25,30.07,13.85,18.74,0.95,1.38
2018-12-15,Piedade,Sudoeste,-23.717,-47.4142,26.76,33.35,20.38,66.57,28.67,13.25,19.2,4.82,1.39
2018-12-16,Piedade,Sudoeste,-23.717,-47.4142,26.72,33.9,20.17,67.97,28.33,13.15,19.13,3.85,1.12
2018-12-17,Piedade,Sudoeste,-23.717,-47.4142,26.12,30.65,21.34,76.39,28.96,13.48,21.24,9.09,1.53
2018-12-18,Piedade,Sudoeste,-23.717,-47.4142,25.49,31.03,21.77,82.02,25.09,11.71,21.89,10.06,1.83
2018-12-19,Piedade,Sudoeste,-23.717,-47.4142,23.9,27.95,20.44,84.17,21.24,9.97,20.88,5.62,1.08
2018-12-20,Piedade,Sudoeste,-23.717,-47.4142,25.65,29.72,20.58,75.61,27.47,12.84,20.73,2.5,1.24
2018-12-21,Piedade,Sudoeste,-23.717,-47.4142,25.91,30.96,21.86,75.43,22.17,10.34,21.01,4.18,1.39
2018-12-22,Piedade,Sudoeste,-23.717,-47.4142,24.88,28.98,21.55,81.07,24.77,11.52,21.14,11.26,1.39
2018-12-23,Piedade,Sudoeste,-23.717,-47.4142,23.4,26.46,20.88,86.16,18.49,8.79,20.84,8.73,0.92
2018-12-24,Piedade,Sudoeste,-23.717,-47.4142,22.67,27.27,19.04,85.45,13.3,6.55,19.92,14.02,2.29
2018-12-25,Piedade,Sudoeste,-23.717,-47.4142,21.78,27.12,18.13,79.85,17.72,8.45,17.85,0.66,2.71
2018-12-26,Piedade,Sudoeste,-23.717,-47.4142,22.08,27.95,17.5,79.17,24.43,11.27,18.03,0.61,2.07
2018-12-27,Piedade,Sudoeste,-23.717,-47.4142,22.85,29.21,17.19,77.87,26.64,12.26,18.31,0.32,1.55
2018-12-28,Piedade,Sudoeste,-23.717,-47.4142,24.05,30.03,18.7,76.85,26.35,12.21,19.2,1.81,1.31
2018-12-29,Piedade,Sudoeste,-23.717,-47.4142,24.44,31.62,18.65,72.48,28.69,13.19,18.25,0.25,1.4
2018-12-30,Piedade,Sudoeste,-23.717,-47.4142,25.12,32.54,18.53,70.86,30.0,13.71,18.56,0.02,1.55
2018-12-31,Piedade,Sudoeste,-23.717,-47.4142,25.47,33.73,18.66,66.32,30.49,13.91,17.17,0.01,1.67
2019-01-01,Piedade,Sudoeste,-23.717,-47.4142,25.32,32.7,19.37,73.55,24.55,11.34,19.46,2.94,1.85
2019-01-02,Piedade,Sudoeste,-23.717,-47.4142,25.88,31.7,20.36,75.01,21.5,10.13,20.54,2.83,1.85
2019-01-03,Piedade,Sudoeste,-23.717,-47.4142,26.16,31.86,21.23,76.59,22.99,10.83,21.16,8.45,2.28
2019-01-04,Piedade,Sudoeste,-23.717,-47.4142,24.27,26.63,22.55,90.23,17.42,8.27,22.52,20.63,1.62
2019-01-05,Piedade,Sudoeste,-23.717,-47.4142,22.4,26.95,19.52,89.9,9.82,5.01,20.59,32.19,1.82
2019-01-06,Piedade,Sudoeste,-23.717,-47.4142,23.46,27.6,20.32,84.61,17.5,8.47,20.55,4.42,1.84
2019-01-07,Piedade,Sudoeste,-23.717,-47.4142,24.9,30.24,19.73,79.92,29.49,13.6,20.84,1.57,2.43
2019-01-08,Piedade,Sudoeste,-23.717,-47.4142,25.13,29.6,20.94,80.63,23.47,10.88,21.29,3.7,1.18
2019-01-09,Piedade,Sudoeste,-23.717,-47.4142,25.18,31.0,20.98,78.37,27.96,12.91,20.69,1.01,0.98
2019-01-10,Piedade,Sudoeste,-23.717,-47.4142,24.91,30.19,19.57,73.09,28.48,13.14,19.17,2.56,2.14
2019-01-11,Piedade,Sudoeste,-23.717,-47.4142,23.65,27.67,20.04,82.28,25.09,11.67,20.3,8.0,1.07
2019-01-12,Piedade,Sudoeste,-23.717,-47.4142,23.92,28.68,20.31,83.34,28.44,13.15,20.61,2.91,1.36
2019-01-13,Piedade,Sudoeste,-23.717,-47.4142,24.27,29.38,19.72,80.29,24.41,11.37,20.32,0.19,1.23
2019-01-14,Piedade,Sudoeste,-23.717,-47.4142,25.29,29.61,20.78,76.89,23.44,10.97,20.69,0.61,1.45
2019-01-15,Piedade,Sudoeste,-23.717,-47.4142,25.89,30.08,22.03,74.99,23.58,11.05,20.85,2.24,1.1
2019-01-16,Piedade,Sudoeste,-23.717,-47.4142,24.42,27.91,21.58,85.6,20.69,9.59,21.76,7.24,1.39
2019-01-17,Piedade,Sudoeste,-23.717,-47.4142,24.75,29.32,19.55,79.38,23.06,10.86,20.65,2.22,0.83
2019-01-18,Piedade,Sudoeste,-23.717,-47.4142,25.32,30.9,20.83,79.39,25.15,11.78,21.03,5.38,1.23
2019-01-19,Piedade,Sudoeste,-23.717,-47.4142,25.15,29.96,20.84,81.45,28.36,13.07,21.44,3.39,1.24
2019-01-20,Piedade,Sudoeste,-23.717,-47.4142,24.92,30.02,21.03,83.04,24.03,11.17,21.52,9.06,1.1
2019-01-21,Piedade,Sudoeste,-23.717,-47.4142,26.44,31.71,20.98,75.3,28.33,13.19,21.23,1.98,1.41
2019-01-22,Piedade,Sudoeste,-23.717,-47.4142,25.8,31.1,20.88,78.76,24.64,11.45,21.47,1.53,1.28
2019-01-23,Piedade,Sudoeste,-23.717,-47.4142,25.59,31.03,21.14,80.97,24.29,11.33,21.77,7.8,1.62
2019-01-24,Piedade,Sudoeste,-23.717,-47.4142,24.52,28.48,20.45,83.77,23.22,10.78,21.37,7.6,1.3
2019-01-25,Piedade,Sudoeste,-23.717,-47.4142,23.45,29.6,18.68,84.89,16.32,7.95,20.5,29.58,1.8
2019-01-26,Piedade,Sudoeste,-23.717,-47.4142,21.56,25.24,17.12,85.66,27.68,12.59,18.89,6.42,1.18
2019-01-27,Piedade,Sudoeste,-23.717,-47.4142,23.61,29.11,17.98,77.65,24.84,11.56,19.05,1.7,1.77
2019-01-28,Piedade,Sudoeste,-23.717,-47.4142,25.48,31.14,19.39,67.77,30.04,13.65,18.51,0.01,1.09
2019-01-29,Piedade,Sudoeste,-23.717,-47.4142,25.96,32.32,19.72,70.19,28.91,13.3,19.49,0.84,1.08
2019-01-30,Piedade,Sudoeste,-23.717,-47.4142,25.53,31.98,19.97,73.29,28.38,13.06,19.97,5.08,1.34
2019-01-31,Piedade,Sudoeste,-23.717,-47.4142,26.76,34.22,20.27,64.16,28.74,13.22,18.59,0.02,0.92
2019-02-01,Piedade,Sudoeste,-23.717,-47.4142,26.05,34.11,18.55,62.65,29.65,13.45,17.23,0.02,1.35
2019-02-02,Piedade,Sudoeste,-23.717,-47.4142,26.09,34.6,18.14,63.6,29.89,13.61,17.36,0.09,1.32
2019-02-03,Piedade,Sudoeste,-23.717,-47.4142,24.44,32.02,20.01,73.88,24.07,11.19,18.76,6.66,2.69
2019-02-04,Piedade,Sudoeste,-23.717,-47.4142,21.29,25.4,17.96,83.06,12.75,6.21,18.13,5.76,3.6
2019-02-05,Piedade,Sudoeste,-23.717,-47.4142,21.2,27.6,17.47,80.41,14.89,7.08,17.39,4.24,3.02
2019-02-06,Piedade,Sudoeste,-23.717,-47.4142,20.7,26.15,17.26,86.51,8.67,4.52,18.19,24.12,1.69
2019-02-07,Piedade,Sudoeste,-23.717,-47.4142,21.85,28.35,16.37,79.06,24.7,11.26,17.53,0.6,1.48
2019-02-08,Piedade,Sudoeste,-23.717,-47.4142,22.99,30.13,16.67,73.84,29.07,13.15,17.26,0.01,1.58
2019-02-09,Piedade,Sudoeste,-23.717,-47.4142,23.85,31.58,17.4,70.03,29.53,13.47,16.95,0.01,1.56
2019-02-10,Piedade,Sudoeste,-23.717,-47.4142,24.97,32.52,17.27,69.05,25.8,11.81,17.84,0.0,1.31
2019-02-11,Piedade,Sudoeste,-23.717,-47.4142,25.05,29.96,21.12,77.4,21.13,9.92,20.56,10.24,1.81
2019-02-12,Piedade,Sudoeste,-23.717,-47.4142,24.3,28.54,21.32,86.22,15.99,7.6,21.65,19.36,1.92
2019-02-13,Piedade,Sudoeste,-23.717,-47.4142,20.91,25.91,16.79,81.63,11.66,5.75,17.46,2.77,4.14
2019-02-14,Piedade,Sudoeste,-23.717,-47.4142,20.27,26.04,15.54,78.88,14.72,7.06,16.18,0.22,2.41
2019-02-15,Piedade,Sudoeste,-23.717,-47.4142,21.12,26.86,15.98,86.74,7.68,3.88,18.67,37.56,1.46
2019-02-16,Piedade,Sudoeste,-23.717,-47.4142,22.18,25.18,19.63,90.64,11.92,5.84,20.52,19.52,1.55
2019-02-17,Piedade,Sudoeste,-23.717,-47.4142,22.6,27.7,18.08,84.57,14.33,6.8,19.65,2.12,0.96
2019-02-18,Piedade,Sudoeste,-23.717,-47.4142,21.85,25.46,19.38,87.65,17.86,8.42,19.61,2.62,1.07
2019-02-19,Piedade,Sudoeste,-23.717,-47.4142,23.37,28.7,18.85,80.83,24.29,11.25,19.58,0.96,2.13
2019-02-20,Piedade,Sudoeste,-23.717,-47.4142,22.77,27.65,18.63,84.76,18.56,8.8,19.85,7.62,1.47
2019-02-21,Piedade,Sudoeste,-23.717,-47.4142,22.94,27.09,19.94,87.37,17.2,8.18,20.58,8.22,1.39
2019-02-22,Piedade,Sudoeste,-23.717,-47.4142,23.58,27.65,20.7,87.43,18.93,8.99,21.21,6.04,1.76
2019-02-23,Piedade,Sudoeste,-23.717,-47.4142,23.97,28.27,19.06,84.18,24.21,11.29,20.94,1.67,1.71
2019-02-24,Piedade,Sudoeste,-23.717,-47.4142,24.47,28.88,20.75,85.4,25.93,12.05,21.67,1.41,1.68
2019-02-25,Piedade,Sudoeste,-23.717,-47.4142,24.13,28.37,20.51,87.3,18.59,8.85,21.77,29.28,1.66
2019-02-26,Piedade,Sudoeste,-23.717,-47.4142,22.9,26.54,20.1,87.83,9.78,4.82,20.66,18.16,1.18
2019-02-27,Piedade,Sudoeste,-23.717,-47.4142,22.02,26.11,18.76,87.98,12.28,6.03,19.8,12.56,1.23
2019-02-28,Piedade,Sudoeste,-23.717,-47.4142,21.27,23.55,19.8,92.87,7.07,3.67,20.05,15.58,1.03
2019-03-01,Piedade,Sudoeste,-23.717,-47.4142,22.2,25.72,19.38,87.3,9.61,4.8,19.83,4.58,1.22
2019-03-02,Piedade,Sudoeste,-23.717,-47.4142,22.74,27.11,19.75,89.85,15.81,7.49,20.9,21.28,1.87
2019-03-03,Piedade,Sudoeste,-23.717,-47.4142,22.68,27.08,20.06,88.81,19.99,9.25,20.61,9.38,0.95
2019-03-04,Piedade,Sudoeste,-23.717,-47.4142,22.43,27.21,18.1,86.64,20.36,9.43,19.92,2.68,1.49
2019-03-05,Piedade,Sudoeste,-23.717,-47.4142,23.16,27.89,18.94,82.39,21.89,10.12,19.74,3.04,1.38
2019-03-06,Piedade,Sudoeste,-23.717,-47.4142,23.49,28.67,18.32,80.27,24.25,11.23,19.59,4.21,1.1
2019-03-07,Piedade,Sudoeste,-23.717,-47.4142,22.89,26.73,19.74,87.08,16.36,7.74,20.55,4.58,1.75
2019-03-08,Piedade,Sudoeste,-23.717,-47.4142,24.1,28.64,19.53,82.81,22.61,10.64,20.77,0.29,1.66
2019-03-09,Piedade,Sudoeste,-23.717,-47.4142,24.51,28.16,21.53,84.12,22.81,10.69,21.45,3.59,0.74
2019-03-10,Piedade,Sudoeste,-23.717,-47.4142,22.5,26.05,19.68,90.28,18.86,8.8,20.78,17.77,2.38
2019-03-11,Piedade,Sudoeste,-23.717,-47.4142,21.88,27.29,18.79,86.14,14.04,6.77,19.29,5.12,2.93
2019-03-12,Piedade,Sudoeste,-23.717,-47.4142,22.69,26.64,19.14,85.08,22.81,10.58,19.9,1.87,1.26
2019-03-13,Piedade,Sudoeste,-23.717,-47.4142,23.2,27.47,19.61,86.67,19.44,9.12,20.72,4.11,1.79
2019-03-14,Piedade,Sudoeste,-23.717,-47.4142,22.96,26.59,20.32,91.58,18.96,8.91,21.44,12.54,1.4
2019-03-15,Piedade,Sudoeste,-23.717,-47.4142,23.09,26.72,20.47,88.27,15.62,7.44,20.92,6.8,0.92
2019-03-16,Piedade,Sudoeste,-23.717,-47.4142,23.09,27.49,19.92,86.75,16.75,7.93,20.61,9.81,2.08
2019-03-17,Piedade,Sudoeste,-23.717,-47.4142,23.72,28.11,20.08,87.67,16.8,7.95,21.4,4.44,1.29
2019-03-18,Piedade,Sudoeste,-23.717,-47.4142,24.11,28.91,20.88,86.66,17.07,7.97,21.57,4.1,1.33
2019-03-19,Piedade,Sudoeste,-23.717,-47.4142,24.0,28.69,20.77,88.45,19.69,9.13,21.82,7.73,1.79
2019-03-20,Piedade,Sudoeste,-23.717,-47.4142,22.02,26.44,19.3,86.25,18.19,8.51,19.45,3.06,2.16
2019-03-21,Piedade,Sudoeste,-23.717,-47.4142,19.22,22.1,17.41,88.22,8.1,4.05,17.15,2.93,3.26
2019-03-22,Piedade,Sudoeste,-23.717,-47.4142,19.72,24.59,16.54,84.56,14.14,6.63,16.87,0.45,2.92
2019-03-23,Piedade,Sudoeste,-23.717,-47.4142,20.73,26.96,15.35,81.72,23.43,10.7,17.2,0.01,1.62
2019-03-24,Piedade,Sudoeste,-23.717,-47.4142,21.59,28.0,16.38,82.17,23.11,10.45,18.0,0.04,1.36
2019-03-25,Piedade,Sudoeste,-23.717,-47.4142,22.59,28.68,16.69,78.17,23.31,10.65,18.09,0.03,1.16
2019-03-26,Piedade,Sudoeste,-23.717,-47.4142,22.73,28.96,17.84,81.84,21.51,9.74,19.03,0.44,1.67
2019-03-27,Piedade,Sudoeste,-23.717,-47.4142,22.17,27.79,18.14,83.51,18.82,8.65,18.96,0.83,1.97
2019-03-28,Piedade,Sudoeste,-23.717,-47.4142,21.36,27.08,17.54,85.27,17.82,8.25,18.57,1.5,2.12
2019-03-29,Piedade,Sudoeste,-23.717,-47.4142,20.72,26.15,17.21,82.58,20.09,9.28,17.41,0.73,2.8
2019-03-30,Piedade,Sudoeste,-23.717,-47.4142,20.3,26.4,15.62,82.54,21.3,9.65,16.88,0.02,1.82
2019-03-31,Piedade,Sudoeste,-23.717,-47.4142,21.01,27.4,16.0,81.92,22.86,10.36,17.41,0.0,1.54
2019-04-01,Piedade,Sudoeste,-23.717,-47.4142,20.36,26.29,16.21,83.11,22.52,10.36,17.07,0.0,1.96
2019-04-02,Piedade,Sudoeste,-23.717,-47.4142,20.23,27.2,14.59,80.69,22.83,10.37,16.28,0.0,1.52
2019-04-03,Piedade,Sudoeste,-23.717,-47.4142,22.35,28.78,16.2,76.72,20.53,9.46,17.52,0.01,0.82
2019-04-04,Piedade,Sudoeste,-23.717,-47.4142,24.0,29.86,17.5,71.74,21.39,9.86,18.2,0.0,1.19
2019-04-05,Piedade,Sudoeste,-23.717,-47.4142,24.45,29.53,20.79,80.1,17.74,8.27,20.55,0.95,1.82
2019-04-06,Piedade,Sudoeste,-23.717,-47.4142,23.67,28.72,20.46,87.39,14.92,7.04,21.3,20.7,0.9
2019-04-07,Piedade,Sudoeste,-23.717,-47.4142,22.8,26.55,20.15,91.35,10.95,5.32,21.25,15.57,1.44
2019-04-08,Piedade,Sudoeste,-23.717,-47.4142,21.02,24.71,17.48,90.82,4.72,2.48,19.4,33.51,2.89
2019-04-09,Piedade,Sudoeste,-23.717,-47.4142,19.05,24.22,16.22,88.04,11.42,5.4,16.9,3.69,3.09
2019-04-10,Piedade,Sudoeste,-23.717,-47.4142,19.06,24.86,15.16,86.86,17.35,7.94,16.62,0.88,2.39
2019-04-11,Piedade,Sudoeste,-23.717,-47.4142,20.76,26.46,16.03,86.11,19.72,9.0,18.15,0.01,1.16
2019-04-12,Piedade,Sudoeste,-23.717,-47.4142,21.61,27.5,16.79,81.78,19.08,8.69,18.01,0.01,1.01
2019-04-13,Piedade,Sudoeste,-23.717,-47.4142,21.99,27.71,17.53,84.86,16.56,7.71,19.04,0.34,1.19
2019-04-14,Piedade,Sudoeste,-23.717,-47.4142,20.87,24.27,17.93,90.82,9.26,4.46,19.28,3.61,1.51
2019-04-15,Piedade,Sudoeste,-23.717,-47.4142,21.33,27.53,16.71,86.09,17.11,7.95,18.72,0.39,2.4
2019-04-16,Piedade,Sudoeste,-23.717,-47.4142,21.98,27.18,17.57,87.63,14.33,6.71,19.67,6.24,1.47
2019-04-17,Piedade,Sudoeste,-23.717,-47.4142,21.22,26.65,17.22,85.67,18.55,8.41,18.44,0.54,1.3
2019-04-18,Piedade,Sudoeste,-23.717,-47.4142,19.46,25.72,14.78,82.76,21.26,9.46,16.04,0.14,1.33
2019-04-19,Piedade,Sudoeste,-23.717,-47.4142,19.62,25.97,14.14,75.48,21.97,9.7,14.64,0.02,0.97
2019-04-20,Piedade,Sudoeste,-23.717,-47.4142,20.78,26.83,14.0,69.72,20.61,9.4,14.8,0.04,1.34
2019-04-21,Piedade,Sudoeste,-23.717,-47.4142,21.92,27.85,15.92,73.69,18.42,8.45,16.78,0.07,1.49
2019-04-22,Piedade,Sudoeste,-23.717,-47.4142,22.07,27.7,17.55,78.13,13.51,6.23,17.77,0.08,1.08
2019-04-23,Piedade,Sudoeste,-23.717,-47.4142,22.16,27.56,18.41,86.18,11.97,5.63,19.47,2.42,1.44
2019-04-24,Piedade,Sudoeste,-23.717,-47.4142,22.41,27.58,18.55,86.09,16.68,7.77,19.72,0.72,1.17
2019-04-25,Piedade,Sudoeste,-23.717,-47.4142,22.81,28.23,18.81,87.24,15.34,7.08,20.36,4.54,1.12
2019-04-26,Piedade,Sudoeste,-23.717,-47.4142,22.28,27.08,19.1,89.51,11.55,5.44,20.33,1.88,0.93
2019-04-27,Piedade,Sudoeste,-23.717,-47.4142,23.03,27.9,19.1,83.2,17.25,7.99,19.78,0.11,1.62
2019-04-28,Piedade,Sudoeste,-23.717,-47.4142,22.42,27.82,17.81,83.33,14.61,6.76,19.23,18.94,2.65
2019-04-29,Piedade,Sudoeste,-23.717,-47.4142,18.89,24.81,13.84,86.59,15.62,7.16,16.36,3.86,1.12
2019-04-30,Piedade,Sudoeste,-23.717,-47.4142,19.55,25.29,15.16,83.73,17.96,8.08,16.44,0.03,0.96
2019-05-01,Piedade,Sudoeste,-23.717,-47.4142,19.99,25.02,15.26,79.47,16.21,7.41,16.13,0.01,0.98
2019-05-02,Piedade,Sudoeste,-23.717,-47.4142,21.78,26.85,16.22,72.2,13.11,6.07,16.35,0.02,1.17
2019-05-03,Piedade,Sudoeste,-23.717,-47.4142,22.66,27.75,17.54,80.12,15.89,7.28,18.84,0.01,0.97
2019-05-04,Piedade,Sudoeste,-23.717,-47.4142,22.78,28.62,18.67,80.76,14.04,6.44,19.05,0.02,1.29
2019-05-05,Piedade,Sudoeste,-23.717,-47.4142,22.15,26.67,17.45,81.15,16.43,7.46,18.58,1.0,1.09
2019-05-06,Piedade,Sudoeste,-23.717,-47.4142,22.61,27.1,17.79,81.74,15.82,7.29,19.18,1.02,1.12
2019-05-07,Piedade,Sudoeste,-23.717,-47.4142,20.73,25.07,17.36,87.79,9.93,4.75,18.57,2.99,1.97
2019-05-08,Piedade,Sudoeste,-23.717,-47.4142,19.2,24.63,16.15,85.18,12.6,5.8,16.47,0.66,2.45
2019-05-09,Piedade,Sudoeste,-23.717,-47.4142,19.62,24.82,15.9,84.88,12.76,5.85,16.84,0.14,1.79
2019-05-10,Piedade,Sudoeste,-23.717,-47.4142,21.28,26.8,16.28,84.38,13.96,6.48,18.35,0.01,1.24
2019-05-11,Piedade,Sudoeste,-23.717,-47.4142,22.38,27.61,18.32,84.82,9.54,4.5,19.49,0.2,1.59
2019-05-12,Piedade,Sudoeste,-23.717,-47.4142,22.43,27.2,18.93,86.32,11.88,5.51,19.85,0.87,1.37
2019-05-13,Piedade,Sudoeste,-23.717,-47.4142,21.75,26.63,18.83,87.06,14.77,6.81,19.34,0.26,1.25
2019-05-14,Piedade,Sudoeste,-23.717,-47.4142,21.12,26.52,15.42,86.33,11.63,5.36,18.55,1.32,1.66
2019-05-15,Piedade,Sudoeste,-23.717,-47.4142,18.66,23.8,15.54,86.97,12.38,5.67,16.31,3.88,3.33
2019-05-16,Piedade,Sudoeste,-23.717,-47.4142,18.25,21.72,16.58,89.92,9.47,4.49,16.51,3.24,3.32
2019-05-17,Piedade,Sudoeste,-23.717,-47.4142,18.48,21.94,16.31,89.31,6.13,3.05,16.6,10.14,2.82
2019-05-18,Piedade,Sudoeste,-23.717,-47.4142,18.36,21.74,16.27,91.61,7.8,3.81,16.92,11.6,1.6
2019-05-19,Piedade,Sudoeste,-23.717,-47.4142,18.63,23.28,15.27,86.71,9.69,4.48,16.2,0.29,1.07
2019-05-20,Piedade,Sudoeste,-23.717,-47.4142,18.37,23.67,14.0,85.37,11.34,5.19,15.62,0.32,1.01
2019-05-21,Piedade,Sudoeste,-23.717,-47.4142,18.3,24.84,12.34,78.16,15.11,6.81,14.07,0.01,1.5
2019-05-22,Piedade,Sudoeste,-23.717,-47.4142,18.6,24.68,12.28,71.84,16.71,7.53,12.88,0.03,1.12
2019-05-23,Piedade,Sudoeste,-23.717,-47.4142,19.33,25.01,13.63,68.61,12.85,5.87,13.14,0.04,1.38
2019-05-24,Piedade,Sudoeste,-23.717,-47.4142,17.87,21.41,13.8,84.43,4.78,2.37,15.19,2.27,2.41
2019-05-25,Piedade,Sudoeste,-23.717,-47.4142,14.43,20.24,8.98,82.97,13.53,6.03,11.37,0.01,1.83
2019-05-26,Piedade,Sudoeste,-23.717,-47.4142,15.77,23.03,10.85,81.26,16.48,7.31,12.22,0.03,1.15
2019-05-27,Piedade,Sudoeste,-23.717,-47.4142,17.33,24.81,10.57,69.64,16.57,7.42,11.04,0.03,1.25
2019-05-28,Piedade,Sudoeste,-23.717,-47.4142,18.74,26.64,11.4,67.15,14.89,6.77,12.28,0.23,1.9
2019-05-29,Piedade,Sudoeste,-23.717,-47.4142,19.73,24.97,15.72,87.01,11.73,5.43,17.39,13.44,1.1
2019-05-30,Piedade,Sudoeste,-23.717,-47.4142,20.8,26.68,16.11,84.37,10.48,4.87,17.84,2.18,1.68
2019-05-31,Piedade,Sudoeste,-23.717,-47.4142,20.79,27.06,16.02,81.72,10.87,5.01,17.25,1.28,2.73
2019-06-01,Piedade,Sudoeste,-23.717,-47.4142,20.46,24.75,16.67,88.67,7.82,3.73,18.42,10.5,1.16
2019-06-02,Piedade,Sudoeste,-23.717,-47.4142,19.28,22.19,17.47,91.77,2.56,1.35,17.86,14.78,1.24
2019-06-03,Piedade,Sudoeste,-23.717,-47.4142,17.31,20.81,13.77,92.19,6.56,3.13,16.0,7.4,1.2
2019-06-04,Piedade,Sudoeste,-23.717,-47.4142,14.36,18.54,10.77,82.54,14.75,6.6,11.21,0.05,2.62
2019-06-05,Piedade,Sudoeste,-23.717,-47.4142,14.3,20.16,9.93,85.67,11.63,5.25,11.76,0.07,2.29
2019-06-06,Piedade,Sudoeste,-23.717,-47.4142,15.51,21.53,11.06,84.29,13.78,6.18,12.8,0.02,1.57
2019-06-07,Piedade,Sudoeste,-23.717,-47.4142,15.6,22.37,9.33,76.74,16.09,7.1,11.25,0.0,1.65
2019-06-08,Piedade,Sudoeste,-23.717,-47.4142,15.84,22.03,11.43,75.09,13.1,5.76,11.14,0.02,0.89
2019-06-09,Piedade,Sudoeste,-23.717,-47.4142,14.56,22.12,9.13,78.84,15.63,6.9,10.29,0.01,2.02
2019-06-10,Piedade,Sudoeste,-23.717,-47.4142,16.23,23.3,11.36,82.46,15.67,6.89,12.96,0.01,1.31
2019-06-11,Piedade,Sudoeste,-23.717,-47.4142,16.76,23.67,11.11,75.44,15.16,6.83,11.92,0.02,1.03
2019-06-12,Piedade,Sudoeste,-23.717,-47.4142,17.9,24.53,11.63,71.22,14.45,6.46,12.23,0.01,1.24
2019-06-13,Piedade,Sudoeste,-23.717,-47.4142,19.02,25.38,13.01,74.78,14.77,6.63,14.06,0.0,1.22
2019-06-14,Piedade,Sudoeste,-23.717,-47.4142,19.51,26.09,13.73,73.84,14.96,6.76,14.27,0.02,1.17
2019-06-15,Piedade,Sudoeste,-23.717,-47.4142,19.17,25.85,13.69,76.11,14.62,6.56,14.32,0.0,1.13
2019-06-16,Piedade,Sudoeste,-23.717,-47.4142,19.06,25.48,14.27,79.85,14.48,6.5,14.92,0.0,1.04
2019-06-17,Piedade,Sudoeste,-23.717,-47.4142,18.03,24.38,13.09,82.82,12.21,5.46,14.76,0.4,1.53
2019-06-18,Piedade,Sudoeste,-23.717,-47.4142,18.5,23.96,13.58,76.02,10.92,4.9,13.71,0.06,1.12
2019-06-19,Piedade,Sudoeste,-23.717,-47.4142,18.35,24.75,12.45,74.0,13.71,6.09,13.26,0.0,1.44
2019-06-20,Piedade,Sudoeste,-23.717,-47.4142,18.72,24.47,15.05,78.03,13.16,5.94,14.6,0.01,1.45
2019-06-21,Piedade,Sudoeste,-23.717,-47.4142,17.47,23.63,13.08,83.45,14.44,6.5,14.28,0.02,1.89
2019-06-22,Piedade,Sudoeste,-23.717,-47.4142,18.15,24.47,13.13,81.86,14.34,6.45,14.66,0.02,1.24
2019-06-23,Piedade,Sudoeste,-23.717,-47.4142,17.76,24.4,12.69,74.51,15.56,6.9,12.61,0.0,1.48
2019-06-24,Piedade,Sudoeste,-23.717,-47.4142,17.31,24.86,11.35,75.07,15.76,6.99,12.44,0.0,1.6
2019-06-25,Piedade,Sudoeste,-23.717,-47.4142,17.89,25.85,10.76,74.07,14.34,6.4,12.74,0.01,2.12
2019-06-26,Piedade,Sudoeste,-23.717,-47.4142,19.61,26.71,13.12,71.08,14.45,6.46,13.57,0.43,2.1
2019-06-27,Piedade,Sudoeste,-23.717,-47.4142,19.08,24.56,15.35,82.76,13.19,5.91,15.71,1.13,1.11
2019-06-28,Piedade,Sudoeste,-23.717,-47.4142,20.19,26.96,15.74,75.96,13.04,5.95,15.25,0.01,1.45
2019-06-29,Piedade,Sudoeste,-23.717,-47.4142,19.79,27.0,14.26,69.57,15.51,6.98,13.46,0.0,1.93
2019-06-30,Piedade,Sudoeste,-23.717,-47.4142,19.33,27.06,12.83,72.04,15.38,6.96,13.68,0.01,2.1
2019-07-01,Piedade,Sudoeste,-23.717,-47.4142,19.6,26.93,12.31,72.51,13.86,6.26,14.03,0.03,1.83
2019-07-02,Piedade,Sudoeste,-23.717,-47.4142,19.68,26.49,15.39,71.82,12.38,5.53,13.93,0.13,1.62
2019-07-03,Piedade,Sudoeste,-23.717,-47.4142,19.74,27.05,13.58,71.4,11.52,5.14,13.76,1.34,2.38
2019-07-04,Piedade,Sudoeste,-23.717,-47.4142,16.63,18.15,13.67,94.58,2.65,1.39,15.74,61.47,1.43
2019-07-05,Piedade,Sudoeste,-23.717,-47.4142,12.64,15.44,8.61,89.95,3.88,1.93,11.01,13.39,2.15
2019-07-06,Piedade,Sudoeste,-23.717,-47.4142,8.44,14.44,3.48,74.61,16.45,6.97,3.33,0.01,1.74
2019-07-07,Piedade,Sudoeste,-23.717,-47.4142,7.9,15.1,2.66,83.85,15.81,6.8,5.14,0.15,2.38
2019-07-08,Piedade,Sudoeste,-23.717,-47.4142,11.25,19.31,5.47,80.43,16.52,7.12,7.64,0.04,1.73
2019-07-09,Piedade,Sudoeste,-23.717,-47.4142,13.09,21.06,7.51,80.07,16.27,7.02,9.12,0.15,1.3
2019-07-10,Piedade,Sudoeste,-23.717,-47.4142,14.14,21.04,8.25,75.34,16.42,7.07,9.37,0.37,1.18
2019-07-11,Piedade,Sudoeste,-23.717,-47.4142,14.5,21.75,7.15,65.89,16.44,7.11,7.81,0.03,1.36
2019-07-12,Piedade,Sudoeste,-23.717,-47.4142,15.55,22.63,8.89,62.3,16.82,7.27,8.02,0.03,1.2
2019-07-13,Piedade,Sudoeste,-23.717,-47.4142,17.45,24.65,10.73,63.84,16.16,7.05,10.28,0.02,1.32
2019-07-14,Piedade,Sudoeste,-23.717,-47.4142,18.33,25.16,12.58,65.25,15.9,7.03,11.46,0.02,1.41
2019-07-15,Piedade,Sudoeste,-23.717,-47.4142,18.34,25.12,12.32,75.33,12.75,5.7,13.42,2.35,1.28
2019-07-16,Piedade,Sudoeste,-23.717,-47.4142,13.75,18.61,5.96,83.18,10.81,4.74,10.71,2.58,2.27
2019-07-17,Piedade,Sudoeste,-23.717,-47.4142,11.64,17.19,6.76,83.54,10.6,4.75,8.73,0.61,2.5
2019-07-18,Piedade,Sudoeste,-23.717,-47.4142,13.69,20.06,9.24,84.15,16.29,7.19,10.68,0.33,2.31
2019-07-19,Piedade,Sudoeste,-23.717,-47.4142,15.14,21.48,10.29,78.3,14.48,6.42,10.92,0.02,1.53
2019-07-20,Piedade,Sudoeste,-23.717,-47.4142,15.6,22.74,10.05,74.2,15.65,6.93,10.58,0.0,1.45
2019-07-21,Piedade,Sudoeste,-23.717,-47.4142,16.26,23.1,9.88,74.9,15.11,6.65,11.41,0.0,2.04
2019-07-22,Piedade,Sudoeste,-23.717,-47.4142,17.79,24.13,12.49,74.02,15.23,6.89,12.76,0.0,2.29
2019-07-23,Piedade,Sudoeste,-23.717,-47.4142,18.4,25.07,11.75,68.79,16.96,7.59,12.12,0.0,1.66
2019-07-24,Piedade,Sudoeste,-23.717,-47.4142,17.85,25.49,10.89,72.25,17.13,7.63,12.27,0.0,1.32
2019-07-25,Piedade,Sudoeste,-23.717,-47.4142,18.29,25.88,13.25,75.71,12.71,5.73,13.5,0.0,1.74
2019-07-26,Piedade,Sudoeste,-23.717,-47.4142,19.55,26.11,13.94,73.04,15.86,7.1,13.92,0.03,1.46
2019-07-27,Piedade,Sudoeste,-23.717,-47.4142,19.0,26.48,12.85,71.45,15.74,7.06,12.89,0.03,1.55
2019-07-28,Piedade,Sudoeste,-23.717,-47.4142,17.57,23.26,14.1,83.85,15.24,6.85,14.54,0.31,2.52
2019-07-29,Piedade,Sudoeste,-23.717,-47.4142,18.08,25.18,13.03,76.29,16.46,7.35,13.12,0.08,1.4
2019-07-30,Piedade,Sudoeste,-23.717,-47.4142,18.23,25.35,12.63,73.05,15.46,6.94,12.72,4.35,1.4
2019-07-31,Piedade,Sudoeste,-23.717,-47.4142,18.11,24.9,13.08,69.35,16.92,7.51,11.8,0.1,1.1
2019-08-01,Piedade,Sudoeste,-23.717,-47.4142,18.58,26.69,10.9,68.33,18.02,7.95,11.77,0.02,1.78
2019-08-02,Piedade,Sudoeste,-23.717,-47.4142,18.99,28.08,12.11,68.02,14.34,6.4,12.34,0.44,2.44
2019-08-03,Piedade,Sudoeste,-23.717,-47.4142,11.47,14.48,9.08,82.49,6.49,3.07,8.51,2.24,2.94
2019-08-04,Piedade,Sudoeste,-23.717,-47.4142,10.85,13.36,9.53,82.39,5.06,2.46,7.89,0.54,3.52
2019-08-05,Piedade,Sudoeste,-23.717,-47.4142,13.9,20.34,9.41,81.68,11.93,5.48,10.51,0.67,2.76
2019-08-06,Piedade,Sudoeste,-23.717,-47.4142,17.55,24.98,10.87,77.76,16.79,7.5,13.07,0.04,1.7
2019-08-07,Piedade,Sudoeste,-23.717,-47.4142,19.52,25.89,12.74,74.03,17.14,7.78,14.29,0.0,1.79
2019-08-08,Piedade,Sudoeste,-23.717,-47.4142,20.15,27.27,14.06,70.25,17.84,8.12,13.99,0.0,1.23
2019-08-09,Piedade,Sudoeste,-23.717,-47.4142,21.04,28.12,13.6,60.91,18.74,8.46,12.38,0.0,1.47
2019-08-10,Piedade,Sudoeste,-23.717,-47.4142,20.62,29.12,13.57,59.9,18.8,8.39,11.89,0.0,1.86
2019-08-11,Piedade,Sudoeste,-23.717,-47.4142,19.75,28.12,14.19,75.59,16.28,7.27,14.7,0.1,1.85
2019-08-12,Piedade,Sudoeste,-23.717,-47.4142,21.87,30.02,14.28,66.82,18.63,8.39,14.43,0.0,2.02
2019-08-13,Piedade,Sudoeste,-23.717,-47.4142,18.64,25.0,12.18,71.25,13.52,6.13,13.16,0.06,3.01
2019-08-14,Piedade,Sudoeste,-23.717,-47.4142,12.02,15.87,9.16,75.77,8.1,3.77,7.67,0.1,4.27
2019-08-15,Piedade,Sudoeste,-23.717,-47.4142,14.93,23.43,8.33,71.82,19.3,8.57,9.02,0.01,2.49
2019-08-16,Piedade,Sudoeste,-23.717,-47.4142,16.41,25.28,9.69,69.52,19.94,8.74,9.67,0.0,1.05
2019-08-17,Piedade,Sudoeste,-23.717,-47.4142,18.16,27.27,10.22,60.41,19.8,8.73,9.67,0.0,2.16
2019-08-18,Piedade,Sudoeste,-23.717,-47.4142,20.46,29.59,12.13,62.61,16.28,7.16,12.15,0.06,1.69
2019-08-19,Piedade,Sudoeste,-23.717,-47.4142,16.01,21.34,13.35,83.0,6.1,2.67,12.99,2.89,3.36
2019-08-20,Piedade,Sudoeste,-23.717,-47.4142,14.8,18.66,12.23,85.68,11.27,5.12,12.33,1.43,2.84
2019-08-21,Piedade,Sudoeste,-23.717,-47.4142,16.36,23.85,11.63,80.83,14.72,6.6,12.58,0.43,2.68
2019-08-22,Piedade,Sudoeste,-23.717,-47.4142,15.14,21.16,11.18,81.07,16.64,7.4,11.52,0.64,3.08
2019-08-23,Piedade,Sudoeste,-23.717,-47.4142,15.46,22.91,10.65,79.41,17.87,7.99,11.29,0.53,2.01
2019-08-24,Piedade,Sudoeste,-23.717,-47.4142,14.91,22.48,10.29,78.22,16.79,7.5,10.6,0.13,2.77
2019-08-25,Piedade,Sudoeste,-23.717,-47.4142,15.88,24.05,10.78,74.05,20.71,9.18,10.5,0.04,3.29
2019-08-26,Piedade,Sudoeste,-23.717,-47.4142,17.98,27.7,10.81,72.76,18.82,8.38,11.85,0.02,1.95
2019-08-27,Piedade,Sudoeste,-23.717,-47.4142,19.17,28.41,12.48,74.07,18.96,8.37,13.39,0.01,2.04
2019-08-28,Piedade,Sudoeste,-23.717,-47.4142,19.07,26.85,13.93,72.98,18.53,8.25,13.35,0.0,2.41
2019-08-29,Piedade,Sudoeste,-23.717,-47.4142,19.39,28.54,12.52,66.11,19.9,8.86,11.35,0.01,1.28
2019-08-30,Piedade,Sudoeste,-23.717,-47.4142,21.75,30.04,13.05,55.59,21.41,9.57,11.31,0.0,1.52
2019-08-31,Piedade,Sudoeste,-23.717,-47.4142,24.51,32.75,17.98,51.28,17.52,7.95,12.97,0.05,1.95
2019-09-01,Piedade,Sudoeste,-23.717,-47.4142,19.94,26.38,15.06,79.96,4.21,2.05,16.02,23.66,2.07
2019-09-02,Piedade,Sudoeste,-23.717,-47.4142,17.7,23.72,13.33,83.26,9.34,4.38,14.61,12.83,2.01
2019-09-03,Piedade,Sudoeste,-23.717,-47.4142,19.84,27.61,14.32,82.31,10.41,4.82,16.36,3.4,1.71
2019-09-04,Piedade,Sudoeste,-23.717,-47.4142,18.73,25.5,14.62,82.99,15.42,6.84,15.54,0.86,2.61
2019-09-05,Piedade,Sudoeste,-23.717,-47.4142,14.69,17.39,12.54,83.44,10.29,4.82,11.84,3.29,4.12
2019-09-06,Piedade,Sudoeste,-23.717,-47.4142,16.88,24.11,12.52,82.36,12.52,5.82,13.59,3.89,3.12
2019-09-07,Piedade,Sudoeste,-23.717,-47.4142,21.76,30.37,13.2,70.59,20.42,9.25,15.43,0.19,1.88
2019-09-08,Piedade,Sudoeste,-23.717,-47.4142,24.51,32.15,17.32,64.13,20.88,9.41,16.42,0.01,1.39
2019-09-09,Piedade,Sudoeste,-23.717,-47.4142,23.77,32.36,17.37,55.53,22.26,10.04,13.56,0.0,2.38
2019-09-10,Piedade,Sudoeste,-23.717,-47.4142,24.59,33.12,16.23,52.01,22.26,10.05,13.41,0.0,1.68
2019-09-11,Piedade,Sudoeste,-23.717,-47.4142,26.61,34.91,18.23,50.19,20.67,9.29,14.23,0.0,1.33
2019-09-12,Piedade,Sudoeste,-23.717,-47.4142,27.21,35.65,20.62,50.33,21.18,9.39,14.93,0.0,1.98
2019-09-13,Piedade,Sudoeste,-23.717,-47.4142,20.83,28.83,15.72,72.78,16.78,7.56,15.25,0.25,3.96
2019-09-14,Piedade,Sudoeste,-23.717,-47.4142,21.28,30.61,15.56,72.25,19.15,8.51,15.31,0.17,2.82
2019-09-15,Piedade,Sudoeste,-23.717,-47.4142,24.16,34.32,16.26,65.66,21.53,9.68,15.97,0.11,1.9
2019-09-16,Piedade,Sudoeste,-23.717,-47.4142,26.31,34.96,17.82,53.9,22.13,9.88,14.97,0.01,1.73
2019-09-17,Piedade,Sudoeste,-23.717,-47.4142,26.82,36.17,19.09,47.51,22.58,9.99,13.34,0.29,1.72
2019-09-18,Piedade,Sudoeste,-23.717,-47.4142,25.29,36.29,17.6,50.61,21.64,9.42,12.26,0.55,2.89
2019-09-19,Piedade,Sudoeste,-23.717,-47.4142,23.07,31.64,16.23,67.8,12.67,5.39,15.94,4.0,1.56
2019-09-20,Piedade,Sudoeste,-23.717,-47.4142,22.96,30.62,17.29,64.61,6.84,2.97,15.16,3.17,2.39
2019-09-21,Piedade,Sudoeste,-23.717,-47.4142,19.11,26.59,15.32,78.04,13.19,5.75,14.91,0.94,3.33
2019-09-22,Piedade,Sudoeste,-23.717,-47.4142,16.99,22.16,13.62,78.6,12.18,5.53,13.04,0.76,4.28
2019-09-23,Piedade,Sudoeste,-23.717,-47.4142,15.86,22.53,11.8,68.53,17.05,7.64,9.52,0.04,4.64
2019-09-24,Piedade,Sudoeste,-23.717,-47.4142,17.93,25.44,11.94,74.06,17.37,8.01,12.69,0.47,2.46
2019-09-25,Piedade,Sudoeste,-23.717,-47.4142,18.54,26.22,14.28,76.45,6.88,3.42,13.84,2.31,3.05
2019-09-26,Piedade,Sudoeste,-23.717,-47.4142,19.1,26.64,15.04,78.94,8.54,4.07,14.83,2.83,2.53
2019-09-27,Piedade,Sudoeste,-23.717,-47.4142,18.24,26.01,13.39,75.99,18.48,8.27,13.23,0.11,2.78
2019-09-28,Piedade,Sudoeste,-23.717,-47.4142,17.83,25.86,12.73,71.27,19.43,8.72,11.72,0.06,3.06
2019-09-29,Piedade,Sudoeste,-23.717,-47.4142,18.84,28.9,10.98,67.4,25.47,11.38,11.0,0.01,2.24
2019-09-30,Piedade,Sudoeste,-23.717,-47.4142,20.43,30.76,12.41,64.4,26.54,11.82,11.3,0.0,2.25
2019-10-01,Piedade,Sudoeste,-23.717,-47.4142,22.55,33.39,13.25,62.45,26.4,11.81,13.18,0.0,1.84
2019-10-02,Piedade,Sudoeste,-23.717,-47.4142,25.04,36.01,15.46,52.57,25.93,11.58,12.82,0.0,1.64
2019-10-03,Piedade,Sudoeste,-23.717,-47.4142,22.94,32.8,16.35,55.2,25.63,11.44,11.9,0.0,3.29
2019-10-04,Piedade,Sudoeste,-23.717,-47.4142,22.84,33.64,14.6,63.85,26.43,11.88,13.36,0.0,1.99
2019-10-05,Piedade,Sudoeste,-23.717,-47.4142,24.29,34.9,15.16,60.86,26.06,11.81,14.01,0.06,2.33
2019-10-06,Piedade,Sudoeste,-23.717,-47.4142,22.07,30.98,16.75,72.22,20.45,9.32,16.1,1.79,3.56
2019-10-07,Piedade,Sudoeste,-23.717,-47.4142,19.25,24.04,16.03,78.25,13.08,6.22,15.1,3.59,3.13
2019-10-08,Piedade,Sudoeste,-23.717,-47.4142,19.63,25.42,16.32,81.62,8.78,4.38,16.18,3.68,2.48
2019-10-09,Piedade,Sudoeste,-23.717,-47.4142,20.58,29.4,15.92,71.05,17.99,8.23,14.06,2.24,2.91
2019-10-10,Piedade,Sudoeste,-23.717,-47.4142,21.86,31.39,14.36,67.42,24.36,11.0,14.39,0.06,2.21
2019-10-11,Piedade,Sudoeste,-23.717,-47.4142,24.83,33.61,16.98,65.14,25.4,11.5,16.54,0.03,1.43
2019-10-12,Piedade,Sudoeste,-23.717,-47.4142,26.33,35.1,18.05,58.07,25.59,11.71,15.85,0.01,1.35
2019-10-13,Piedade,Sudoeste,-23.717,-47.4142,27.78,36.2,19.35,49.36,25.72,11.75,14.97,0.62,1.49
2019-10-14,Piedade,Sudoeste,-23.717,-47.4142,26.63,35.75,19.92,52.97,26.25,12.02,14.91,0.08,2.84
2019-10-15,Piedade,Sudoeste,-23.717,-47.4142,22.46,30.6,17.75,73.61,16.05,7.61,16.76,0.6,3.52
2019-10-16,Piedade,Sudoeste,-23.717,-47.4142,22.76,30.76,17.43,68.72,22.8,10.46,15.81,0.15,3.29
2019-10-17,Piedade,Sudoeste,-23.717,-47.4142,24.76,34.32,17.45,63.9,22.56,10.13,16.11,0.5,2.22
2019-10-18,Piedade,Sudoeste,-23.717,-47.4142,24.51,30.83,19.26,70.57,23.14,10.61,18.04,7.05,1.83
2019-10-19,Piedade,Sudoeste,-23.717,-47.4142,22.99,31.44,17.31,73.24,21.45,9.83,17.26,1.5,3.3
2019-10-20,Piedade,Sudoeste,-23.717,-47.4142,19.72,28.01,14.35,64.17,21.1,9.66,12.03,0.06,3.86
2019-10-21,Piedade,Sudoeste,-23.717,-47.4142,18.03,22.45,13.48,69.24,10.87,5.31,12.07,0.4,1.97
2019-10-22,Piedade,Sudoeste,-23.717,-47.4142,21.33,29.22,16.19,70.23,18.46,8.44,15.05,1.67,2.16
2019-10-23,Piedade,Sudoeste,-23.717,-47.4142,21.32,29.19,15.81,69.4,24.07,10.91,14.69,0.17,3.09
2019-10-24,Piedade,Sudoeste,-23.717,-47.4142,23.34,32.48,15.56,64.89,23.29,10.63,15.04,0.07,2.34
2019-10-25,Piedade,Sudoeste,-23.717,-47.4142,24.45,34.43,16.48,62.14,25.31,11.38,14.74,0.01,2.47
2019-10-26,Piedade,Sudoeste,-23.717,-47.4142,24.79,34.21,17.47,63.89,26.72,12.1,15.92,0.01,2.74
2019-10-27,Piedade,Sudoeste,-23.717,-47.4142,26.95,36.29,17.75,58.01,27.41,12.42,15.88,0.76,2.14
2019-10-28,Piedade,Sudoeste,-23.717,-47.4142,26.32,32.04,21.92,60.23,25.09,11.46,17.41,4.3,2.01
2019-10-29,Piedade,Sudoeste,-23.717,-47.4142,26.02,32.69,19.88,59.29,19.97,9.27,16.72,0.63,1.25
2019-10-30,Piedade,Sudoeste,-23.717,-47.4142,27.04,36.19,20.3,55.0,27.12,12.4,15.93,0.97,1.51
2019-10-31,Piedade,Sudoeste,-23.717,-47.4142,26.28,36.07,18.95,60.16,21.96,10.02,16.33,0.14,2.18
2019-11-01,Piedade,Sudoeste,-23.717,-47.4142,24.31,33.52,17.93,64.28,24.86,11.27,15.96,0.07,3.71
2019-11-02,Piedade,Sudoeste,-23.717,-47.4142,25.94,35.22,18.72,61.09,26.96,12.23,16.12,0.01,2.39
2019-11-03,Piedade,Sudoeste,-23.717,-47.4142,27.68,36.82,18.56,55.9,26.27,11.93,16.09,0.03,2.01
2019-11-04,Piedade,Sudoeste,-23.717,-47.4142,26.83,34.18,21.2,60.2,25.58,11.67,17.61,1.81,1.44
2019-11-05,Piedade,Sudoeste,-23.717,-47.4142,27.87,36.47,22.15,65.63,20.37,9.54,19.64,14.15,1.83
2019-11-06,Piedade,Sudoeste,-23.717,-47.4142,21.32,27.17,17.18,76.23,16.11,7.66,16.63,18.91,3.65
2019-11-07,Piedade,Sudoeste,-23.717,-47.4142,22.21,29.43,16.48,73.6,13.36,6.47,16.88,0.36,2.08
2019-11-08,Piedade,Sudoeste,-23.717,-47.4142,22.45,28.0,18.41,78.65,10.38,5.15,18.23,7.58,2.35
2019-11-09,Piedade,Sudoeste,-23.717,-47.4142,23.02,27.51,18.89,77.25,18.19,8.54,18.44,0.5,1.52
2019-11-10,Piedade,Sudoeste,-23.717,-47.4142,22.76,25.59,19.61,81.91,8.01,4.1,19.37,2.34,1.6
2019-11-11,Piedade,Sudoeste,-23.717,-47.4142,21.76,27.22,18.09,81.75,15.23,7.24,18.31,4.58,2.95
2019-11-12,Piedade,Sudoeste,-23.717,-47.4142,21.47,28.15,17.55,72.01,20.54,9.47,15.78,0.07,4.0
2019-11-13,Piedade,Sudoeste,-23.717,-47.4142,21.1,28.27,17.1,78.15,21.97,10.25,16.81,37.31,2.37
2019-11-14,Piedade,Sudoeste,-23.717,-47.4142,22.0,26.88,18.49,86.34,13.86,6.74,19.45,9.6,2.63
2019-11-15,Piedade,Sudoeste,-23.717,-47.4142,21.17,26.28,16.02,84.47,16.42,7.83,18.23,12.52,2.43
2019-11-16,Piedade,Sudoeste,-23.717,-47.4142,19.43,25.99,14.11,76.78,25.51,11.55,14.79,1.61,2.84
2019-11-17,Piedade,Sudoeste,-23.717,-47.4142,19.43,27.6,12.83,70.46,29.27,12.98,12.98,0.01,2.69
2019-11-18,Piedade,Sudoeste,-23.717,-47.4142,20.73,29.79,13.45,72.76,20.34,9.3,15.0,0.05,2.86
2019-11-19,Piedade,Sudoeste,-23.717,-47.4142,22.57,30.27,16.3,71.68,20.79,9.51,16.53,0.13,2.62
2019-11-20,Piedade,Sudoeste,-23.717,-47.4142,22.75,29.99,17.46,73.36,24.67,11.24,17.1,2.04,2.55
2019-11-21,Piedade,Sudoeste,-23.717,-47.4142,23.81,31.67,17.31,70.57,27.8,12.61,17.19,1.28,2.03
2019-11-22,Piedade,Sudoeste,-23.717,-47.4142,25.28,32.97,18.16,69.58,24.51,11.35,18.26,1.48,1.41
2019-11-23,Piedade,Sudoeste,-23.717,-47.4142,24.48,32.1,18.75,74.23,21.77,10.11,18.82,6.49,2.77
2019-11-24,Piedade,Sudoeste,-23.717,-47.4142,18.85,24.83,13.5,68.28,16.58,7.86,12.26,0.8,4.19
2019-11-25,Piedade,Sudoeste,-23.717,-47.4142,19.81,29.81,12.26,61.94,23.42,10.43,11.31,0.0,2.78
2019-11-26,Piedade,Sudoeste,-23.717,-47.4142,23.07,32.91,14.0,65.8,26.09,11.87,15.5,1.39,2.19
2019-11-27,Piedade,Sudoeste,-23.717,-47.4142,23.16,26.36,19.05,87.42,6.69,3.48,20.88,26.03,2.07
2019-11-28,Piedade,Sudoeste,-23.717,-47.4142,19.63,22.06,15.07,86.61,10.42,5.2,17.25,11.53,3.15
2019-11-29,Piedade,Sudoeste,-23.717,-47.4142,20.31,28.67,13.29,71.47,27.35,12.49,14.48,0.05,2.79
2019-11-30,Piedade,Sudoeste,-23.717,-47.4142,22.82,30.71,15.89,76.35,25.28,11.59,17.97,8.08,1.93
2019-12-01,Piedade,Sudoeste,-23.717,-47.4142,24.07,32.26,17.51,68.37,20.09,9.48,16.74,0.35,1.93
2019-12-02,Piedade,Sudoeste,-23.717,-47.4142,20.65,26.78,14.85,75.23,18.65,8.77,15.72,2.03,3.4
2019-12-03,Piedade,Sudoeste,-23.717,-47.4142,20.99,29.15,13.52,67.6,26.39,12.06,14.02,0.0,2.67
2019-12-04,Piedade,Sudoeste,-23.717,-47.4142,23.54,30.75,16.4,73.45,20.58,9.66,18.0,1.85,1.36
2019-12-05,Piedade,Sudoeste,-23.717,-47.4142,24.59,29.58,20.88,80.42,12.25,6.01,20.67,3.77,2.58
2019-12-06,Piedade,Sudoeste,-23.717,-47.4142,22.46,28.53,17.13,78.67,13.68,6.59,18.23,14.11,2.37
2019-12-07,Piedade,Sudoeste,-23.717,-47.4142,21.66,29.43,15.22,65.78,29.97,13.53,14.12,0.06,2.62
2019-12-08,Piedade,Sudoeste,-23.717,-47.4142,21.89,31.33,13.06,55.03,31.13,14.08,11.09,0.0,2.15
2019-12-09,Piedade,Sudoeste,-23.717,-47.4142,22.11,29.22,16.33,70.96,13.78,6.7,16.21,3.03,1.5
2019-12-10,Piedade,Sudoeste,-23.717,-47.4142,22.48,28.79,18.46,84.61,9.71,4.8,19.51,18.78,1.49
2019-12-11,Piedade,Sudoeste,-23.717,-47.4142,22.24,26.0,19.36,86.85,11.86,5.8,19.8,16.75,1.73
2019-12-12,Piedade,Sudoeste,-23.717,-47.4142,23.26,28.1,19.12,80.78,20.34,9.44,19.42,0.47,1.47
2019-12-13,Piedade,Sudoeste,-23.717,-47.4142,23.38,29.23,19.39,81.7,20.98,9.76,19.72,5.97,1.82
2019-12-14,Piedade,Sudoeste,-23.717,-47.4142,22.79,28.31,18.92,83.61,20.52,9.65,19.63,7.13,1.93
2019-12-15,Piedade,Sudoeste,-23.717,-47.4142,23.42,28.46,19.33,81.0,16.24,7.74,19.7,5.18,1.9
2019-12-16,Piedade,Sudoeste,-23.717,-47.4142,24.68,30.05,19.91,75.96,22.34,10.47,19.82,0.86,2.18
2019-12-17,Piedade,Sudoeste,-23.717,-47.4142,23.79,28.06,21.03,81.83,14.03,6.84,20.24,10.1,1.13
2019-12-18,Piedade,Sudoeste,-23.717,-47.4142,20.68,24.35,18.28,86.48,13.97,6.82,18.23,4.98,2.4
2019-12-19,Piedade,Sudoeste,-23.717,-47.4142,21.66,27.42,17.72,82.08,18.63,8.79,18.25,0.8,1.81
2019-12-20,Piedade,Sudoeste,-23.717,-47.4142,22.76,27.16,17.87,80.5,17.67,8.41,18.95,1.07,1.34
2019-12-21,Piedade,Sudoeste,-23.717,-47.4142,24.0,28.63,19.61,77.64,22.58,10.57,19.47,0.71,2.83
2019-12-22,Piedade,Sudoeste,-23.717,-47.4142,23.14,26.49,20.43,86.32,15.02,7.29,20.62,4.19,2.01
2019-12-23,Piedade,Sudoeste,-23.717,-47.4142,22.49,27.96,18.73,86.82,20.07,9.27,19.99,26.62,1.63
2019-12-24,Piedade,Sudoeste,-23.717,-47.4142,22.46,28.06,17.69,79.49,27.06,12.25,18.32,3.61,1.76
2019-12-25,Piedade,Sudoeste,-23.717,-47.4142,23.45,30.36,17.12,74.86,30.75,13.92,17.98,0.01,1.67
2019-12-26,Piedade,Sudoeste,-23.717,-47.4142,23.82,31.0,17.94,73.85,31.0,14.03,18.01,0.01,2.03
2019-12-27,Piedade,Sudoeste,-23.717,-47.4142,23.93,31.41,18.11,74.52,27.87,12.64,18.44,0.02,2.63
2019-12-28,Piedade,Sudoeste,-23.717,-47.4142,24.86,32.71,18.46,71.14,27.56,12.47,18.42,0.15,2.19
2019-12-29,Piedade,Sudoeste,-23.717,-47.4142,24.99,32.92,18.7,69.39,26.83,12.12,17.95,0.08,2.27
2019-12-30,Piedade,Sudoeste,-23.717,-47.4142,24.67,32.07,18.57,69.93,27.95,12.85,18.01,0.67,2.08
2019-12-31,Piedade,Sudoeste,-23.717,-47.4142,25.98,33.96,19.12,66.7,28.64,13.09,18.14,1.08,1.7
2020-01-01,Piedade,Sudoeste,-23.717,-47.4142,25.85,30.1,20.86,72.58,24.34,11.47,20.09,7.03,1.48
2020-01-02,Piedade,Sudoeste,-23.717,-47.4142,23.18,26.47,20.91,87.99,14.15,6.87,21.0,13.92,1.48
2020-01-03,Piedade,Sudoeste,-23.717,-47.4142,20.94,23.65,18.66,86.52,19.08,9.14,18.52,6.42,3.77
2020-01-04,Piedade,Sudoeste,-23.717,-47.4142,21.76,27.16,18.39,83.34,17.53,8.39,18.61,5.1,2.73
2020-01-05,Piedade,Sudoeste,-23.717,-47.4142,22.67,28.28,17.27,79.5,13.87,6.77,18.53,8.83,0.98
2020-01-06,Piedade,Sudoeste,-23.717,-47.4142,24.7,30.48,19.45,75.76,25.61,11.81,19.63,4.11,1.87
2020-01-07,Piedade,Sudoeste,-23.717,-47.4142,25.4,31.93,18.95,74.89,26.11,12.16,20.01,7.96,1.85
2020-01-08,Piedade,Sudoeste,-23.717,-47.4142,24.34,27.85,21.7,88.62,18.45,8.77,22.23,25.83,2.14
2020-01-09,Piedade,Sudoeste,-23.717,-47.4142,24.15,27.61,21.31,88.86,15.99,7.73,22.11,13.73,1.32
2020-01-10,Piedade,Sudoeste,-23.717,-47.4142,24.99,29.69,21.06,83.75,19.29,9.16,21.84,2.97,1.14
2020-01-11,Piedade,Sudoeste,-23.717,-47.4142,25.3,28.63,21.61,82.85,17.43,8.39,22.05,0.33,1.36
2020-01-12,Piedade,Sudoeste,-23.717,-47.4142,23.99,27.58,20.47,87.64,15.61,7.58,21.72,19.76,1.92
2020-01-13,Piedade,Sudoeste,-23.717,-47.4142,22.13,27.14,18.82,84.79,15.66,7.62,19.3,5.79,3.12
2020-01-14,Piedade,Sudoeste,-23.717,-47.4142,22.29,28.22,17.37,79.36,21.31,9.95,18.32,0.26,2.36
2020-01-15,Piedade,Sudoeste,-23.717,-47.4142,24.81,30.93,18.59,76.78,26.94,12.51,20.04,0.02,1.2
2020-01-16,Piedade,Sudoeste,-23.717,-47.4142,26.05,31.36,21.21,77.43,21.6,10.13,21.49,21.32,1.73
2020-01-17,Piedade,Sudoeste,-23.717,-47.4142,20.87,25.08,17.0,82.42,15.07,7.36,17.6,3.28,3.56
2020-01-18,Piedade,Sudoeste,-23.717,-47.4142,20.95,26.78,16.36,79.32,20.33,9.53,17.01,0.28,3.19
2020-01-19,Piedade,Sudoeste,-23.717,-47.4142,22.21,28.45,17.76,80.22,19.18,8.81,18.42,0.19,2.57
2020-01-20,Piedade,Sudoeste,-23.717,-47.4142,22.55,29.2,18.23,78.75,21.24,9.73,18.39,0.03,2.71
2020-01-21,Piedade,Sudoeste,-23.717,-47.4142,22.0,28.86,16.48,75.42,26.67,12.1,16.94,0.0,2.37
2020-01-22,Piedade,Sudoeste,-23.717,-47.4142,20.91,26.83,17.31,79.32,10.93,5.43,16.9,0.96,2.76
2020-01-23,Piedade,Sudoeste,-23.717,-47.4142,20.0,23.36,17.83,88.42,6.57,3.5,17.97,5.91,2.53
2020-01-24,Piedade,Sudoeste,-23.717,-47.4142,21.4,27.27,17.26,80.34,18.71,8.62,17.53,1.46,3.33
2020-01-25,Piedade,Sudoeste,-23.717,-47.4142,21.12,27.92,15.95,75.73,28.52,12.84,16.05,0.21,1.72
2020-01-26,Piedade,Sudoeste,-23.717,-47.4142,21.65,30.06,14.42,62.26,30.61,13.78,12.46,0.0,1.72
2020-01-27,Piedade,Sudoeste,-23.717,-47.4142,23.6,32.74,14.02,56.57,30.49,13.84,13.29,0.0,1.13
2020-01-28,Piedade,Sudoeste,-23.717,-47.4142,24.83,33.01,17.5,63.85,26.77,12.28,16.5,2.44,1.28
2020-01-29,Piedade,Sudoeste,-23.717,-47.4142,25.94,32.65,19.29,73.19,23.6,11.05,20.03,4.14,1.48
2020-01-30,Piedade,Sudoeste,-23.717,-47.4142,25.11,29.96,21.53,80.97,16.53,7.91,21.31,5.94,3.12
2020-01-31,Piedade,Sudoeste,-23.717,-47.4142,24.3,28.58,21.33,84.23,17.18,8.27,21.23,6.75,3.06
2020-02-01,Piedade,Sudoeste,-23.717,-47.4142,24.06,28.0,21.46,85.94,12.02,5.86,21.38,9.39,1.52
2020-02-02,Piedade,Sudoeste,-23.717,-47.4142,22.49,26.04,19.71,89.52,10.68,5.31,20.6,32.55,1.33
2020-02-03,Piedade,Sudoeste,-23.717,-47.4142,21.55,24.92,19.14,89.85,12.41,6.11,19.74,30.26,1.83
2020-02-04,Piedade,Sudoeste,-23.717,-47.4142,21.94,26.23,18.95,87.85,15.85,7.61,19.69,7.39,1.44
2020-02-05,Piedade,Sudoeste,-23.717,-47.4142,23.01,27.74,18.91,84.5,16.63,7.99,20.02,5.55,0.8
2020-02-06,Piedade,Sudoeste,-23.717,-47.4142,23.43,28.29,19.49,84.16,18.61,8.85,20.32,4.63,1.31
2020-02-07,Piedade,Sudoeste,-23.717,-47.4142,22.61,26.37,19.35,82.98,16.3,7.84,19.39,3.0,2.04
2020-02-08,Piedade,Sudoeste,-23.717,-47.4142,23.99,28.6,19.75,79.56,24.26,11.31,19.89,3.05,1.63
2020-02-09,Piedade,Sudoeste,-23.717,-47.4142,23.68,28.46,19.77,85.3,20.16,9.57,20.86,15.27,2.98
2020-02-10,Piedade,Sudoeste,-23.717,-47.4142,20.44,23.65,17.48,91.25,9.01,4.58,18.92,81.9,2.38
2020-02-11,Piedade,Sudoeste,-23.717,-47.4142,19.77,25.24,16.84,84.52,14.31,6.94,16.91,2.94,3.43
2020-02-12,Piedade,Sudoeste,-23.717,-47.4142,19.51,24.48,16.39,84.45,13.56,6.58,16.65,0.59,3.17
2020-02-13,Piedade,Sudoeste,-23.717,-47.4142,20.69,26.62,16.01,84.01,22.17,10.22,17.63,0.54,2.67
2020-02-14,Piedade,Sudoeste,-23.717,-47.4142,21.88,28.17,16.27,82.32,24.94,11.31,18.43,0.47,1.69
2020-02-15,Piedade,Sudoeste,-23.717,-47.4142,23.03,29.46,16.91,80.31,25.56,11.75,19.02,0.15,1.39
2020-02-16,Piedade,Sudoeste,-23.717,-47.4142,23.96,30.86,17.94,77.57,26.36,12.13,19.13,0.48,1.35
2020-02-17,Piedade,Sudoeste,-23.717,-47.4142,24.27,29.27,19.21,81.42,24.9,11.59,20.49,1.66,0.99
2020-02-18,Piedade,Sudoeste,-23.717,-47.4142,24.39,29.63,19.98,83.24,24.32,11.33,21.11,2.04,1.67
2020-02-19,Piedade,Sudoeste,-23.717,-47.4142,24.84,29.92,19.63,81.37,16.51,7.9,21.16,4.04,1.95
2020-02-20,Piedade,Sudoeste,-23.717,-47.4142,23.76,27.14,21.33,90.7,19.64,9.28,22.09,17.9,1.6
2020-02-21,Piedade,Sudoeste,-23.717,-47.4142,23.53,28.27,19.86,86.76,14.93,7.2,21.02,29.49,2.06
2020-02-22,Piedade,Sudoeste,-23.717,-47.4142,20.12,24.67,15.62,85.12,12.5,6.07,17.39,1.75,3.21
2020-02-23,Piedade,Sudoeste,-23.717,-47.4142,19.11,25.29,14.23,81.35,20.42,9.39,15.59,0.07,2.7
2020-02-24,Piedade,Sudoeste,-23.717,-47.4142,21.67,28.08,15.93,84.01,16.3,7.74,18.63,10.11,1.39
2020-02-25,Piedade,Sudoeste,-23.717,-47.4142,23.57,29.08,19.53,86.35,14.42,6.89,20.95,18.59,1.63
2020-02-26,Piedade,Sudoeste,-23.717,-47.4142,23.57,28.08,19.29,89.65,9.16,4.61,21.65,26.22,3.3
2020-02-27,Piedade,Sudoeste,-23.717,-47.4142,19.21,24.1,15.73,84.18,13.88,6.59,16.32,6.84,3.3
2020-02-28,Piedade,Sudoeste,-23.717,-47.4142,19.04,24.66,14.76,85.55,11.38,5.49,16.4,2.28,2.94
2020-02-29,Piedade,Sudoeste,-23.717,-47.4142,20.19,25.86,17.06,87.87,14.97,7.06,18.01,3.8,3.27
2020-03-01,Piedade,Sudoeste,-23.717,-47.4142,19.59,24.27,16.94,86.84,16.09,7.6,17.22,3.85,3.75
2020-03-02,Piedade,Sudoeste,-23.717,-47.4142,19.89,24.28,17.43,87.38,19.29,9.06,17.63,7.29,3.41
2020-03-03,Piedade,Sudoeste,-23.717,-47.4142,21.11,26.36,16.94,84.91,16.87,8.0,18.23,3.51,1.16
2020-03-04,Piedade,Sudoeste,-23.717,-47.4142,20.78,26.37,16.7,82.84,23.8,10.8,17.45,0.55,1.73
2020-03-05,Piedade,Sudoeste,-23.717,-47.4142,19.72,25.73,15.31,82.01,25.11,11.47,16.25,0.58,2.49
2020-03-06,Piedade,Sudoeste,-23.717,-47.4142,18.91,25.43,13.66,80.56,25.98,11.69,15.08,0.13,2.38
2020-03-07,Piedade,Sudoeste,-23.717,-47.4142,19.56,26.47,14.04,80.85,24.74,11.09,15.76,0.03,2.01
2020-03-08,Piedade,Sudoeste,-23.717,-47.4142,19.99,26.05,14.61,84.28,21.58,9.82,16.97,23.3,1.46
2020-03-09,Piedade,Sudoeste,-23.717,-47.4142,21.07,27.21,16.1,84.58,24.92,11.36,18.1,2.39,2.01
2020-03-10,Piedade,Sudoeste,-23.717,-47.4142,21.69,28.33,16.04,82.82,24.55,11.26,18.32,0.05,1.91
2020-03-11,Piedade,Sudoeste,-23.717,-47.4142,21.86,28.35,16.21,82.43,25.01,11.42,18.41,0.01,1.91
2020-03-12,Piedade,Sudoeste,-23.717,-47.4142,21.89,28.55,16.68,82.84,25.07,11.43,18.49,0.02,1.85
2020-03-13,Piedade,Sudoeste,-23.717,-47.4142,22.01,28.65,16.26,83.22,25.0,11.19,18.69,0.31,1.49
2020-03-14,Piedade,Sudoeste,-23.717,-47.4142,23.18,29.08,18.48,82.91,23.97,11.0,19.77,0.18,1.52
2020-03-15,Piedade,Sudoeste,-23.717,-47.4142,23.91,29.54,18.22,79.61,23.33,10.67,19.85,2.49,1.27
2020-03-16,Piedade,Sudoeste,-23.717,-47.4142,24.16,28.91,19.32,82.56,23.06,10.69,20.77,13.96,1.17
2020-03-17,Piedade,Sudoeste,-23.717,-47.4142,23.51,28.39,19.62,84.95,21.57,9.98,20.63,8.98,1.4
2020-03-18,Piedade,Sudoeste,-23.717,-47.4142,23.51,29.53,18.01,81.9,22.62,10.47,19.88,4.22,0.93
2020-03-19,Piedade,Sudoeste,-23.717,-47.4142,24.04,28.37,20.49,83.41,15.79,7.51,20.89,15.13,1.21
2020-03-20,Piedade,Sudoeste,-23.717,-47.4142,23.18,26.62,20.85,89.68,14.41,6.8,21.3,12.28,1.21
2020-03-21,Piedade,Sudoeste,-23.717,-47.4142,20.86,25.31,16.84,86.01,14.76,6.84,18.28,2.43,3.32
2020-03-22,Piedade,Sudoeste,-23.717,-47.4142,19.12,25.23,14.95,82.97,24.4,11.07,15.82,0.49,2.61
2020-03-23,Piedade,Sudoeste,-23.717,-47.4142,18.61,25.06,14.5,82.13,24.48,11.0,15.11,0.69,2.71
2020-03-24,Piedade,Sudoeste,-23.717,-47.4142,18.91,25.23,14.23,81.51,24.1,10.88,15.26,0.07,2.45
2020-03-25,Piedade,Sudoeste,-23.717,-47.4142,18.81,25.4,13.77,80.45,23.54,10.65,15.0,0.02,1.9
2020-03-26,Piedade,Sudoeste,-23.717,-47.4142,18.86,25.38,13.07,81.43,23.73,10.65,15.23,0.01,1.81
2020-03-27,Piedade,Sudoeste,-23.717,-47.4142,19.98,25.9,15.08,82.28,22.55,10.22,16.55,0.04,2.06
2020-03-28,Piedade,Sudoeste,-23.717,-47.4142,20.74,25.92,16.51,85.22,20.2,9.31,17.96,0.71,1.46
2020-03-29,Piedade,Sudoeste,-23.717,-47.4142,21.66,27.25,17.1,87.37,13.4,6.35,19.25,22.83,1.27
2020-03-30,Piedade,Sudoeste,-23.717,-47.4142,21.68,27.08,17.57,86.15,19.77,9.14,19.03,0.46,1.41
2020-03-31,Piedade,Sudoeste,-23.717,-47.4142,21.57,27.88,16.79,84.41,22.17,10.14,18.57,0.08,1.45
2020-04-01,Piedade,Sudoeste,-23.717,-47.4142,21.2,26.8,16.92,84.34,21.99,10.13,18.14,0.14,1.81
2020-04-02,Piedade,Sudoeste,-23.717,-47.4142,22.5,28.84,17.34,81.96,20.29,9.3,19.03,0.85,1.95
2020-04-03,Piedade,Sudoeste,-23.717,-47.4142,21.09,28.12,13.28,80.0,14.73,6.86,17.28,6.81,2.33
2020-04-04,Piedade,Sudoeste,-23.717,-47.4142,17.77,24.93,12.21,81.16,23.32,10.44,14.07,0.2,1.39
2020-04-05,Piedade,Sudoeste,-23.717,-47.4142,19.32,26.29,14.03,80.9,23.14,10.4,15.49,0.05,1.49
2020-04-06,Piedade,Sudoeste,-23.717,-47.4142,21.11,27.9,14.78,75.57,21.74,10.08,16.14,0.03,1.29
2020-04-07,Piedade,Sudoeste,-23.717,-47.4142,19.78,22.83,17.22,88.33,10.12,4.87,17.78,5.73,1.67
2020-04-08,Piedade,Sudoeste,-23.717,-47.4142,18.29,22.78,14.32,85.18,13.47,6.2,15.62,1.27,2.51
2020-04-09,Piedade,Sudoeste,-23.717,-47.4142,16.66,23.22,12.13,80.99,22.54,10.14,12.98,0.24,2.08
2020-04-10,Piedade,Sudoeste,-23.717,-47.4142,17.11,23.88,12.09,81.33,21.78,9.89,13.49,0.12,1.86
2020-04-11,Piedade,Sudoeste,-23.717,-47.4142,17.86,24.03,13.85,82.91,17.02,7.77,14.62,0.08,2.08
2020-04-12,Piedade,Sudoeste,-23.717,-47.4142,17.69,24.37,13.02,81.55,21.46,9.64,14.11,0.02,2.43
2020-04-13,Piedade,Sudoeste,-23.717,-47.4142,18.17,25.39,13.07,81.87,21.56,9.66,14.52,0.09,1.68
2020-04-14,Piedade,Sudoeste,-23.717,-47.4142,18.56,23.79,13.96,87.34,8.4,4.12,16.29,0.84,1.9
2020-04-15,Piedade,Sudoeste,-23.717,-47.4142,18.62,23.16,15.13,85.21,16.15,7.34,15.91,0.6,1.18
2020-04-16,Piedade,Sudoeste,-23.717,-47.4142,17.84,25.21,11.5,74.77,20.65,9.04,12.72,0.12,1.4
2020-04-17,Piedade,Sudoeste,-23.717,-47.4142,16.96,23.68,12.41,79.61,20.84,9.28,12.97,0.09,2.53
2020-04-18,Piedade,Sudoeste,-23.717,-47.4142,17.6,23.71,13.46,84.84,17.61,7.92,14.76,0.78,2.43
2020-04-19,Piedade,Sudoeste,-23.717,-47.4142,18.78,24.88,14.78,83.34,18.99,8.61,15.58,0.39,2.32
2020-04-20,Piedade,Sudoeste,-23.717,-47.4142,18.84,25.13,14.4,81.92,19.33,8.69,15.3,0.05,1.84
2020-04-21,Piedade,Sudoeste,-23.717,-47.4142,18.27,25.3,13.52,79.89,20.38,9.04,14.21,0.04,1.54
2020-04-22,Piedade,Sudoeste,-23.717,-47.4142,18.08,25.23,13.12,79.6,20.41,9.07,13.86,0.21,1.55
2020-04-23,Piedade,Sudoeste,-23.717,-47.4142,18.2,25.11,13.11,81.72,19.46,8.55,14.51,0.65,1.68
2020-04-24,Piedade,Sudoeste,-23.717,-47.4142,19.64,26.72,14.36,82.61,17.44,7.84,16.15,0.24,1.51
2020-04-25,Piedade,Sudoeste,-23.717,-47.4142,20.42,27.68,14.7,80.67,19.14,8.67,16.48,0.19,1.24
2020-04-26,Piedade,Sudoeste,-23.717,-47.4142,19.55,27.29,14.37,77.79,19.93,8.77,14.75,0.29,1.43
2020-04-27,Piedade,Sudoeste,-23.717,-47.4142,18.49,25.09,14.42,81.48,19.13,8.61,14.7,0.76,2.37
2020-04-28,Piedade,Sudoeste,-23.717,-47.4142,18.72,25.57,13.73,79.95,18.8,8.5,14.69,0.28,1.37
2020-04-29,Piedade,Sudoeste,-23.717,-47.4142,19.63,26.13,12.93,69.51,19.27,8.73,13.14,0.03,1.19
2020-04-30,Piedade,Sudoeste,-23.717,-47.4142,19.92,26.95,13.73,67.43,15.95,7.2,13.27,0.33,1.28
2020-05-01,Piedade,Sudoeste,-23.717,-47.4142,20.44,27.3,14.48,75.79,17.0,7.69,15.51,0.56,0.9
2020-05-02,Piedade,Sudoeste,-23.717,-47.4142,19.81,26.81,15.01,79.85,13.91,6.31,15.77,0.57,1.94
2020-05-03,Piedade,Sudoeste,-23.717,-47.4142,16.68,22.9,12.5,78.02,18.46,8.28,12.33,0.15,2.51
2020-05-04,Piedade,Sudoeste,-23.717,-47.4142,16.37,23.59,11.49,77.21,18.74,8.24,11.69,0.05,1.27
2020-05-05,Piedade,Sudoeste,-23.717,-47.4142,17.79,25.53,10.72,67.8,17.52,7.63,10.83,0.07,1.67
2020-05-06,Piedade,Sudoeste,-23.717,-47.4142,19.12,27.47,14.35,70.66,10.05,4.62,13.07,8.37,2.02
2020-05-07,Piedade,Sudoeste,-23.717,-47.4142,14.79,19.29,11.47,83.65,9.26,4.3,11.83,2.53,2.86
2020-05-08,Piedade,Sudoeste,-23.717,-47.4142,15.01,21.38,11.15,82.16,15.59,6.97,11.54,0.76,2.0
2020-05-09,Piedade,Sudoeste,-23.717,-47.4142,16.18,23.9,10.94,79.82,18.99,8.38,12.1,0.16,1.46
2020-05-10,Piedade,Sudoeste,-23.717,-47.4142,16.65,24.32,9.95,72.22,18.61,8.22,10.85,0.07,1.72
2020-05-11,Piedade,Sudoeste,-23.717,-47.4142,17.37,25.18,10.28,70.17,18.56,8.23,11.33,0.39,1.83
2020-05-12,Piedade,Sudoeste,-23.717,-47.4142,18.01,26.36,10.22,69.38,16.38,7.2,11.66,0.51,1.77
2020-05-13,Piedade,Sudoeste,-23.717,-47.4142,17.98,25.14,11.71,77.59,8.63,4.08,13.58,1.72,1.89
2020-05-14,Piedade,Sudoeste,-23.717,-47.4142,17.42,21.57,14.76,88.46,8.14,3.8,15.44,3.79,1.85
2020-05-15,Piedade,Sudoeste,-23.717,-47.4142,16.08,20.82,12.84,86.69,9.38,4.36,13.71,2.23,2.31
2020-05-16,Piedade,Sudoeste,-23.717,-47.4142,16.53,24.04,11.67,80.35,15.69,6.99,12.47,0.14,1.16
2020-05-17,Piedade,Sudoeste,-23.717,-47.4142,16.46,24.62,11.26,71.0,18.07,7.9,9.97,0.18,1.02
2020-05-18,Piedade,Sudoeste,-23.717,-47.4142,15.64,25.22,8.55,73.68,17.93,7.83,9.91,0.23,1.52
2020-05-19,Piedade,Sudoeste,-23.717,-47.4142,17.75,25.21,12.24,81.25,16.85,7.55,13.94,0.01,1.95
2020-05-20,Piedade,Sudoeste,-23.717,-47.4142,19.1,25.69,14.23,78.44,15.52,7.01,14.73,0.04,1.58
2020-05-21,Piedade,Sudoeste,-23.717,-47.4142,19.16,25.75,13.22,76.1,15.77,7.13,14.4,0.24,1.49
2020-05-22,Piedade,Sudoeste,-23.717,-47.4142,19.79,27.2,13.61,72.88,11.49,5.26,14.21,0.11,2.84
2020-05-23,Piedade,Sudoeste,-23.717,-47.4142,18.07,21.31,11.61,85.05,4.55,2.3,15.47,9.3,3.14
2020-05-24,Piedade,Sudoeste,-23.717,-47.4142,12.52,18.0,8.76,78.2,8.54,3.96,8.53,0.01,1.68
2020-05-25,Piedade,Sudoeste,-23.717,-47.4142,12.23,19.84,7.31,72.65,14.95,6.55,6.8,0.01,2.36
2020-05-26,Piedade,Sudoeste,-23.717,-47.4142,11.72,20.1,5.5,69.26,17.54,7.6,5.44,0.01,1.44
2020-05-27,Piedade,Sudoeste,-23.717,-47.4142,12.21,21.75,5.99,71.17,16.28,7.12,6.04,0.0,1.42
2020-05-28,Piedade,Sudoeste,-23.717,-47.4142,13.16,21.86,7.47,79.89,17.09,7.37,9.26,0.33,1.65
2020-05-29,Piedade,Sudoeste,-23.717,-47.4142,14.9,23.84,7.37,70.36,17.35,7.45,8.78,0.19,1.36
2020-05-30,Piedade,Sudoeste,-23.717,-47.4142,15.49,24.34,7.76,66.16,17.11,7.36,8.42,0.87,1.59
2020-05-31,Piedade,Sudoeste,-23.717,-47.4142,15.74,24.01,8.47,59.0,16.7,7.2,7.01,0.14,1.45
2020-06-01,Piedade,Sudoeste,-23.717,-47.4142,17.14,25.68,9.18,66.85,15.57,7.01,10.57,1.02,1.19
2020-06-02,Piedade,Sudoeste,-23.717,-47.4142,15.98,18.65,14.1,90.24,3.87,1.94,14.34,9.89,0.95
2020-06-03,Piedade,Sudoeste,-23.717,-47.4142,16.06,20.29,13.73,92.92,8.58,3.95,14.89,6.92,1.42
2020-06-04,Piedade,Sudoeste,-23.717,-47.4142,17.53,23.51,13.76,89.45,9.93,4.56,15.63,5.42,1.84
2020-06-05,Piedade,Sudoeste,-23.717,-47.4142,18.25,22.74,15.75,92.24,8.55,3.96,16.91,4.7,1.34
2020-06-06,Piedade,Sudoeste,-23.717,-47.4142,19.15,23.99,15.97,88.82,8.13,3.81,17.13,11.85,2.07
2020-06-07,Piedade,Sudoeste,-23.717,-47.4142,17.76,23.62,12.88,82.37,14.69,6.59,14.44,7.68,1.25
2020-06-08,Piedade,Sudoeste,-23.717,-47.4142,19.24,25.66,13.59,80.55,12.62,5.7,15.5,1.07,0.89
2020-06-09,Piedade,Sudoeste,-23.717,-47.4142,20.3,26.54,15.84,85.55,9.71,4.51,17.58,6.09,1.52
2020-06-10,Piedade,Sudoeste,-23.717,-47.4142,20.81,26.78,17.22,84.9,8.75,4.09,17.95,0.59,1.77
2020-06-11,Piedade,Sudoeste,-23.717,-47.4142,20.58,27.35,15.27,79.07,14.25,6.5,16.48,0.2,1.87
2020-06-12,Piedade,Sudoeste,-23.717,-47.4142,20.99,26.81,15.43,76.33,14.12,6.34,16.44,0.21,1.19
2020-06-13,Piedade,Sudoeste,-23.717,-47.4142,20.79,27.23,14.96,74.87,15.37,6.91,15.59,0.45,1.67
2020-06-14,Piedade,Sudoeste,-23.717,-47.4142,16.24,20.03,13.31,85.67,9.31,4.31,13.72,1.53,3.46
2020-06-15,Piedade,Sudoeste,-23.717,-47.4142,16.74,23.04,12.84,84.62,12.97,5.83,13.88,0.61,2.25
2020-06-16,Piedade,Sudoeste,-23.717,-47.4142,17.56,23.87,13.3,85.56,14.18,6.29,14.81,0.16,1.58
2020-06-17,Piedade,Sudoeste,-23.717,-47.4142,18.0,24.18,13.65,80.6,14.04,6.24,14.28,0.15,1.58
2020-06-18,Piedade,Sudoeste,-23.717,-47.4142,17.25,24.14,11.71,77.01,14.64,6.47,12.76,0.19,2.11
2020-06-19,Piedade,Sudoeste,-23.717,-47.4142,18.17,25.22,12.41,74.32,15.77,7.02,13.13,0.33,1.72
2020-06-20,Piedade,Sudoeste,-23.717,-47.4142,18.57,26.15,10.8,66.94,16.1,7.04,11.62,0.21,1.36
2020-06-21,Piedade,Sudoeste,-23.717,-47.4142,19.62,26.94,13.23,69.02,14.44,6.54,13.31,0.18,1.74
2020-06-22,Piedade,Sudoeste,-23.717,-47.4142,18.62,26.36,11.88,67.35,14.93,6.59,11.78,0.06,1.12
2020-06-23,Piedade,Sudoeste,-23.717,-47.4142,18.26,24.96,13.52,67.9,13.93,6.17,11.75,0.15,1.41
2020-06-24,Piedade,Sudoeste,-23.717,-47.4142,17.82,25.82,10.97,69.93,14.95,6.56,11.6,0.03,1.86
2020-06-25,Piedade,Sudoeste,-23.717,-47.4142,18.94,26.31,12.71,72.99,12.95,5.86,13.58,0.31,2.36
2020-06-26,Piedade,Sudoeste,-23.717,-47.4142,17.23,19.95,14.67,90.04,4.76,2.34,15.55,43.51,1.93
2020-06-27,Piedade,Sudoeste,-23.717,-47.4142,13.86,16.35,11.14,89.93,3.93,1.96,12.17,25.21,2.81
2020-06-28,Piedade,Sudoeste,-23.717,-47.4142,13.71,19.16,10.39,88.09,11.63,5.22,11.62,0.76,2.28
2020-06-29,Piedade,Sudoeste,-23.717,-47.4142,15.85,20.91,11.83,86.57,12.49,5.59,13.44,0.27,1.7
2020-06-30,Piedade,Sudoeste,-23.717,-47.4142,17.98,23.18,14.0,77.27,13.0,5.89,13.63,0.04,3.67
2020-07-01,Piedade,Sudoeste,-23.717,-47.4142,15.14,19.44,8.83,73.33,13.72,6.09,10.0,5.51,2.96
2020-07-02,Piedade,Sudoeste,-23.717,-47.4142,11.91,18.44,7.7,85.09,15.82,7.02,9.31,2.91,1.02
2020-07-03,Piedade,Sudoeste,-23.717,-47.4142,12.19,18.75,8.67,83.58,14.53,6.37,9.11,0.36,1.46
2020-07-04,Piedade,Sudoeste,-23.717,-47.4142,14.1,21.83,8.71,81.65,16.39,7.18,10.52,0.27,1.48
2020-07-05,Piedade,Sudoeste,-23.717,-47.4142,16.58,24.55,10.25,77.35,13.39,5.99,12.33,0.15,1.65
2020-07-06,Piedade,Sudoeste,-23.717,-47.4142,17.93,25.42,13.03,79.71,12.62,5.74,14.08,0.19,1.18
2020-07-07,Piedade,Sudoeste,-23.717,-47.4142,18.99,26.13,14.31,76.83,15.09,6.74,14.42,0.05,1.81
2020-07-08,Piedade,Sudoeste,-23.717,-47.4142,18.23,26.04,11.98,68.51,15.35,6.9,11.88,0.11,2.63
2020-07-09,Piedade,Sudoeste,-23.717,-47.4142,16.39,22.43,10.4,75.15,15.58,6.72,11.2,1.07,1.49
2020-07-10,Piedade,Sudoeste,-23.717,-47.4142,15.48,23.86,9.63,79.36,16.19,7.03,11.43,0.09,1.73
2020-07-11,Piedade,Sudoeste,-23.717,-47.4142,18.69,26.05,12.59,76.81,15.31,6.91,14.22,0.0,1.94
2020-07-12,Piedade,Sudoeste,-23.717,-47.4142,18.92,26.86,12.51,72.65,15.96,7.11,13.36,0.01,2.23
2020-07-13,Piedade,Sudoeste,-23.717,-47.4142,19.78,26.94,14.21,69.99,14.7,6.61,13.77,0.33,1.19
2020-07-14,Piedade,Sudoeste,-23.717,-47.4142,16.51,21.34,12.35,85.11,10.77,4.91,13.86,2.6,2.43
2020-07-15,Piedade,Sudoeste,-23.717,-47.4142,14.45,20.8,11.38,84.34,12.71,5.62,11.57,1.12,2.8
2020-07-16,Piedade,Sudoeste,-23.717,-47.4142,16.34,23.34,10.45,80.36,13.89,6.2,12.64,0.38,1.56
2020-07-17,Piedade,Sudoeste,-23.717,-47.4142,18.08,25.63,11.98,83.16,12.62,5.71,14.9,0.31,1.27
2020-07-18,Piedade,Sudoeste,-23.717,-47.4142,18.59,26.23,13.58,79.31,15.05,6.81,14.36,0.06,1.38
2020-07-19,Piedade,Sudoeste,-23.717,-47.4142,17.34,24.46,11.33,76.67,16.45,7.39,12.71,0.04,1.51
2020-07-20,Piedade,Sudoeste,-23.717,-47.4142,17.93,25.53,10.55,64.97,17.25,7.56,10.75,0.0,1.72
2020-07-21,Piedade,Sudoeste,-23.717,-47.4142,18.37,26.01,10.64,64.93,17.12,7.57,10.98,0.01,1.37
2020-07-22,Piedade,Sudoeste,-23.717,-47.4142,18.73,26.5,12.26,66.55,17.15,7.55,11.85,0.02,1.08
2020-07-23,Piedade,Sudoeste,-23.717,-47.4142,18.26,26.21,12.25,69.76,16.81,7.42,12.0,0.93,1.34
2020-07-24,Piedade,Sudoeste,-23.717,-47.4142,18.33,26.1,11.73,65.53,16.81,7.41,10.94,0.54,1.76
2020-07-25,Piedade,Sudoeste,-23.717,-47.4142,18.38,27.37,11.07,66.83,17.58,7.74,11.32,0.81,2.34
2020-07-26,Piedade,Sudoeste,-23.717,-47.4142,17.23,23.96,13.38,81.35,14.02,6.21,13.62,0.4,2.48
2020-07-27,Piedade,Sudoeste,-23.717,-47.4142,19.04,26.67,12.75,71.73,17.16,7.71,13.06,0.16,1.81
2020-07-28,Piedade,Sudoeste,-23.717,-47.4142,21.02,28.63,15.1,65.94,16.43,7.41,13.83,0.26,2.15
2020-07-29,Piedade,Sudoeste,-23.717,-47.4142,14.92,19.25,11.49,83.6,8.69,3.93,12.04,6.63,3.36
2020-07-30,Piedade,Sudoeste,-23.717,-47.4142,13.84,18.08,11.28,86.33,12.12,5.47,11.47,11.32,3.38
2020-07-31,Piedade,Sudoeste,-23.717,-47.4142,16.04,22.65,12.01,83.29,15.95,7.17,12.84,0.67,2.57
2020-08-01,Piedade,Sudoeste,-23.717,-47.4142,16.32,23.33,11.71,81.47,16.26,7.19,12.66,0.09,1.63
2020-08-02,Piedade,Sudoeste,-23.717,-47.4142,16.33,24.05,11.08,80.26,17.53,7.73,12.54,0.02,1.72
2020-08-03,Piedade,Sudoeste,-23.717,-47.4142,16.2,24.29,10.46,78.69,17.51,7.71,11.74,0.04,1.39
2020-08-04,Piedade,Sudoeste,-23.717,-47.4142,16.4,24.5,11.06,76.07,18.24,7.98,11.18,0.06,1.52
2020-08-05,Piedade,Sudoeste,-23.717,-47.4142,16.23,24.82,10.17,76.64,18.95,8.23,11.22,0.15,1.63
2020-08-06,Piedade,Sudoeste,-23.717,-47.4142,16.08,24.93,9.48,75.55,19.01,8.26,10.79,0.02,1.45
2020-08-07,Piedade,Sudoeste,-23.717,-47.4142,16.28,24.93,9.86,72.51,19.1,8.34,10.15,0.02,1.27
2020-08-08,Piedade,Sudoeste,-23.717,-47.4142,17.39,26.19,10.73,72.96,17.75,7.77,11.22,0.07,1.34
2020-08-09,Piedade,Sudoeste,-23.717,-47.4142,18.36,25.94,12.29,70.65,16.48,7.28,11.82,0.07,1.25
2020-08-10,Piedade,Sudoeste,-23.717,-47.4142,18.85,27.19,11.13,60.68,18.73,8.17,9.94,0.0,1.63
2020-08-11,Piedade,Sudoeste,-23.717,-47.4142,19.3,27.56,11.36,60.96,15.12,6.74,10.87,0.05,1.58
2020-08-12,Piedade,Sudoeste,-23.717,-47.4142,20.04,28.81,12.72,65.25,18.16,8.07,12.06,0.08,1.76
2020-08-13,Piedade,Sudoeste,-23.717,-47.4142,21.33,30.6,14.84,63.78,16.29,7.24,13.31,1.63,2.39
2020-08-14,Piedade,Sudoeste,-23.717,-47.4142,20.24,27.79,15.24,73.21,12.67,5.78,14.95,1.06,1.53
2020-08-15,Piedade,Sudoeste,-23.717,-47.4142,21.98,28.28,17.0,69.58,10.03,4.73,15.64,3.98,2.14
2020-08-16,Piedade,Sudoeste,-23.717,-47.4142,18.11,20.57,16.0,91.08,4.71,2.39,16.6,21.41,1.84
2020-08-17,Piedade,Sudoeste,-23.717,-47.4142,18.75,23.74,15.8,85.82,4.82,2.38,16.14,6.6,1.11
2020-08-18,Piedade,Sudoeste,-23.717,-47.4142,18.77,23.36,16.17,90.9,3.7,1.88,17.14,10.4,1.62
2020-08-19,Piedade,Sudoeste,-23.717,-47.4142,20.03,26.19,16.65,84.92,14.05,6.38,17.09,4.21,1.57
2020-08-20,Piedade,Sudoeste,-23.717,-47.4142,14.8,17.36,12.32,86.77,2.68,1.41,12.56,9.45,3.48
2020-08-21,Piedade,Sudoeste,-23.717,-47.4142,10.91,13.93,7.59,87.26,3.21,1.65,8.79,7.9,3.08
2020-08-22,Piedade,Sudoeste,-23.717,-47.4142,10.61,14.63,7.29,88.81,10.72,4.9,8.75,1.73,3.37
2020-08-23,Piedade,Sudoeste,-23.717,-47.4142,13.52,20.34,8.74,80.0,19.02,8.39,9.61,0.13,3.08
2020-08-24,Piedade,Sudoeste,-23.717,-47.4142,14.31,21.8,9.12,76.45,21.02,9.18,9.5,0.01,2.75
2020-08-25,Piedade,Sudoeste,-23.717,-47.4142,13.69,21.78,8.19,78.47,21.22,9.29,9.45,0.03,2.67
2020-08-26,Piedade,Sudoeste,-23.717,-47.4142,14.71,23.94,9.03,74.55,22.27,9.55,9.28,0.05,2.4
2020-08-27,Piedade,Sudoeste,-23.717,-47.4142,16.86,26.74,9.31,74.89,22.1,9.61,11.27,0.03,1.29
2020-08-28,Piedade,Sudoeste,-23.717,-47.4142,19.36,28.79,10.88,70.8,22.01,9.61,13.05,0.03,1.46
2020-08-29,Piedade,Sudoeste,-23.717,-47.4142,21.6,29.43,13.32,61.59,21.72,9.56,12.79,0.01,1.63
2020-08-30,Piedade,Sudoeste,-23.717,-47.4142,21.29,30.67,13.75,64.42,21.66,9.65,13.32,0.03,2.0
2020-08-31,Piedade,Sudoeste,-23.717,-47.4142,20.03,27.64,15.51,78.09,19.11,8.58,15.48,0.32,3.01
2020-09-01,Piedade,Sudoeste,-23.717,-47.4142,19.51,26.62,15.5,79.23,17.01,7.59,15.4,0.29,3.37
2020-09-02,Piedade,Sudoeste,-23.717,-47.4142,20.17,28.1,14.89,75.24,20.13,9.04,14.83,0.13,2.35
2020-09-03,Piedade,Sudoeste,-23.717,-47.4142,22.16,30.08,14.75,60.97,22.01,9.85,12.72,0.07,1.94
2020-09-04,Piedade,Sudoeste,-23.717,-47.4142,22.44,32.46,14.57,58.96,21.6,9.57,12.69,0.11,1.68
2020-09-05,Piedade,Sudoeste,-23.717,-47.4142,22.17,31.55,15.52,70.67,21.77,9.69,15.11,0.09,1.59
2020-09-06,Piedade,Sudoeste,-23.717,-47.4142,22.68,32.07,14.41,57.4,22.33,9.88,12.01,0.02,1.75
2020-09-07,Piedade,Sudoeste,-23.717,-47.4142,22.09,31.58,15.65,70.45,20.4,8.99,15.06,0.12,1.58
2020-09-08,Piedade,Sudoeste,-23.717,-47.4142,21.99,31.56,15.72,71.33,18.72,8.11,15.29,0.0,1.92
2020-09-09,Piedade,Sudoeste,-23.717,-47.4142,22.57,32.43,15.99,68.56,18.54,8.03,15.13,0.0,1.93
2020-09-10,Piedade,Sudoeste,-23.717,-47.4142,24.04,33.9,16.2,62.92,21.18,9.33,14.78,0.0,2.05
2020-09-11,Piedade,Sudoeste,-23.717,-47.4142,24.26,33.23,18.31,61.05,19.85,8.85,14.84,0.02,1.52
2020-09-12,Piedade,Sudoeste,-23.717,-47.4142,25.42,34.55,17.76,47.59,20.45,8.85,12.13,0.0,1.87
2020-09-13,Piedade,Sudoeste,-23.717,-47.4142,25.14,34.16,18.5,48.3,21.66,9.54,12.16,0.0,1.72
2020-09-14,Piedade,Sudoeste,-23.717,-47.4142,23.52,33.28,16.56,50.69,21.13,9.11,11.0,0.16,2.61
2020-09-15,Piedade,Sudoeste,-23.717,-47.4142,19.18,27.17,14.68,72.74,16.77,7.28,13.48,0.52,3.65
2020-09-16,Piedade,Sudoeste,-23.717,-47.4142,22.43,32.3,14.5,65.56,20.64,9.07,14.18,0.07,2.15
2020-09-17,Piedade,Sudoeste,-23.717,-47.4142,24.24,34.41,17.41,59.27,20.54,8.98,13.7,0.05,2.56
2020-09-18,Piedade,Sudoeste,-23.717,-47.4142,23.24,31.4,16.53,62.99,8.25,3.81,14.57,0.09,1.95
2020-09-19,Piedade,Sudoeste,-23.717,-47.4142,24.58,33.35,18.72,59.84,16.05,6.65,15.1,0.05,1.78
2020-09-20,Piedade,Sudoeste,-23.717,-47.4142,19.98,26.69,15.55,76.25,6.93,3.25,15.23,1.55,3.59
2020-09-21,Piedade,Sudoeste,-23.717,-47.4142,17.56,23.88,13.86,77.25,8.32,3.79,13.2,2.05,3.84
2020-09-22,Piedade,Sudoeste,-23.717,-47.4142,16.09,21.8,13.02,80.23,8.65,4.24,12.4,8.9,3.66
2020-09-23,Piedade,Sudoeste,-23.717,-47.4142,19.04,26.62,13.5,75.01,16.93,7.7,13.85,0.57,2.54
2020-09-24,Piedade,Sudoeste,-23.717,-47.4142,20.74,29.07,14.13,72.88,23.21,10.38,14.7,0.06,1.78
2020-09-25,Piedade,Sudoeste,-23.717,-47.4142,21.96,31.6,14.63,67.32,24.26,10.61,14.02,0.02,1.8
2020-09-26,Piedade,Sudoeste,-23.717,-47.4142,24.83,33.83,15.9,57.69,24.87,11.12,13.88,0.01,1.56
2020-09-27,Piedade,Sudoeste,-23.717,-47.4142,26.46,36.5,17.13,49.33,23.37,10.37,13.47,0.91,1.95
2020-09-28,Piedade,Sudoeste,-23.717,-47.4142,25.9,33.42,18.99,60.34,15.19,7.0,16.71,1.16,1.64
2020-09-29,Piedade,Sudoeste,-23.717,-47.4142,23.85,31.75,18.56,72.18,20.72,9.25,17.74,0.67,2.86
2020-09-30,Piedade,Sudoeste,-23.717,-47.4142,26.92,38.14,17.32,60.97,23.91,10.68,16.36,0.2,2.07
2020-10-01,Piedade,Sudoeste,-23.717,-47.4142,29.1,38.07,20.46,55.04,23.47,10.39,16.82,0.06,1.97
2020-10-02,Piedade,Sudoeste,-23.717,-47.4142,30.96,39.16,23.19,42.99,22.64,9.83,15.57,0.35,1.81
2020-10-03,Piedade,Sudoeste,-23.717,-47.4142,23.28,29.1,17.83,68.67,17.11,7.52,16.71,0.65,3.97
2020-10-04,Piedade,Sudoeste,-23.717,-47.4142,22.09,31.45,17.03,72.52,19.05,8.52,16.17,0.51,3.98
2020-10-05,Piedade,Sudoeste,-23.717,-47.4142,25.85,36.84,17.46,63.25,23.7,10.62,16.87,0.05,2.13
2020-10-06,Piedade,Sudoeste,-23.717,-47.4142,28.5,38.87,20.54,54.32,23.52,10.4,16.59,0.08,2.06
2020-10-07,Piedade,Sudoeste,-23.717,-47.4142,27.88,39.04,19.03,52.95,20.7,9.15,15.39,0.14,2.58
2020-10-08,Piedade,Sudoeste,-23.717,-47.4142,25.3,34.89,18.78,64.76,12.14,5.46,17.35,5.19,2.94
2020-10-09,Piedade,Sudoeste,-23.717,-47.4142,21.54,28.89,16.51,77.62,2.56,1.24,17.17,16.15,2.76
2020-10-10,Piedade,Sudoeste,-23.717,-47.4142,19.24,27.31,13.43,66.89,23.89,10.51,11.76,0.05,2.47
2020-10-11,Piedade,Sudoeste,-23.717,-47.4142,18.73,28.02,12.41,64.27,27.91,12.37,10.58,0.05,3.21
2020-10-12,Piedade,Sudoeste,-23.717,-47.4142,19.81,30.46,10.74,66.37,27.72,12.15,11.67,0.08,1.96
2020-10-13,Piedade,Sudoeste,-23.717,-47.4142,23.84,33.91,14.96,57.95,24.95,11.15,12.93,0.08,1.46
2020-10-14,Piedade,Sudoeste,-23.717,-47.4142,24.66,34.14,16.63,63.84,24.04,10.58,16.15,0.62,2.28
2020-10-15,Piedade,Sudoeste,-23.717,-47.4142,20.61,27.75,15.58,76.01,6.28,3.03,15.88,4.68,3.22
2020-10-16,Piedade,Sudoeste,-23.717,-47.4142,18.55,25.98,13.98,71.8,10.37,5.08,12.74,0.56,3.84
2020-10-17,Piedade,Sudoeste,-23.717,-47.4142,18.6,27.53,11.93,64.58,22.75,10.03,10.66,0.03,3.29
2020-10-18,Piedade,Sudoeste,-23.717,-47.4142,20.33,27.64,14.97,70.44,19.23,8.83,14.19,0.01,2.75
2020-10-19,Piedade,Sudoeste,-23.717,-47.4142,22.45,29.89,17.19,73.4,17.84,8.28,16.83,4.65,1.74
2020-10-20,Piedade,Sudoeste,-23.717,-47.4142,22.99,30.13,17.69,76.89,18.55,8.6,18.04,10.47,1.4
2020-10-21,Piedade,Sudoeste,-23.717,-47.4142,22.65,30.01,18.05,74.69,22.2,10.13,17.24,1.31,2.83
2020-10-22,Piedade,Sudoeste,-23.717,-47.4142,21.78,29.69,16.97,70.59,23.1,10.45,15.45,0.06,3.65
2020-10-23,Piedade,Sudoeste,-23.717,-47.4142,22.48,31.26,16.5,66.39,26.45,12.07,14.94,0.33,2.67
2020-10-24,Piedade,Sudoeste,-23.717,-47.4142,21.98,28.68,17.14,74.26,13.28,6.39,16.66,2.11,1.41
2020-10-25,Piedade,Sudoeste,-23.717,-47.4142,22.59,29.83,17.6,75.17,20.35,9.39,17.24,2.41,1.87
2020-10-26,Piedade,Sudoeste,-23.717,-47.4142,23.27,31.56,16.27,67.68,23.3,10.54,15.7,0.47,1.57
2020-10-27,Piedade,Sudoeste,-23.717,-47.4142,24.34,33.04,17.51,62.9,24.74,11.28,15.58,0.04,2.31
2020-10-28,Piedade,Sudoeste,-23.717,-47.4142,24.5,34.63,14.99,48.75,30.55,13.41,10.08,0.0,1.98
2020-10-29,Piedade,Sudoeste,-23.717,-47.4142,23.97,34.85,15.79,57.82,22.34,10.14,13.33,3.99,1.73
2020-10-30,Piedade,Sudoeste,-23.717,-47.4142,19.47,24.29,15.82,82.23,5.91,3.12,16.18,14.95,4.11
2020-10-31,Piedade,Sudoeste,-23.717,-47.4142,18.12,24.28,14.07,77.17,13.9,6.57,13.65,2.54,4.11
2020-11-01,Piedade,Sudoeste,-23.717,-47.4142,16.74,23.06,12.26,74.76,18.14,8.4,11.68,1.01,3.6
2020-11-02,Piedade,Sudoeste,-23.717,-47.4142,16.83,24.91,11.22,66.12,22.51,10.08,9.36,0.07,2.8
2020-11-03,Piedade,Sudoeste,-23.717,-47.4142,17.34,26.63,9.63,66.73,25.64,11.39,9.91,0.17,2.27
2020-11-04,Piedade,Sudoeste,-23.717,-47.4142,17.67,26.77,11.16,72.86,26.64,11.9,11.63,4.42,2.75
2020-11-05,Piedade,Sudoeste,-23.717,-47.4142,18.11,25.97,12.77,72.91,25.16,11.26,12.26,0.84,2.54
2020-11-06,Piedade,Sudoeste,-23.717,-47.4142,18.82,27.44,12.37,65.71,28.44,12.6,10.8,0.04,2.91
2020-11-07,Piedade,Sudoeste,-23.717,-47.4142,20.24,31.63,10.62,61.34,31.05,13.59,9.98,0.0,2.14
2020-11-08,Piedade,Sudoeste,-23.717,-47.4142,22.53,34.32,12.5,56.62,29.95,13.31,10.55,0.0,2.1
2020-11-09,Piedade,Sudoeste,-23.717,-47.4142,23.1,34.58,15.24,67.13,25.08,11.1,15.15,5.23,2.7
2020-11-10,Piedade,Sudoeste,-23.717,-47.4142,22.03,27.99,17.64,79.56,18.11,8.42,17.89,4.87,1.63
2020-11-11,Piedade,Sudoeste,-23.717,-47.4142,23.13,31.2,18.11,76.68,16.75,7.77,17.97,4.04,1.41
2020-11-12,Piedade,Sudoeste,-23.717,-47.4142,22.91,29.17,18.34,77.54,19.92,9.14,18.23,2.95,1.39
2020-11-13,Piedade,Sudoeste,-23.717,-47.4142,22.52,27.18,18.26,79.16,20.38,9.37,18.4,2.97,1.1
2020-11-14,Piedade,Sudoeste,-23.717,-47.4142,23.89,30.57,18.48,71.93,27.14,12.45,17.72,0.72,1.24
2020-11-15,Piedade,Sudoeste,-23.717,-47.4142,26.26,33.99,18.27,62.61,27.14,12.36,17.38,1.42,1.41
2020-11-16,Piedade,Sudoeste,-23.717,-47.4142,26.56,33.83,20.45,64.36,23.92,11.1,18.4,4.6,1.62
2020-11-17,Piedade,Sudoeste,-23.717,-47.4142,23.92,31.1,17.9,74.21,18.35,8.55,18.64,6.81,1.95
2020-11-18,Piedade,Sudoeste,-23.717,-47.4142,19.23,24.44,16.05,81.45,12.17,6.02,15.77,10.59,2.67
2020-11-19,Piedade,Sudoeste,-23.717,-47.4142,18.5,24.27,14.55,79.99,15.34,7.32,14.67,3.11,3.05
2020-11-20,Piedade,Sudoeste,-23.717,-47.4142,19.22,27.19,13.74,71.7,23.67,10.79,13.1,0.38,2.93
2020-11-21,Piedade,Sudoeste,-23.717,-47.4142,20.34,29.12,13.48,65.07,28.85,12.93,12.18,0.03,2.57
2020-11-22,Piedade,Sudoeste,-23.717,-47.4142,21.01,29.69,13.62,65.3,28.53,12.72,12.99,0.01,2.57
2020-11-23,Piedade,Sudoeste,-23.717,-47.4142,21.78,30.61,14.91,66.18,29.26,12.79,13.81,0.01,3.26
2020-11-24,Piedade,Sudoeste,-23.717,-47.4142,23.75,32.77,16.27,65.48,28.02,12.65,15.45,0.09,2.32
2020-11-25,Piedade,Sudoeste,-23.717,-47.4142,25.74,34.55,17.34,60.24,29.16,13.18,15.77,0.16,1.59
2020-11-26,Piedade,Sudoeste,-23.717,-47.4142,26.73,33.94,19.44,60.57,28.52,13.0,17.37,2.78,1.7
2020-11-27,Piedade,Sudoeste,-23.717,-47.4142,25.08,31.94,20.3,70.54,24.32,11.13,18.51,1.79,1.82
2020-11-28,Piedade,Sudoeste,-23.717,-47.4142,24.04,30.31,19.36,68.96,24.7,11.44,17.15,1.93,1.66
2020-11-29,Piedade,Sudoeste,-23.717,-47.4142,26.37,34.23,19.2,63.19,28.15,12.98,17.45,0.63,1.43
2020-11-30,Piedade,Sudoeste,-23.717,-47.4142,26.52,34.68,20.65,67.92,20.0,9.38,18.97,7.71,1.93
2020-12-01,Piedade,Sudoeste,-23.717,-47.4142,23.5,28.66,19.85,80.83,21.35,10.01,19.68,4.52,1.35
2020-12-02,Piedade,Sudoeste,-23.717,-47.4142,25.14,31.74,19.59,68.53,21.09,9.81,18.25,0.82,1.24
2020-12-03,Piedade,Sudoeste,-23.717,-47.4142,25.84,33.74,19.65,68.1,17.82,8.44,18.63,3.27,2.22
2020-12-04,Piedade,Sudoeste,-23.717,-47.4142,24.94,31.67,20.95,74.46,23.23,10.79,19.41,1.05,1.61
2020-12-05,Piedade,Sudoeste,-23.717,-47.4142,23.4,31.67,19.09,73.5,15.49,7.46,17.63,3.7,2.76
2020-12-06,Piedade,Sudoeste,-23.717,-47.4142,22.02,28.01,18.25,79.07,13.29,6.43,17.89,5.49,2.24
2020-12-07,Piedade,Sudoeste,-23.717,-47.4142,21.98,28.39,18.58,81.68,14.18,6.89,18.4,8.09,1.9
2020-12-08,Piedade,Sudoeste,-23.717,-47.4142,23.69,30.52,17.9,75.96,21.43,9.86,18.54,6.72,1.66
2020-12-09,Piedade,Sudoeste,-23.717,-47.4142,23.85,32.28,17.06,66.39,28.45,12.93,15.87,1.38,2.04
2020-12-10,Piedade,Sudoeste,-23.717,-47.4142,23.56,31.48,17.1,64.82,28.18,12.85,15.42,0.11,1.93
2020-12-11,Piedade,Sudoeste,-23.717,-47.4142,22.66,27.81,17.72,68.38,18.81,8.74,15.95,1.33,1.59
2020-12-12,Piedade,Sudoeste,-23.717,-47.4142,23.58,30.93,17.83,70.5,16.54,7.9,17.27,1.76,1.72
2020-12-13,Piedade,Sudoeste,-23.717,-47.4142,23.27,26.8,20.25,81.04,21.18,10.0,19.51,13.33,2.3
2020-12-14,Piedade,Sudoeste,-23.717,-47.4142,25.02,30.88,20.38,75.74,25.72,12.03,19.83,1.84,2.26
2020-12-15,Piedade,Sudoeste,-23.717,-47.4142,24.25,28.4,20.86,81.78,18.7,8.84,20.64,7.13,1.48
2020-12-16,Piedade,Sudoeste,-23.717,-47.4142,25.64,32.0,20.55,73.84,25.2,11.56,19.84,2.56,1.14
2020-12-17,Piedade,Sudoeste,-23.717,-47.4142,23.57,27.71,20.71,82.39,20.93,9.71,20.16,6.93,1.28
2020-12-18,Piedade,Sudoeste,-23.717,-47.4142,24.36,30.26,20.05,79.81,25.12,11.68,20.22,5.39,1.48
2020-12-19,Piedade,Sudoeste,-23.717,-47.4142,26.08,33.02,19.59,72.96,27.55,12.66,20.16,1.7,1.51
2020-12-20,Piedade,Sudoeste,-23.717,-47.4142,26.66,33.1,21.67,70.78,26.12,12.15,20.15,2.48,1.47
2020-12-21,Piedade,Sudoeste,-23.717,-47.4142,26.32,33.11,21.74,74.65,24.36,11.3,20.65,2.97,1.64
2020-12-22,Piedade,Sudoeste,-23.717,-47.4142,22.75,28.83,18.29,79.36,15.46,7.39,18.69,7.5,3.21
2020-12-23,Piedade,Sudoeste,-23.717,-47.4142,22.88,30.49,17.58,72.18,17.73,8.4,17.09,0.07,2.92
2020-12-24,Piedade,Sudoeste,-23.717,-47.4142,22.52,30.51,17.33,69.61,23.86,10.89,15.97,0.08,3.39
2020-12-25,Piedade,Sudoeste,-23.717,-47.4142,21.56,29.49,16.62,72.17,22.52,10.32,15.75,0.24,3.03
2020-12-26,Piedade,Sudoeste,-23.717,-47.4142,21.97,28.84,16.38,75.03,22.83,10.41,16.8,1.7,2.24
2020-12-27,Piedade,Sudoeste,-23.717,-47.4142,21.97,26.73,18.9,83.97,16.47,7.88,18.96,7.84,1.94
2020-12-28,Piedade,Sudoeste,-23.717,-47.4142,23.86,30.45,18.56,78.64,16.84,8.1,19.33,7.02,1.24
2020-12-29,Piedade,Sudoeste,-23.717,-47.4142,24.63,29.54,20.31,76.62,19.96,9.32,19.73,4.83,1.78
2020-12-30,Piedade,Sudoeste,-23.717,-47.4142,25.77,32.46,20.13,69.42,27.0,12.5,18.91,1.71,2.56
2020-12-31,Piedade,Sudoeste,-23.717,-47.4142,24.96,31.24,20.28,75.41,13.23,6.45,19.72,3.83,2.58
2021-01-01,Piedade,Sudoeste,-23.717,-47.4142,23.22,28.86,20.01,82.88,17.01,8.13,19.8,12.66,1.48
2021-01-02,Piedade,Sudoeste,-23.717,-47.4142,21.55,27.61,18.19,83.77,20.05,9.35,18.47,1.83,2.48
2021-01-03,Piedade,Sudoeste,-23.717,-47.4142,22.13,29.65,17.02,73.21,24.66,11.36,16.5,0.27,2.82
2021-01-04,Piedade,Sudoeste,-23.717,-47.4142,22.95,30.2,17.38,71.85,26.35,12.13,16.93,1.69,2.01
2021-01-05,Piedade,Sudoeste,-23.717,-47.4142,25.61,32.99,18.35,67.24,23.67,10.97,18.0,0.75,1.77
2021-01-06,Piedade,Sudoeste,-23.717,-47.4142,25.84,31.93,20.8,71.02,20.24,9.52,19.45,3.41,1.8
2021-01-07,Piedade,Sudoeste,-23.717,-47.4142,25.3,30.64,21.3,76.36,23.36,10.91,20.23,4.79,2.09
2021-01-08,Piedade,Sudoeste,-23.717,-47.4142,24.16,29.29,20.82,81.39,17.74,8.41,20.4,3.35,1.46
2021-01-09,Piedade,Sudoeste,-23.717,-47.4142,23.84,29.72,20.66,82.36,17.07,8.11,20.36,4.41,1.96
2021-01-10,Piedade,Sudoeste,-23.717,-47.4142,24.78,31.13,20.58,80.37,19.29,8.99,20.76,5.49,1.78
2021-01-11,Piedade,Sudoeste,-23.717,-47.4142,25.45,31.52,20.64,76.96,22.55,10.45,20.65,1.35,1.76
2021-01-12,Piedade,Sudoeste,-23.717,-47.4142,24.54,28.76,21.64,84.83,18.71,8.83,21.66,8.58,1.46
2021-01-13,Piedade,Sudoeste,-23.717,-47.4142,24.54,31.04,20.7,81.62,21.01,9.68,20.8,8.4,2.5
2021-01-14,Piedade,Sudoeste,-23.717,-47.4142,23.47,29.09,19.51,79.92,17.46,8.37,19.39,15.1,2.08
2021-01-15,Piedade,Sudoeste,-23.717,-47.4142,23.11,27.85,19.32,82.92,15.79,7.65,19.76,6.03,1.48
2021-01-16,Piedade,Sudoeste,-23.717,-47.4142,24.1,29.75,19.32,79.21,19.07,8.98,19.81,2.44,2.16
2021-01-17,Piedade,Sudoeste,-23.717,-47.4142,23.67,28.45,20.49,82.92,15.88,7.57,20.28,3.92,2.78
2021-01-18,Piedade,Sudoeste,-23.717,-47.4142,25.09,30.51,20.49,76.97,20.94,9.76,20.28,1.66,2.28
2021-01-19,Piedade,Sudoeste,-23.717,-47.4142,23.65,27.46,20.85,84.08,15.96,7.63,20.63,2.47,1.36
2021-01-20,Piedade,Sudoeste,-23.717,-47.4142,24.24,29.58,20.77,78.4,21.73,9.97,19.82,1.15,1.77
2021-01-21,Piedade,Sudoeste,-23.717,-47.4142,24.05,31.01,19.57,74.39,24.42,11.24,18.74,0.02,2.08
2021-01-22,Piedade,Sudoeste,-23.717,-47.4142,23.05,26.87,20.22,78.76,24.39,11.19,18.99,0.0,2.15
2021-01-23,Piedade,Sudoeste,-23.717,-47.4142,23.37,29.51,19.94,79.52,21.7,10.01,19.23,3.58,2.05
2021-01-24,Piedade,Sudoeste,-23.717,-47.4142,22.74,27.08,18.96,83.39,11.72,5.75,19.54,3.04,1.38
2021-01-25,Piedade,Sudoeste,-23.717,-47.4142,22.54,27.06,19.48,82.81,17.27,7.96,19.2,13.44,1.64
2021-01-26,Piedade,Sudoeste,-23.717,-47.4142,23.63,28.71,18.91,76.03,18.32,8.5,18.66,2.12,1.5
2021-01-27,Piedade,Sudoeste,-23.717,-47.4142,23.75,28.71,20.14,77.58,24.92,11.49,19.32,4.72,2.08
2021-01-28,Piedade,Sudoeste,-23.717,-47.4142,24.29,29.75,18.45,75.03,23.32,10.72,19.11,2.71,1.66
2021-01-29,Piedade,Sudoeste,-23.717,-47.4142,25.32,31.03,20.36,72.61,24.33,11.21,19.45,0.99,1.62
2021-01-30,Piedade,Sudoeste,-23.717,-47.4142,26.24,33.0,20.1,66.79,25.55,11.72,18.62,0.25,1.7
2021-01-31,Piedade,Sudoeste,-23.717,-47.4142,25.99,33.02,20.41,67.31,17.94,8.47,18.67,0.33,1.76
2021-02-01,Piedade,Sudoeste,-23.717,-47.4142,25.64,32.24,19.84,66.02,14.49,7.02,18.15,0.28,0.93
2021-02-02,Piedade,Sudoeste,-23.717,-47.4142,25.63,31.52,20.68,72.55,22.29,10.31,19.72,5.4,0.94
2021-02-03,Piedade,Sudoeste,-23.717,-47.4142,26.14,32.93,20.46,71.77,26.79,12.24,19.74,1.42,1.11
2021-02-04,Piedade,Sudoeste,-23.717,-47.4142,26.07,31.75,21.33,73.82,23.43,10.84,20.44,1.44,1.94
2021-02-05,Piedade,Sudoeste,-23.717,-47.4142,23.76,29.33,20.16,78.21,18.09,8.44,19.37,3.97,1.42
2021-02-06,Piedade,Sudoeste,-23.717,-47.4142,23.15,30.69,18.46,71.36,26.01,11.78,16.81,0.15,2.18
2021-02-07,Piedade,Sudoeste,-23.717,-47.4142,22.29,29.7,16.85,68.14,27.35,12.21,15.23,0.01,2.66
2021-02-08,Piedade,Sudoeste,-23.717,-47.4142,21.8,30.2,14.41,64.02,26.93,12.02,13.36,0.06,2.89
2021-02-09,Piedade,Sudoeste,-23.717,-47.4142,22.15,30.0,15.98,69.67,25.31,11.34,15.39,0.25,2.33
2021-02-10,Piedade,Sudoeste,-23.717,-47.4142,22.64,29.39,17.03,71.72,23.91,10.93,16.53,0.78,2.32
2021-02-11,Piedade,Sudoeste,-23.717,-47.4142,21.61,27.38,18.37,83.08,10.1,5.0,18.32,15.6,1.6
2021-02-12,Piedade,Sudoeste,-23.717,-47.4142,21.87,26.74,18.29,86.34,14.08,6.75,19.28,12.81,1.33
2021-02-13,Piedade,Sudoeste,-23.717,-47.4142,22.41,26.54,19.3,85.28,11.07,5.35,19.59,7.51,1.62
2021-02-14,Piedade,Sudoeste,-23.717,-47.4142,22.45,26.9,18.35,79.58,14.87,7.0,18.47,0.95,1.89
2021-02-15,Piedade,Sudoeste,-23.717,-47.4142,23.55,29.62,17.74,73.99,24.39,11.18,18.09,2.33,1.79
2021-02-16,Piedade,Sudoeste,-23.717,-47.4142,24.44,31.5,17.61,70.24,24.05,11.06,17.81,1.59,1.81
2021-02-17,Piedade,Sudoeste,-23.717,-47.4142,24.33,31.25,19.09,74.76,18.45,8.58,18.8,6.66,1.35
2021-02-18,Piedade,Sudoeste,-23.717,-47.4142,24.36,31.15,19.16,75.46,24.65,11.31,18.95,5.71,1.55
2021-02-19,Piedade,Sudoeste,-23.717,-47.4142,24.05,31.43,18.55,73.01,26.16,11.74,17.82,0.88,1.67
2021-02-20,Piedade,Sudoeste,-23.717,-47.4142,24.02,31.55,18.33,72.29,25.92,11.77,17.83,0.26,2.52
2021-02-21,Piedade,Sudoeste,-23.717,-47.4142,23.94,31.47,18.58,73.16,23.66,10.74,18.06,0.51,2.64
2021-02-22,Piedade,Sudoeste,-23.717,-47.4142,24.3,32.15,17.96,70.67,24.17,10.87,17.63,0.07,2.31
2021-02-23,Piedade,Sudoeste,-23.717,-47.4142,25.4,33.95,17.21,63.2,28.24,12.72,16.34,0.03,1.49
2021-02-24,Piedade,Sudoeste,-23.717,-47.4142,25.45,33.25,18.91,67.71,18.33,8.55,18.02,4.66,1.51
2021-02-25,Piedade,Sudoeste,-23.717,-47.4142,22.93,29.18,18.64,81.62,16.91,7.93,19.24,4.42,2.02
2021-02-26,Piedade,Sudoeste,-23.717,-47.4142,21.94,28.43,17.64,80.51,15.08,7.15,17.97,11.24,1.88
2021-02-27,Piedade,Sudoeste,-23.717,-47.4142,22.39,28.28,18.28,78.96,15.8,7.45,18.06,6.62,1.68
2021-02-28,Piedade,Sudoeste,-23.717,-47.4142,21.9,27.25,18.43,84.83,18.26,8.46,18.98,13.88,1.56
2021-03-01,Piedade,Sudoeste,-23.717,-47.4142,22.75,27.46,18.86,83.89,21.41,9.86,19.61,2.26,1.47
2021-03-02,Piedade,Sudoeste,-23.717,-47.4142,23.92,29.51,20.34,76.25,22.12,10.14,18.98,0.38,1.63
2021-03-03,Piedade,Sudoeste,-23.717,-47.4142,23.63,27.98,19.96,73.38,15.09,7.11,18.2,0.89,1.68
2021-03-04,Piedade,Sudoeste,-23.717,-47.4142,23.51,28.71,19.58,76.61,14.45,6.81,18.73,4.81,1.96
2021-03-05,Piedade,Sudoeste,-23.717,-47.4142,21.8,25.02,19.63,87.56,11.31,5.53,19.53,10.58,3.09
2021-03-06,Piedade,Sudoeste,-23.717,-47.4142,21.5,24.61,19.57,90.25,11.64,5.62,19.78,6.5,1.64
2021-03-07,Piedade,Sudoeste,-23.717,-47.4142,21.81,25.56,19.44,89.2,14.41,6.81,19.85,13.45,1.26
2021-03-08,Piedade,Sudoeste,-23.717,-47.4142,21.8,27.92,17.4,81.86,20.35,9.32,18.2,1.59,1.48
2021-03-09,Piedade,Sudoeste,-23.717,-47.4142,22.29,27.97,16.82,78.6,22.17,10.16,17.95,1.61,0.87
2021-03-10,Piedade,Sudoeste,-23.717,-47.4142,22.27,28.63,17.89,75.82,24.99,11.33,17.09,0.4,1.29
2021-03-11,Piedade,Sudoeste,-23.717,-47.4142,22.31,28.37,16.87,79.53,20.28,9.39,18.19,8.13,1.44
2021-03-12,Piedade,Sudoeste,-23.717,-47.4142,23.49,30.02,18.24,77.87,23.68,10.83,18.73,1.18,1.37
2021-03-13,Piedade,Sudoeste,-23.717,-47.4142,24.04,30.67,18.79,75.85,24.15,10.97,18.79,0.04,1.31
2021-03-14,Piedade,Sudoeste,-23.717,-47.4142,24.59,31.61,18.74,73.53,24.63,11.29,18.64,0.53,1.36
2021-03-15,Piedade,Sudoeste,-23.717,-47.4142,24.55,31.25,19.07,72.72,22.08,10.09,18.47,0.11,1.2
2021-03-16,Piedade,Sudoeste,-23.717,-47.4142,25.02,32.45,19.3,70.34,23.75,10.86,18.19,0.12,1.28
2021-03-17,Piedade,Sudoeste,-23.717,-47.4142,25.09,31.25,19.43,72.64,19.76,9.11,19.14,5.66,1.49
2021-03-18,Piedade,Sudoeste,-23.717,-47.4142,23.06,27.25,19.85,82.0,14.76,6.87,19.59,9.78,1.23
2021-03-19,Piedade,Sudoeste,-23.717,-47.4142,23.08,28.47,19.52,84.83,18.98,8.79,20.11,14.47,1.54
2021-03-20,Piedade,Sudoeste,-23.717,-47.4142,23.64,29.26,19.61,82.77,19.84,9.18,20.21,1.54,1.27
2021-03-21,Piedade,Sudoeste,-23.717,-47.4142,24.47,30.46,19.69,73.13,23.28,10.65,18.76,0.07,1.33
2021-03-22,Piedade,Sudoeste,-23.717,-47.4142,24.03,31.38,17.42,72.82,22.68,10.32,18.08,0.16,1.23
2021-03-23,Piedade,Sudoeste,-23.717,-47.4142,24.35,32.14,18.01,71.89,23.02,10.42,17.79,0.15,1.22
2021-03-24,Piedade,Sudoeste,-23.717,-47.4142,24.61,32.11,19.12,73.68,22.46,10.32,18.79,0.2,1.69
2021-03-25,Piedade,Sudoeste,-23.717,-47.4142,24.54,31.85,19.43,72.16,22.88,10.52,18.24,0.07,1.77
2021-03-26,Piedade,Sudoeste,-23.717,-47.4142,25.09,33.21,18.7,68.1,23.32,10.66,17.61,0.16,1.24
2021-03-27,Piedade,Sudoeste,-23.717,-47.4142,25.22,32.94,19.2,71.9,22.3,10.22,18.68,8.86,1.18
2021-03-28,Piedade,Sudoeste,-23.717,-47.4142,25.04,31.0,20.02,73.58,22.36,10.18,19.3,4.03,1.09
2021-03-29,Piedade,Sudoeste,-23.717,-47.4142,25.51,32.19,20.09,68.46,21.0,9.69,18.39,3.23,1.03
2021-03-30,Piedade,Sudoeste,-23.717,-47.4142,23.56,29.62,18.89,77.19,19.67,9.03,18.72,5.54,1.53
2021-03-31,Piedade,Sudoeste,-23.717,-47.4142,20.59,26.61,15.62,77.95,19.9,9.03,16.08,1.47,2.14
2021-04-01,Piedade,Sudoeste,-23.717,-47.4142,19.35,26.49,13.72,72.89,23.55,10.51,13.39,0.19,1.98
2021-04-02,Piedade,Sudoeste,-23.717,-47.4142,20.08,27.04,15.25,75.42,21.44,9.62,14.85,0.25,2.21
2021-04-03,Piedade,Sudoeste,-23.717,-47.4142,20.55,28.29,14.89,73.51,22.67,10.12,14.6,0.09,1.83
2021-04-04,Piedade,Sudoeste,-23.717,-47.4142,20.82,27.99,16.01,77.43,19.67,8.82,16.05,0.89,2.69
2021-04-05,Piedade,Sudoeste,-23.717,-47.4142,21.05,27.75,16.54,76.95,18.87,8.52,16.26,0.66,2.27
2021-04-06,Piedade,Sudoeste,-23.717,-47.4142,20.89,26.55,17.49,81.09,10.82,5.15,17.2,3.26,1.51
2021-04-07,Piedade,Sudoeste,-23.717,-47.4142,21.03,27.81,16.79,77.96,17.81,8.11,16.51,0.51,2.77
2021-04-08,Piedade,Sudoeste,-23.717,-47.4142,21.5,29.4,16.96,72.2,22.57,10.19,15.4,0.12,2.37
2021-04-09,Piedade,Sudoeste,-23.717,-47.4142,21.35,29.08,15.33,70.48,21.4,9.7,14.57,0.04,1.13
2021-04-10,Piedade,Sudoeste,-23.717,-47.4142,21.66,29.73,14.73,65.69,22.19,9.95,13.43,0.01,1.25
2021-04-11,Piedade,Sudoeste,-23.717,-47.4142,21.6,30.41,14.2,62.73,22.43,9.91,12.68,0.01,1.64
2021-04-12,Piedade,Sudoeste,-23.717,-47.4142,22.8,31.51,15.24,62.93,19.09,8.71,14.4,0.36,1.92
2021-04-13,Piedade,Sudoeste,-23.717,-47.4142,19.93,25.03,15.33,78.78,10.76,5.08,15.82,0.83,2.81
2021-04-14,Piedade,Sudoeste,-23.717,-47.4142,18.83,25.58,13.51,74.41,17.88,8.04,13.41,0.07,2.46
2021-04-15,Piedade,Sudoeste,-23.717,-47.4142,20.73,27.8,15.27,74.0,17.03,7.75,15.17,0.01,1.78
2021-04-16,Piedade,Sudoeste,-23.717,-47.4142,21.47,28.66,15.76,71.39,17.29,7.91,15.2,0.25,1.71
2021-04-17,Piedade,Sudoeste,-23.717,-47.4142,20.78,26.09,16.73,80.92,10.7,5.0,17.04,16.38,1.19
2021-04-18,Piedade,Sudoeste,-23.717,-47.4142,19.95,25.05,16.46,85.45,12.85,5.92,17.22,5.06,1.61
2021-04-19,Piedade,Sudoeste,-23.717,-47.4142,18.68,24.37,14.77,84.21,14.06,6.52,15.63,3.37,2.37
2021-04-20,Piedade,Sudoeste,-23.717,-47.4142,18.12,23.77,14.84,84.92,14.38,6.63,15.2,3.6,2.47
2021-04-21,Piedade,Sudoeste,-23.717,-47.4142,18.22,24.16,14.22,85.37,15.52,7.05,15.39,4.42,2.24
2021-04-22,Piedade,Sudoeste,-23.717,-47.4142,17.88,23.39,14.26,83.56,16.42,7.5,14.71,1.7,2.46
2021-04-23,Piedade,Sudoeste,-23.717,-47.4142,17.96,25.17,12.92,78.88,19.27,8.65,13.53,0.09,1.46
2021-04-24,Piedade,Sudoeste,-23.717,-47.4142,19.02,26.63,13.42,75.72,18.49,8.31,13.84,0.05,0.99
2021-04-25,Piedade,Sudoeste,-23.717,-47.4142,20.87,28.37,14.19,70.73,17.03,7.82,14.4,0.01,1.02
2021-04-26,Piedade,Sudoeste,-23.717,-47.4142,20.87,27.3,16.33,75.34,15.57,7.12,15.76,2.18,1.54
2021-04-27,Piedade,Sudoeste,-23.717,-47.4142,19.77,26.08,15.93,79.62,13.42,6.06,15.57,0.92,1.83
2021-04-28,Piedade,Sudoeste,-23.717,-47.4142,18.5,25.66,13.99,78.47,17.99,8.02,14.05,0.47,2.08
2021-04-29,Piedade,Sudoeste,-23.717,-47.4142,17.52,24.41,12.84,76.77,18.54,8.3,12.67,0.39,2.8
2021-04-30,Piedade,Sudoeste,-23.717,-47.4142,18.07,25.28,13.66,76.91,16.63,7.45,13.23,0.28,2.63
2021-05-01,Piedade,Sudoeste,-23.717,-47.4142,18.79,25.95,14.58,74.11,17.75,8.03,13.41,0.01,1.98
2021-05-02,Piedade,Sudoeste,-23.717,-47.4142,18.58,26.83,12.75,72.06,18.49,8.28,12.45,0.0,1.38
2021-05-03,Piedade,Sudoeste,-23.717,-47.4142,18.73,27.62,12.63,70.85,18.79,8.46,12.0,0.04,1.02
2021-05-04,Piedade,Sudoeste,-23.717,-47.4142,19.84,28.1,12.83,64.48,16.64,7.44,11.67,0.02,1.38
2021-05-05,Piedade,Sudoeste,-23.717,-47.4142,20.63,28.96,13.87,56.48,18.0,8.01,10.49,0.03,0.78
2021-05-06,Piedade,Sudoeste,-23.717,-47.4142,20.61,29.06,13.53,66.93,17.94,8.03,12.78,0.17,1.73
2021-05-07,Piedade,Sudoeste,-23.717,-47.4142,16.7,19.83,14.41,85.43,9.79,4.55,14.17,1.74,2.56
2021-05-08,Piedade,Sudoeste,-23.717,-47.4142,17.47,24.24,13.11,80.12,15.1,6.85,13.52,0.63,2.65
2021-05-09,Piedade,Sudoeste,-23.717,-47.4142,18.55,25.95,13.63,76.55,16.9,7.55,13.56,0.19,2.0
2021-05-10,Piedade,Sudoeste,-23.717,-47.4142,18.84,26.39,13.07,71.92,16.38,7.35,12.75,0.01,1.38
2021-05-11,Piedade,Sudoeste,-23.717,-47.4142,19.1,27.28,12.28,71.2,15.7,7.01,12.74,0.01,1.5
2021-05-12,Piedade,Sudoeste,-23.717,-47.4142,17.07,22.79,13.97,85.79,6.0,2.88,14.44,19.82,1.85
2021-05-13,Piedade,Sudoeste,-23.717,-47.4142,15.98,21.69,12.65,83.5,12.58,5.72,12.86,1.24,2.55
2021-05-14,Piedade,Sudoeste,-23.717,-47.4142,16.98,23.28,12.66,80.29,14.31,6.47,13.16,0.11,1.95
2021-05-15,Piedade,Sudoeste,-23.717,-47.4142,17.65,24.45,12.89,80.64,11.73,5.37,13.75,0.28,1.54
2021-05-16,Piedade,Sudoeste,-23.717,-47.4142,17.95,24.96,13.09,79.74,14.46,6.46,13.83,0.09,1.29
2021-05-17,Piedade,Sudoeste,-23.717,-47.4142,18.11,25.16,12.97,72.58,15.83,7.03,12.37,0.02,1.28
2021-05-18,Piedade,Sudoeste,-23.717,-47.4142,17.51,24.5,13.29,77.69,13.41,6.0,12.94,0.1,1.52
2021-05-19,Piedade,Sudoeste,-23.717,-47.4142,17.05,25.23,11.09,69.5,17.47,7.61,10.42,0.06,1.36
2021-05-20,Piedade,Sudoeste,-23.717,-47.4142,17.6,26.77,9.98,56.23,17.6,7.62,7.61,0.05,1.45
2021-05-21,Piedade,Sudoeste,-23.717,-47.4142,18.48,27.84,10.88,59.65,16.25,7.12,9.58,0.07,1.47
2021-05-22,Piedade,Sudoeste,-23.717,-47.4142,18.0,23.9,13.5,75.51,4.53,2.23,13.5,3.79,1.85
2021-05-23,Piedade,Sudoeste,-23.717,-47.4142,19.05,25.06,13.43,83.76,5.92,2.81,16.09,5.43,2.68
2021-05-24,Piedade,Sudoeste,-23.717,-47.4142,14.07,21.23,8.09,58.06,16.88,7.25,4.79,0.0,1.57
2021-05-25,Piedade,Sudoeste,-23.717,-47.4142,15.48,23.94,9.91,51.49,17.43,7.54,4.65,0.04,0.84
2021-05-26,Piedade,Sudoeste,-23.717,-47.4142,16.74,26.16,9.91,57.11,15.85,7.03,6.74,0.06,1.18
2021-05-27,Piedade,Sudoeste,-23.717,-47.4142,19.51,27.4,12.72,60.7,14.88,6.72,11.19,0.0,1.22
2021-05-28,Piedade,Sudoeste,-23.717,-47.4142,21.16,29.52,14.76,63.39,14.19,6.49,13.4,0.04,1.91
2021-05-29,Piedade,Sudoeste,-23.717,-47.4142,21.96,28.68,17.63,68.67,11.45,5.23,15.47,1.12,2.63
2021-05-30,Piedade,Sudoeste,-23.717,-47.4142,19.26,24.36,16.32,87.36,6.63,3.14,16.93,6.95,1.2
2021-05-31,Piedade,Sudoeste,-23.717,-47.4142,17.24,21.02,14.4,90.47,7.16,3.39,15.61,3.11,1.38
2021-06-01,Piedade,Sudoeste,-23.717,-47.4142,17.63,24.38,12.82,77.0,14.87,6.56,13.11,0.09,0.91
2021-06-02,Piedade,Sudoeste,-23.717,-47.4142,18.54,26.6,10.65,69.94,16.27,7.22,12.3,0.02,1.31
2021-06-03,Piedade,Sudoeste,-23.717,-47.4142,19.81,27.89,14.34,71.07,15.18,6.87,13.46,0.02,1.11
2021-06-04,Piedade,Sudoeste,-23.717,-47.4142,19.84,28.16,13.66,70.78,15.55,7.0,13.19,0.01,1.48
2021-06-05,Piedade,Sudoeste,-23.717,-47.4142,20.09,27.33,13.25,66.16,15.75,7.05,12.66,0.01,1.71
2021-06-06,Piedade,Sudoeste,-23.717,-47.4142,19.6,27.01,14.03,64.66,12.0,5.36,12.08,0.47,1.35
2021-06-07,Piedade,Sudoeste,-23.717,-47.4142,18.27,23.51,15.0,85.79,3.87,1.93,15.56,4.46,1.27
2021-06-08,Piedade,Sudoeste,-23.717,-47.4142,18.3,24.43,14.18,85.85,6.7,3.18,15.58,2.35,1.27
2021-06-09,Piedade,Sudoeste,-23.717,-47.4142,18.18,23.93,14.79,86.68,14.54,6.5,15.69,0.36,1.28
2021-06-10,Piedade,Sudoeste,-23.717,-47.4142,19.39,25.27,15.55,84.14,3.72,1.87,16.34,2.54,1.5
2021-06-11,Piedade,Sudoeste,-23.717,-47.4142,17.97,22.68,14.0,86.33,7.58,3.55,15.39,1.04,1.29
2021-06-12,Piedade,Sudoeste,-23.717,-47.4142,15.82,22.65,11.7,77.73,14.7,6.49,11.29,0.06,1.43
2021-06-13,Piedade,Sudoeste,-23.717,-47.4142,14.27,22.14,9.46,75.08,15.57,6.83,9.06,0.02,2.14
2021-06-14,Piedade,Sudoeste,-23.717,-47.4142,15.13,24.14,9.24,76.46,15.85,6.99,10.13,0.02,1.36
2021-06-15,Piedade,Sudoeste,-23.717,-47.4142,15.92,23.87,10.37,76.46,13.78,6.04,11.02,0.01,1.54
2021-06-16,Piedade,Sudoeste,-23.717,-47.4142,15.3,21.89,11.36,79.35,13.74,6.07,11.09,0.37,2.05
2021-06-17,Piedade,Sudoeste,-23.717,-47.4142,14.55,20.53,10.6,82.83,11.73,5.26,11.25,0.41,1.73
2021-06-18,Piedade,Sudoeste,-23.717,-47.4142,15.11,20.99,11.12,80.88,13.27,5.92,11.44,0.41,1.67
2021-06-19,Piedade,Sudoeste,-23.717,-47.4142,17.3,23.41,13.39,76.13,7.26,3.37,12.52,3.37,1.9
2021-06-20,Piedade,Sudoeste,-23.717,-47.4142,16.88,23.46,12.28,77.8,11.0,4.84,12.34,0.76,2.06
2021-06-21,Piedade,Sudoeste,-23.717,-47.4142,15.79,22.69,10.94,79.42,10.13,4.56,11.73,1.0,1.19
2021-06-22,Piedade,Sudoeste,-23.717,-47.4142,15.69,21.48,12.91,87.65,7.63,3.52,13.51,9.87,1.69
2021-06-23,Piedade,Sudoeste,-23.717,-47.4142,15.63,22.04,11.28,80.87,12.03,5.35,11.85,0.26,2.24
2021-06-24,Piedade,Sudoeste,-23.717,-47.4142,16.9,23.94,11.1,80.94,14.72,6.52,13.28,0.08,1.8
2021-06-25,Piedade,Sudoeste,-23.717,-47.4142,19.14,26.97,12.87,76.49,12.71,5.71,14.28,0.02,1.38
2021-06-26,Piedade,Sudoeste,-23.717,-47.4142,19.99,27.49,14.68,71.93,14.42,6.41,13.9,0.05,1.78
2021-06-27,Piedade,Sudoeste,-23.717,-47.4142,19.14,27.02,13.83,63.29,15.15,6.73,11.15,0.01,2.49
2021-06-28,Piedade,Sudoeste,-23.717,-47.4142,16.7,25.06,9.96,70.64,13.25,5.87,10.52,0.29,1.09
2021-06-29,Piedade,Sudoeste,-23.717,-47.4142,12.11,16.34,7.71,72.42,6.85,3.13,6.92,0.5,1.7
2021-06-30,Piedade,Sudoeste,-23.717,-47.4142,8.93,17.17,3.12,59.87,16.42,6.99,0.18,0.0,1.53
2021-07-01,Piedade,Sudoeste,-23.717,-47.4142,11.82,20.45,5.61,78.5,14.96,6.53,7.37,0.03,2.47
2021-07-02,Piedade,Sudoeste,-23.717,-47.4142,15.72,23.93,8.47,66.29,16.3,7.12,8.52,0.01,1.5
2021-07-03,Piedade,Sudoeste,-23.717,-47.4142,16.03,24.71,9.85,63.9,15.09,6.49,8.23,0.02,1.29
2021-07-04,Piedade,Sudoeste,-23.717,-47.4142,15.14,22.76,10.29,77.11,12.82,5.58,10.48,0.03,1.96
2021-07-05,Piedade,Sudoeste,-23.717,-47.4142,15.65,22.96,10.44,77.58,13.7,5.96,11.18,0.02,1.52
2021-07-06,Piedade,Sudoeste,-23.717,-47.4142,15.55,21.89,11.17,79.76,12.34,5.4,11.54,0.1,1.99
2021-07-07,Piedade,Sudoeste,-23.717,-47.4142,15.79,23.17,11.21,76.67,13.29,5.89,10.82,0.02,1.8
2021-07-08,Piedade,Sudoeste,-23.717,-47.4142,15.33,23.08,10.14,73.57,15.32,6.74,9.76,0.01,1.16
2021-07-09,Piedade,Sudoeste,-23.717,-47.4142,15.65,24.38,9.89,74.14,15.68,6.85,9.84,0.01,1.39
2021-07-10,Piedade,Sudoeste,-23.717,-47.4142,17.06,25.06,9.8,63.72,16.25,7.07,8.89,0.03,1.35
2021-07-11,Piedade,Sudoeste,-23.717,-47.4142,16.96,25.87,9.46,59.71,15.91,6.83,7.84,0.01,1.27
2021-07-12,Piedade,Sudoeste,-23.717,-47.4142,17.05,26.31,9.94,66.68,16.02,7.01,9.2,0.03,1.37
2021-07-13,Piedade,Sudoeste,-23.717,-47.4142,17.37,26.27,10.01,56.04,16.35,7.2,7.34,0.02,1.58
2021-07-14,Piedade,Sudoeste,-23.717,-47.4142,17.08,24.93,10.52,57.57,14.95,6.6,8.01,0.01,1.57
2021-07-15,Piedade,Sudoeste,-23.717,-47.4142,18.41,27.91,10.77,55.01,15.55,6.78,8.4,0.01,1.92
2021-07-16,Piedade,Sudoeste,-23.717,-47.4142,17.62,23.26,12.66,72.87,8.19,3.77,12.21,3.1,1.42
2021-07-17,Piedade,Sudoeste,-23.717,-47.4142,16.87,20.87,13.91,87.79,10.51,4.74,14.73,3.48,1.29
2021-07-18,Piedade,Sudoeste,-23.717,-47.4142,15.86,24.24,8.51,67.62,15.76,6.81,8.66,0.08,1.74
2021-07-19,Piedade,Sudoeste,-23.717,-47.4142,10.23,19.95,2.57,52.47,17.91,7.56,-1.7,0.0,1.51
2021-07-20,Piedade,Sudoeste,-23.717,-47.4142,10.93,20.51,3.02,55.13,16.57,7.09,1.3,0.01,1.97
2021-07-21,Piedade,Sudoeste,-23.717,-47.4142,12.02,21.23,7.63,69.49,16.47,7.0,5.3,0.05,1.24
2021-07-22,Piedade,Sudoeste,-23.717,-47.4142,13.08,24.8,5.91,72.7,17.56,7.56,6.67,0.32,2.22
2021-07-23,Piedade,Sudoeste,-23.717,-47.4142,15.94,26.41,9.74,69.36,17.87,7.74,8.82,0.1,1.37
2021-07-24,Piedade,Sudoeste,-23.717,-47.4142,16.93,26.67,8.61,51.68,17.91,7.74,5.76,0.02,1.73
2021-07-25,Piedade,Sudoeste,-23.717,-47.4142,17.4,26.6,9.11,50.89,17.85,7.74,6.25,0.06,2.04
2021-07-26,Piedade,Sudoeste,-23.717,-47.4142,17.67,27.96,9.25,49.71,17.71,7.76,6.01,0.09,2.05
2021-07-27,Piedade,Sudoeste,-23.717,-47.4142,18.86,29.01,10.16,54.79,15.12,6.75,8.43,1.19,2.62
2021-07-28,Piedade,Sudoeste,-23.717,-47.4142,11.64,14.85,5.52,85.87,3.95,1.95,9.3,18.15,2.19
2021-07-29,Piedade,Sudoeste,-23.717,-47.4142,7.1,14.89,1.59,58.31,19.03,7.99,-2.0,0.0,1.49
2021-07-30,Piedade,Sudoeste,-23.717,-47.4142,7.71,16.58,1.05,72.07,17.85,7.63,2.23,0.48,2.64
2021-07-31,Piedade,Sudoeste,-23.717,-47.4142,12.21,19.93,6.95,72.9,15.62,6.81,6.63,0.27,3.02
2021-08-01,Piedade,Sudoeste,-23.717,-47.4142,13.98,21.49,8.65,76.03,12.86,5.81,8.94,0.31,1.6
2021-08-02,Piedade,Sudoeste,-23.717,-47.4142,14.47,22.9,8.77,77.86,16.99,7.42,9.74,0.19,1.54
2021-08-03,Piedade,Sudoeste,-23.717,-47.4142,13.97,20.61,10.05,78.24,15.72,6.99,9.64,0.18,2.75
2021-08-04,Piedade,Sudoeste,-23.717,-47.4142,14.57,22.23,9.56,76.97,17.52,7.68,9.81,0.16,2.85
2021-08-05,Piedade,Sudoeste,-23.717,-47.4142,15.98,24.15,10.3,73.92,14.31,6.39,10.38,0.04,2.11
2021-08-06,Piedade,Sudoeste,-23.717,-47.4142,17.09,24.43,12.44,74.49,15.14,6.85,11.74,0.02,1.88
2021-08-07,Piedade,Sudoeste,-23.717,-47.4142,18.29,25.49,12.88,69.22,12.54,5.69,11.71,0.0,1.57
2021-08-08,Piedade,Sudoeste,-23.717,-47.4142,18.07,25.74,12.28,61.08,16.63,7.39,9.52,0.0,1.42
2021-08-09,Piedade,Sudoeste,-23.717,-47.4142,19.02,27.66,10.84,52.99,18.04,7.98,8.05,0.0,1.51
2021-08-10,Piedade,Sudoeste,-23.717,-47.4142,19.69,28.9,11.01,47.47,18.77,8.22,6.97,0.0,1.62
2021-08-11,Piedade,Sudoeste,-23.717,-47.4142,16.43,23.24,12.25,73.85,13.9,6.15,11.26,0.81,2.79
2021-08-12,Piedade,Sudoeste,-23.717,-47.4142,14.35,19.55,11.42,82.52,12.54,5.65,11.18,1.51,3.14
2021-08-13,Piedade,Sudoeste,-23.717,-47.4142,15.51,21.47,12.31,82.93,10.41,4.75,12.38,1.24,3.07
2021-08-14,Piedade,Sudoeste,-23.717,-47.4142,17.11,24.67,12.72,78.24,12.99,5.9,12.77,0.25,2.43
2021-08-15,Piedade,Sudoeste,-23.717,-47.4142,19.26,28.86,11.63,69.18,16.77,7.52,12.01,0.07,1.57
2021-08-16,Piedade,Sudoeste,-23.717,-47.4142,19.66,27.72,13.66,75.41,10.76,4.98,14.23,2.27,1.43
2021-08-17,Piedade,Sudoeste,-23.717,-47.4142,21.17,30.87,13.45,66.06,18.52,8.21,13.03,0.3,1.33
2021-08-18,Piedade,Sudoeste,-23.717,-47.4142,22.95,32.62,15.42,50.51,19.86,8.81,10.83,0.02,1.34
2021-08-19,Piedade,Sudoeste,-23.717,-47.4142,22.78,31.67,14.34,44.79,20.4,9.03,8.93,0.02,1.63
2021-08-20,Piedade,Sudoeste,-23.717,-47.4142,22.41,30.81,13.46,43.38,20.34,8.96,8.13,0.01,1.75
2021-08-21,Piedade,Sudoeste,-23.717,-47.4142,21.86,30.72,14.67,47.98,19.38,8.42,9.06,0.01,1.22
2021-08-22,Piedade,Sudoeste,-23.717,-47.4142,21.29,30.67,12.94,45.05,20.68,9.04,7.42,0.0,2.22
2021-08-23,Piedade,Sudoeste,-23.717,-47.4142,22.27,31.36,13.11,44.66,19.68,8.52,8.5,0.01,1.77
2021-08-24,Piedade,Sudoeste,-23.717,-47.4142,23.82,32.9,15.0,41.87,17.59,7.42,8.84,0.0,1.39
2021-08-25,Piedade,Sudoeste,-23.717,-47.4142,23.33,33.24,14.96,42.55,17.55,7.39,8.78,0.0,2.0
2021-08-26,Piedade,Sudoeste,-23.717,-47.4142,23.04,32.44,16.52,48.5,17.2,7.51,10.33,0.09,2.31
2021-08-27,Piedade,Sudoeste,-23.717,-47.4142,17.86,24.74,14.64,77.69,7.82,3.74,13.5,7.22,3.73
2021-08-28,Piedade,Sudoeste,-23.717,-47.4142,16.15,19.33,14.74,88.33,5.83,2.93,14.16,15.26,2.74
2021-08-29,Piedade,Sudoeste,-23.717,-47.4142,16.63,20.99,14.19,86.55,11.55,5.41,14.25,3.7,3.1
2021-08-30,Piedade,Sudoeste,-23.717,-47.4142,18.15,25.96,13.31,77.32,18.4,8.25,13.48,0.9,3.44
2021-08-31,Piedade,Sudoeste,-23.717,-47.4142,18.48,26.6,12.97,73.97,18.87,8.49,12.92,0.14,3.25
2021-09-01,Piedade,Sudoeste,-23.717,-47.4142,19.12,28.29,13.02,67.51,22.45,9.97,11.01,0.02,2.25
2021-09-02,Piedade,Sudoeste,-23.717,-47.4142,20.41,29.31,13.1,65.47,21.86,9.8,12.11,0.0,1.63
2021-09-03,Piedade,Sudoeste,-23.717,-47.4142,22.81,30.83,14.72,53.68,21.89,9.73,11.31,0.0,1.26
2021-09-04,Piedade,Sudoeste,-23.717,-47.4142,22.81,32.16,14.66,55.19,19.96,8.94,11.75,0.06,1.39
2021-09-05,Piedade,Sudoeste,-23.717,-47.4142,21.82,31.41,15.26,62.95,18.2,8.1,12.62,0.04,1.72
2021-09-06,Piedade,Sudoeste,-23.717,-47.4142,21.49,30.82,16.01,69.33,19.59,8.66,14.49,0.07,3.03
2021-09-07,Piedade,Sudoeste,-23.717,-47.4142,21.69,32.62,14.21,66.77,20.16,8.97,13.48,0.05,2.16
2021-09-08,Piedade,Sudoeste,-23.717,-47.4142,24.25,34.53,15.27,59.18,16.96,7.5,13.79,0.45,2.26
2021-09-09,Piedade,Sudoeste,-23.717,-47.4142,22.86,28.0,18.22,73.32,9.98,4.49,17.5,9.88,1.85
2021-09-10,Piedade,Sudoeste,-23.717,-47.4142,20.68,27.29,15.83,69.75,11.09,5.15,14.26,2.51,1.49
2021-09-11,Piedade,Sudoeste,-23.717,-47.4142,19.85,25.96,15.81,67.38,14.2,6.48,13.36,0.26,1.17
2021-09-12,Piedade,Sudoeste,-23.717,-47.4142,23.05,33.17,14.96,66.7,21.97,9.82,14.86,0.03,1.52
2021-09-13,Piedade,Sudoeste,-23.717,-47.4142,25.19,36.19,16.35,56.3,18.41,8.21,13.61,0.01,2.24
2021-09-14,Piedade,Sudoeste,-23.717,-47.4142,26.03,35.72,17.49,47.28,14.71,6.44,12.42,0.48,2.8
2021-09-15,Piedade,Sudoeste,-23.717,-47.4142,22.77,29.65,17.13,73.19,9.03,4.11,17.38,2.94,2.2
2021-09-16,Piedade,Sudoeste,-23.717,-47.4142,19.44,27.12,14.9,76.01,13.16,6.04,14.66,3.26,4.08
2021-09-17,Piedade,Sudoeste,-23.717,-47.4142,21.06,29.89,14.6,72.69,16.27,7.36,15.24,1.05,2.55
2021-09-18,Piedade,Sudoeste,-23.717,-47.4142,23.71,33.95,15.81,66.0,20.54,9.16,15.5,0.04,2.13
2021-09-19,Piedade,Sudoeste,-23.717,-47.4142,24.33,33.93,17.09,68.04,21.65,9.72,16.8,0.04,2.35
2021-09-20,Piedade,Sudoeste,-23.717,-47.4142,26.44,36.06,18.02,57.1,23.08,10.42,15.16,0.0,1.83
2021-09-21,Piedade,Sudoeste,-23.717,-47.4142,24.9,36.72,14.77,55.39,17.48,7.76,13.73,0.99,3.36
2021-09-22,Piedade,Sudoeste,-23.717,-47.4142,16.05,23.18,12.1,66.96,15.5,7.0,9.37,0.53,4.87
2021-09-23,Piedade,Sudoeste,-23.717,-47.4142,17.35,27.01,10.82,61.07,23.38,10.26,8.65,0.09,3.36
2021-09-24,Piedade,Sudoeste,-23.717,-47.4142,19.47,29.19,11.54,63.23,22.91,10.13,10.99,0.0,2.52
2021-09-25,Piedade,Sudoeste,-23.717,-47.4142,20.64,30.14,14.72,66.9,16.38,7.38,13.24,2.28,2.5
2021-09-26,Piedade,Sudoeste,-23.717,-47.4142,22.25,32.21,14.41,68.33,22.16,9.89,14.73,0.99,1.91
2021-09-27,Piedade,Sudoeste,-23.717,-47.4142,23.08,32.16,16.16,61.64,23.8,10.65,13.73,0.08,2.23
2021-09-28,Piedade,Sudoeste,-23.717,-47.4142,24.77,34.47,15.31,53.53,23.87,10.69,12.53,0.0,1.54
2021-09-29,Piedade,Sudoeste,-23.717,-47.4142,24.62,33.65,17.61,54.28,18.98,8.55,13.77,0.07,2.57
2021-09-30,Piedade,Sudoeste,-23.717,-47.4142,21.25,30.48,15.06,66.24,20.91,9.54,13.6,1.11,3.11
2021-10-01,Piedade,Sudoeste,-23.717,-47.4142,24.69,35.62,15.93,61.27,10.58,4.93,14.97,1.01,2.61
2021-10-02,Piedade,Sudoeste,-23.717,-47.4142,22.83,27.85,19.22,74.83,9.84,4.65,17.77,3.38,1.9
2021-10-03,Piedade,Sudoeste,-23.717,-47.4142,25.03,32.19,18.85,65.66,10.95,5.12,17.21,7.09,1.98
2021-10-04,Piedade,Sudoeste,-23.717,-47.4142,21.57,27.03,16.98,79.95,9.15,4.26,17.76,15.0,2.35
2021-10-05,Piedade,Sudoeste,-23.717,-47.4142,19.92,27.53,15.4,74.49,14.26,6.55,14.76,0.92,3.13
2021-10-06,Piedade,Sudoeste,-23.717,-47.4142,22.75,33.29,14.62,67.18,22.66,10.3,15.11,0.56,2.18
2021-10-07,Piedade,Sudoeste,-23.717,-47.4142,20.29,27.89,15.09,75.87,9.35,4.54,15.54,1.34,2.85
2021-10-08,Piedade,Sudoeste,-23.717,-47.4142,19.67,27.95,14.02,69.11,22.85,10.5,13.14,0.57,3.04
2021-10-09,Piedade,Sudoeste,-23.717,-47.4142,19.64,28.22,14.12,72.62,11.12,5.38,13.92,2.2,3.53
2021-10-10,Piedade,Sudoeste,-23.717,-47.4142,17.92,23.15,14.98,79.36,7.5,3.78,14.1,7.07,3.51
2021-10-11,Piedade,Sudoeste,-23.717,-47.4142,19.61,26.09,15.52,75.17,10.26,5.03,14.6,2.4,3.37
2021-10-12,Piedade,Sudoeste,-23.717,-47.4142,20.93,28.18,15.97,71.54,19.71,9.03,14.77,0.46,2.26
2021-10-13,Piedade,Sudoeste,-23.717,-47.4142,22.2,31.23,14.93,66.62,23.8,10.74,14.02,0.06,1.95
2021-10-14,Piedade,Sudoeste,-23.717,-47.4142,24.41,33.03,17.05,64.39,15.15,7.14,16.1,1.22,2.74
2021-10-15,Piedade,Sudoeste,-23.717,-47.4142,24.83,31.16,20.1,74.74,17.74,8.19,19.49,19.28,2.47
2021-10-16,Piedade,Sudoeste,-23.717,-47.4142,22.82,29.64,17.19,79.14,14.19,6.53,18.63,3.94,2.79
2021-10-17,Piedade,Sudoeste,-23.717,-47.4142,20.1,26.37,15.44,76.04,7.88,3.98,15.38,3.64,2.99
2021-10-18,Piedade,Sudoeste,-23.717,-47.4142,18.12,22.2,15.03,80.56,9.47,4.71,14.49,9.09,3.47
2021-10-19,Piedade,Sudoeste,-23.717,-47.4142,17.38,22.96,13.16,79.03,8.41,4.16,13.4,2.43,3.91
2021-10-20,Piedade,Sudoeste,-23.717,-47.4142,15.38,21.97,10.99,76.8,15.29,7.14,10.95,1.87,3.61
2021-10-21,Piedade,Sudoeste,-23.717,-47.4142,17.69,25.7,11.49,71.53,24.17,10.77,11.52,0.15,2.36
2021-10-22,Piedade,Sudoeste,-23.717,-47.4142,19.68,29.03,11.48,63.63,29.44,13.11,10.52,0.01,1.55
2021-10-23,Piedade,Sudoeste,-23.717,-47.4142,22.76,33.18,12.68,56.69,28.22,12.54,11.21,9.21,2.56
2021-10-24,Piedade,Sudoeste,-23.717,-47.4142,20.39,26.85,14.28,83.24,8.23,4.08,17.33,16.52,3.49
2021-10-25,Piedade,Sudoeste,-23.717,-47.4142,19.65,28.64,12.77,70.95,19.95,9.13,13.44,0.37,2.55
2021-10-26,Piedade,Sudoeste,-23.717,-47.4142,20.75,28.13,15.13,73.87,22.74,10.3,15.33,0.72,2.43
2021-10-27,Piedade,Sudoeste,-23.717,-47.4142,20.1,25.38,16.66,84.99,14.77,7.07,17.36,10.22,2.71
2021-10-28,Piedade,Sudoeste,-23.717,-47.4142,19.98,23.15,17.72,90.36,13.68,6.65,18.32,7.51,2.38
2021-10-29,Piedade,Sudoeste,-23.717,-47.4142,20.94,28.01,16.58,79.38,21.14,9.72,16.82,0.87,2.49
2021-10-30,Piedade,Sudoeste,-23.717,-47.4142,21.3,28.39,15.98,74.43,22.49,10.33,16.07,1.4,2.45
2021-10-31,Piedade,Sudoeste,-23.717,-47.4142,19.15,22.33,16.65,86.85,6.41,3.31,16.84,9.86,1.76
2021-11-01,Piedade,Sudoeste,-23.717,-47.4142,20.24,25.54,17.08,81.9,17.16,8.14,16.78,1.3,2.24
2021-11-02,Piedade,Sudoeste,-23.717,-47.4142,20.99,28.43,15.78,75.82,21.0,9.73,15.95,0.68,2.86
2021-11-03,Piedade,Sudoeste,-23.717,-47.4142,21.53,29.77,15.01,71.06,25.65,11.61,15.05,0.21,2.48
2021-11-04,Piedade,Sudoeste,-23.717,-47.4142,22.54,31.39,14.4,66.45,28.47,13.03,14.6,0.03,2.07
2021-11-05,Piedade,Sudoeste,-23.717,-47.4142,23.67,31.68,17.7,64.08,29.24,13.41,15.49,0.11,2.51
2021-11-06,Piedade,Sudoeste,-23.717,-47.4142,22.9,32.42,15.22,63.03,29.0,13.39,14.14,0.03,2.86
2021-11-07,Piedade,Sudoeste,-23.717,-47.4142,21.81,30.69,16.04,67.37,28.92,13.4,14.73,0.14,3.24
2021-11-08,Piedade,Sudoeste,-23.717,-47.4142,22.35,32.11,15.53,66.6,24.18,11.15,14.77,0.37,2.92
2021-11-09,Piedade,Sudoeste,-23.717,-47.4142,21.89,31.35,15.77,69.64,18.58,8.55,15.12,0.48,3.03
2021-11-10,Piedade,Sudoeste,-23.717,-47.4142,21.91,31.33,15.48,66.03,27.1,12.34,14.22,0.08,3.46
2021-11-11,Piedade,Sudoeste,-23.717,-47.4142,19.93,27.02,16.26,73.65,9.08,4.5,14.67,2.2,3.59
2021-11-12,Piedade,Sudoeste,-23.717,-47.4142,18.95,26.26,13.66,70.32,20.43,9.38,12.71,0.54,4.05
2021-11-13,Piedade,Sudoeste,-23.717,-47.4142,18.29,27.05,11.9,64.55,30.62,13.64,10.12,0.06,3.21
2021-11-14,Piedade,Sudoeste,-23.717,-47.4142,20.75,30.94,13.04,63.71,27.87,12.48,12.11,0.0,2.5
2021-11-15,Piedade,Sudoeste,-23.717,-47.4142,22.37,32.5,13.78,61.73,27.14,12.25,13.01,0.02,2.15
2021-11-16,Piedade,Sudoeste,-23.717,-47.4142,24.14,32.37,17.12,60.11,27.39,12.5,14.57,0.01,1.69
2021-11-17,Piedade,Sudoeste,-23.717,-47.4142,25.98,34.57,18.0,54.61,26.37,12.08,14.37,0.05,1.66
2021-11-18,Piedade,Sudoeste,-23.717,-47.4142,22.49,24.94,20.58,82.67,9.35,4.71,19.31,34.48,1.94
2021-11-19,Piedade,Sudoeste,-23.717,-47.4142,21.62,26.57,16.92,84.72,14.21,6.89,18.73,4.96,2.56
2021-11-20,Piedade,Sudoeste,-23.717,-47.4142,20.06,26.85,14.58,76.33,22.86,10.47,15.31,0.92,3.55
2021-11-21,Piedade,Sudoeste,-23.717,-47.4142,19.34,28.28,13.07,68.77,30.96,13.66,12.38,0.08,2.6
2021-11-22,Piedade,Sudoeste,-23.717,-47.4142,20.16,31.28,10.44,61.44,32.4,14.16,9.77,0.15,1.61
2021-11-23,Piedade,Sudoeste,-23.717,-47.4142,24.09,34.53,14.05,53.56,29.99,13.62,11.57,0.4,2.1
2021-11-24,Piedade,Sudoeste,-23.717,-47.4142,24.14,32.94,18.15,64.72,25.47,11.68,15.94,0.05,2.88
2021-11-25,Piedade,Sudoeste,-23.717,-47.4142,25.54,34.72,16.65,60.45,28.48,12.99,15.79,0.56,1.66
2021-11-26,Piedade,Sudoeste,-23.717,-47.4142,24.09,30.27,21.08,76.21,12.27,6.01,19.23,8.41,3.92
2021-11-27,Piedade,Sudoeste,-23.717,-47.4142,25.0,32.21,19.03,67.24,27.16,12.43,17.1,0.81,2.11
2021-11-28,Piedade,Sudoeste,-23.717,-47.4142,25.35,33.23,17.77,62.34,26.92,12.26,16.24,0.06,1.72
2021-11-29,Piedade,Sudoeste,-23.717,-47.4142,26.76,34.01,19.4,59.47,21.77,10.08,16.85,0.73,2.54
2021-11-30,Piedade,Sudoeste,-23.717,-47.4142,24.89,29.88,21.28,74.82,19.31,8.94,19.58,9.07,2.9
2021-12-01,Piedade,Sudoeste,-23.717,-47.4142,24.86,32.99,18.97,67.2,26.53,12.0,16.99,0.2,2.21
2021-12-02,Piedade,Sudoeste,-23.717,-47.4142,23.38,31.95,17.72,68.61,23.31,10.66,16.31,2.38,2.71
2021-12-03,Piedade,Sudoeste,-23.717,-47.4142,21.9,29.88,16.33,69.52,24.8,11.32,15.21,0.96,3.25
2021-12-04,Piedade,Sudoeste,-23.717,-47.4142,22.97,32.38,15.88,64.37,27.94,12.52,14.24,0.16,2.59
2021-12-05,Piedade,Sudoeste,-23.717,-47.4142,23.94,32.36,17.03,65.06,28.4,12.76,15.49,1.41,2.2
2021-12-06,Piedade,Sudoeste,-23.717,-47.4142,22.27,29.97,17.43,72.88,23.14,10.7,16.29,6.0,2.84
2021-12-07,Piedade,Sudoeste,-23.717,-47.4142,18.93,24.65,14.6,76.16,18.84,8.87,14.18,6.07,4.06
2021-12-08,Piedade,Sudoeste,-23.717,-47.4142,18.6,26.13,14.15,74.58,21.67,9.85,13.31,2.61,3.47
2021-12-09,Piedade,Sudoeste,-23.717,-47.4142,19.56,28.16,12.89,65.53,27.51,12.24,11.43,0.22,2.59
2021-12-10,Piedade,Sudoeste,-23.717,-47.4142,21.05,29.91,13.6,64.31,30.75,13.71,12.15,0.36,1.92
2021-12-11,Piedade,Sudoeste,-23.717,-47.4142,24.32,33.29,14.18,52.95,30.67,13.81,11.4,0.16,1.49
2021-12-12,Piedade,Sudoeste,-23.717,-47.4142,26.58,35.57,18.7,46.73,26.7,11.78,12.74,0.42,1.74
2021-12-13,Piedade,Sudoeste,-23.717,-47.4142,25.02,30.59,20.04,70.34,15.69,7.35,18.67,10.23,1.57
2021-12-14,Piedade,Sudoeste,-23.717,-47.4142,24.27,29.25,20.39,80.56,17.41,8.27,20.35,13.52,1.64
2021-12-15,Piedade,Sudoeste,-23.717,-47.4142,24.03,28.49,20.96,83.5,11.49,5.68,20.78,13.99,1.63
2021-12-16,Piedade,Sudoeste,-23.717,-47.4142,23.96,27.66,20.93,85.56,19.12,9.03,21.23,19.48,1.72
2021-12-17,Piedade,Sudoeste,-23.717,-47.4142,23.59,29.13,19.34,83.65,14.75,7.15,20.39,12.23,2.62
2021-12-18,Piedade,Sudoeste,-23.717,-47.4142,21.99,28.17,17.61,80.28,22.16,10.23,18.13,1.79,3.69
2021-12-19,Piedade,Sudoeste,-23.717,-47.4142,20.21,26.9,15.03,73.91,26.1,11.74,14.79,0.33,3.23
2021-12-20,Piedade,Sudoeste,-23.717,-47.4142,21.53,29.25,15.19,71.64,28.58,12.83,15.43,0.09,2.15
2021-12-21,Piedade,Sudoeste,-23.717,-47.4142,23.58,31.97,16.29,61.28,30.21,13.43,13.71,0.0,0.88
2021-12-22,Piedade,Sudoeste,-23.717,-47.4142,24.85,32.79,17.16,64.47,22.34,10.32,16.69,5.21,2.24
2021-12-23,Piedade,Sudoeste,-23.717,-47.4142,20.81,27.46,15.25,74.54,20.97,9.7,15.59,3.39,3.5
2021-12-24,Piedade,Sudoeste,-23.717,-47.4142,19.64,27.58,14.67,75.25,23.55,10.7,14.49,1.58,3.29
2021-12-25,Piedade,Sudoeste,-23.717,-47.4142,21.39,29.78,14.02,67.32,29.94,13.38,13.87,0.14,1.86
2021-12-26,Piedade,Sudoeste,-23.717,-47.4142,24.31,33.07,14.6,58.89,30.12,13.65,13.77,0.23,1.25
2021-12-27,Piedade,Sudoeste,-23.717,-47.4142,25.02,31.93,19.24,62.54,23.83,11.02,16.45,6.31,1.27
2021-12-28,Piedade,Sudoeste,-23.717,-47.4142,23.6,29.49,18.54,74.43,14.94,7.16,18.23,10.06,1.31
2021-12-29,Piedade,Sudoeste,-23.717,-47.4142,21.84,27.68,18.08,81.65,25.92,11.86,18.2,3.24,1.73
2021-12-30,Piedade,Sudoeste,-23.717,-47.4142,21.36,25.61,18.4,81.13,10.13,5.06,17.72,20.76,1.73
2021-12-31,Piedade,Sudoeste,-23.717,-47.4142,22.23,26.71,17.97,83.18,17.82,8.49,18.98,18.61,1.01
2022-01-01,Piedade,Sudoeste,-23.717,-47.4142,22.15,26.48,18.86,85.57,19.97,9.44,19.42,10.32,1.95
2022-01-02,Piedade,Sudoeste,-23.717,-47.4142,22.84,26.88,19.6,83.19,24.04,11.23,19.62,6.23,1.52
2022-01-03,Piedade,Sudoeste,-23.717,-47.4142,23.72,28.71,19.68,81.58,19.42,9.15,20.15,11.89,0.88
2022-01-04,Piedade,Sudoeste,-23.717,-47.4142,23.82,28.57,19.86,84.77,13.1,6.42,20.87,15.7,1.98
2022-01-05,Piedade,Sudoeste,-23.717,-47.4142,22.74,25.59,20.74,90.11,16.91,8.12,20.98,6.69,3.04
2022-01-06,Piedade,Sudoeste,-23.717,-47.4142,21.49,25.54,18.79,89.1,16.79,8.08,19.53,20.8,2.32
2022-01-07,Piedade,Sudoeste,-23.717,-47.4142,20.43,25.05,17.71,85.19,12.36,6.13,17.7,3.91,3.16
2022-01-08,Piedade,Sudoeste,-23.717,-47.4142,20.32,26.37,16.38,82.3,17.13,8.12,16.95,3.11,3.53
2022-01-09,Piedade,Sudoeste,-23.717,-47.4142,18.89,23.44,15.48,84.78,12.6,6.24,16.1,4.37,3.13
2022-01-10,Piedade,Sudoeste,-23.717,-47.4142,21.35,27.22,17.03,84.16,14.35,6.97,18.33,4.47,2.06
2022-01-11,Piedade,Sudoeste,-23.717,-47.4142,21.38,24.76,18.05,85.08,12.78,6.25,18.62,9.24,1.05
2022-01-12,Piedade,Sudoeste,-23.717,-47.4142,22.35,26.76,18.45,82.24,17.01,7.99,18.94,2.86,0.73
2022-01-13,Piedade,Sudoeste,-23.717,-47.4142,22.59,26.7,18.84,85.56,20.1,9.49,19.86,8.13,1.04
2022-01-14,Piedade,Sudoeste,-23.717,-47.4142,24.15,29.23,19.25,83.14,25.34,11.87,20.82,3.75,1.07
2022-01-15,Piedade,Sudoeste,-23.717,-47.4142,22.94,26.08,20.45,89.6,17.77,8.5,21.05,11.16,1.3
2022-01-16,Piedade,Sudoeste,-23.717,-47.4142,23.3,27.45,19.11,81.01,24.42,11.47,19.6,4.4,1.25
2022-01-17,Piedade,Sudoeste,-23.717,-47.4142,23.47,28.64,18.12,79.56,24.92,11.67,19.4,3.94,1.57
2022-01-18,Piedade,Sudoeste,-23.717,-47.4142,24.75,29.79,19.02,77.72,27.69,12.85,20.22,13.41,1.33
2022-01-19,Piedade,Sudoeste,-23.717,-47.4142,24.53,28.22,20.96,80.48,29.21,13.47,20.7,10.68,0.96
2022-01-20,Piedade,Sudoeste,-23.717,-47.4142,24.66,30.04,20.02,77.59,26.85,12.39,20.05,7.43,0.65
2022-01-21,Piedade,Sudoeste,-23.717,-47.4142,24.4,30.7,19.29,78.28,29.18,13.43,19.83,0.76,1.63
2022-01-22,Piedade,Sudoeste,-23.717,-47.4142,23.74,30.6,17.24,75.64,30.55,13.92,18.55,0.01,1.55
2022-01-23,Piedade,Sudoeste,-23.717,-47.4142,25.09,31.68,19.52,77.93,28.06,12.58,20.42,0.01,1.65
2022-01-24,Piedade,Sudoeste,-23.717,-47.4142,25.35,32.16,19.53,76.94,27.52,12.49,20.38,0.03,1.62
2022-01-25,Piedade,Sudoeste,-23.717,-47.4142,25.22,31.07,20.14,78.81,25.75,11.86,20.83,2.03,1.41
2022-01-26,Piedade,Sudoeste,-23.717,-47.4142,25.21,30.59,20.71,77.99,26.39,12.14,20.69,5.74,1.47
2022-01-27,Piedade,Sudoeste,-23.717,-47.4142,25.33,30.65,20.72,77.96,23.88,11.0,20.81,9.8,2.49
2022-01-28,Piedade,Sudoeste,-23.717,-47.4142,22.37,26.27,19.02,88.46,12.37,6.0,20.26,25.97,1.91
2022-01-29,Piedade,Sudoeste,-23.717,-47.4142,21.0,24.82,18.42,90.16,8.01,4.14,19.27,58.66,1.39
2022-01-30,Piedade,Sudoeste,-23.717,-47.4142,21.92,25.07,19.47,89.2,9.0,4.56,19.97,19.58,2.87
2022-01-31,Piedade,Sudoeste,-23.717,-47.4142,22.11,26.19,19.16,88.59,11.4,5.6,20.03,11.56,2.71
2022-02-01,Piedade,Sudoeste,-23.717,-47.4142,23.06,27.63,19.65,86.05,17.29,8.11,20.4,12.98,1.71
2022-02-02,Piedade,Sudoeste,-23.717,-47.4142,21.96,25.75,19.01,87.07,12.92,6.2,19.56,12.92,1.13
2022-02-03,Piedade,Sudoeste,-23.717,-47.4142,22.53,26.67,18.97,87.36,16.15,7.67,20.18,4.4,1.25
2022-02-04,Piedade,Sudoeste,-23.717,-47.4142,22.5,26.01,19.6,88.45,14.83,7.15,20.41,4.21,1.68
2022-02-05,Piedade,Sudoeste,-23.717,-47.4142,22.9,25.91,19.95,90.86,19.27,9.13,21.28,3.31,1.97
2022-02-06,Piedade,Sudoeste,-23.717,-47.4142,23.53,27.2,20.74,87.69,15.68,7.43,21.23,10.93,2.41
2022-02-07,Piedade,Sudoeste,-23.717,-47.4142,22.2,27.8,17.79,84.95,12.37,5.95,19.35,2.36,2.89
2022-02-08,Piedade,Sudoeste,-23.717,-47.4142,20.71,26.69,16.75,83.38,23.22,10.58,17.56,0.26,2.3
2022-02-09,Piedade,Sudoeste,-23.717,-47.4142,19.86,26.39,15.0,80.8,27.05,12.29,16.13,0.19,2.56
2022-02-10,Piedade,Sudoeste,-23.717,-47.4142,20.32,27.35,14.68,79.84,27.4,12.35,16.27,0.08,2.39
2022-02-11,Piedade,Sudoeste,-23.717,-47.4142,21.02,27.58,16.47,83.51,23.53,10.72,17.86,0.24,2.29
2022-02-12,Piedade,Sudoeste,-23.717,-47.4142,21.65,27.91,17.21,82.54,23.8,10.85,18.24,0.17,2.36
2022-02-13,Piedade,Sudoeste,-23.717,-47.4142,22.02,28.88,16.36,80.21,25.05,11.3,17.97,0.04,1.29
2022-02-14,Piedade,Sudoeste,-23.717,-47.4142,23.53,30.28,16.73,78.19,27.57,12.66,19.06,1.16,1.3
2022-02-15,Piedade,Sudoeste,-23.717,-47.4142,22.95,28.78,18.87,81.77,24.4,11.23,19.42,1.2,2.34
2022-02-16,Piedade,Sudoeste,-23.717,-47.4142,22.21,28.84,16.83,78.97,27.31,12.31,17.98,0.07,2.0
2022-02-17,Piedade,Sudoeste,-23.717,-47.4142,22.01,28.24,16.36,79.85,22.06,10.08,17.89,5.0,1.35
2022-02-18,Piedade,Sudoeste,-23.717,-47.4142,21.1,26.3,16.53,82.92,23.06,10.48,17.77,3.13,2.04
2022-02-19,Piedade,Sudoeste,-23.717,-47.4142,21.48,27.52,15.6,78.58,25.11,11.41,17.1,0.79,0.99
2022-02-20,Piedade,Sudoeste,-23.717,-47.4142,22.82,27.92,17.6,78.13,24.71,11.28,18.46,3.15,1.26
2022-02-21,Piedade,Sudoeste,-23.717,-47.4142,23.56,29.49,17.28,77.01,26.46,12.12,18.9,0.53,1.32
2022-02-22,Piedade,Sudoeste,-23.717,-47.4142,24.2,30.25,18.66,76.29,24.83,11.47,19.34,1.24,0.94
2022-02-23,Piedade,Sudoeste,-23.717,-47.4142,24.16,30.2,18.76,77.98,22.78,10.58,19.67,4.19,1.07
2022-02-24,Piedade,Sudoeste,-23.717,-47.4142,24.32,30.11,20.25,80.38,26.38,12.16,20.35,1.03,1.42
2022-02-25,Piedade,Sudoeste,-23.717,-47.4142,24.65,31.6,19.22,76.96,25.82,11.77,19.75,0.12,1.78
2022-02-26,Piedade,Sudoeste,-23.717,-47.4142,23.64,30.76,18.35,75.98,26.42,11.96,18.41,0.22,1.52
2022-02-27,Piedade,Sudoeste,-23.717,-47.4142,24.08,31.07,18.19,77.45,26.42,12.02,19.21,0.39,1.32
2022-02-28,Piedade,Sudoeste,-23.717,-47.4142,25.18,31.42,19.21,72.63,25.5,11.64,19.2,0.12,1.46
2022-03-01,Piedade,Sudoeste,-23.717,-47.4142,23.31,26.86,21.04,82.86,17.43,8.22,20.16,9.19,1.84
2022-03-02,Piedade,Sudoeste,-23.717,-47.4142,24.55,29.65,19.38,77.93,23.03,10.69,20.1,9.06,1.63
2022-03-03,Piedade,Sudoeste,-23.717,-47.4142,24.58,29.13,20.83,77.16,23.05,10.6,20.06,4.88,1.08
2022-03-04,Piedade,Sudoeste,-23.717,-47.4142,22.47,25.68,20.27,85.86,21.01,9.73,19.85,10.41,1.08
2022-03-05,Piedade,Sudoeste,-23.717,-47.4142,23.98,29.22,19.06,79.83,24.31,11.24,19.93,7.83,1.04
2022-03-06,Piedade,Sudoeste,-23.717,-47.4142,24.47,29.07,19.08,76.68,24.82,11.44,19.8,4.65,1.2
2022-03-07,Piedade,Sudoeste,-23.717,-47.4142,24.7,29.74,19.05,75.05,23.04,10.65,19.72,8.4,1.18
2022-03-08,Piedade,Sudoeste,-23.717,-47.4142,24.62,30.46,19.8,80.13,21.9,10.23,20.55,3.76,1.24
2022-03-09,Piedade,Sudoeste,-23.717,-47.4142,23.93,29.58,18.99,81.19,22.65,10.4,20.12,4.15,1.39
2022-03-10,Piedade,Sudoeste,-23.717,-47.4142,23.05,26.41,20.62,86.69,21.28,9.88,20.64,28.94,1.3
2022-03-11,Piedade,Sudoeste,-23.717,-47.4142,23.48,27.28,20.56,83.39,18.7,8.79,20.4,24.03,1.51
2022-03-12,Piedade,Sudoeste,-23.717,-47.4142,22.01,26.12,19.4,89.47,17.11,8.13,20.11,16.4,1.16
2022-03-13,Piedade,Sudoeste,-23.717,-47.4142,21.93,25.85,19.07,86.48,16.08,7.59,19.45,6.5,0.86
2022-03-14,Piedade,Sudoeste,-23.717,-47.4142,22.76,26.96,18.95,85.78,13.55,6.53,20.08,3.68,0.92
2022-03-15,Piedade,Sudoeste,-23.717,-47.4142,22.78,27.84,19.59,87.8,16.45,7.78,20.49,6.29,1.18
2022-03-16,Piedade,Sudoeste,-23.717,-47.4142,23.3,27.54,19.61,88.09,17.24,8.14,21.09,15.8,1.67
2022-03-17,Piedade,Sudoeste,-23.717,-47.4142,23.94,28.42,20.59,85.02,20.87,9.76,21.09,6.08,1.78
2022-03-18,Piedade,Sudoeste,-23.717,-47.4142,24.65,29.04,20.17,80.88,23.51,10.94,20.93,0.39,1.19
2022-03-19,Piedade,Sudoeste,-23.717,-47.4142,22.81,27.17,19.71,87.28,15.74,7.39,20.52,6.13,1.89
2022-03-20,Piedade,Sudoeste,-23.717,-47.4142,20.06,22.91,16.99,89.66,8.21,4.12,18.28,9.1,3.56
2022-03-21,Piedade,Sudoeste,-23.717,-47.4142,18.88,23.88,16.02,83.4,20.16,9.22,15.82,0.74,3.61
2022-03-22,Piedade,Sudoeste,-23.717,-47.4142,19.41,25.69,14.75,81.24,24.55,11.24,15.83,0.05,2.41
2022-03-23,Piedade,Sudoeste,-23.717,-47.4142,21.54,26.93,15.95,80.23,23.27,10.71,17.7,0.01,1.57
2022-03-24,Piedade,Sudoeste,-23.717,-47.4142,23.2,28.7,17.85,80.37,22.44,10.44,19.41,0.54,2.29
2022-03-25,Piedade,Sudoeste,-23.717,-47.4142,23.64,28.57,19.68,82.25,16.47,7.7,20.22,1.52,1.88
2022-03-26,Piedade,Sudoeste,-23.717,-47.4142,23.58,27.97,19.77,84.63,18.63,8.66,20.65,1.72,1.85
2022-03-27,Piedade,Sudoeste,-23.717,-47.4142,22.72,25.61,20.24,88.39,12.06,5.74,20.61,4.87,0.98
2022-03-28,Piedade,Sudoeste,-23.717,-47.4142,22.19,26.61,19.17,88.85,16.95,7.82,20.15,6.99,1.52
2022-03-29,Piedade,Sudoeste,-23.717,-47.4142,22.06,27.77,17.65,84.99,20.77,9.55,19.19,1.24,1.65
2022-03-30,Piedade,Sudoeste,-23.717,-47.4142,23.33,29.01,18.02,81.97,20.57,9.43,19.79,0.07,1.71
2022-03-31,Piedade,Sudoeste,-23.717,-47.4142,20.11,24.19,16.54,87.72,11.67,5.58,17.92,6.09,2.71
2022-04-01,Piedade,Sudoeste,-23.717,-47.4142,18.27,23.0,15.81,87.02,7.83,3.91,15.96,5.79,3.37
2022-04-02,Piedade,Sudoeste,-23.717,-47.4142,19.43,24.56,16.1,87.28,14.14,6.72,17.12,2.39,3.12
2022-04-03,Piedade,Sudoeste,-23.717,-47.4142,21.66,27.77,16.98,85.2,19.29,8.92,18.81,0.86,1.92
2022-04-04,Piedade,Sudoeste,-23.717,-47.4142,23.21,28.77,18.12,83.25,20.59,9.55,19.92,1.05,1.59
2022-04-05,Piedade,Sudoeste,-23.717,-47.4142,22.84,28.02,19.37,86.43,18.36,8.46,20.25,2.5,1.41
2022-04-06,Piedade,Sudoeste,-23.717,-47.4142,21.3,26.84,17.9,84.03,20.46,9.41,18.26,0.36,2.0
2022-04-07,Piedade,Sudoeste,-23.717,-47.4142,20.91,26.91,16.68,82.42,19.78,9.04,17.53,0.12,1.88
2022-04-08,Piedade,Sudoeste,-23.717,-47.4142,22.46,28.83,16.67,83.1,18.41,8.52,19.12,7.07,1.31
2022-04-09,Piedade,Sudoeste,-23.717,-47.4142,23.36,28.28,19.2,84.39,17.92,8.32,20.31,2.52,1.16
2022-04-10,Piedade,Sudoeste,-23.717,-47.4142,21.71,27.01,17.98,81.37,19.85,8.93,18.03,0.27,1.83
2022-04-11,Piedade,Sudoeste,-23.717,-47.4142,21.45,27.48,16.86,80.75,18.33,8.39,17.61,0.39,1.14
2022-04-12,Piedade,Sudoeste,-23.717,-47.4142,22.31,27.44,18.15,83.89,12.39,5.86,19.24,1.6,1.43
2022-04-13,Piedade,Sudoeste,-23.717,-47.4142,22.76,27.47,19.13,84.77,9.18,4.47,19.83,0.18,1.31
2022-04-14,Piedade,Sudoeste,-23.717,-47.4142,20.61,25.53,14.93,83.92,13.05,6.12,17.62,3.63,2.6
2022-04-15,Piedade,Sudoeste,-23.717,-47.4142,15.93,21.94,10.92,76.95,21.4,9.46,11.47,0.07,2.67
2022-04-16,Piedade,Sudoeste,-23.717,-47.4142,15.97,21.99,11.38,81.92,20.61,9.16,12.48,0.92,2.14
2022-04-17,Piedade,Sudoeste,-23.717,-47.4142,16.66,22.98,12.84,82.38,19.2,8.62,13.22,0.53,2.37
2022-04-18,Piedade,Sudoeste,-23.717,-47.4142,17.56,24.15,12.59,82.1,18.66,8.49,14.07,0.06,2.26
2022-04-19,Piedade,Sudoeste,-23.717,-47.4142,19.26,26.12,14.47,80.45,18.08,8.18,15.29,0.01,1.49
2022-04-20,Piedade,Sudoeste,-23.717,-47.4142,19.19,25.69,14.77,81.32,19.64,8.84,15.49,0.01,1.57
2022-04-21,Piedade,Sudoeste,-23.717,-47.4142,19.56,25.96,14.18,73.02,20.3,9.06,14.04,0.03,1.07
2022-04-22,Piedade,Sudoeste,-23.717,-47.4142,20.34,27.54,14.04,69.18,18.93,8.55,14.06,0.33,1.6
2022-04-23,Piedade,Sudoeste,-23.717,-47.4142,20.7,27.36,15.43,75.86,14.24,6.64,15.79,0.31,2.92
2022-04-24,Piedade,Sudoeste,-23.717,-47.4142,20.59,27.04,16.1,81.87,19.56,8.82,17.06,0.22,1.51
2022-04-25,Piedade,Sudoeste,-23.717,-47.4142,21.4,28.8,15.81,79.27,19.58,8.83,17.1,0.09,1.41
2022-04-26,Piedade,Sudoeste,-23.717,-47.4142,21.8,29.18,16.32,77.55,17.81,8.04,16.95,0.06,0.93
2022-04-27,Piedade,Sudoeste,-23.717,-47.4142,22.5,29.37,15.61,71.34,18.87,8.56,16.4,0.05,1.53
2022-04-28,Piedade,Sudoeste,-23.717,-47.4142,22.55,29.26,16.5,69.71,18.74,8.48,16.09,0.04,1.79
2022-04-29,Piedade,Sudoeste,-23.717,-47.4142,20.71,26.88,16.98,78.42,13.07,6.04,16.66,2.44,2.29
2022-04-30,Piedade,Sudoeste,-23.717,-47.4142,19.8,25.65,16.22,81.78,10.74,5.08,16.32,0.5,2.12
2022-05-01,Piedade,Sudoeste,-23.717,-47.4142,21.87,28.46,16.65,75.3,16.41,7.52,16.75,0.36,1.73
2022-05-02,Piedade,Sudoeste,-23.717,-47.4142,22.39,28.16,17.71,70.72,14.82,6.77,16.37,0.53,0.98
2022-05-03,Piedade,Sudoeste,-23.717,-47.4142,21.88,28.8,16.26,72.84,15.25,6.98,16.06,0.75,1.87
2022-05-04,Piedade,Sudoeste,-23.717,-47.4142,16.92,20.89,12.03,77.68,9.13,4.28,12.81,7.75,2.81
2022-05-05,Piedade,Sudoeste,-23.717,-47.4142,15.9,22.24,11.18,83.65,9.46,4.43,12.85,0.85,1.9
2022-05-06,Piedade,Sudoeste,-23.717,-47.4142,16.33,22.83,11.7,79.6,16.26,7.25,12.18,0.14,2.09
2022-05-07,Piedade,Sudoeste,-23.717,-47.4142,15.48,23.09,10.37,79.03,15.3,6.85,11.31,0.13,2.54
2022-05-08,Piedade,Sudoeste,-23.717,-47.4142,17.11,24.65,11.59,80.83,14.89,6.75,13.36,0.12,2.32
2022-05-09,Piedade,Sudoeste,-23.717,-47.4142,18.5,24.85,13.97,81.5,16.33,7.36,14.89,0.02,1.89
2022-05-10,Piedade,Sudoeste,-23.717,-47.4142,17.92,25.03,12.66,78.84,17.32,7.76,13.69,0.56,1.2
2022-05-11,Piedade,Sudoeste,-23.717,-47.4142,18.26,24.15,13.93,83.06,9.76,4.55,15.05,3.88,1.98
2022-05-12,Piedade,Sudoeste,-23.717,-47.4142,17.76,23.69,14.03,83.81,14.42,6.52,14.59,2.5,1.1
2022-05-13,Piedade,Sudoeste,-23.717,-47.4142,17.55,24.84,12.68,80.35,16.37,7.31,13.5,0.09,1.31
2022-05-14,Piedade,Sudoeste,-23.717,-47.4142,18.43,25.94,12.55,78.3,15.89,7.16,14.03,3.13,1.22
2022-05-15,Piedade,Sudoeste,-23.717,-47.4142,18.16,23.89,14.46,87.39,9.37,4.4,15.81,1.57,1.87
2022-05-16,Piedade,Sudoeste,-23.717,-47.4142,16.72,22.12,11.49,81.06,11.66,5.32,13.29,0.21,1.36
2022-05-17,Piedade,Sudoeste,-23.717,-47.4142,11.99,17.65,6.73,65.53,18.34,7.87,4.51,0.09,2.63
2022-05-18,Piedade,Sudoeste,-23.717,-47.4142,9.26,15.65,4.16,70.83,9.6,4.37,3.83,0.02,3.69
2022-05-19,Piedade,Sudoeste,-23.717,-47.4142,9.94,17.44,5.36,82.17,11.21,5.07,6.61,0.64,1.64
2022-05-20,Piedade,Sudoeste,-23.717,-47.4142,12.12,19.38,6.51,74.09,16.66,7.26,7.19,0.05,0.72
2022-05-21,Piedade,Sudoeste,-23.717,-47.4142,13.37,21.55,7.13,73.87,15.52,6.75,8.01,0.03,1.12
2022-05-22,Piedade,Sudoeste,-23.717,-47.4142,14.98,22.58,9.04,70.42,17.15,7.47,8.58,0.03,1.42
2022-05-23,Piedade,Sudoeste,-23.717,-47.4142,15.72,23.17,10.1,74.42,14.61,6.52,10.44,0.02,1.24
2022-05-24,Piedade,Sudoeste,-23.717,-47.4142,16.58,25.14,9.6,74.66,16.24,7.18,11.25,0.01,1.16
2022-05-25,Piedade,Sudoeste,-23.717,-47.4142,16.62,24.4,10.23,72.64,16.5,7.3,10.97,0.04,1.49
2022-05-26,Piedade,Sudoeste,-23.717,-47.4142,16.98,24.47,9.7,71.57,15.5,6.89,11.04,0.03,1.35
2022-05-27,Piedade,Sudoeste,-23.717,-47.4142,17.49,24.79,11.73,74.09,15.28,6.85,12.2,0.03,1.74
2022-05-28,Piedade,Sudoeste,-23.717,-47.4142,17.64,25.5,11.4,73.87,15.36,6.89,12.29,0.0,1.65
2022-05-29,Piedade,Sudoeste,-23.717,-47.4142,18.41,26.81,12.13,73.33,15.99,7.17,12.87,0.03,2.42
2022-05-30,Piedade,Sudoeste,-23.717,-47.4142,18.51,25.07,14.18,78.83,4.76,2.31,14.38,11.57,1.95
2022-05-31,Piedade,Sudoeste,-23.717,-47.4142,16.48,19.22,14.53,91.21,4.4,2.18,15.01,23.62,2.4
2022-06-01,Piedade,Sudoeste,-23.717,-47.4142,17.24,21.94,14.35,91.11,7.08,3.39,15.7,2.43,1.1
2022-06-02,Piedade,Sudoeste,-23.717,-47.4142,19.11,24.18,15.83,88.52,6.69,3.17,17.08,1.63,1.1
2022-06-03,Piedade,Sudoeste,-23.717,-47.4142,16.19,20.74,12.94,87.4,9.87,4.53,13.95,1.5,2.33
2022-06-04,Piedade,Sudoeste,-23.717,-47.4142,15.63,21.59,11.98,85.7,13.44,6.05,12.94,0.92,2.27
2022-06-05,Piedade,Sudoeste,-23.717,-47.4142,16.8,24.15,11.71,83.83,14.97,6.74,13.63,0.12,1.46
2022-06-06,Piedade,Sudoeste,-23.717,-47.4142,17.67,23.83,12.15,80.32,11.93,5.5,13.89,0.16,1.65
2022-06-07,Piedade,Sudoeste,-23.717,-47.4142,18.99,25.38,13.66,79.39,7.41,3.48,14.88,5.35,1.48
2022-06-08,Piedade,Sudoeste,-23.717,-47.4142,17.64,22.7,14.9,88.84,6.24,2.95,15.63,3.09,1.49
2022-06-09,Piedade,Sudoeste,-23.717,-47.4142,17.36,22.75,14.09,87.72,8.45,3.93,15.09,7.08,1.21
2022-06-10,Piedade,Sudoeste,-23.717,-47.4142,16.37,19.8,14.2,94.17,8.56,4.01,15.4,5.66,1.51
2022-06-11,Piedade,Sudoeste,-23.717,-47.4142,15.0,19.66,11.62,85.28,9.63,4.37,12.39,0.3,1.37
2022-06-12,Piedade,Sudoeste,-23.717,-47.4142,10.83,15.66,6.85,67.67,14.2,6.1,3.94,0.04,1.17
2022-06-13,Piedade,Sudoeste,-23.717,-47.4142,10.7,18.43,4.98,70.03,15.58,6.76,5.1,0.11,1.8
2022-06-14,Piedade,Sudoeste,-23.717,-47.4142,13.25,20.79,8.1,83.54,14.39,6.29,10.26,0.06,1.86
2022-06-15,Piedade,Sudoeste,-23.717,-47.4142,14.97,22.22,9.97,77.99,10.63,4.84,10.48,0.05,1.15
2022-06-16,Piedade,Sudoeste,-23.717,-47.4142,16.55,24.76,9.89,73.91,15.27,6.8,11.16,0.05,1.04
2022-06-17,Piedade,Sudoeste,-23.717,-47.4142,17.3,26.18,9.58,65.95,15.44,6.9,10.2,0.07,2.23
2022-06-18,Piedade,Sudoeste,-23.717,-47.4142,15.55,19.54,12.21,83.89,6.99,3.25,12.74,2.32,1.89
2022-06-19,Piedade,Sudoeste,-23.717,-47.4142,15.36,22.04,11.22,82.38,9.79,4.45,11.95,0.2,1.66
2022-06-20,Piedade,Sudoeste,-23.717,-47.4142,16.23,22.95,11.95,83.44,7.99,3.78,13.17,0.38,1.03
2022-06-21,Piedade,Sudoeste,-23.717,-47.4142,18.62,26.23,12.73,77.54,14.28,6.46,14.21,0.02,1.59
2022-06-22,Piedade,Sudoeste,-23.717,-47.4142,18.4,26.24,13.27,75.92,14.38,6.52,13.5,0.13,2.27
2022-06-23,Piedade,Sudoeste,-23.717,-47.4142,18.73,27.11,11.98,68.94,15.31,6.9,12.12,0.03,1.92
2022-06-24,Piedade,Sudoeste,-23.717,-47.4142,18.45,26.32,11.13,61.9,14.7,6.5,10.45,0.08,1.19
2022-06-25,Piedade,Sudoeste,-23.717,-47.4142,17.19,23.27,13.57,73.33,11.76,5.29,12.19,0.01,2.18
2022-06-26,Piedade,Sudoeste,-23.717,-47.4142,15.43,20.88,12.17,81.79,10.42,4.78,12.04,0.22,2.54
2022-06-27,Piedade,Sudoeste,-23.717,-47.4142,15.29,21.47,11.0,83.36,11.76,5.29,12.15,0.09,1.47
2022-06-28,Piedade,Sudoeste,-23.717,-47.4142,16.98,24.71,11.9,78.24,14.67,6.54,12.64,0.03,1.64
2022-06-29,Piedade,Sudoeste,-23.717,-47.4142,17.26,25.1,12.08,79.97,13.75,6.18,13.46,0.21,2.24
2022-06-30,Piedade,Sudoeste,-23.717,-47.4142,16.27,23.27,10.78,69.48,14.07,6.01,9.94,0.03,1.06
2022-07-01,Piedade,Sudoeste,-23.717,-47.4142,17.39,24.82,11.64,59.78,14.86,6.46,8.96,0.04,1.13
2022-07-02,Piedade,Sudoeste,-23.717,-47.4142,18.01,26.79,10.4,70.33,15.19,6.72,11.78,0.02,1.79
2022-07-03,Piedade,Sudoeste,-23.717,-47.4142,18.66,27.38,11.63,68.03,15.28,6.76,11.77,0.01,1.36
2022-07-04,Piedade,Sudoeste,-23.717,-47.4142,18.64,26.59,11.71,58.91,15.77,6.9,9.74,0.04,1.46
2022-07-05,Piedade,Sudoeste,-23.717,-47.4142,17.54,25.8,9.56,62.24,16.0,6.99,9.26,0.03,1.55
2022-07-06,Piedade,Sudoeste,-23.717,-47.4142,17.61,25.68,9.76,63.88,12.84,5.72,9.97,0.04,1.47
2022-07-07,Piedade,Sudoeste,-23.717,-47.4142,18.48,26.47,11.23,65.64,14.69,6.55,11.05,0.02,1.87
2022-07-08,Piedade,Sudoeste,-23.717,-47.4142,18.12,25.85,11.79,66.66,12.0,5.4,11.14,0.02,1.17
2022-07-09,Piedade,Sudoeste,-23.717,-47.4142,17.82,25.93,11.89,72.09,14.75,6.51,11.62,0.02,1.5
2022-07-10,Piedade,Sudoeste,-23.717,-47.4142,18.29,25.78,11.43,70.13,14.09,6.33,12.18,0.03,2.05
2022-07-11,Piedade,Sudoeste,-23.717,-47.4142,18.55,26.25,12.62,65.11,15.69,6.98,11.03,0.01,2.76
2022-07-12,Piedade,Sudoeste,-23.717,-47.4142,18.84,26.25,12.64,65.54,11.46,5.25,11.65,0.52,3.11
2022-07-13,Piedade,Sudoeste,-23.717,-47.4142,16.09,19.83,13.87,87.05,8.93,4.13,13.81,1.28,2.49
2022-07-14,Piedade,Sudoeste,-23.717,-47.4142,19.16,26.92,13.66,74.37,14.79,6.72,13.8,0.08,2.25
2022-07-15,Piedade,Sudoeste,-23.717,-47.4142,19.68,26.98,13.71,64.46,14.6,6.58,12.13,0.0,2.37
2022-07-16,Piedade,Sudoeste,-23.717,-47.4142,20.46,28.34,14.12,59.71,13.73,6.16,11.77,0.01,3.07
2022-07-17,Piedade,Sudoeste,-23.717,-47.4142,20.86,28.06,15.65,70.64,12.38,5.72,15.03,0.31,2.03
2022-07-18,Piedade,Sudoeste,-23.717,-47.4142,19.65,27.37,14.86,77.23,11.82,5.51,15.03,0.36,2.01
2022-07-19,Piedade,Sudoeste,-23.717,-47.4142,19.83,27.19,14.97,77.68,15.28,6.92,15.02,0.19,1.62
2022-07-20,Piedade,Sudoeste,-23.717,-47.4142,19.04,26.32,14.56,78.89,14.86,6.75,14.65,0.08,2.1
2022-07-21,Piedade,Sudoeste,-23.717,-47.4142,19.1,26.88,13.4,73.06,16.4,7.38,13.38,0.03,1.22
2022-07-22,Piedade,Sudoeste,-23.717,-47.4142,19.22,27.91,12.01,58.48,16.87,7.46,9.38,0.01,1.12
2022-07-23,Piedade,Sudoeste,-23.717,-47.4142,18.9,27.57,11.95,54.19,16.57,7.3,8.48,0.01,1.2
2022-07-24,Piedade,Sudoeste,-23.717,-47.4142,18.92,27.99,11.76,60.87,14.92,6.6,9.96,0.03,1.1
2022-07-25,Piedade,Sudoeste,-23.717,-47.4142,19.24,28.21,12.45,69.08,16.66,7.36,12.02,0.01,1.03
2022-07-26,Piedade,Sudoeste,-23.717,-47.4142,18.93,27.95,12.36,73.08,16.17,7.22,12.66,0.0,1.53
2022-07-27,Piedade,Sudoeste,-23.717,-47.4142,19.21,26.79,13.07,68.79,15.9,7.03,12.39,0.0,1.37
2022-07-28,Piedade,Sudoeste,-23.717,-47.4142,19.66,27.86,12.89,59.77,15.69,6.92,10.6,0.0,1.83
2022-07-29,Piedade,Sudoeste,-23.717,-47.4142,16.76,22.68,12.09,76.66,5.78,2.81,12.41,6.49,2.31
2022-07-30,Piedade,Sudoeste,-23.717,-47.4142,13.67,21.09,8.44,75.37,17.55,7.61,8.43,0.62,1.97
2022-07-31,Piedade,Sudoeste,-23.717,-47.4142,15.45,24.87,9.28,66.19,18.08,7.87,7.73,0.04,1.57
2022-08-01,Piedade,Sudoeste,-23.717,-47.4142,18.45,26.89,11.16,59.4,15.58,7.02,9.49,0.03,1.49
2022-08-02,Piedade,Sudoeste,-23.717,-47.4142,19.73,28.29,13.02,61.92,17.02,7.59,11.19,0.0,1.32
2022-08-03,Piedade,Sudoeste,-23.717,-47.4142,18.66,27.87,11.64,69.56,17.57,7.79,11.36,0.01,1.21
2022-08-04,Piedade,Sudoeste,-23.717,-47.4142,19.79,27.66,13.87,63.46,15.14,6.79,11.71,0.0,2.19
2022-08-05,Piedade,Sudoeste,-23.717,-47.4142,18.37,23.63,13.76,72.7,8.1,3.76,13.14,1.63,1.94
2022-08-06,Piedade,Sudoeste,-23.717,-47.4142,16.26,22.18,11.98,80.97,11.82,5.38,12.71,0.75,2.47
2022-08-07,Piedade,Sudoeste,-23.717,-47.4142,17.87,24.54,13.81,80.14,5.09,2.48,14.0,5.16,1.31
2022-08-08,Piedade,Sudoeste,-23.717,-47.4142,17.75,22.77,15.3,84.97,4.94,2.44,15.06,5.33,0.91
2022-08-09,Piedade,Sudoeste,-23.717,-47.4142,17.94,22.74,14.77,84.31,7.67,3.66,15.01,3.95,1.65
2022-08-10,Piedade,Sudoeste,-23.717,-47.4142,14.23,17.03,9.84,79.54,14.42,6.49,10.33,11.83,4.13
2022-08-11,Piedade,Sudoeste,-23.717,-47.4142,12.13,16.86,8.85,86.91,12.56,5.71,9.83,2.79,2.7
2022-08-12,Piedade,Sudoeste,-23.717,-47.4142,14.63,22.51,9.56,77.52,18.56,8.16,9.93,0.12,2.19
2022-08-13,Piedade,Sudoeste,-23.717,-47.4142,16.52,26.02,8.94,70.48,19.36,8.48,9.79,0.04,1.61
2022-08-14,Piedade,Sudoeste,-23.717,-47.4142,18.35,27.13,10.88,62.29,19.17,8.45,9.7,0.0,1.25
2022-08-15,Piedade,Sudoeste,-23.717,-47.4142,18.79,28.15,11.54,56.74,19.66,8.69,9.05,0.0,2.73
2022-08-16,Piedade,Sudoeste,-23.717,-47.4142,20.91,30.16,12.91,57.27,15.62,7.03,11.29,0.44,2.78
2022-08-17,Piedade,Sudoeste,-23.717,-47.4142,20.16,26.99,15.18,66.21,5.62,2.79,13.07,1.05,2.26
2022-08-18,Piedade,Sudoeste,-23.717,-47.4142,21.19,30.14,15.44,63.19,7.74,3.69,12.61,0.66,3.56
2022-08-19,Piedade,Sudoeste,-23.717,-47.4142,11.21,15.39,7.53,77.05,7.05,3.32,7.22,2.76,3.95
2022-08-20,Piedade,Sudoeste,-23.717,-47.4142,12.07,17.52,7.64,71.47,12.0,5.52,6.81,0.08,3.78
2022-08-21,Piedade,Sudoeste,-23.717,-47.4142,14.94,22.47,10.32,75.94,14.55,6.73,10.3,0.07,2.55
2022-08-22,Piedade,Sudoeste,-23.717,-47.4142,15.71,23.53,10.93,75.1,18.74,8.4,10.68,0.06,2.57
2022-08-23,Piedade,Sudoeste,-23.717,-47.4142,16.95,25.35,10.98,74.39,18.87,8.37,11.45,0.02,2.05
2022-08-24,Piedade,Sudoeste,-23.717,-47.4142,18.2,26.37,11.78,71.56,18.96,8.44,11.78,0.01,1.66
2022-08-25,Piedade,Sudoeste,-23.717,-47.4142,19.31,26.47,14.15,71.37,15.09,6.84,13.01,0.01,1.39
2022-08-26,Piedade,Sudoeste,-23.717,-47.4142,20.22,27.06,14.24,64.77,14.95,6.7,12.14,0.02,1.11
2022-08-27,Piedade,Sudoeste,-23.717,-47.4142,22.09,29.58,13.95,51.28,19.81,8.72,10.36,0.0,1.68
2022-08-28,Piedade,Sudoeste,-23.717,-47.4142,20.62,30.35,13.19,57.27,18.31,8.07,10.45,0.56,2.62
2022-08-29,Piedade,Sudoeste,-23.717,-47.4142,12.78,17.29,10.15,74.12,11.64,5.31,7.92,1.55,4.79
2022-08-30,Piedade,Sudoeste,-23.717,-47.4142,13.34,19.91,8.9,74.71,15.94,7.08,8.39,0.64,3.71
2022-08-31,Piedade,Sudoeste,-23.717,-47.4142,15.95,25.59,9.65,68.98,21.93,9.66,8.89,0.17,2.26
2022-09-01,Piedade,Sudoeste,-23.717,-47.4142,17.81,27.71,8.5,57.9,22.35,9.83,7.59,0.03,1.53
2022-09-02,Piedade,Sudoeste,-23.717,-47.4142,20.66,30.45,11.33,46.96,21.58,9.54,7.65,0.0,2.23
2022-09-03,Piedade,Sudoeste,-23.717,-47.4142,18.12,26.27,12.02,66.21,13.91,6.1,11.1,5.45,2.61
2022-09-04,Piedade,Sudoeste,-23.717,-47.4142,13.07,17.75,10.24,79.11,12.71,5.88,9.33,2.77,3.86
2022-09-05,Piedade,Sudoeste,-23.717,-47.4142,15.8,23.78,10.92,77.81,11.25,5.15,11.48,1.76,3.05
2022-09-06,Piedade,Sudoeste,-23.717,-47.4142,17.31,24.26,12.66,80.6,10.63,5.07,13.55,9.79,2.55
2022-09-07,Piedade,Sudoeste,-23.717,-47.4142,18.56,27.13,13.07,73.16,8.01,3.92,12.98,3.27,2.22
2022-09-08,Piedade,Sudoeste,-23.717,-47.4142,22.21,31.11,14.28,56.74,19.08,8.37,12.11,0.04,1.99
2022-09-09,Piedade,Sudoeste,-23.717,-47.4142,24.16,33.24,16.24,50.32,20.1,8.78,12.09,0.0,1.84
2022-09-10,Piedade,Sudoeste,-23.717,-47.4142,22.46,33.14,14.33,63.31,16.36,7.03,14.02,2.52,2.51
2022-09-11,Piedade,Sudoeste,-23.717,-47.4142,15.05,21.03,11.55,76.9,13.13,5.75,10.79,0.99,3.56
2022-09-12,Piedade,Sudoeste,-23.717,-47.4142,17.46,23.75,11.98,80.87,12.76,5.8,13.94,2.3,1.87
2022-09-13,Piedade,Sudoeste,-23.717,-47.4142,21.18,30.12,14.5,74.3,10.39,4.75,15.51,1.12,1.59
2022-09-14,Piedade,Sudoeste,-23.717,-47.4142,18.32,23.78,14.86,83.69,3.29,1.7,15.31,7.17,2.64
2022-09-15,Piedade,Sudoeste,-23.717,-47.4142,15.72,19.9,13.27,82.27,6.97,3.45,12.54,2.48,2.84
2022-09-16,Piedade,Sudoeste,-23.717,-47.4142,15.85,22.2,11.97,79.28,15.37,7.0,11.87,1.55,3.57
2022-09-17,Piedade,Sudoeste,-23.717,-47.4142,14.66,21.63,10.6,70.73,22.55,9.88,8.65,0.16,3.92
2022-09-18,Piedade,Sudoeste,-23.717,-47.4142,16.49,26.42,9.1,67.95,25.22,11.14,9.17,0.04,2.75
2022-09-19,Piedade,Sudoeste,-23.717,-47.4142,18.71,29.65,9.81,66.71,21.91,9.73,10.63,0.54,2.04
2022-09-20,Piedade,Sudoeste,-23.717,-47.4142,19.75,27.79,13.2,76.54,14.77,6.73,15.01,5.39,2.12
2022-09-21,Piedade,Sudoeste,-23.717,-47.4142,20.61,29.47,14.88,74.41,10.2,4.83,15.31,5.38,1.88
2022-09-22,Piedade,Sudoeste,-23.717,-47.4142,20.07,28.07,15.25,77.88,7.42,3.62,15.65,3.61,1.86
2022-09-23,Piedade,Sudoeste,-23.717,-47.4142,16.25,24.38,9.58,60.88,25.96,11.1,6.59,0.02,2.18
2022-09-24,Piedade,Sudoeste,-23.717,-47.4142,15.36,25.23,6.97,63.52,26.06,11.4,7.17,0.01,2.71
2022-09-25,Piedade,Sudoeste,-23.717,-47.4142,16.65,22.99,10.58,73.76,18.58,8.43,11.39,5.28,2.79
2022-09-26,Piedade,Sudoeste,-23.717,-47.4142,19.4,25.84,14.53,82.34,3.96,2.09,15.94,18.13,2.01
2022-09-27,Piedade,Sudoeste,-23.717,-47.4142,19.43,23.43,16.3,90.42,10.75,4.97,17.75,7.14,1.64
2022-09-28,Piedade,Sudoeste,-23.717,-47.4142,16.42,21.15,13.3,87.74,4.99,2.58,14.29,29.33,3.53
2022-09-29,Piedade,Sudoeste,-23.717,-47.4142,15.07,19.19,12.88,84.92,9.81,4.75,12.42,2.89,3.78
2022-09-30,Piedade,Sudoeste,-23.717,-47.4142,16.44,21.8,12.67,83.89,4.67,2.39,13.51,5.23,2.55
2022-10-01,Piedade,Sudoeste,-23.717,-47.4142,18.46,25.61,14.18,84.59,15.99,7.48,15.57,5.66,1.93
2022-10-02,Piedade,Sudoeste,-23.717,-47.4142,18.92,26.01,13.49,79.04,22.3,10.06,14.66,0.24,2.19
2022-10-03,Piedade,Sudoeste,-23.717,-47.4142,18.6,25.4,13.95,80.29,13.08,6.25,14.79,1.4,2.22
2022-10-04,Piedade,Sudoeste,-23.717,-47.4142,19.34,26.24,14.34,77.48,18.78,8.54,14.8,0.59,2.16
2022-10-05,Piedade,Sudoeste,-23.717,-47.4142,20.29,28.52,13.72,73.8,24.88,11.09,14.58,0.04,2.11
2022-10-06,Piedade,Sudoeste,-23.717,-47.4142,22.81,31.75,15.34,75.46,20.47,9.42,17.38,7.68,2.31
2022-10-07,Piedade,Sudoeste,-23.717,-47.4142,21.56,26.34,17.24,74.39,17.46,7.98,16.05,3.92,3.45
2022-10-08,Piedade,Sudoeste,-23.717,-47.4142,21.09,27.92,14.76,63.39,23.25,10.18,12.73,0.07,1.14
2022-10-09,Piedade,Sudoeste,-23.717,-47.4142,20.12,27.76,14.96,71.8,18.85,8.63,14.43,7.35,1.63
2022-10-10,Piedade,Sudoeste,-23.717,-47.4142,19.82,25.64,16.64,85.08,7.34,3.69,17.04,1.9,1.91
2022-10-11,Piedade,Sudoeste,-23.717,-47.4142,21.62,26.26,16.54,81.25,12.26,5.85,18.03,2.62,1.8
2022-10-12,Piedade,Sudoeste,-23.717,-47.4142,21.75,25.59,18.64,81.0,14.32,6.75,18.13,1.19,0.96
2022-10-13,Piedade,Sudoeste,-23.717,-47.4142,22.49,28.85,17.98,72.87,18.37,8.47,16.71,0.66,1.37
2022-10-14,Piedade,Sudoeste,-23.717,-47.4142,21.51,29.87,16.47,76.18,21.38,9.73,16.47,1.58,2.67
2022-10-15,Piedade,Sudoeste,-23.717,-47.4142,19.03,24.19,15.73,82.39,9.78,4.75,15.75,2.86,3.32
2022-10-16,Piedade,Sudoeste,-23.717,-47.4142,21.88,29.31,15.95,75.67,18.07,8.31,16.62,1.58,1.9
2022-10-17,Piedade,Sudoeste,-23.717,-47.4142,21.42,28.23,16.63,78.89,20.85,9.5,17.09,1.5,2.09
2022-10-18,Piedade,Sudoeste,-23.717,-47.4142,19.37,23.07,16.94,86.33,6.77,3.49,16.93,4.9,2.25
2022-10-19,Piedade,Sudoeste,-23.717,-47.4142,21.3,26.85,17.45,80.21,17.23,8.07,17.45,6.88,1.61
2022-10-20,Piedade,Sudoeste,-23.717,-47.4142,23.53,29.69,16.52,68.16,19.91,9.19,16.69,3.79,1.71
2022-10-21,Piedade,Sudoeste,-23.717,-47.4142,23.17,28.14,19.76,76.32,10.76,5.2,18.4,3.0,3.6
2022-10-22,Piedade,Sudoeste,-23.717,-47.4142,22.14,28.91,16.92,73.07,24.24,11.03,16.42,0.19,2.5
2022-10-23,Piedade,Sudoeste,-23.717,-47.4142,21.2,29.69,14.53,70.0,26.89,12.03,14.51,0.03,2.2
2022-10-24,Piedade,Sudoeste,-23.717,-47.4142,21.4,30.21,14.24,69.09,26.57,11.81,14.16,0.05,2.47
2022-10-25,Piedade,Sudoeste,-23.717,-47.4142,20.97,29.17,14.85,68.62,28.22,12.49,13.8,0.04,2.91
2022-10-26,Piedade,Sudoeste,-23.717,-47.4142,21.91,31.44,12.68,62.32,29.06,12.83,12.53,0.04,1.43
2022-10-27,Piedade,Sudoeste,-23.717,-47.4142,24.87,33.53,16.68,59.79,26.41,11.9,14.86,0.71,2.01
2022-10-28,Piedade,Sudoeste,-23.717,-47.4142,24.79,30.37,19.86,66.08,22.28,10.3,17.52,7.24,1.23
2022-10-29,Piedade,Sudoeste,-23.717,-47.4142,24.61,31.36,19.27,72.38,22.16,10.18,18.46,17.48,1.63
2022-10-30,Piedade,Sudoeste,-23.717,-47.4142,24.27,29.99,19.08,78.94,24.48,11.33,19.94,27.56,2.3
2022-10-31,Piedade,Sudoeste,-23.717,-47.4142,22.97,28.64,17.7,82.1,11.02,5.43,19.47,6.21,2.69
2022-11-01,Piedade,Sudoeste,-23.717,-47.4142,16.01,19.62,12.68,81.5,13.36,6.48,12.71,7.0,4.66
2022-11-02,Piedade,Sudoeste,-23.717,-47.4142,13.27,16.37,11.23,82.73,8.85,4.43,10.29,5.22,4.5
2022-11-03,Piedade,Sudoeste,-23.717,-47.4142,14.04,19.8,9.64,77.21,15.85,7.34,9.68,1.36,3.35
2022-11-04,Piedade,Sudoeste,-23.717,-47.4142,14.83,21.75,8.85,75.99,25.2,11.17,9.99,0.47,2.91
2022-11-05,Piedade,Sudoeste,-23.717,-47.4142,15.82,22.24,10.81,76.81,25.82,11.55,11.13,0.23,2.63
2022-11-06,Piedade,Sudoeste,-23.717,-47.4142,16.31,23.53,11.04,74.05,22.91,10.31,11.04,0.07,2.9
2022-11-07,Piedade,Sudoeste,-23.717,-47.4142,16.82,23.95,11.77,70.13,27.83,12.31,10.65,0.06,2.71
2022-11-08,Piedade,Sudoeste,-23.717,-47.4142,17.55,25.28,10.58,68.06,28.74,12.68,10.28,0.09,2.1
2022-11-09,Piedade,Sudoeste,-23.717,-47.4142,19.96,28.73,11.88,67.54,27.9,12.29,12.37,0.13,2.09
2022-11-10,Piedade,Sudoeste,-23.717,-47.4142,21.77,30.58,14.03,69.1,27.85,12.35,14.47,0.03,2.12
2022-11-11,Piedade,Sudoeste,-23.717,-47.4142,22.22,31.14,15.5,73.56,17.23,7.94,16.2,10.32,2.1
2022-11-12,Piedade,Sudoeste,-23.717,-47.4142,22.05,28.58,17.9,77.99,24.64,11.27,17.51,4.63,2.19
2022-11-13,Piedade,Sudoeste,-23.717,-47.4142,23.49,31.2,16.16,74.44,26.31,12.08,17.77,12.71,1.4
2022-11-14,Piedade,Sudoeste,-23.717,-47.4142,24.08,30.15,19.53,75.37,20.77,9.73,18.93,3.04,2.48
2022-11-15,Piedade,Sudoeste,-23.717,-47.4142,23.3,30.92,16.86,68.41,26.95,12.28,16.01,0.13,1.79
2022-11-16,Piedade,Sudoeste,-23.717,-47.4142,20.71,29.05,14.23,64.67,28.99,13.11,13.04,0.0,2.93
2022-11-17,Piedade,Sudoeste,-23.717,-47.4142,19.27,28.02,12.85,67.44,31.64,13.97,11.85,0.0,2.76
2022-11-18,Piedade,Sudoeste,-23.717,-47.4142,19.14,28.37,11.74,66.82,31.73,14.05,11.45,0.01,3.21
2022-11-19,Piedade,Sudoeste,-23.717,-47.4142,20.67,29.09,13.58,68.83,28.78,13.02,13.79,0.24,2.31
2022-11-20,Piedade,Sudoeste,-23.717,-47.4142,22.35,30.37,15.35,71.02,27.5,12.52,15.91,1.88,1.96
2022-11-21,Piedade,Sudoeste,-23.717,-47.4142,23.76,31.24,16.88,68.7,24.35,11.18,16.6,0.92,1.62
2022-11-22,Piedade,Sudoeste,-23.717,-47.4142,23.35,30.41,17.94,76.35,19.17,8.96,18.26,9.33,1.83
2022-11-23,Piedade,Sudoeste,-23.717,-47.4142,23.47,28.95,18.73,79.18,18.58,8.62,19.18,13.41,1.26
2022-11-24,Piedade,Sudoeste,-23.717,-47.4142,21.42,26.43,17.33,84.55,23.62,10.85,18.45,15.46,2.69
2022-11-25,Piedade,Sudoeste,-23.717,-47.4142,19.28,24.15,15.8,81.4,19.64,9.08,15.73,4.35,3.31
2022-11-26,Piedade,Sudoeste,-23.717,-47.4142,19.96,25.97,14.88,78.01,26.09,11.92,15.48,2.17,1.95
2022-11-27,Piedade,Sudoeste,-23.717,-47.4142,20.91,26.29,16.25,81.9,23.84,11.02,17.32,6.81,1.97
2022-11-28,Piedade,Sudoeste,-23.717,-47.4142,20.5,24.31,17.34,85.98,18.76,8.8,17.88,19.13,1.79
2022-11-29,Piedade,Sudoeste,-23.717,-47.4142,20.7,25.7,16.71,85.46,21.96,10.21,17.95,13.33,1.5
2022-11-30,Piedade,Sudoeste,-23.717,-47.4142,20.35,23.48,17.29,88.55,19.39,9.13,18.28,11.72,1.23
2022-12-01,Piedade,Sudoeste,-23.717,-47.4142,23.08,28.71,17.02,78.35,27.35,12.6,18.7,2.33,1.73
2022-12-02,Piedade,Sudoeste,-23.717,-47.4142,22.59,26.76,19.26,83.98,22.37,10.51,19.59,9.65,1.71
2022-12-03,Piedade,Sudoeste,-23.717,-47.4142,22.26,25.54,19.73,88.94,17.24,8.25,20.27,16.27,1.94
2022-12-04,Piedade,Sudoeste,-23.717,-47.4142,21.87,25.18,19.44,88.82,13.56,6.71,19.85,8.95,2.06
2022-12-05,Piedade,Sudoeste,-23.717,-47.4142,21.84,25.08,19.71,91.32,11.7,5.78,20.31,16.04,2.13
2022-12-06,Piedade,Sudoeste,-23.717,-47.4142,23.51,28.42,19.33,84.9,12.11,5.99,20.59,14.37,1.74
2022-12-07,Piedade,Sudoeste,-23.717,-47.4142,22.53,27.81,17.71,87.26,24.13,11.29,20.16,14.35,1.99
2022-12-08,Piedade,Sudoeste,-23.717,-47.4142,22.18,29.07,16.05,77.18,31.62,14.19,17.45,0.04,1.07
2022-12-09,Piedade,Sudoeste,-23.717,-47.4142,24.13,30.4,18.32,72.43,25.78,11.87,18.53,0.26,1.38
2022-12-10,Piedade,Sudoeste,-23.717,-47.4142,24.53,31.42,17.34,72.54,30.02,13.79,18.57,0.08,1.25
2022-12-11,Piedade,Sudoeste,-23.717,-47.4142,25.24,30.0,20.03,76.13,21.51,10.09,20.46,0.68,1.03
2022-12-12,Piedade,Sudoeste,-23.717,-47.4142,24.47,28.46,21.38,84.54,15.49,7.44,21.47,13.86,2.07
2022-12-13,Piedade,Sudoeste,-23.717,-47.4142,21.16,24.94,16.78,87.79,12.23,5.99,19.0,27.62,2.96
2022-12-14,Piedade,Sudoeste,-23.717,-47.4142,18.37,22.78,14.27,78.02,23.37,10.8,14.22,0.26,2.55
2022-12-15,Piedade,Sudoeste,-23.717,-47.4142,19.79,27.01,12.82,78.18,25.31,11.59,15.47,0.04,1.79
2022-12-16,Piedade,Sudoeste,-23.717,-47.4142,21.46,28.39,15.56,76.28,26.93,12.24,16.45,1.33,1.83
2022-12-17,Piedade,Sudoeste,-23.717,-47.4142,20.71,26.96,16.21,79.57,28.54,13.0,16.67,1.02,2.42
2022-12-18,Piedade,Sudoeste,-23.717,-47.4142,21.15,27.68,15.86,77.32,23.58,10.84,16.6,0.19,2.58
2022-12-19,Piedade,Sudoeste,-23.717,-47.4142,19.77,24.22,17.58,85.67,7.85,3.97,17.23,8.7,2.77
2022-12-20,Piedade,Sudoeste,-23.717,-47.4142,19.96,25.36,16.85,85.02,14.97,7.12,17.21,6.23,3.11
2022-12-21,Piedade,Sudoeste,-23.717,-47.4142,19.74,25.65,15.69,81.22,20.58,9.59,16.1,2.3,3.55
2022-12-22,Piedade,Sudoeste,-23.717,-47.4142,19.51,25.79,14.93,80.01,20.09,9.4,15.61,0.82,3.26
2022-12-23,Piedade,Sudoeste,-23.717,-47.4142,19.09,24.56,15.23,82.11,26.72,12.28,15.76,2.29,2.3
2022-12-24,Piedade,Sudoeste,-23.717,-47.4142,21.25,27.9,15.51,80.36,25.33,11.7,17.36,2.8,2.03
2022-12-25,Piedade,Sudoeste,-23.717,-47.4142,22.58,29.21,16.55,80.26,24.84,11.45,18.55,5.98,1.4
2022-12-26,Piedade,Sudoeste,-23.717,-47.4142,22.18,26.14,19.37,86.68,16.93,8.13,19.72,7.97,1.67
2022-12-27,Piedade,Sudoeste,-23.717,-47.4142,23.21,28.29,19.29,84.04,18.32,8.76,20.13,17.26,1.2
2022-12-28,Piedade,Sudoeste,-23.717,-47.4142,23.49,27.79,19.89,85.96,16.6,7.95,20.85,21.6,2.66
2022-12-29,Piedade,Sudoeste,-23.717,-47.4142,22.9,26.65,19.72,87.44,17.5,8.31,20.59,17.26,1.83
2022-12-30,Piedade,Sudoeste,-23.717,-47.4142,21.75,27.58,17.34,82.73,21.75,10.09,18.43,1.83,2.09
2022-12-31,Piedade,Sudoeste,-23.717,-47.4142,22.35,28.34,16.71,82.78,23.67,11.0,18.96,5.31,1.17
2023-01-01,Piedade,Sudoeste,-23.717,-47.4142,22.96,28.57,17.85,81.43,22.82,10.63,19.22,1.56,1.13
2023-01-02,Piedade,Sudoeste,-23.717,-47.4142,23.4,28.65,17.83,79.74,24.63,11.42,19.33,2.4,1.07
2023-01-03,Piedade,Sudoeste,-23.717,-47.4142,23.19,27.61,19.92,83.84,19.16,9.07,20.06,7.93,2.39
2023-01-04,Piedade,Sudoeste,-23.717,-47.4142,21.63,25.26,17.58,88.41,8.9,4.56,19.51,34.1,1.99
2023-01-05,Piedade,Sudoeste,-23.717,-47.4142,18.64,22.96,16.23,86.83,8.61,4.44,16.3,11.95,3.11
2023-01-06,Piedade,Sudoeste,-23.717,-47.4142,19.02,24.47,15.27,82.67,14.3,6.94,15.78,1.71,3.48
2023-01-07,Piedade,Sudoeste,-23.717,-47.4142,18.21,23.35,14.77,82.77,17.47,8.29,15.04,0.57,3.28
2023-01-08,Piedade,Sudoeste,-23.717,-47.4142,19.98,25.93,14.89,83.0,15.1,7.29,16.78,0.65,2.56
2023-01-09,Piedade,Sudoeste,-23.717,-47.4142,20.26,24.9,17.02,85.93,14.5,7.06,17.7,1.92,2.18
2023-01-10,Piedade,Sudoeste,-23.717,-47.4142,21.2,25.15,17.71,88.72,10.51,5.27,19.18,12.15,1.41
2023-01-11,Piedade,Sudoeste,-23.717,-47.4142,21.66,25.22,19.2,89.18,19.92,9.39,19.71,9.49,1.72
2023-01-12,Piedade,Sudoeste,-23.717,-47.4142,21.64,24.93,18.71,87.58,18.91,9.01,19.38,7.03,1.78
2023-01-13,Piedade,Sudoeste,-23.717,-47.4142,22.31,26.26,18.44,87.91,20.42,9.62,20.08,12.11,2.29
2023-01-14,Piedade,Sudoeste,-23.717,-47.4142,23.66,28.27,19.82,83.12,17.19,8.29,20.33,1.56,2.53
2023-01-15,Piedade,Sudoeste,-23.717,-47.4142,24.1,28.37,20.61,86.68,19.61,9.38,21.56,7.69,1.78
2023-01-16,Piedade,Sudoeste,-23.717,-47.4142,24.25,28.57,21.05,86.81,18.71,8.8,21.72,20.72,0.99
2023-01-17,Piedade,Sudoeste,-23.717,-47.4142,24.3,29.82,19.82,82.36,24.1,11.18,20.74,5.98,1.5
2023-01-18,Piedade,Sudoeste,-23.717,-47.4142,22.71,28.08,18.49,86.27,25.44,11.77,20.12,11.06,1.96
2023-01-19,Piedade,Sudoeste,-23.717,-47.4142,22.95,28.07,18.67,82.13,23.69,10.99,19.39,2.45,1.17
2023-01-20,Piedade,Sudoeste,-23.717,-47.4142,21.53,25.14,18.07,85.5,14.26,6.9,18.83,11.97,0.95
2023-01-21,Piedade,Sudoeste,-23.717,-47.4142,22.51,28.42,16.53,82.0,21.77,10.11,18.97,1.58,1.24
2023-01-22,Piedade,Sudoeste,-23.717,-47.4142,23.49,28.31,19.59,83.52,19.76,9.26,20.28,0.64,1.52
2023-01-23,Piedade,Sudoeste,-23.717,-47.4142,23.27,27.64,19.55,85.35,15.74,7.58,20.47,6.67,1.79
2023-01-24,Piedade,Sudoeste,-23.717,-47.4142,23.24,28.37,19.25,83.98,23.27,10.86,20.11,8.03,1.52
2023-01-25,Piedade,Sudoeste,-23.717,-47.4142,22.47,29.06,17.3,80.13,28.79,13.04,18.37,0.08,1.9
2023-01-26,Piedade,Sudoeste,-23.717,-47.4142,22.22,29.0,16.87,78.57,29.21,13.32,17.84,0.07,2.04
2023-01-27,Piedade,Sudoeste,-23.717,-47.4142,22.51,29.07,16.41,79.49,27.29,12.46,18.35,0.03,1.56
2023-01-28,Piedade,Sudoeste,-23.717,-47.4142,23.02,27.09,18.76,84.53,21.24,10.06,20.08,9.48,1.1
2023-01-29,Piedade,Sudoeste,-23.717,-47.4142,23.87,28.39,20.44,82.91,21.31,10.07,20.5,7.59,1.54
2023-01-30,Piedade,Sudoeste,-23.717,-47.4142,21.83,23.9,20.06,91.74,16.43,7.91,20.4,12.12,1.74
2023-01-31,Piedade,Sudoeste,-23.717,-47.4142,22.31,25.61,19.58,89.21,16.69,7.79,20.35,9.99,1.68
2023-02-01,Piedade,Sudoeste,-23.717,-47.4142,21.79,24.58,19.93,91.49,16.0,7.52,20.3,9.6,1.37
2023-02-02,Piedade,Sudoeste,-23.717,-47.4142,23.06,27.52,19.64,88.01,18.93,8.99,20.81,15.41,2.08
2023-02-03,Piedade,Sudoeste,-23.717,-47.4142,22.85,26.95,20.29,87.78,19.86,9.44,20.57,4.77,3.04
2023-02-04,Piedade,Sudoeste,-23.717,-47.4142,23.2,27.6,20.04,84.88,17.43,8.34,20.32,2.34,3.13
2023-02-05,Piedade,Sudoeste,-23.717,-47.4142,22.48,25.44,20.08,87.43,17.4,8.31,20.18,3.97,2.69
2023-02-06,Piedade,Sudoeste,-23.717,-47.4142,22.58,27.39,19.23,88.31,15.88,7.66,20.38,6.59,1.93
2023-02-07,Piedade,Sudoeste,-23.717,-47.4142,22.0,27.29,17.39,83.97,15.19,7.32,18.89,13.37,1.24
2023-02-08,Piedade,Sudoeste,-23.717,-47.4142,21.82,27.86,17.43,82.77,24.93,11.54,18.46,1.37,1.58
2023-02-09,Piedade,Sudoeste,-23.717,-47.4142,22.65,29.56,16.29,80.17,27.15,12.35,18.53,2.15,1.35
2023-02-10,Piedade,Sudoeste,-23.717,-47.4142,22.93,27.99,17.84,83.04,18.65,8.76,19.6,6.48,0.93
2023-02-11,Piedade,Sudoeste,-23.717,-47.4142,21.59,24.62,19.82,91.06,10.31,5.13,20.01,10.24,1.34
2023-02-12,Piedade,Sudoeste,-23.717,-47.4142,22.17,26.21,18.55,88.74,17.62,8.41,20.11,13.69,1.55
2023-02-13,Piedade,Sudoeste,-23.717,-47.4142,23.05,27.68,19.44,86.6,19.31,9.08,20.49,14.07,1.82
2023-02-14,Piedade,Sudoeste,-23.717,-47.4142,23.12,27.07,20.24,87.51,19.1,9.02,20.79,6.99,1.86
2023-02-15,Piedade,Sudoeste,-23.717,-47.4142,22.98,26.71,19.56,89.48,19.62,9.29,21.06,4.1,2.39
2023-02-16,Piedade,Sudoeste,-23.717,-47.4142,23.18,26.61,21.13,89.21,16.39,7.87,21.21,18.65,3.0
2023-02-17,Piedade,Sudoeste,-23.717,-47.4142,23.12,26.4,20.53,88.21,14.69,7.1,20.97,6.34,2.67
2023-02-18,Piedade,Sudoeste,-23.717,-47.4142,21.38,24.21,17.64,93.11,10.84,5.32,20.22,10.37,1.72
2023-02-19,Piedade,Sudoeste,-23.717,-47.4142,18.56,21.53,16.49,90.26,10.18,5.08,16.92,9.34,3.59
2023-02-20,Piedade,Sudoeste,-23.717,-47.4142,21.99,27.16,17.12,86.36,22.64,10.61,19.42,5.39,1.43
2023-02-21,Piedade,Sudoeste,-23.717,-47.4142,22.2,26.14,18.75,85.5,17.93,8.47,19.52,8.37,1.36
2023-02-22,Piedade,Sudoeste,-23.717,-47.4142,22.41,27.35,17.75,83.71,21.0,9.77,19.27,1.81,0.84
2023-02-23,Piedade,Sudoeste,-23.717,-47.4142,22.35,26.06,18.74,86.45,13.93,6.8,19.81,7.3,0.95
2023-02-24,Piedade,Sudoeste,-23.717,-47.4142,22.85,27.92,18.94,85.05,19.94,9.29,19.97,2.49,1.75
2023-02-25,Piedade,Sudoeste,-23.717,-47.4142,23.21,27.69,19.46,86.15,20.69,9.68,20.59,2.22,2.24
2023-02-26,Piedade,Sudoeste,-23.717,-47.4142,23.73,27.86,19.89,85.76,19.61,9.15,21.02,0.96,1.64
2023-02-27,Piedade,Sudoeste,-23.717,-47.4142,22.41,26.54,19.63,88.25,19.66,9.2,20.24,2.7,2.06
2023-02-28,Piedade,Sudoeste,-23.717,-47.4142,20.66,23.51,18.52,92.61,14.43,6.99,19.41,12.08,2.07
2023-03-01,Piedade,Sudoeste,-23.717,-47.4142,21.31,25.07,17.95,87.68,20.35,9.42,19.08,2.47,1.02
2023-03-02,Piedade,Sudoeste,-23.717,-47.4142,23.0,28.17,18.21,82.25,24.69,11.32,19.51,1.46,1.07
2023-03-03,Piedade,Sudoeste,-23.717,-47.4142,23.47,28.33,18.76,83.29,23.43,10.9,20.26,9.68,1.38
2023-03-04,Piedade,Sudoeste,-23.717,-47.4142,22.93,26.99,19.79,85.91,13.38,6.37,20.31,10.03,1.68
2023-03-05,Piedade,Sudoeste,-23.717,-47.4142,22.92,27.42,19.71,86.94,16.77,7.92,20.46,10.22,2.12
2023-03-06,Piedade,Sudoeste,-23.717,-47.4142,22.88,27.04,19.7,87.61,21.42,10.01,20.58,9.9,2.19
2023-03-07,Piedade,Sudoeste,-23.717,-47.4142,22.66,26.53,19.67,86.81,22.81,10.55,20.22,2.04,2.05
2023-03-08,Piedade,Sudoeste,-23.717,-47.4142,23.1,27.73,18.81,83.7,23.81,10.96,20.0,4.79,1.5
2023-03-09,Piedade,Sudoeste,-23.717,-47.4142,22.9,26.53,19.35,84.29,15.47,7.36,19.97,10.7,1.42
2023-03-10,Piedade,Sudoeste,-23.717,-47.4142,22.55,26.19,19.55,87.44,14.39,6.85,20.22,26.46,0.74
2023-03-11,Piedade,Sudoeste,-23.717,-47.4142,21.48,24.28,19.38,91.14,12.45,6.07,19.92,14.36,1.09
2023-03-12,Piedade,Sudoeste,-23.717,-47.4142,21.57,24.87,19.18,91.63,11.51,5.59,20.1,14.6,1.37
2023-03-13,Piedade,Sudoeste,-23.717,-47.4142,21.69,25.03,19.11,91.37,14.6,6.94,20.18,10.8,1.14
2023-03-14,Piedade,Sudoeste,-23.717,-47.4142,21.84,25.63,19.32,90.24,14.24,6.8,20.08,16.69,1.25
2023-03-15,Piedade,Sudoeste,-23.717,-47.4142,22.31,27.33,18.87,85.62,19.81,9.33,19.58,0.83,1.77
2023-03-16,Piedade,Sudoeste,-23.717,-47.4142,21.73,26.89,17.96,85.02,22.45,10.38,18.92,0.33,2.1
2023-03-17,Piedade,Sudoeste,-23.717,-47.4142,21.07,26.39,17.41,85.19,22.53,10.38,18.28,0.54,2.05
2023-03-18,Piedade,Sudoeste,-23.717,-47.4142,21.65,27.43,16.47,84.37,23.56,10.78,18.62,0.24,1.29
2023-03-19,Piedade,Sudoeste,-23.717,-47.4142,22.77,28.39,17.85,84.6,23.49,10.82,19.76,1.09,0.97
2023-03-20,Piedade,Sudoeste,-23.717,-47.4142,23.35,28.78,18.3,82.06,23.21,10.72,19.8,4.58,0.9
2023-03-21,Piedade,Sudoeste,-23.717,-47.4142,22.73,28.48,18.33,81.53,23.0,10.37,19.1,0.11,1.19
2023-03-22,Piedade,Sudoeste,-23.717,-47.4142,22.12,28.72,17.01,83.71,23.53,10.74,18.88,0.13,1.58
2023-03-23,Piedade,Sudoeste,-23.717,-47.4142,22.21,28.1,17.15,84.39,23.46,10.82,19.15,0.12,1.23
2023-03-24,Piedade,Sudoeste,-23.717,-47.4142,22.81,28.86,17.2,83.53,22.89,10.45,19.53,0.58,1.26
2023-03-25,Piedade,Sudoeste,-23.717,-47.4142,23.11,28.32,18.22,82.38,22.84,10.53,19.65,0.91,0.92
2023-03-26,Piedade,Sudoeste,-23.717,-47.4142,23.88,29.23,18.92,83.27,21.63,10.07,20.62,2.36,1.63
2023-03-27,Piedade,Sudoeste,-23.717,-47.4142,21.53,26.2,17.68,86.15,15.03,7.05,18.98,3.0,2.75
2023-03-28,Piedade,Sudoeste,-23.717,-47.4142,21.31,27.48,16.66,85.26,18.38,8.52,18.53,1.05,1.63
2023-03-29,Piedade,Sudoeste,-23.717,-47.4142,21.93,26.73,17.74,87.1,20.12,9.28,19.56,4.22,1.1
2023-03-30,Piedade,Sudoeste,-23.717,-47.4142,23.12,27.44,18.93,81.77,21.77,10.0,19.63,0.76,1.05
2023-03-31,Piedade,Sudoeste,-23.717,-47.4142,22.76,27.21,18.87,86.44,18.37,8.53,20.2,2.83,1.11
2023-04-01,Piedade,Sudoeste,-23.717,-47.4142,22.23,28.07,17.84,84.74,21.09,9.61,19.27,1.1,1.76
2023-04-02,Piedade,Sudoeste,-23.717,-47.4142,19.29,24.77,15.84,83.68,19.4,8.9,16.29,0.16,2.58
2023-04-03,Piedade,Sudoeste,-23.717,-47.4142,19.92,26.47,14.59,85.33,21.91,9.96,17.13,0.02,1.35
2023-04-04,Piedade,Sudoeste,-23.717,-47.4142,20.76,26.95,15.94,83.46,22.48,10.09,17.5,0.16,1.1
2023-04-05,Piedade,Sudoeste,-23.717,-47.4142,20.08,26.32,15.69,83.43,21.62,9.66,16.82,0.31,1.81
2023-04-06,Piedade,Sudoeste,-23.717,-47.4142,20.08,25.74,15.34,85.81,18.57,8.54,17.41,1.24,1.96
2023-04-07,Piedade,Sudoeste,-23.717,-47.4142,19.51,22.12,17.82,93.76,5.54,2.83,18.48,11.23,1.3
2023-04-08,Piedade,Sudoeste,-23.717,-47.4142,20.23,24.51,17.92,91.92,10.88,5.26,18.84,5.4,2.03
2023-04-09,Piedade,Sudoeste,-23.717,-47.4142,18.99,21.72,17.12,89.14,12.68,6.05,17.13,0.24,2.78
2023-04-10,Piedade,Sudoeste,-23.717,-47.4142,18.82,24.88,14.5,82.92,22.2,10.13,15.57,0.02,2.37
2023-04-11,Piedade,Sudoeste,-23.717,-47.4142,18.9,25.44,12.71,85.73,20.56,9.39,16.27,0.01,1.19
2023-04-12,Piedade,Sudoeste,-23.717,-47.4142,20.84,25.98,15.85,84.31,17.82,8.24,17.89,2.38,1.01
2023-04-13,Piedade,Sudoeste,-23.717,-47.4142,21.36,25.97,17.11,86.81,18.55,8.61,18.93,7.76,1.23
2023-04-14,Piedade,Sudoeste,-23.717,-47.4142,20.96,24.78,18.62,89.91,10.04,4.83,19.19,7.81,0.9
2023-04-15,Piedade,Sudoeste,-23.717,-47.4142,20.8,25.74,17.43,88.03,14.71,6.86,18.59,2.66,1.98
2023-04-16,Piedade,Sudoeste,-23.717,-47.4142,20.88,26.44,16.08,83.0,19.93,9.09,17.68,0.02,1.11
2023-04-17,Piedade,Sudoeste,-23.717,-47.4142,20.79,25.26,16.75,90.28,13.99,6.58,19.08,11.92,2.08
2023-04-18,Piedade,Sudoeste,-23.717,-47.4142,22.19,26.1,17.95,90.73,7.2,3.59,20.52,22.48,2.6
2023-04-19,Piedade,Sudoeste,-23.717,-47.4142,17.46,23.51,13.37,79.28,17.18,7.69,13.52,16.29,1.9
2023-04-20,Piedade,Sudoeste,-23.717,-47.4142,15.05,20.83,10.14,79.83,20.67,9.18,11.18,0.0,1.53
2023-04-21,Piedade,Sudoeste,-23.717,-47.4142,14.86,21.94,8.25,85.3,19.98,8.82,12.23,0.17,2.45
2023-04-22,Piedade,Sudoeste,-23.717,-47.4142,17.45,24.02,12.32,85.39,19.78,8.83,14.75,0.07,1.81
2023-04-23,Piedade,Sudoeste,-23.717,-47.4142,18.51,23.99,13.88,85.21,18.34,8.29,15.8,0.06,1.58
2023-04-24,Piedade,Sudoeste,-23.717,-47.4142,18.02,24.05,13.96,84.71,19.3,8.7,15.1,0.01,1.94
2023-04-25,Piedade,Sudoeste,-23.717,-47.4142,18.08,24.12,13.47,81.82,17.42,7.92,14.62,0.02,0.98
2023-04-26,Piedade,Sudoeste,-23.717,-47.4142,19.3,24.72,14.83,87.68,5.92,2.97,17.07,1.14,1.65
2023-04-27,Piedade,Sudoeste,-23.717,-47.4142,19.14,24.35,15.5,88.8,8.2,3.94,17.14,2.51,1.9
2023-04-28,Piedade,Sudoeste,-23.717,-47.4142,17.79,21.99,14.61,88.81,6.38,3.11,15.81,1.82,2.14
2023-04-29,Piedade,Sudoeste,-23.717,-47.4142,18.07,23.52,13.65,87.18,14.21,6.51,15.74,1.06,1.23
2023-04-30,Piedade,Sudoeste,-23.717,-47.4142,19.05,24.48,14.73,82.61,16.97,7.68,15.65,0.23,0.99
2023-05-01,Piedade,Sudoeste,-23.717,-47.4142,18.96,24.67,14.57,84.46,15.81,7.15,16.19,0.01,0.91
2023-05-02,Piedade,Sudoeste,-23.717,-47.4142,19.39,24.54,15.4,86.75,15.84,7.26,17.13,0.12,1.08
2023-05-03,Piedade,Sudoeste,-23.717,-47.4142,20.01,25.33,15.83,84.41,15.99,7.33,17.12,0.02,0.84
2023-05-04,Piedade,Sudoeste,-23.717,-47.4142,20.59,26.07,15.55,81.02,17.91,8.18,17.09,0.03,0.97
2023-05-05,Piedade,Sudoeste,-23.717,-47.4142,21.23,27.24,16.52,85.54,17.38,7.98,18.56,0.03,1.21
2023-05-06,Piedade,Sudoeste,-23.717,-47.4142,21.18,26.56,17.07,87.08,15.37,7.09,18.85,0.01,1.13
2023-05-07,Piedade,Sudoeste,-23.717,-47.4142,19.99,24.78,16.15,87.55,17.13,7.84,17.81,0.02,0.86
2023-05-08,Piedade,Sudoeste,-23.717,-47.4142,20.42,25.8,15.67,82.32,16.26,7.4,17.18,0.02,1.31
2023-05-09,Piedade,Sudoeste,-23.717,-47.4142,20.38,25.62,16.13,85.45,11.17,5.1,17.71,1.15,1.36
2023-05-10,Piedade,Sudoeste,-23.717,-47.4142,19.84,24.14,16.82,87.91,9.96,4.69,17.68,1.11,1.03
2023-05-11,Piedade,Sudoeste,-23.717,-47.4142,17.99,22.99,14.13,85.28,17.16,7.69,15.22,0.26,1.49
2023-05-12,Piedade,Sudoeste,-23.717,-47.4142,14.95,19.85,11.92,84.78,13.68,6.22,12.17,0.15,1.94
2023-05-13,Piedade,Sudoeste,-23.717,-47.4142,14.82,20.38,11.2,84.77,17.1,7.66,12.14,0.11,1.48
2023-05-14,Piedade,Sudoeste,-23.717,-47.4142,15.15,21.6,10.35,79.08,17.59,7.78,11.08,0.12,0.98
2023-05-15,Piedade,Sudoeste,-23.717,-47.4142,15.35,22.34,10.8,79.69,17.74,7.78,11.43,0.04,1.06
2023-05-16,Piedade,Sudoeste,-23.717,-47.4142,14.97,22.24,10.42,80.13,17.73,7.8,11.28,0.1,1.32
2023-05-17,Piedade,Sudoeste,-23.717,-47.4142,14.47,21.13,10.29,85.82,16.68,7.4,12.15,0.03,1.81
2023-05-18,Piedade,Sudoeste,-23.717,-47.4142,14.38,21.52,9.92,85.36,17.75,7.82,11.89,0.02,1.75
2023-05-19,Piedade,Sudoeste,-23.717,-47.4142,14.41,22.01,9.51,83.63,17.93,7.84,11.38,0.04,1.43
2023-05-20,Piedade,Sudoeste,-23.717,-47.4142,15.55,22.77,9.59,78.55,16.96,7.41,11.41,0.05,1.15
2023-05-21,Piedade,Sudoeste,-23.717,-47.4142,15.95,22.64,9.56,76.27,15.84,6.97,11.31,0.13,1.44
2023-05-22,Piedade,Sudoeste,-23.717,-47.4142,16.43,22.62,11.69,74.72,9.71,4.43,11.62,0.05,1.21
2023-05-23,Piedade,Sudoeste,-23.717,-47.4142,16.9,24.0,11.92,81.31,16.24,7.26,13.29,0.01,1.28
2023-05-24,Piedade,Sudoeste,-23.717,-47.4142,17.54,24.05,12.07,82.4,15.33,6.88,14.29,0.04,1.46
2023-05-25,Piedade,Sudoeste,-23.717,-47.4142,18.02,24.06,13.03,83.11,15.2,6.87,14.94,0.03,1.46
2023-05-26,Piedade,Sudoeste,-23.717,-47.4142,18.08,24.65,13.07,79.81,15.66,7.05,14.35,0.01,1.83
2023-05-27,Piedade,Sudoeste,-23.717,-47.4142,18.46,24.88,11.64,74.93,15.57,7.03,13.57,0.02,1.52
2023-05-28,Piedade,Sudoeste,-23.717,-47.4142,17.93,22.45,14.98,84.36,4.13,2.08,15.14,2.79,1.58
2023-05-29,Piedade,Sudoeste,-23.717,-47.4142,16.41,21.1,13.8,87.04,10.46,4.86,14.09,0.88,2.79
2023-05-30,Piedade,Sudoeste,-23.717,-47.4142,16.24,20.59,13.22,88.58,8.41,3.97,14.25,6.31,2.13
2023-05-31,Piedade,Sudoeste,-23.717,-47.4142,16.14,20.14,14.24,94.51,5.3,2.62,15.24,11.58,1.27
2023-06-01,Piedade,Sudoeste,-23.717,-47.4142,16.7,21.88,13.26,89.92,9.32,4.36,14.91,2.61,1.13
2023-06-02,Piedade,Sudoeste,-23.717,-47.4142,15.91,22.17,11.98,86.98,15.6,6.98,13.68,0.05,1.51
2023-06-03,Piedade,Sudoeste,-23.717,-47.4142,16.75,23.22,11.76,79.48,16.59,7.36,12.89,0.05,1.26
2023-06-04,Piedade,Sudoeste,-23.717,-47.4142,16.4,23.08,9.95,76.95,16.27,7.16,12.04,0.16,1.34
2023-06-05,Piedade,Sudoeste,-23.717,-47.4142,15.69,22.82,10.42,82.52,15.51,6.77,12.34,0.15,1.02
2023-06-06,Piedade,Sudoeste,-23.717,-47.4142,15.65,22.38,10.86,81.61,15.72,6.9,12.1,0.53,1.33
2023-06-07,Piedade,Sudoeste,-23.717,-47.4142,15.61,22.01,10.96,79.95,15.61,6.9,11.78,1.07,1.14
2023-06-08,Piedade,Sudoeste,-23.717,-47.4142,15.66,22.66,8.89,76.9,15.13,6.68,11.26,1.04,1.18
2023-06-09,Piedade,Sudoeste,-23.717,-47.4142,16.19,23.75,9.79,79.11,15.71,6.98,12.35,0.05,1.73
2023-06-10,Piedade,Sudoeste,-23.717,-47.4142,16.69,24.34,10.27,77.11,15.99,7.09,12.28,0.05,1.61
2023-06-11,Piedade,Sudoeste,-23.717,-47.4142,17.48,25.27,10.61,73.32,15.57,6.96,12.17,0.01,1.93
2023-06-12,Piedade,Sudoeste,-23.717,-47.4142,18.72,25.41,13.01,73.88,13.99,6.27,13.57,0.77,1.32
2023-06-13,Piedade,Sudoeste,-23.717,-47.4142,15.85,18.48,14.46,92.8,3.76,1.91,14.67,7.14,2.6
2023-06-14,Piedade,Sudoeste,-23.717,-47.4142,15.75,19.0,13.41,93.64,3.18,1.65,14.71,15.23,1.51
2023-06-15,Piedade,Sudoeste,-23.717,-47.4142,15.65,18.18,12.96,96.6,2.46,1.29,15.12,11.18,1.96
2023-06-16,Piedade,Sudoeste,-23.717,-47.4142,12.03,17.42,6.77,81.82,14.01,6.12,8.64,0.74,2.45
2023-06-17,Piedade,Sudoeste,-23.717,-47.4142,11.29,17.62,5.86,83.53,12.15,5.38,8.48,0.11,0.83
2023-06-18,Piedade,Sudoeste,-23.717,-47.4142,12.74,19.19,8.69,85.98,14.79,6.48,10.39,0.09,1.09
2023-06-19,Piedade,Sudoeste,-23.717,-47.4142,13.69,19.95,10.31,85.53,15.71,6.89,11.08,0.06,1.75
2023-06-20,Piedade,Sudoeste,-23.717,-47.4142,14.58,21.62,9.49,80.44,15.4,6.77,10.89,0.05,1.37
2023-06-21,Piedade,Sudoeste,-23.717,-47.4142,14.92,22.19,8.49,80.09,15.43,6.89,11.31,0.02,1.28
2023-06-22,Piedade,Sudoeste,-23.717,-47.4142,15.48,22.66,9.46,80.03,13.58,6.14,11.81,0.04,1.77
2023-06-23,Piedade,Sudoeste,-23.717,-47.4142,16.28,23.05,10.21,75.76,13.64,6.16,11.61,0.18,1.61
2023-06-24,Piedade,Sudoeste,-23.717,-47.4142,17.0,24.04,10.14,74.74,15.08,6.82,12.17,0.03,1.58
2023-06-25,Piedade,Sudoeste,-23.717,-47.4142,16.81,24.32,10.32,76.44,15.43,6.91,12.29,0.03,1.32
2023-06-26,Piedade,Sudoeste,-23.717,-47.4142,17.69,24.68,10.71,69.84,15.69,7.02,11.75,0.07,1.17
2023-06-27,Piedade,Sudoeste,-23.717,-47.4142,16.42,23.79,9.75,75.29,15.73,6.95,11.66,0.05,1.69
2023-06-28,Piedade,Sudoeste,-23.717,-47.4142,16.66,24.31,9.62,76.52,15.3,6.77,12.22,0.06,1.81
2023-06-29,Piedade,Sudoeste,-23.717,-47.4142,16.45,22.01,11.55,83.61,11.85,5.33,13.49,1.51,2.11
2023-06-30,Piedade,Sudoeste,-23.717,-47.4142,16.28,22.35,12.33,87.12,13.45,6.1,13.91,0.39,1.35
2023-07-01,Piedade,Sudoeste,-23.717,-47.4142,16.72,23.31,12.28,84.01,11.88,5.41,13.76,0.05,1.11
2023-07-02,Piedade,Sudoeste,-23.717,-47.4142,16.13,23.28,11.08,82.68,14.91,6.7,12.92,0.04,1.38
2023-07-03,Piedade,Sudoeste,-23.717,-47.4142,14.85,20.62,10.19,83.98,12.82,5.8,12.06,0.05,1.96
2023-07-04,Piedade,Sudoeste,-23.717,-47.4142,13.81,21.08,8.88,76.64,16.05,7.0,9.11,0.02,1.26
2023-07-05,Piedade,Sudoeste,-23.717,-47.4142,14.71,22.29,8.39,74.32,15.96,7.05,9.76,0.02,1.41
2023-07-06,Piedade,Sudoeste,-23.717,-47.4142,14.43,22.77,7.84,71.47,15.88,6.98,8.68,0.03,1.73
2023-07-07,Piedade,Sudoeste,-23.717,-47.4142,15.05,23.59,7.04,70.61,15.62,6.94,9.13,0.04,1.55
2023-07-08,Piedade,Sudoeste,-23.717,-47.4142,16.72,25.45,8.93,70.44,12.8,5.8,10.84,1.06,2.06
2023-07-09,Piedade,Sudoeste,-23.717,-47.4142,16.62,21.35,14.06,92.2,4.51,2.23,15.29,5.9,1.08
2023-07-10,Piedade,Sudoeste,-23.717,-47.4142,17.64,22.99,13.35,86.23,5.58,2.66,15.19,2.18,1.39
2023-07-11,Piedade,Sudoeste,-23.717,-47.4142,18.86,24.83,13.38,80.19,10.52,4.85,15.08,0.07,1.1
2023-07-12,Piedade,Sudoeste,-23.717,-47.4142,19.11,26.48,12.73,70.0,14.44,6.48,12.96,0.14,2.38
2023-07-13,Piedade,Sudoeste,-23.717,-47.4142,17.96,23.47,13.31,61.27,16.15,7.09,9.82,0.19,3.86
2023-07-14,Piedade,Sudoeste,-23.717,-47.4142,11.81,17.81,7.06,74.93,16.77,7.23,6.84,0.01,1.73
2023-07-15,Piedade,Sudoeste,-23.717,-47.4142,13.05,20.67,7.67,72.21,16.88,7.28,7.23,0.0,1.73
2023-07-16,Piedade,Sudoeste,-23.717,-47.4142,13.97,22.08,8.23,71.36,12.37,5.55,8.1,0.0,1.24
2023-07-17,Piedade,Sudoeste,-23.717,-47.4142,17.58,24.14,12.04,71.0,12.43,5.64,11.93,0.01,1.0
2023-07-18,Piedade,Sudoeste,-23.717,-47.4142,15.72,20.36,13.26,86.73,8.9,4.11,13.45,0.02,2.2
2023-07-19,Piedade,Sudoeste,-23.717,-47.4142,15.08,19.58,12.48,84.57,10.13,4.71,12.36,0.0,3.06
2023-07-20,Piedade,Sudoeste,-23.717,-47.4142,16.72,23.04,12.76,81.0,14.12,6.46,13.12,0.0,2.54
2023-07-21,Piedade,Sudoeste,-23.717,-47.4142,17.13,24.65,12.02,81.27,15.85,7.16,13.36,0.0,1.41
2023-07-22,Piedade,Sudoeste,-23.717,-47.4142,17.28,24.24,11.71,73.68,16.35,7.32,11.84,0.0,1.16
2023-07-23,Piedade,Sudoeste,-23.717,-47.4142,17.8,24.87,11.01,70.1,14.21,6.44,11.63,0.0,1.31
2023-07-24,Piedade,Sudoeste,-23.717,-47.4142,18.33,25.57,12.16,64.14,15.46,6.91,10.8,0.0,0.99
2023-07-25,Piedade,Sudoeste,-23.717,-47.4142,18.62,25.66,11.69,62.87,12.35,5.54,10.78,0.0,1.24
2023-07-26,Piedade,Sudoeste,-23.717,-47.4142,19.44,26.04,14.39,64.13,15.34,6.98,12.16,0.0,1.39
2023-07-27,Piedade,Sudoeste,-23.717,-47.4142,19.22,26.86,12.96,68.88,13.94,6.3,12.66,0.01,1.29
2023-07-28,Piedade,Sudoeste,-23.717,-47.4142,19.45,26.75,13.87,75.53,13.34,6.11,14.29,0.72,1.97
2023-07-29,Piedade,Sudoeste,-23.717,-47.4142,15.5,20.43,11.73,82.12,9.63,4.5,12.21,0.6,2.84
2023-07-30,Piedade,Sudoeste,-23.717,-47.4142,15.55,22.53,11.0,80.45,16.0,7.19,11.71,0.0,1.62
2023-07-31,Piedade,Sudoeste,-23.717,-47.4142,16.74,24.63,10.95,74.21,16.16,7.18,11.21,0.0,1.25
2023-08-01,Piedade,Sudoeste,-23.717,-47.4142,17.31,25.79,11.57,78.35,16.62,7.33,12.82,0.04,1.45
2023-08-02,Piedade,Sudoeste,-23.717,-47.4142,18.9,27.42,11.25,66.36,18.15,7.96,11.52,0.04,1.41
2023-08-03,Piedade,Sudoeste,-23.717,-47.4142,18.37,27.97,10.45,62.21,18.29,7.97,10.07,0.0,1.48
2023-08-04,Piedade,Sudoeste,-23.717,-47.4142,17.51,26.34,11.06,70.03,18.32,7.98,10.93,0.04,1.3
2023-08-05,Piedade,Sudoeste,-23.717,-47.4142,19.16,28.17,13.04,61.61,18.43,8.01,10.37,0.02,0.92
2023-08-06,Piedade,Sudoeste,-23.717,-47.4142,19.28,28.76,10.4,64.48,18.4,8.09,10.98,0.02,1.67
2023-08-07,Piedade,Sudoeste,-23.717,-47.4142,20.48,30.03,12.26,61.15,18.19,8.1,11.51,0.03,2.21
2023-08-08,Piedade,Sudoeste,-23.717,-47.4142,17.46,23.78,13.89,82.78,11.19,5.21,14.23,1.39,3.55
2023-08-09,Piedade,Sudoeste,-23.717,-47.4142,19.44,27.35,13.97,76.21,12.03,5.57,14.49,2.96,2.3
2023-08-10,Piedade,Sudoeste,-23.717,-47.4142,20.94,29.27,13.7,66.89,14.09,6.43,13.64,0.89,2.09
2023-08-11,Piedade,Sudoeste,-23.717,-47.4142,21.85,30.86,14.45,63.81,15.97,7.19,13.79,2.17,2.32
2023-08-12,Piedade,Sudoeste,-23.717,-47.4142,22.04,31.1,15.7,65.87,11.9,5.43,14.33,0.3,1.92
2023-08-13,Piedade,Sudoeste,-23.717,-47.4142,15.93,20.53,12.75,81.92,8.18,3.8,12.64,1.44,3.38
2023-08-14,Piedade,Sudoeste,-23.717,-47.4142,17.74,25.59,12.91,78.16,12.47,5.68,13.49,0.29,2.44
2023-08-15,Piedade,Sudoeste,-23.717,-47.4142,19.75,27.26,14.33,77.12,15.47,7.03,15.07,0.19,1.64
2023-08-16,Piedade,Sudoeste,-23.717,-47.4142,20.45,25.86,15.67,77.28,13.71,6.33,15.94,0.13,1.33
2023-08-17,Piedade,Sudoeste,-23.717,-47.4142,21.51,28.38,15.42,66.64,17.7,7.97,14.16,0.01,1.75
2023-08-18,Piedade,Sudoeste,-23.717,-47.4142,21.78,30.05,14.52,61.11,17.74,7.99,13.03,0.04,2.4
2023-08-19,Piedade,Sudoeste,-23.717,-47.4142,19.59,27.28,14.87,71.33,12.82,5.87,13.69,0.67,2.33
2023-08-20,Piedade,Sudoeste,-23.717,-47.4142,19.56,25.35,15.26,72.01,15.95,7.25,13.84,0.02,1.6
2023-08-21,Piedade,Sudoeste,-23.717,-47.4142,20.39,28.18,13.76,67.78,18.09,8.05,13.51,0.02,1.69
2023-08-22,Piedade,Sudoeste,-23.717,-47.4142,21.46,30.58,13.51,59.91,20.51,9.1,11.98,0.0,2.03
2023-08-23,Piedade,Sudoeste,-23.717,-47.4142,24.01,33.12,15.83,52.99,16.94,7.66,12.77,0.0,2.88
2023-08-24,Piedade,Sudoeste,-23.717,-47.4142,25.13,32.95,18.89,53.55,13.95,6.23,14.2,1.4,2.88
2023-08-25,Piedade,Sudoeste,-23.717,-47.4142,19.93,27.47,15.18,77.95,11.49,5.05,15.55,6.56,2.6
2023-08-26,Piedade,Sudoeste,-23.717,-47.4142,14.31,17.72,11.28,82.35,8.58,4.05,11.25,8.83,3.82
2023-08-27,Piedade,Sudoeste,-23.717,-47.4142,12.91,16.88,10.86,80.66,5.21,2.63,9.5,1.97,3.35
2023-08-28,Piedade,Sudoeste,-23.717,-47.4142,13.91,18.7,11.12,84.27,9.95,4.62,11.07,1.63,2.99
2023-08-29,Piedade,Sudoeste,-23.717,-47.4142,16.25,22.75,11.53,81.53,15.77,7.13,12.64,0.17,1.78
2023-08-30,Piedade,Sudoeste,-23.717,-47.4142,18.14,26.52,12.42,74.27,20.06,8.98,12.53,0.03,1.74
2023-08-31,Piedade,Sudoeste,-23.717,-47.4142,18.33,27.46,11.58,71.12,19.47,8.72,11.94,0.01,1.83
2023-09-01,Piedade,Sudoeste,-23.717,-47.4142,18.62,28.83,8.86,66.89,21.16,9.21,10.62,0.01,1.35
2023-09-02,Piedade,Sudoeste,-23.717,-47.4142,23.21,32.26,15.02,71.14,13.14,6.09,16.71,11.99,2.24
2023-09-03,Piedade,Sudoeste,-23.717,-47.4142,23.36,29.52,17.91,76.62,17.93,8.21,18.61,3.47,2.26
2023-09-04,Piedade,Sudoeste,-23.717,-47.4142,25.29,33.04,18.95,69.67,16.85,7.75,18.56,3.38,2.59
2023-09-05,Piedade,Sudoeste,-23.717,-47.4142,21.72,29.02,15.03,78.9,12.14,5.62,17.49,1.25,3.06
2023-09-06,Piedade,Sudoeste,-23.717,-47.4142,17.35,22.8,14.59,80.72,14.5,6.74,13.74,0.85,4.02
2023-09-07,Piedade,Sudoeste,-23.717,-47.4142,20.18,28.09,14.65,73.95,19.64,8.95,14.75,0.19,2.16
2023-09-08,Piedade,Sudoeste,-23.717,-47.4142,22.72,30.46,14.87,64.04,21.2,9.58,14.5,0.01,2.16
2023-09-09,Piedade,Sudoeste,-23.717,-47.4142,22.64,28.58,18.78,63.69,8.12,3.92,14.82,0.2,1.78
2023-09-10,Piedade,Sudoeste,-23.717,-47.4142,22.17,30.52,15.67,70.29,16.99,7.62,15.5,0.08,1.82
2023-09-11,Piedade,Sudoeste,-23.717,-47.4142,23.62,32.17,15.61,61.53,22.94,10.23,14.15,0.02,1.5
2023-09-12,Piedade,Sudoeste,-23.717,-47.4142,23.5,31.93,15.35,48.49,23.36,10.39,10.98,0.0,1.81
2023-09-13,Piedade,Sudoeste,-23.717,-47.4142,24.89,34.66,15.95,50.44,22.75,10.3,12.6,0.04,2.42
2023-09-14,Piedade,Sudoeste,-23.717,-47.4142,20.82,26.54,13.51,68.36,2.85,1.51,14.07,8.11,2.08
2023-09-15,Piedade,Sudoeste,-23.717,-47.4142,17.34,25.7,11.88,69.96,23.21,10.16,10.52,0.72,2.12
2023-09-16,Piedade,Sudoeste,-23.717,-47.4142,21.41,30.54,11.44,57.68,24.13,10.61,10.66,0.08,1.58
2023-09-17,Piedade,Sudoeste,-23.717,-47.4142,24.92,33.85,15.97,46.67,23.79,10.6,11.56,0.02,1.5
2023-09-18,Piedade,Sudoeste,-23.717,-47.4142,25.35,32.55,18.15,59.31,18.22,8.42,16.25,1.32,1.8
2023-09-19,Piedade,Sudoeste,-23.717,-47.4142,26.07,34.38,19.51,56.22,19.48,8.99,15.4,0.6,1.34
2023-09-20,Piedade,Sudoeste,-23.717,-47.4142,24.4,33.9,17.46,61.38,17.77,8.18,14.99,0.08,2.08
2023-09-21,Piedade,Sudoeste,-23.717,-47.4142,24.19,34.03,16.03,61.36,23.24,10.41,14.44,0.0,1.46
2023-09-22,Piedade,Sudoeste,-23.717,-47.4142,26.99,36.24,19.3,53.09,22.52,10.26,15.09,0.0,1.68
2023-09-23,Piedade,Sudoeste,-23.717,-47.4142,26.82,36.45,19.05,53.67,23.24,10.54,15.03,0.0,1.67
2023-09-24,Piedade,Sudoeste,-23.717,-47.4142,28.43,37.81,19.38,51.48,24.06,10.96,15.94,0.01,1.71
2023-09-25,Piedade,Sudoeste,-23.717,-47.4142,25.55,33.33,20.5,65.4,18.2,8.42,17.95,0.07,2.75
2023-09-26,Piedade,Sudoeste,-23.717,-47.4142,27.74,36.7,19.84,58.58,20.31,9.38,17.58,0.51,2.09
2023-09-27,Piedade,Sudoeste,-23.717,-47.4142,27.54,38.29,17.25,57.96,16.45,7.46,17.03,9.2,3.67
2023-09-28,Piedade,Sudoeste,-23.717,-47.4142,17.5,23.63,13.56,75.38,7.48,3.56,12.76,4.29,4.08
2023-09-29,Piedade,Sudoeste,-23.717,-47.4142,20.22,29.4,14.75,71.7,16.83,7.71,14.26,0.08,2.95
2023-09-30,Piedade,Sudoeste,-23.717,-47.4142,22.15,31.68,15.66,75.28,19.95,9.03,16.88,12.04,2.3
2023-10-01,Piedade,Sudoeste,-23.717,-47.4142,21.05,26.51,17.01,87.77,7.31,3.59,18.82,18.91,1.93
2023-10-02,Piedade,Sudoeste,-23.717,-47.4142,21.48,28.8,15.82,76.84,8.34,4.03,16.77,0.15,1.96
2023-10-03,Piedade,Sudoeste,-23.717,-47.4142,22.5,31.0,15.67,73.33,16.53,7.62,16.91,0.15,1.71
2023-10-04,Piedade,Sudoeste,-23.717,-47.4142,25.16,33.02,18.18,71.48,7.98,3.95,18.79,6.85,2.76
2023-10-05,Piedade,Sudoeste,-23.717,-47.4142,24.26,32.82,18.81,78.93,14.06,6.48,19.86,23.32,2.37
2023-10-06,Piedade,Sudoeste,-23.717,-47.4142,23.99,31.4,17.64,77.21,20.94,9.52,19.37,1.17,1.58
2023-10-07,Piedade,Sudoeste,-23.717,-47.4142,25.54,33.57,16.09,73.81,12.51,5.78,19.88,43.64,3.25
2023-10-08,Piedade,Sudoeste,-23.717,-47.4142,22.45,29.55,15.43,81.96,9.4,4.62,18.99,8.6,2.05
2023-10-09,Piedade,Sudoeste,-23.717,-47.4142,20.74,24.75,15.92,85.31,15.62,7.32,18.04,30.12,2.52
2023-10-10,Piedade,Sudoeste,-23.717,-47.4142,19.96,26.95,15.05,78.81,23.43,10.48,15.67,0.21,2.51
2023-10-11,Piedade,Sudoeste,-23.717,-47.4142,22.47,29.93,14.52,71.33,27.67,12.34,16.34,0.16,1.69
2023-10-12,Piedade,Sudoeste,-23.717,-47.4142,22.83,32.88,16.7,74.62,9.64,4.64,17.67,20.42,3.35
2023-10-13,Piedade,Sudoeste,-23.717,-47.4142,18.0,22.94,14.47,83.22,8.34,4.16,14.96,4.12,3.47
2023-10-14,Piedade,Sudoeste,-23.717,-47.4142,18.23,24.0,14.42,80.67,11.03,5.24,14.64,0.46,3.42
2023-10-15,Piedade,Sudoeste,-23.717,-47.4142,20.63,27.52,15.28,81.03,21.51,9.92,17.03,0.09,2.15
2023-10-16,Piedade,Sudoeste,-23.717,-47.4142,23.8,30.51,16.69,79.65,25.09,11.53,19.71,19.57,1.76
2023-10-17,Piedade,Sudoeste,-23.717,-47.4142,23.52,28.35,19.92,81.01,10.96,5.39,19.82,2.07,1.65
2023-10-18,Piedade,Sudoeste,-23.717,-47.4142,20.92,26.29,16.62,82.45,15.51,7.26,17.57,4.47,2.86
2023-10-19,Piedade,Sudoeste,-23.717,-47.4142,19.48,26.11,15.34,79.8,17.45,8.04,15.6,0.53,3.08
2023-10-20,Piedade,Sudoeste,-23.717,-47.4142,19.57,26.14,15.11,79.22,9.84,4.7,15.61,0.29,2.77
2023-10-21,Piedade,Sudoeste,-23.717,-47.4142,19.9,27.59,14.74,77.43,19.79,9.08,15.39,0.29,3.01
2023-10-22,Piedade,Sudoeste,-23.717,-47.4142,20.97,29.87,13.72,74.86,25.73,11.57,15.67,0.08,1.9
2023-10-23,Piedade,Sudoeste,-23.717,-47.4142,23.78,32.2,15.67,73.22,27.49,12.47,17.98,0.01,1.61
2023-10-24,Piedade,Sudoeste,-23.717,-47.4142,26.02,33.32,20.62,71.94,19.09,8.74,19.96,0.43,1.7
2023-10-25,Piedade,Sudoeste,-23.717,-47.4142,23.16,27.6,19.12,80.38,16.08,7.49,19.34,4.09,1.7
2023-10-26,Piedade,Sudoeste,-23.717,-47.4142,22.04,29.09,17.64,78.58,16.7,7.6,17.82,2.27,2.03
2023-10-27,Piedade,Sudoeste,-23.717,-47.4142,21.46,28.44,16.56,80.56,13.56,6.36,17.69,9.67,1.95
2023-10-28,Piedade,Sudoeste,-23.717,-47.4142,24.4,31.62,17.86,75.78,14.99,6.87,19.25,3.7,2.57
2023-10-29,Piedade,Sudoeste,-23.717,-47.4142,23.17,27.96,19.37,84.29,11.13,5.42,20.22,15.5,3.07
2023-10-30,Piedade,Sudoeste,-23.717,-47.4142,25.32,31.5,19.94,77.95,14.71,7.0,20.71,3.13,1.78
2023-10-31,Piedade,Sudoeste,-23.717,-47.4142,24.43,29.97,20.51,80.58,10.34,5.01,20.58,7.14,1.32
2023-11-01,Piedade,Sudoeste,-23.717,-47.4142,21.23,26.88,17.37,80.45,16.83,7.9,17.43,1.21,2.76
2023-11-02,Piedade,Sudoeste,-23.717,-47.4142,21.92,29.2,16.24,75.76,21.1,9.75,17.01,0.08,2.06
2023-11-03,Piedade,Sudoeste,-23.717,-47.4142,24.72,32.87,17.76,76.19,17.15,7.87,19.54,15.13,2.93
2023-11-04,Piedade,Sudoeste,-23.717,-47.4142,21.61,27.53,15.67,70.73,29.14,12.97,15.1,1.23,2.28
2023-11-05,Piedade,Sudoeste,-23.717,-47.4142,19.18,27.32,12.4,72.44,30.65,13.55,13.43,0.02,2.59
2023-11-06,Piedade,Sudoeste,-23.717,-47.4142,18.4,27.34,11.6,70.06,31.16,13.72,12.0,0.03,3.09
2023-11-07,Piedade,Sudoeste,-23.717,-47.4142,20.52,30.19,13.04,69.53,30.08,13.44,13.88,0.01,2.51
2023-11-08,Piedade,Sudoeste,-23.717,-47.4142,23.4,32.37,13.5,62.76,30.23,13.58,14.65,0.05,1.33
2023-11-09,Piedade,Sudoeste,-23.717,-47.4142,26.17,34.25,18.11,61.48,20.75,9.62,17.47,0.56,1.67
2023-11-10,Piedade,Sudoeste,-23.717,-47.4142,25.16,32.51,19.23,71.73,19.8,9.21,18.94,2.68,1.95
2023-11-11,Piedade,Sudoeste,-23.717,-47.4142,27.66,35.29,19.49,58.28,27.84,12.76,17.08,0.04,1.83
2023-11-12,Piedade,Sudoeste,-23.717,-47.4142,29.36,37.39,21.27,48.0,28.23,12.9,15.91,0.0,1.47
2023-11-13,Piedade,Sudoeste,-23.717,-47.4142,29.55,38.25,21.47,53.66,27.79,12.64,17.45,0.26,1.91
2023-11-14,Piedade,Sudoeste,-23.717,-47.4142,28.91,38.8,21.51,60.69,23.87,10.93,18.44,3.76,2.33
2023-11-15,Piedade,Sudoeste,-23.717,-47.4142,28.29,36.94,20.2,61.24,28.08,12.83,18.3,5.23,1.68
2023-11-16,Piedade,Sudoeste,-23.717,-47.4142,28.79,35.82,21.21,53.65,21.37,9.67,17.34,0.55,2.26
2023-11-17,Piedade,Sudoeste,-23.717,-47.4142,30.16,38.28,21.74,50.8,21.79,9.8,17.59,0.94,2.28
2023-11-18,Piedade,Sudoeste,-23.717,-47.4142,29.55,37.41,22.47,55.66,23.02,10.63,18.7,5.05,3.04
2023-11-19,Piedade,Sudoeste,-23.717,-47.4142,24.54,31.3,18.7,76.9,6.74,3.22,19.94,23.69,1.96
2023-11-20,Piedade,Sudoeste,-23.717,-47.4142,21.14,26.23,18.11,82.84,17.56,8.17,17.93,2.06,3.11
2023-11-21,Piedade,Sudoeste,-23.717,-47.4142,24.49,31.51,17.65,75.82,22.45,10.37,19.45,0.13,1.49
2023-11-22,Piedade,Sudoeste,-23.717,-47.4142,25.2,30.33,20.8,80.88,20.98,9.99,21.4,9.98,1.73
2023-11-23,Piedade,Sudoeste,-23.717,-47.4142,24.35,29.18,20.06,79.44,15.06,7.22,20.24,3.36,2.18
2023-11-24,Piedade,Sudoeste,-23.717,-47.4142,19.73,25.45,15.22,79.49,12.01,5.94,15.85,2.28,3.53
2023-11-25,Piedade,Sudoeste,-23.717,-47.4142,17.17,21.31,14.35,78.04,12.72,6.23,13.18,3.31,3.04
2023-11-26,Piedade,Sudoeste,-23.717,-47.4142,20.24,26.59,14.73,78.21,14.95,7.22,16.02,0.5,2.12
2023-11-27,Piedade,Sudoeste,-23.717,-47.4142,22.72,28.55,17.62,77.7,17.57,8.34,18.22,4.11,1.47
2023-11-28,Piedade,Sudoeste,-23.717,-47.4142,23.32,28.24,18.92,83.74,17.36,8.32,20.12,13.11,1.78
2023-11-29,Piedade,Sudoeste,-23.717,-47.4142,24.32,29.68,20.16,81.23,17.22,8.26,20.52,14.25,2.44
2023-11-30,Piedade,Sudoeste,-23.717,-47.4142,25.51,31.22,20.26,77.39,23.02,10.74,20.78,0.4,1.84
2023-12-01,Piedade,Sudoeste,-23.717,-47.4142,26.04,32.75,20.4,74.79,28.26,12.93,20.63,0.03,1.35
2023-12-02,Piedade,Sudoeste,-23.717,-47.4142,26.65,34.49,19.48,67.67,30.25,13.81,19.18,0.01,1.3
2023-12-03,Piedade,Sudoeste,-23.717,-47.4142,27.19,34.37,21.45,63.7,29.74,13.74,19.07,0.04,1.06
2023-12-04,Piedade,Sudoeste,-23.717,-47.4142,26.8,34.9,20.99,67.3,28.63,13.12,19.13,2.82,1.91
2023-12-05,Piedade,Sudoeste,-23.717,-47.4142,25.41,32.59,20.45,71.69,22.06,10.26,19.06,2.26,1.5
2023-12-06,Piedade,Sudoeste,-23.717,-47.4142,26.67,33.14,20.09,68.57,24.94,11.61,19.68,0.11,1.49
2023-12-07,Piedade,Sudoeste,-23.717,-47.4142,27.69,33.98,21.72,66.86,27.42,12.73,20.08,4.68,1.78
2023-12-08,Piedade,Sudoeste,-23.717,-47.4142,25.56,32.14,19.9,73.24,25.2,11.73,19.88,3.04,2.27
2023-12-09,Piedade,Sudoeste,-23.717,-47.4142,22.1,28.94,17.76,72.87,22.27,10.35,16.55,0.61,3.61
2023-12-10,Piedade,Sudoeste,-23.717,-47.4142,22.43,29.05,17.14,75.2,23.41,10.86,17.38,2.89,2.27
2023-12-11,Piedade,Sudoeste,-23.717,-47.4142,23.31,31.46,18.17,74.18,23.89,10.98,17.57,2.69,2.37
2023-12-12,Piedade,Sudoeste,-23.717,-47.4142,22.37,30.24,16.72,69.59,29.93,13.41,15.51,0.23,2.64
2023-12-13,Piedade,Sudoeste,-23.717,-47.4142,23.79,33.37,15.4,63.29,31.0,13.66,14.28,0.01,1.78
2023-12-14,Piedade,Sudoeste,-23.717,-47.4142,25.92,35.6,16.83,61.59,31.19,13.89,15.6,0.01,1.64
2023-12-15,Piedade,Sudoeste,-23.717,-47.4142,27.46,37.56,18.96,59.96,30.52,13.77,16.33,0.01,1.71
2023-12-16,Piedade,Sudoeste,-23.717,-47.4142,27.55,36.47,19.91,63.53,28.03,12.74,18.38,0.33,1.8
2023-12-17,Piedade,Sudoeste,-23.717,-47.4142,26.96,33.55,21.05,65.25,25.75,11.9,18.7,0.72,1.8
2023-12-18,Piedade,Sudoeste,-23.717,-47.4142,26.73,36.01,20.21,63.59,29.47,13.62,17.64,0.23,2.37
2023-12-19,Piedade,Sudoeste,-23.717,-47.4142,25.3,35.24,18.0,61.57,29.09,13.29,15.79,0.05,2.8
2023-12-20,Piedade,Sudoeste,-23.717,-47.4142,24.38,33.29,18.09,62.92,29.62,13.5,15.47,0.02,3.5
2023-12-21,Piedade,Sudoeste,-23.717,-47.4142,25.25,33.38,18.98,65.11,25.47,11.85,17.16,0.93,2.4
2023-12-22,Piedade,Sudoeste,-23.717,-47.4142,26.93,34.9,19.28,65.78,23.93,11.11,18.78,3.45,1.35
2023-12-23,Piedade,Sudoeste,-23.717,-47.4142,26.01,32.12,22.47,75.23,20.25,9.55,20.84,9.27,1.2
2023-12-24,Piedade,Sudoeste,-23.717,-47.4142,26.69,33.85,21.14,68.42,26.67,12.27,19.3,0.52,1.64
2023-12-25,Piedade,Sudoeste,-23.717,-47.4142,28.03,35.1,20.36,60.63,25.84,11.93,18.45,0.43,2.24
2023-12-26,Piedade,Sudoeste,-23.717,-47.4142,26.32,33.41,19.38,65.25,20.74,9.64,18.62,1.88,2.57
2023-12-27,Piedade,Sudoeste,-23.717,-47.4142,23.46,32.11,17.21,63.34,25.67,11.62,15.13,0.05,3.06
2023-12-28,Piedade,Sudoeste,-23.717,-47.4142,25.52,35.04,16.32,57.66,30.97,13.92,14.74,0.01,1.43
2023-12-29,Piedade,Sudoeste,-23.717,-47.4142,28.61,38.42,19.05,48.19,25.47,11.57,14.18,0.05,2.26
2023-12-30,Piedade,Sudoeste,-23.717,-47.4142,24.38,28.5,18.92,67.97,15.54,7.38,17.81,3.98,3.15
2023-12-31,Piedade,Sudoeste,-23.717,-47.4142,22.87,30.55,17.63,66.15,25.61,11.68,15.42,0.15,3.05
2024-01-01,Piedade,Sudoeste,-23.717,-47.4142,24.62,33.42,18.15,63.47,21.91,10.05,15.96,0.14,2.53
2024-01-02,Piedade,Sudoeste,-23.717,-47.4142,25.25,33.96,18.76,63.83,21.96,10.22,16.65,0.18,2.02
2024-01-03,Piedade,Sudoeste,-23.717,-47.4142,25.12,32.97,19.83,70.89,21.8,10.26,18.66,3.82,2.27
2024-01-04,Piedade,Sudoeste,-23.717,-47.4142,24.42,32.51,19.69,72.42,20.39,9.56,18.23,2.78,2.92
2024-01-05,Piedade,Sudoeste,-23.717,-47.4142,24.41,32.24,18.83,69.75,26.11,12.06,17.43,1.1,2.51
2024-01-06,Piedade,Sudoeste,-23.717,-47.4142,25.2,33.8,18.36,65.43,26.96,12.44,16.79,0.28,2.21
2024-01-07,Piedade,Sudoeste,-23.717,-47.4142,27.14,35.76,18.81,59.49,27.37,12.6,16.76,0.32,1.54
2024-01-08,Piedade,Sudoeste,-23.717,-47.4142,28.62,36.95,20.59,58.26,26.23,12.13,18.12,5.31,1.43
2024-01-09,Piedade,Sudoeste,-23.717,-47.4142,28.47,36.24,21.11,60.56,27.56,12.76,18.62,3.37,1.3
2024-01-10,Piedade,Sudoeste,-23.717,-47.4142,27.83,35.24,21.61,65.84,25.22,11.66,19.68,5.51,1.53
2024-01-11,Piedade,Sudoeste,-23.717,-47.4142,26.47,31.64,22.63,72.09,21.74,10.36,20.56,7.83,2.95
2024-01-12,Piedade,Sudoeste,-23.717,-47.4142,24.56,29.62,21.32,81.88,15.09,7.34,20.95,16.93,2.0
2024-01-13,Piedade,Sudoeste,-23.717,-47.4142,22.72,28.35,18.99,80.48,14.25,7.03,18.91,5.44,2.97
2024-01-14,Piedade,Sudoeste,-23.717,-47.4142,25.36,32.88,18.22,71.0,27.21,12.56,19.0,0.86,1.29
2024-01-15,Piedade,Sudoeste,-23.717,-47.4142,27.6,34.47,21.36,66.24,21.45,10.02,19.68,0.08,1.68
2024-01-16,Piedade,Sudoeste,-23.717,-47.4142,28.34,35.18,21.68,61.27,24.69,11.56,19.27,0.06,2.16
2024-01-17,Piedade,Sudoeste,-23.717,-47.4142,28.42,35.6,22.19,61.7,20.7,9.74,19.38,5.51,2.19
2024-01-18,Piedade,Sudoeste,-23.717,-47.4142,27.38,34.14,21.79,72.81,25.65,11.88,21.2,17.66,1.39
2024-01-19,Piedade,Sudoeste,-23.717,-47.4142,25.62,29.71,22.67,80.8,19.18,9.21,21.82,15.07,1.91
2024-01-20,Piedade,Sudoeste,-23.717,-47.4142,24.39,28.63,21.92,87.12,15.49,7.46,21.98,13.56,2.15
2024-01-21,Piedade,Sudoeste,-23.717,-47.4142,23.62,29.25,19.45,83.88,19.64,9.34,20.47,16.06,2.87
2024-01-22,Piedade,Sudoeste,-23.717,-47.4142,22.22,28.34,18.05,81.44,20.16,9.52,18.54,2.88,2.84
2024-01-23,Piedade,Sudoeste,-23.717,-47.4142,20.11,23.07,18.03,87.25,6.67,3.53,17.86,12.4,3.17
2024-01-24,Piedade,Sudoeste,-23.717,-47.4142,21.12,27.14,16.49,79.35,19.86,9.21,17.01,1.62,2.73
2024-01-25,Piedade,Sudoeste,-23.717,-47.4142,19.23,25.38,15.55,81.51,16.29,7.8,15.74,4.17,2.87
2024-01-26,Piedade,Sudoeste,-23.717,-47.4142,19.8,26.34,15.43,78.16,19.64,9.21,15.5,1.42,3.09
2024-01-27,Piedade,Sudoeste,-23.717,-47.4142,21.95,28.43,16.1,75.73,23.58,10.88,16.72,2.33,1.64
2024-01-28,Piedade,Sudoeste,-23.717,-47.4142,23.63,29.68,17.26,71.28,16.79,7.95,17.22,3.84,1.49
2024-01-29,Piedade,Sudoeste,-23.717,-47.4142,24.47,32.04,17.75,67.65,18.24,8.55,16.81,0.85,1.61
2024-01-30,Piedade,Sudoeste,-23.717,-47.4142,25.85,32.74,19.72,61.36,26.06,11.9,16.8,0.71,1.29
2024-01-31,Piedade,Sudoeste,-23.717,-47.4142,25.29,31.38,20.28,69.21,16.74,7.82,18.3,8.59,1.02
2024-02-01,Piedade,Sudoeste,-23.717,-47.4142,23.51,30.22,18.11,72.24,21.97,10.17,17.48,2.83,1.73
2024-02-02,Piedade,Sudoeste,-23.717,-47.4142,23.27,30.07,18.11,77.05,15.49,7.41,18.38,8.28,1.83
2024-02-03,Piedade,Sudoeste,-23.717,-47.4142,24.14,30.32,18.36,73.69,17.6,8.22,18.47,1.76,1.44
2024-02-04,Piedade,Sudoeste,-23.717,-47.4142,24.45,30.62,20.13,71.59,16.73,7.92,18.44,5.11,1.1
2024-02-05,Piedade,Sudoeste,-23.717,-47.4142,24.93,32.43,18.95,65.54,26.42,12.21,17.15,0.13,1.45
2024-02-06,Piedade,Sudoeste,-23.717,-47.4142,25.11,32.76,18.44,69.56,24.34,11.2,18.14,0.06,1.49
2024-02-07,Piedade,Sudoeste,-23.717,-47.4142,25.54,33.1,18.6,66.29,21.22,9.78,17.39,0.13,1.1
2024-02-08,Piedade,Sudoeste,-23.717,-47.4142,26.23,34.17,19.36,66.19,24.52,11.21,18.02,0.33,1.81
2024-02-09,Piedade,Sudoeste,-23.717,-47.4142,26.06,34.85,18.53,67.04,25.35,11.56,18.01,1.07,2.09
2024-02-10,Piedade,Sudoeste,-23.717,-47.4142,26.49,33.96,21.33,66.6,24.06,11.14,18.71,0.23,2.26
2024-02-11,Piedade,Sudoeste,-23.717,-47.4142,27.11,34.81,19.95,63.78,27.36,12.54,18.18,1.29,1.5
2024-02-12,Piedade,Sudoeste,-23.717,-47.4142,27.31,33.91,21.76,64.57,22.94,10.72,19.22,0.69,2.63
2024-02-13,Piedade,Sudoeste,-23.717,-47.4142,27.7,34.24,22.2,63.09,24.25,11.34,19.22,7.85,1.81
2024-02-14,Piedade,Sudoeste,-23.717,-47.4142,23.37,26.24,20.07,86.54,9.89,5.01,20.92,15.63,1.72
2024-02-15,Piedade,Sudoeste,-23.717,-47.4142,21.71,26.09,19.1,85.0,9.84,5.06,18.93,4.02,2.17
2024-02-16,Piedade,Sudoeste,-23.717,-47.4142,23.16,30.07,18.31,76.94,15.83,7.58,18.39,0.49,1.57
2024-02-17,Piedade,Sudoeste,-23.717,-47.4142,23.65,30.89,18.92,78.32,16.3,7.83,19.22,3.4,1.39
2024-02-18,Piedade,Sudoeste,-23.717,-47.4142,23.59,29.01,18.91,78.26,19.0,9.01,19.09,9.19,1.36
2024-02-19,Piedade,Sudoeste,-23.717,-47.4142,23.9,29.85,19.06,77.28,24.73,11.45,19.05,4.32,1.11
2024-02-20,Piedade,Sudoeste,-23.717,-47.4142,23.6,29.61,18.7,78.65,13.01,6.3,19.11,8.64,1.38
2024-02-21,Piedade,Sudoeste,-23.717,-47.4142,23.18,28.82,19.24,82.82,16.12,7.75,19.73,16.09,1.52
2024-02-22,Piedade,Sudoeste,-23.717,-47.4142,24.38,30.07,18.79,77.12,21.33,9.99,19.63,2.18,1.43
2024-02-23,Piedade,Sudoeste,-23.717,-47.4142,26.31,32.55,20.3,73.17,22.4,10.45,20.46,3.85,1.12
2024-02-24,Piedade,Sudoeste,-23.717,-47.4142,25.71,30.08,21.89,78.55,13.99,6.76,21.39,10.12,1.16
2024-02-25,Piedade,Sudoeste,-23.717,-47.4142,25.04,30.33,21.25,81.36,20.82,9.84,21.3,3.14,2.21
2024-02-26,Piedade,Sudoeste,-23.717,-47.4142,24.59,30.82,20.54,80.07,18.18,8.67,20.59,1.02,2.37
2024-02-27,Piedade,Sudoeste,-23.717,-47.4142,26.23,32.64,19.87,73.37,21.13,9.84,20.51,0.48,1.43
2024-02-28,Piedade,Sudoeste,-23.717,-47.4142,26.94,33.04,21.92,75.31,18.31,8.71,21.69,1.65,1.59
2024-02-29,Piedade,Sudoeste,-23.717,-47.4142,25.65,30.99,21.77,78.65,22.13,10.41,21.24,3.83,1.37
2024-03-01,Piedade,Sudoeste,-23.717,-47.4142,24.8,29.69,21.28,80.96,19.39,9.12,21.0,2.86,2.14
2024-03-02,Piedade,Sudoeste,-23.717,-47.4142,23.59,30.52,18.29,72.2,27.03,12.33,17.49,0.37,2.56
2024-03-03,Piedade,Sudoeste,-23.717,-47.4142,23.74,32.7,16.14,68.76,26.73,12.01,15.92,0.07,1.63
2024-03-04,Piedade,Sudoeste,-23.717,-47.4142,25.62,34.58,18.15,70.49,25.01,11.43,18.31,1.39,1.62
2024-03-05,Piedade,Sudoeste,-23.717,-47.4142,25.93,34.28,20.11,73.1,20.2,9.36,19.52,6.02,1.92
2024-03-06,Piedade,Sudoeste,-23.717,-47.4142,24.21,30.32,20.45,80.79,18.06,8.54,20.32,12.41,2.22
2024-03-07,Piedade,Sudoeste,-23.717,-47.4142,24.24,30.8,19.47,77.92,20.22,9.46,19.7,0.85,2.3
2024-03-08,Piedade,Sudoeste,-23.717,-47.4142,24.35,29.6,20.17,81.09,16.75,8.05,20.61,16.44,1.29
2024-03-09,Piedade,Sudoeste,-23.717,-47.4142,25.64,31.13,21.25,80.6,15.89,7.6,21.68,4.21,1.75
2024-03-10,Piedade,Sudoeste,-23.717,-47.4142,25.08,30.25,20.9,81.95,13.74,6.66,21.51,4.01,2.08
2024-03-11,Piedade,Sudoeste,-23.717,-47.4142,23.09,29.64,18.05,77.37,25.88,11.72,18.32,0.45,2.44
2024-03-12,Piedade,Sudoeste,-23.717,-47.4142,22.08,30.66,15.4,75.01,25.02,11.17,16.56,2.44,1.92
2024-03-13,Piedade,Sudoeste,-23.717,-47.4142,23.7,32.42,16.63,75.11,23.98,10.77,17.97,1.68,1.4
2024-03-14,Piedade,Sudoeste,-23.717,-47.4142,26.14,34.26,19.08,71.29,23.92,10.93,19.46,0.01,1.14
2024-03-15,Piedade,Sudoeste,-23.717,-47.4142,27.55,34.85,20.63,67.92,23.27,10.78,20.07,0.01,1.28
2024-03-16,Piedade,Sudoeste,-23.717,-47.4142,29.23,35.81,22.82,58.64,22.07,10.19,19.53,0.1,1.61
2024-03-17,Piedade,Sudoeste,-23.717,-47.4142,28.49,35.24,22.71,65.21,19.15,8.92,20.52,2.36,1.62
2024-03-18,Piedade,Sudoeste,-23.717,-47.4142,26.27,30.53,23.32,78.07,17.5,8.27,21.78,4.1,1.02
2024-03-19,Piedade,Sudoeste,-23.717,-47.4142,25.77,30.62,22.36,81.21,19.49,9.16,21.96,4.09,1.35
2024-03-20,Piedade,Sudoeste,-23.717,-47.4142,26.78,32.92,21.37,72.47,18.74,8.81,20.75,0.97,0.93
2024-03-21,Piedade,Sudoeste,-23.717,-47.4142,27.46,34.34,21.87,70.78,21.02,9.85,20.94,2.88,2.06
2024-03-22,Piedade,Sudoeste,-23.717,-47.4142,21.39,24.5,17.93,84.9,8.3,4.21,18.63,6.1,4.21
2024-03-23,Piedade,Sudoeste,-23.717,-47.4142,19.24,22.51,17.43,83.32,7.58,3.84,16.2,7.07,3.95
2024-03-24,Piedade,Sudoeste,-23.717,-47.4142,21.02,27.25,16.93,82.95,9.7,4.71,17.71,2.82,1.93
2024-03-25,Piedade,Sudoeste,-23.717,-47.4142,22.72,29.55,17.07,77.48,19.52,8.99,17.97,0.15,1.49
2024-03-26,Piedade,Sudoeste,-23.717,-47.4142,22.36,29.09,17.7,76.69,15.7,7.33,17.54,0.41,2.67
2024-03-27,Piedade,Sudoeste,-23.717,-47.4142,20.71,24.78,18.48,83.42,9.26,4.55,17.65,2.26,1.99
2024-03-28,Piedade,Sudoeste,-23.717,-47.4142,21.24,26.28,17.91,84.19,10.3,4.96,18.18,5.19,1.29
2024-03-29,Piedade,Sudoeste,-23.717,-47.4142,22.96,29.59,17.88,79.4,13.87,6.43,18.65,0.79,1.18
2024-03-30,Piedade,Sudoeste,-23.717,-47.4142,23.57,30.79,18.29,73.81,22.03,10.09,17.72,0.06,1.44
2024-03-31,Piedade,Sudoeste,-23.717,-47.4142,23.38,31.03,17.45,69.19,23.01,10.5,16.18,0.01,1.24
2024-04-01,Piedade,Sudoeste,-23.717,-47.4142,23.14,31.4,17.17,69.36,20.86,9.63,15.96,0.07,1.37
2024-04-02,Piedade,Sudoeste,-23.717,-47.4142,24.92,32.22,18.68,67.61,15.72,7.38,17.48,0.08,1.08
2024-04-03,Piedade,Sudoeste,-23.717,-47.4142,25.31,32.91,19.38,68.13,20.73,9.35,18.04,0.0,1.19
2024-04-04,Piedade,Sudoeste,-23.717,-47.4142,25.58,34.44,18.9,67.81,22.19,10.14,17.74,0.02,1.47
2024-04-05,Piedade,Sudoeste,-23.717,-47.4142,25.05,34.19,18.26,66.12,22.29,10.11,16.38,0.07,1.42
2024-04-06,Piedade,Sudoeste,-23.717,-47.4142,22.47,29.33,18.5,77.17,15.82,7.4,17.77,2.83,2.87
2024-04-07,Piedade,Sudoeste,-23.717,-47.4142,23.65,31.63,17.51,72.32,17.79,8.24,17.5,0.18,1.5
2024-04-08,Piedade,Sudoeste,-23.717,-47.4142,24.46,31.12,19.87,70.6,7.22,3.55,18.0,3.32,1.54
2024-04-09,Piedade,Sudoeste,-23.717,-47.4142,23.79,29.3,19.53,74.59,16.93,7.88,18.61,4.16,1.34
2024-04-10,Piedade,Sudoeste,-23.717,-47.4142,24.12,31.31,18.59,72.12,18.75,8.64,17.74,0.1,1.11
2024-04-11,Piedade,Sudoeste,-23.717,-47.4142,23.66,31.01,19.51,75.65,15.61,7.17,18.31,0.44,2.06
2024-04-12,Piedade,Sudoeste,-23.717,-47.4142,23.28,30.69,18.55,74.07,17.13,7.98,17.77,0.06,2.39
2024-04-13,Piedade,Sudoeste,-23.717,-47.4142,24.21,30.73,19.07,72.0,16.68,7.77,18.15,0.22,1.42
2024-04-14,Piedade,Sudoeste,-23.717,-47.4142,22.4,25.12,20.22,81.35,7.81,3.86,18.9,1.81,1.27
2024-04-15,Piedade,Sudoeste,-23.717,-47.4142,23.35,29.13,19.74,78.61,10.83,5.29,18.88,3.99,1.66
2024-04-16,Piedade,Sudoeste,-23.717,-47.4142,23.73,29.49,20.03,77.81,15.38,7.27,19.29,10.82,1.37
2024-04-17,Piedade,Sudoeste,-23.717,-47.4142,23.6,29.47,19.78,80.38,11.32,5.44,19.69,2.46,1.68
2024-04-18,Piedade,Sudoeste,-23.717,-47.4142,19.94,26.11,15.49,78.97,9.45,4.4,15.79,0.89,2.9
2024-04-19,Piedade,Sudoeste,-23.717,-47.4142,17.88,26.27,11.83,70.32,20.48,9.07,11.11,0.0,2.43
2024-04-20,Piedade,Sudoeste,-23.717,-47.4142,20.13,29.11,13.49,73.36,19.38,8.67,14.2,0.11,1.58
2024-04-21,Piedade,Sudoeste,-23.717,-47.4142,20.88,29.64,14.14,68.87,20.67,9.14,13.38,0.41,1.03
2024-04-22,Piedade,Sudoeste,-23.717,-47.4142,21.34,29.66,14.0,61.75,20.55,9.04,12.14,0.17,1.2
2024-04-23,Piedade,Sudoeste,-23.717,-47.4142,23.15,31.11,15.43,52.96,17.76,8.15,12.18,0.02,1.38
2024-04-24,Piedade,Sudoeste,-23.717,-47.4142,23.69,31.85,16.59,61.65,17.51,8.05,14.86,0.07,1.51
2024-04-25,Piedade,Sudoeste,-23.717,-47.4142,23.88,31.44,18.88,74.45,13.78,6.4,18.09,0.42,1.65
2024-04-26,Piedade,Sudoeste,-23.717,-47.4142,24.11,31.95,18.44,71.27,17.43,8.0,17.62,0.06,1.37
2024-04-27,Piedade,Sudoeste,-23.717,-47.4142,24.46,32.41,17.94,65.36,18.11,8.24,16.46,0.0,1.83
2024-04-28,Piedade,Sudoeste,-23.717,-47.4142,25.13,32.18,18.0,62.75,16.66,7.65,16.49,0.03,1.49
2024-04-29,Piedade,Sudoeste,-23.717,-47.4142,25.06,33.02,18.1,62.56,17.86,8.1,16.22,0.03,1.4
2024-04-30,Piedade,Sudoeste,-23.717,-47.4142,25.14,32.57,17.76,54.83,17.9,8.1,14.53,0.0,1.34
2024-05-01,Piedade,Sudoeste,-23.717,-47.4142,24.59,32.7,17.18,52.92,18.22,8.16,13.3,0.0,1.65
2024-05-02,Piedade,Sudoeste,-23.717,-47.4142,24.37,33.13,16.97,53.53,18.66,8.43,13.2,0.01,2.21
2024-05-03,Piedade,Sudoeste,-23.717,-47.4142,24.8,32.47,18.47,54.26,17.04,7.72,14.1,0.03,1.16
2024-05-04,Piedade,Sudoeste,-23.717,-47.4142,25.01,32.99,17.44,53.87,18.16,8.2,13.87,0.0,1.5
2024-05-05,Piedade,Sudoeste,-23.717,-47.4142,23.96,32.49,16.53,50.54,18.77,8.31,11.21,0.01,1.47
2024-05-06,Piedade,Sudoeste,-23.717,-47.4142,23.48,32.5,16.18,55.67,18.75,8.41,12.88,0.02,1.89
2024-05-07,Piedade,Sudoeste,-23.717,-47.4142,24.14,32.54,16.5,53.95,18.14,8.22,13.29,0.08,1.49
2024-05-08,Piedade,Sudoeste,-23.717,-47.4142,24.14,31.92,18.16,59.65,17.29,7.88,14.97,0.02,2.25
2024-05-09,Piedade,Sudoeste,-23.717,-47.4142,23.82,31.77,16.87,61.72,14.72,6.73,14.78,0.18,1.45
2024-05-10,Piedade,Sudoeste,-23.717,-47.4142,24.13,31.03,18.34,64.74,15.94,7.25,15.8,0.18,1.53
2024-05-11,Piedade,Sudoeste,-23.717,-47.4142,23.43,31.37,17.16,53.42,16.17,7.25,12.4,0.0,1.75
2024-05-12,Piedade,Sudoeste,-23.717,-47.4142,22.94,31.61,15.74,51.81,17.5,7.83,11.29,0.01,2.15
2024-05-13,Piedade,Sudoeste,-23.717,-47.4142,22.89,31.48,16.22,49.49,17.28,7.78,10.64,0.05,2.64
2024-05-14,Piedade,Sudoeste,-23.717,-47.4142,20.71,27.03,17.09,75.97,8.03,3.79,16.04,2.82,1.71
2024-05-15,Piedade,Sudoeste,-23.717,-47.4142,18.8,23.8,15.7,79.99,6.57,3.18,14.99,1.13,1.77
2024-05-16,Piedade,Sudoeste,-23.717,-47.4142,21.88,29.67,15.35,69.32,14.89,6.85,15.36,0.05,1.73
2024-05-17,Piedade,Sudoeste,-23.717,-47.4142,23.89,31.95,16.91,53.69,16.84,7.62,12.9,0.01,1.96
2024-05-18,Piedade,Sudoeste,-23.717,-47.4142,23.29,31.52,17.84,58.66,15.49,7.01,13.61,0.24,1.4
2024-05-19,Piedade,Sudoeste,-23.717,-47.4142,21.85,28.76,17.09,78.32,12.03,5.56,17.3,3.72,1.22
2024-05-20,Piedade,Sudoeste,-23.717,-47.4142,21.56,28.69,16.64,75.86,12.63,5.77,16.46,0.49,1.46
2024-05-21,Piedade,Sudoeste,-23.717,-47.4142,20.79,29.57,14.4,71.25,14.39,6.57,14.58,0.08,1.64
2024-05-22,Piedade,Sudoeste,-23.717,-47.4142,22.15,30.04,15.43,65.6,15.75,7.12,14.27,0.05,1.82
2024-05-23,Piedade,Sudoeste,-23.717,-47.4142,21.64,29.87,15.46,54.86,16.81,7.47,11.01,0.0,1.91
2024-05-24,Piedade,Sudoeste,-23.717,-47.4142,20.59,29.78,15.72,60.32,6.3,3.01,11.83,3.76,2.64
2024-05-25,Piedade,Sudoeste,-23.717,-47.4142,17.28,22.8,14.01,85.79,7.43,3.54,14.68,5.27,1.79
2024-05-26,Piedade,Sudoeste,-23.717,-47.4142,15.16,18.78,13.28,91.08,6.0,2.94,13.68,23.36,2.44
2024-05-27,Piedade,Sudoeste,-23.717,-47.4142,17.13,22.62,13.19,88.97,6.02,2.94,15.17,3.34,1.64
2024-05-28,Piedade,Sudoeste,-23.717,-47.4142,15.97,22.41,9.63,79.33,8.99,4.16,12.07,4.0,2.53
2024-05-29,Piedade,Sudoeste,-23.717,-47.4142,12.49,20.4,6.88,73.83,16.45,7.16,6.93,0.13,1.12
2024-05-30,Piedade,Sudoeste,-23.717,-47.4142,13.54,21.11,8.88,78.65,15.51,6.79,9.15,0.23,1.89
2024-05-31,Piedade,Sudoeste,-23.717,-47.4142,14.98,22.58,10.51,78.49,16.31,7.21,10.48,0.08,2.35
2024-06-01,Piedade,Sudoeste,-23.717,-47.4142,16.84,24.97,10.54,71.3,16.47,7.27,10.73,0.05,1.52
2024-06-02,Piedade,Sudoeste,-23.717,-47.4142,18.09,25.87,10.53,61.87,15.68,6.98,9.96,0.0,1.48
2024-06-03,Piedade,Sudoeste,-23.717,-47.4142,19.24,26.69,13.15,66.42,11.78,5.37,12.04,0.01,1.38
2024-06-04,Piedade,Sudoeste,-23.717,-47.4142,17.02,23.16,13.71,81.53,11.95,5.47,13.45,1.05,2.8
2024-06-05,Piedade,Sudoeste,-23.717,-47.4142,18.0,26.08,12.41,75.56,15.17,6.85,12.84,0.32,1.27
2024-06-06,Piedade,Sudoeste,-23.717,-47.4142,18.86,27.24,12.32,68.15,15.02,6.73,11.62,0.08,1.02
2024-06-07,Piedade,Sudoeste,-23.717,-47.4142,19.59,27.94,12.98,63.98,15.58,6.99,11.43,0.01,1.17
2024-06-08,Piedade,Sudoeste,-23.717,-47.4142,20.34,28.33,13.15,61.49,15.3,6.86,11.79,0.04,1.09
2024-06-09,Piedade,Sudoeste,-23.717,-47.4142,19.96,28.5,13.25,64.23,15.43,6.86,12.16,0.02,1.81
2024-06-10,Piedade,Sudoeste,-23.717,-47.4142,20.44,28.78,12.45,60.78,15.55,6.92,11.61,0.02,1.79
2024-06-11,Piedade,Sudoeste,-23.717,-47.4142,20.55,28.86,14.06,60.14,15.72,6.92,11.29,0.06,0.88
2024-06-12,Piedade,Sudoeste,-23.717,-47.4142,19.48,27.91,12.47,64.16,15.7,6.89,10.99,0.04,1.39
2024-06-13,Piedade,Sudoeste,-23.717,-47.4142,18.78,28.01,11.76,53.59,16.03,6.97,7.89,0.02,1.97
2024-06-14,Piedade,Sudoeste,-23.717,-47.4142,18.9,28.11,11.42,55.56,15.22,6.67,8.83,0.0,2.29
2024-06-15,Piedade,Sudoeste,-23.717,-47.4142,20.23,28.63,12.51,58.69,15.48,6.93,11.14,0.01,1.98
2024-06-16,Piedade,Sudoeste,-23.717,-47.4142,20.4,28.42,13.19,61.81,14.25,6.39,12.04,0.06,1.68
2024-06-17,Piedade,Sudoeste,-23.717,-47.4142,19.06,28.39,11.65,57.65,15.4,6.9,9.46,0.0,2.1
2024-06-18,Piedade,Sudoeste,-23.717,-47.4142,18.37,27.59,10.22,51.59,15.91,6.93,7.1,0.05,2.06
2024-06-19,Piedade,Sudoeste,-23.717,-47.4142,19.59,28.49,10.62,50.75,15.65,6.86,7.76,0.07,1.77
2024-06-20,Piedade,Sudoeste,-23.717,-47.4142,19.5,28.2,11.62,51.78,15.37,6.78,8.04,0.08,1.19
2024-06-21,Piedade,Sudoeste,-23.717,-47.4142,18.62,27.86,11.11,60.32,15.66,6.88,8.76,0.05,1.42
2024-06-22,Piedade,Sudoeste,-23.717,-47.4142,19.86,27.26,13.08,56.14,14.1,6.33,10.11,0.0,1.92
2024-06-23,Piedade,Sudoeste,-23.717,-47.4142,20.74,29.09,13.63,55.91,13.2,6.0,10.86,0.02,2.09
2024-06-24,Piedade,Sudoeste,-23.717,-47.4142,20.99,29.77,14.08,59.2,14.63,6.61,11.73,0.23,2.13
2024-06-25,Piedade,Sudoeste,-23.717,-47.4142,17.95,23.01,15.02,83.89,9.11,4.22,14.98,1.72,2.2
2024-06-26,Piedade,Sudoeste,-23.717,-47.4142,20.34,29.39,13.55,69.93,14.23,6.39,13.59,0.03,2.28
2024-06-27,Piedade,Sudoeste,-23.717,-47.4142,19.74,26.88,14.57,67.85,10.88,4.89,12.83,0.1,1.79
2024-06-28,Piedade,Sudoeste,-23.717,-47.4142,19.86,28.49,12.5,60.28,10.67,4.73,10.79,0.01,2.42
2024-06-29,Piedade,Sudoeste,-23.717,-47.4142,18.9,27.44,13.49,73.53,10.38,4.59,13.31,4.95,1.95
2024-06-30,Piedade,Sudoeste,-23.717,-47.4142,15.57,21.48,11.36,76.35,9.22,4.2,10.83,0.75,1.86
2024-07-01,Piedade,Sudoeste,-23.717,-47.4142,15.57,25.04,9.96,67.59,8.19,3.74,8.31,0.08,1.46
2024-07-02,Piedade,Sudoeste,-23.717,-47.4142,17.18,26.22,8.58,59.8,15.48,6.75,7.56,0.14,1.33
2024-07-03,Piedade,Sudoeste,-23.717,-47.4142,19.08,27.12,11.47,55.78,15.18,6.76,9.25,0.05,1.48
2024-07-04,Piedade,Sudoeste,-23.717,-47.4142,20.58,27.98,14.21,52.83,9.21,4.2,9.81,0.02,1.15
2024-07-05,Piedade,Sudoeste,-23.717,-47.4142,19.94,27.62,12.85,51.45,11.58,5.12,8.69,0.07,1.56
2024-07-06,Piedade,Sudoeste,-23.717,-47.4142,18.0,25.74,13.82,73.33,13.41,5.98,12.43,0.23,2.06
2024-07-07,Piedade,Sudoeste,-23.717,-47.4142,19.0,27.9,12.5,69.37,14.64,6.52,12.02,0.07,1.67
2024-07-08,Piedade,Sudoeste,-23.717,-47.4142,15.71,20.96,12.33,83.17,7.53,3.51,12.64,5.53,2.08
2024-07-09,Piedade,Sudoeste,-23.717,-47.4142,15.37,20.61,12.87,90.32,2.16,1.16,13.71,27.5,1.45
2024-07-10,Piedade,Sudoeste,-23.717,-47.4142,15.72,20.46,12.49,87.3,7.55,3.58,13.5,3.58,1.5
2024-07-11,Piedade,Sudoeste,-23.717,-47.4142,18.99,26.71,14.19,78.99,11.35,5.22,14.82,0.43,1.45
2024-07-12,Piedade,Sudoeste,-23.717,-47.4142,16.55,19.83,13.81,89.72,9.15,4.19,14.82,0.82,2.59
2024-07-13,Piedade,Sudoeste,-23.717,-47.4142,15.4,21.01,12.31,82.81,7.75,3.63,12.32,0.42,2.58
2024-07-14,Piedade,Sudoeste,-23.717,-47.4142,17.5,25.88,11.76,76.43,14.58,6.56,12.59,0.09,2.06
2024-07-15,Piedade,Sudoeste,-23.717,-47.4142,16.59,22.71,12.43,82.51,12.48,5.69,13.27,0.16,1.69
2024-07-16,Piedade,Sudoeste,-23.717,-47.4142,17.88,25.1,13.0,79.79,14.34,6.49,13.73,0.08,1.45
2024-07-17,Piedade,Sudoeste,-23.717,-47.4142,18.71,26.03,12.81,69.08,15.81,7.07,12.0,0.06,1.17
2024-07-18,Piedade,Sudoeste,-23.717,-47.4142,18.38,26.26,13.17,66.54,15.65,6.89,11.19,0.04,1.29
2024-07-19,Piedade,Sudoeste,-23.717,-47.4142,16.41,25.64,10.25,70.74,17.0,7.4,9.63,0.04,1.28
2024-07-20,Piedade,Sudoeste,-23.717,-47.4142,15.35,25.74,8.5,68.91,17.3,7.43,7.78,0.05,1.73
2024-07-21,Piedade,Sudoeste,-23.717,-47.4142,16.41,26.41,9.83,69.26,16.96,7.4,9.36,0.05,1.46
2024-07-22,Piedade,Sudoeste,-23.717,-47.4142,17.69,27.7,10.67,60.54,17.06,7.39,8.59,0.04,1.35
2024-07-23,Piedade,Sudoeste,-23.717,-47.4142,17.08,27.47,9.15,59.42,17.33,7.49,7.22,0.0,1.36
2024-07-24,Piedade,Sudoeste,-23.717,-47.4142,17.87,28.04,10.06,56.04,16.69,7.26,7.4,0.02,1.42
2024-07-25,Piedade,Sudoeste,-23.717,-47.4142,18.74,26.9,10.49,52.38,17.01,7.4,7.62,0.02,1.43
2024-07-26,Piedade,Sudoeste,-23.717,-47.4142,19.74,27.45,13.36,49.07,14.77,6.54,8.02,0.01,1.0
2024-07-27,Piedade,Sudoeste,-23.717,-47.4142,19.82,26.74,13.66,49.92,11.41,5.1,8.26,0.01,1.01
2024-07-28,Piedade,Sudoeste,-23.717,-47.4142,20.72,29.65,12.82,51.45,16.34,7.21,9.32,0.12,1.48
2024-07-29,Piedade,Sudoeste,-23.717,-47.4142,19.64,28.29,13.9,60.87,12.55,5.65,10.74,0.89,2.4
2024-07-30,Piedade,Sudoeste,-23.717,-47.4142,14.95,19.63,12.51,84.81,6.14,2.94,12.22,3.98,3.16
2024-07-31,Piedade,Sudoeste,-23.717,-47.4142,17.76,26.51,12.36,75.09,16.84,7.52,12.34,0.34,1.95
2024-08-01,Piedade,Sudoeste,-23.717,-47.4142,18.77,27.94,12.48,70.29,16.93,7.56,11.77,0.02,1.37
2024-08-02,Piedade,Sudoeste,-23.717,-47.4142,19.19,28.02,11.4,64.02,17.51,7.8,10.86,0.03,1.73
2024-08-03,Piedade,Sudoeste,-23.717,-47.4142,20.19,28.71,13.26,55.33,17.11,7.67,10.07,0.01,2.3
2024-08-04,Piedade,Sudoeste,-23.717,-47.4142,21.06,28.54,13.85,55.92,16.48,7.44,11.5,0.03,2.09
2024-08-05,Piedade,Sudoeste,-23.717,-47.4142,21.98,29.78,14.57,54.91,16.95,7.63,11.56,0.0,1.79
2024-08-06,Piedade,Sudoeste,-23.717,-47.4142,21.98,30.11,14.11,51.0,17.1,7.61,10.23,0.03,1.5
2024-08-07,Piedade,Sudoeste,-23.717,-47.4142,21.93,29.94,14.99,49.37,16.31,7.33,10.0,0.01,2.43
2024-08-08,Piedade,Sudoeste,-23.717,-47.4142,22.26,31.41,14.61,49.25,14.28,6.34,9.96,0.03,2.15
2024-08-09,Piedade,Sudoeste,-23.717,-47.4142,17.55,20.04,14.61,85.09,1.67,0.89,14.96,18.96,1.57
2024-08-10,Piedade,Sudoeste,-23.717,-47.4142,12.31,16.86,7.21,81.65,12.16,5.46,8.97,6.1,1.75
2024-08-11,Piedade,Sudoeste,-23.717,-47.4142,12.49,21.15,6.03,66.34,17.79,7.62,5.13,0.06,1.38
2024-08-12,Piedade,Sudoeste,-23.717,-47.4142,12.54,21.79,5.75,58.07,19.81,8.49,2.67,0.03,2.02
2024-08-13,Piedade,Sudoeste,-23.717,-47.4142,11.13,19.51,4.77,71.36,18.17,7.91,5.25,0.07,2.49
2024-08-14,Piedade,Sudoeste,-23.717,-47.4142,13.62,22.81,6.48,66.16,17.83,7.67,6.11,0.03,1.42
2024-08-15,Piedade,Sudoeste,-23.717,-47.4142,19.76,29.5,9.23,46.58,19.56,8.53,5.76,0.01,1.34
2024-08-16,Piedade,Sudoeste,-23.717,-47.4142,23.3,31.43,15.97,33.65,18.98,8.18,5.63,0.01,1.02
2024-08-17,Piedade,Sudoeste,-23.717,-47.4142,22.84,32.01,13.02,39.94,18.12,7.7,7.16,0.0,1.05
2024-08-18,Piedade,Sudoeste,-23.717,-47.4142,23.42,32.94,14.01,39.26,18.18,7.66,7.26,0.02,1.11
2024-08-19,Piedade,Sudoeste,-23.717,-47.4142,23.22,32.57,13.33,39.39,19.66,8.52,7.31,0.01,1.38
2024-08-20,Piedade,Sudoeste,-23.717,-47.4142,23.85,32.97,16.28,45.14,18.94,8.16,9.28,0.01,1.71
2024-08-21,Piedade,Sudoeste,-23.717,-47.4142,21.74,31.43,14.44,59.55,19.26,8.42,11.29,0.01,2.01
2024-08-22,Piedade,Sudoeste,-23.717,-47.4142,21.94,32.57,13.63,43.52,20.18,8.74,7.46,0.0,2.37
2024-08-23,Piedade,Sudoeste,-23.717,-47.4142,22.57,33.45,13.53,43.78,19.4,8.41,8.0,0.1,2.94
2024-08-24,Piedade,Sudoeste,-23.717,-47.4142,18.06,26.9,13.18,76.01,7.75,3.52,13.24,6.06,2.83
2024-08-25,Piedade,Sudoeste,-23.717,-47.4142,13.83,20.83,7.77,74.3,5.41,2.68,8.65,2.16,2.38
2024-08-26,Piedade,Sudoeste,-23.717,-47.4142,11.1,20.1,4.91,63.43,22.16,9.48,2.7,0.06,2.25
2024-08-27,Piedade,Sudoeste,-23.717,-47.4142,11.92,23.71,2.7,61.59,22.78,9.69,2.25,0.02,2.57
2024-08-28,Piedade,Sudoeste,-23.717,-47.4142,16.22,28.03,7.89,67.39,21.14,9.26,8.64,0.05,2.18
2024-08-29,Piedade,Sudoeste,-23.717,-47.4142,19.43,30.37,10.95,67.08,20.59,9.17,11.61,0.09,1.43
2024-08-30,Piedade,Sudoeste,-23.717,-47.4142,22.17,31.74,14.25,53.2,21.38,9.4,10.52,0.01,1.21
2024-08-31,Piedade,Sudoeste,-23.717,-47.4142,21.76,32.31,13.27,50.29,21.84,9.58,9.02,0.01,1.19
2024-09-01,Piedade,Sudoeste,-23.717,-47.4142,22.53,33.13,13.56,47.31,20.74,8.92,8.83,0.0,2.02
2024-09-02,Piedade,Sudoeste,-23.717,-47.4142,22.32,31.6,15.74,57.61,12.69,5.02,12.6,0.04,1.79
2024-09-03,Piedade,Sudoeste,-23.717,-47.4142,23.0,33.5,14.71,55.62,16.81,6.88,11.44,0.02,1.52
2024-09-04,Piedade,Sudoeste,-23.717,-47.4142,24.99,35.05,16.6,38.7,19.59,8.25,7.58,0.0,1.49
2024-09-05,Piedade,Sudoeste,-23.717,-47.4142,21.82,31.36,13.77,49.61,16.86,7.08,9.44,0.19,2.48
2024-09-06,Piedade,Sudoeste,-23.717,-47.4142,18.68,27.52,12.94,72.71,14.21,6.01,12.92,0.31,2.96
2024-09-07,Piedade,Sudoeste,-23.717,-47.4142,23.46,34.47,14.13,59.77,14.09,5.57,12.98,0.03,1.18
2024-09-08,Piedade,Sudoeste,-23.717,-47.4142,25.5,35.32,17.97,50.68,12.37,4.6,12.81,0.01,1.32
2024-09-09,Piedade,Sudoeste,-23.717,-47.4142,24.83,34.4,17.77,45.46,18.56,7.68,10.73,0.02,1.22
2024-09-10,Piedade,Sudoeste,-23.717,-47.4142,24.47,33.61,16.28,39.83,16.3,7.01,8.58,0.08,1.49
2024-09-11,Piedade,Sudoeste,-23.717,-47.4142,25.39,34.72,17.48,35.47,17.38,7.51,7.58,0.04,2.04
2024-09-12,Piedade,Sudoeste,-23.717,-47.4142,24.88,35.17,15.63,31.83,22.72,9.79,5.45,0.01,2.36
2024-09-13,Piedade,Sudoeste,-23.717,-47.4142,24.45,34.54,15.37,33.79,20.46,8.73,6.27,0.0,2.18
2024-09-14,Piedade,Sudoeste,-23.717,-47.4142,25.26,35.24,17.57,40.08,14.26,6.25,8.99,0.07,2.65
2024-09-15,Piedade,Sudoeste,-23.717,-47.4142,19.83,26.25,16.49,77.19,9.35,4.14,15.34,4.41,3.76
2024-09-16,Piedade,Sudoeste,-23.717,-47.4142,16.97,20.14,14.3,87.3,5.08,2.5,14.79,10.29,2.84
2024-09-17,Piedade,Sudoeste,-23.717,-47.4142,16.96,23.87,13.01,75.42,18.37,8.19,11.91,0.59,3.88
2024-09-18,Piedade,Sudoeste,-23.717,-47.4142,18.6,25.98,12.79,74.78,11.7,5.35,13.47,0.24,2.37
2024-09-19,Piedade,Sudoeste,-23.717,-47.4142,20.32,29.53,14.06,74.26,14.84,6.46,14.64,2.89,1.99
2024-09-20,Piedade,Sudoeste,-23.717,-47.4142,24.31,35.65,16.08,68.0,18.68,8.26,16.12,6.26,2.71
2024-09-21,Piedade,Sudoeste,-23.717,-47.4142,23.51,31.87,17.23,68.57,11.03,5.0,16.19,0.6,1.36
2024-09-22,Piedade,Sudoeste,-23.717,-47.4142,24.22,33.88,16.29,60.96,21.5,9.33,14.29,0.02,1.24
2024-09-23,Piedade,Sudoeste,-23.717,-47.4142,25.01,35.13,16.97,53.42,22.53,9.65,12.72,0.03,1.44
2024-09-24,Piedade,Sudoeste,-23.717,-47.4142,25.03,35.33,16.36,51.08,22.94,9.92,12.36,0.01,1.62
2024-09-25,Piedade,Sudoeste,-23.717,-47.4142,26.45,36.31,17.43,48.64,23.74,10.41,12.67,0.02,1.56
2024-09-26,Piedade,Sudoeste,-23.717,-47.4142,27.67,37.34,18.53,40.01,23.92,10.54,11.3,0.03,1.79
2024-09-27,Piedade,Sudoeste,-23.717,-47.4142,22.84,30.81,15.38,63.95,10.21,4.54,15.08,1.67,2.69
2024-09-28,Piedade,Sudoeste,-23.717,-47.4142,19.58,28.67,13.87,67.45,22.78,10.11,12.38,0.39,3.53
2024-09-29,Piedade,Sudoeste,-23.717,-47.4142,22.52,34.13,14.04,63.53,24.69,11.05,13.39,0.11,2.36
2024-09-30,Piedade,Sudoeste,-23.717,-47.4142,24.75,34.88,15.81,58.44,24.71,11.11,14.14,0.07,1.98
2024-10-01,Piedade,Sudoeste,-23.717,-47.4142,27.37,36.67,18.97,41.66,23.5,10.45,11.54,0.0,2.13
2024-10-02,Piedade,Sudoeste,-23.717,-47.4142,27.3,38.0,18.3,43.04,20.86,9.17,11.86,0.57,2.67
2024-10-03,Piedade,Sudoeste,-23.717,-47.4142,20.06,26.37,16.46,79.08,12.41,5.2,16.02,5.31,3.84
2024-10-04,Piedade,Sudoeste,-23.717,-47.4142,17.69,22.48,13.91,77.87,13.07,5.68,13.47,2.73,3.82
2024-10-05,Piedade,Sudoeste,-23.717,-47.4142,20.2,30.48,12.89,68.71,24.1,10.7,12.91,0.28,3.01
2024-10-06,Piedade,Sudoeste,-23.717,-47.4142,21.27,32.96,13.01,61.01,25.71,11.18,10.88,0.01,2.47
2024-10-07,Piedade,Sudoeste,-23.717,-47.4142,21.67,32.77,14.59,58.15,23.63,10.42,10.97,0.01,3.15
2024-10-08,Piedade,Sudoeste,-23.717,-47.4142,24.01,36.38,15.32,55.55,17.55,7.42,12.24,0.02,2.63
2024-10-09,Piedade,Sudoeste,-23.717,-47.4142,21.08,29.65,14.9,68.37,8.16,3.35,14.18,0.33,3.55
2024-10-10,Piedade,Sudoeste,-23.717,-47.4142,20.85,25.66,17.15,80.63,10.38,4.58,17.19,7.01,1.8
2024-10-11,Piedade,Sudoeste,-23.717,-47.4142,24.65,32.06,18.32,67.38,8.74,4.11,17.15,3.01,2.66
2024-10-12,Piedade,Sudoeste,-23.717,-47.4142,24.13,32.2,17.99,64.39,18.44,8.33,15.62,2.0,2.42
2024-10-13,Piedade,Sudoeste,-23.717,-47.4142,21.99,31.29,16.27,66.62,24.44,11.04,14.43,0.28,3.57
2024-10-14,Piedade,Sudoeste,-23.717,-47.4142,21.69,31.67,15.9,67.91,20.18,9.25,14.62,0.11,3.51
2024-10-15,Piedade,Sudoeste,-23.717,-47.4142,23.43,33.66,16.1,60.93,23.5,10.56,14.11,0.0,2.34
2024-10-16,Piedade,Sudoeste,-23.717,-47.4142,24.41,31.86,18.18,61.42,21.53,9.76,15.63,0.02,2.05
2024-10-17,Piedade,Sudoeste,-23.717,-47.4142,24.38,33.74,17.58,61.2,25.14,11.29,15.17,0.0,2.55
2024-10-18,Piedade,Sudoeste,-23.717,-47.4142,23.24,32.84,16.92,61.72,19.15,8.63,14.0,0.28,2.51
2024-10-19,Piedade,Sudoeste,-23.717,-47.4142,18.95,24.14,15.29,79.61,5.06,2.59,15.15,13.15,3.1
2024-10-20,Piedade,Sudoeste,-23.717,-47.4142,17.8,21.19,14.9,84.19,7.65,3.8,14.98,13.87,3.06
2024-10-21,Piedade,Sudoeste,-23.717,-47.4142,22.78,30.49,16.93,74.09,14.69,7.03,17.29,0.28,1.83
2024-10-22,Piedade,Sudoeste,-23.717,-47.4142,25.65,32.86,19.42,68.31,20.16,9.46,18.66,0.01,1.59
2024-10-23,Piedade,Sudoeste,-23.717,-47.4142,25.66,31.05,21.18,76.01,11.69,5.71,20.66,17.8,1.36
2024-10-24,Piedade,Sudoeste,-23.717,-47.4142,24.84,29.38,21.34,81.65,16.86,8.0,21.17,20.61,3.02
2024-10-25,Piedade,Sudoeste,-23.717,-47.4142,24.34,29.32,20.96,83.67,11.07,5.37,21.2,3.28,3.86
2024-10-26,Piedade,Sudoeste,-23.717,-47.4142,24.93,31.34,18.3,73.89,17.06,7.99,19.39,0.48,2.27
2024-10-27,Piedade,Sudoeste,-23.717,-47.4142,20.14,27.08,15.79,75.0,13.22,6.4,15.16,4.26,3.6
2024-10-28,Piedade,Sudoeste,-23.717,-47.4142,20.29,26.59,15.52,79.2,12.97,6.29,16.3,3.92,2.42
2024-10-29,Piedade,Sudoeste,-23.717,-47.4142,22.53,31.18,16.47,70.71,20.51,9.36,15.99,0.02,2.48
2024-10-30,Piedade,Sudoeste,-23.717,-47.4142,22.47,31.05,16.31,69.63,25.85,11.67,15.55,0.02,2.8
2024-10-31,Piedade,Sudoeste,-23.717,-47.4142,22.21,30.73,16.17,67.56,25.93,11.62,14.81,0.0,2.75
2024-11-01,Piedade,Sudoeste,-23.717,-47.4142,23.42,31.57,16.54,66.34,23.93,11.04,15.89,0.0,2.2
2024-11-02,Piedade,Sudoeste,-23.717,-47.4142,22.51,26.35,19.76,79.93,12.68,6.12,18.66,27.01,1.82
2024-11-03,Piedade,Sudoeste,-23.717,-47.4142,20.97,23.13,19.31,92.6,9.42,4.74,19.71,19.02,1.23
2024-11-04,Piedade,Sudoeste,-23.717,-47.4142,21.72,25.22,18.74,88.31,6.87,3.56,19.59,8.56,1.67
2024-11-05,Piedade,Sudoeste,-23.717,-47.4142,23.27,28.76,18.22,82.3,17.59,8.28,19.75,6.14,1.04
2024-11-06,Piedade,Sudoeste,-23.717,-47.4142,23.63,28.31,19.93,83.33,12.4,6.11,20.4,11.73,1.19
2024-11-07,Piedade,Sudoeste,-23.717,-47.4142,22.06,25.06,20.19,91.67,10.55,5.33,20.59,22.29,2.33
2024-11-08,Piedade,Sudoeste,-23.717,-47.4142,21.85,25.27,17.72,87.54,11.36,5.66,19.58,12.38,2.49
2024-11-09,Piedade,Sudoeste,-23.717,-47.4142,19.79,25.49,16.15,82.29,16.39,7.75,16.46,2.59,2.62
2024-11-10,Piedade,Sudoeste,-23.717,-47.4142,20.06,27.12,14.33,77.16,28.4,12.81,15.47,0.07,2.22
2024-11-11,Piedade,Sudoeste,-23.717,-47.4142,21.66,29.56,13.34,69.2,30.28,13.4,14.86,0.01,1.36
2024-11-12,Piedade,Sudoeste,-23.717,-47.4142,23.1,31.23,16.53,71.92,25.13,11.4,17.17,1.23,2.11
2024-11-13,Piedade,Sudoeste,-23.717,-47.4142,19.44,25.71,15.03,77.17,12.16,5.87,15.02,2.03,2.91
2024-11-14,Piedade,Sudoeste,-23.717,-47.4142,20.01,27.96,13.95,73.22,22.84,10.43,14.52,0.01,2.73
2024-11-15,Piedade,Sudoeste,-23.717,-47.4142,21.93,29.49,15.9,74.78,22.01,10.12,16.76,0.09,2.22
2024-11-16,Piedade,Sudoeste,-23.717,-47.4142,22.78,29.01,18.6,74.05,19.07,8.96,17.35,0.5,2.45
2024-11-17,Piedade,Sudoeste,-23.717,-47.4142,23.47,31.15,16.97,70.15,20.5,9.45,16.61,0.03,1.42
2024-11-18,Piedade,Sudoeste,-23.717,-47.4142,24.52,33.14,17.02,65.37,30.21,13.57,16.03,0.01,1.32
2024-11-19,Piedade,Sudoeste,-23.717,-47.4142,24.03,32.89,16.59,66.16,29.43,13.24,15.77,0.0,2.37
2024-11-20,Piedade,Sudoeste,-23.717,-47.4142,25.48,34.5,17.33,60.91,24.66,11.33,15.56,0.06,1.9
2024-11-21,Piedade,Sudoeste,-23.717,-47.4142,22.9,30.34,18.23,72.48,17.81,8.5,17.17,0.78,3.75
2024-11-22,Piedade,Sudoeste,-23.717,-47.4142,22.43,28.8,18.14,70.82,12.95,6.32,16.33,0.52,3.39
2024-11-23,Piedade,Sudoeste,-23.717,-47.4142,21.92,29.93,16.97,69.89,24.43,11.24,15.42,0.51,3.57
2024-11-24,Piedade,Sudoeste,-23.717,-47.4142,21.05,28.51,15.6,67.04,25.48,11.58,13.75,0.09,3.15
2024-11-25,Piedade,Sudoeste,-23.717,-47.4142,23.19,31.86,14.93,62.54,28.88,13.06,14.29,0.0,1.7
2024-11-26,Piedade,Sudoeste,-23.717,-47.4142,25.91,34.14,16.89,57.98,27.49,12.47,15.59,0.0,1.81
2024-11-27,Piedade,Sudoeste,-23.717,-47.4142,27.48,34.61,20.89,55.13,27.26,12.47,16.88,0.0,2.15
2024-11-28,Piedade,Sudoeste,-23.717,-47.4142,26.81,33.17,21.34,65.85,21.16,9.82,18.99,5.45,2.08
2024-11-29,Piedade,Sudoeste,-23.717,-47.4142,25.01,30.72,21.66,81.65,15.54,7.4,21.29,4.81,2.08
2024-11-30,Piedade,Sudoeste,-23.717,-47.4142,26.12,32.34,21.54,73.53,18.44,8.59,20.37,0.19,1.91
2024-12-01,Piedade,Sudoeste,-23.717,-47.4142,26.74,34.31,20.03,63.29,25.71,11.75,17.97,0.23,1.56
2024-12-02,Piedade,Sudoeste,-23.717,-47.4142,25.81,30.31,22.6,75.15,12.26,5.99,20.73,7.08,2.75
2024-12-03,Piedade,Sudoeste,-23.717,-47.4142,22.13,25.08,19.07,90.33,6.3,3.29,20.44,28.93,2.29
2024-12-04,Piedade,Sudoeste,-23.717,-47.4142,21.0,26.2,17.94,79.67,13.42,6.54,17.1,0.59,3.51
2024-12-05,Piedade,Sudoeste,-23.717,-47.4142,23.37,29.87,17.72,79.39,15.61,7.54,19.33,2.12,1.54
2024-12-06,Piedade,Sudoeste,-23.717,-47.4142,26.09,31.71,20.72,74.11,24.22,11.35,20.56,0.73,2.53
2024-12-07,Piedade,Sudoeste,-23.717,-47.4142,25.64,30.74,21.41,76.48,20.65,9.7,20.72,1.67,2.04
2024-12-08,Piedade,Sudoeste,-23.717,-47.4142,23.41,28.27,20.17,84.9,7.4,3.82,20.49,8.42,1.46
2024-12-09,Piedade,Sudoeste,-23.717,-47.4142,23.07,27.5,19.92,85.77,10.33,5.12,20.4,3.17,1.57
2024-12-10,Piedade,Sudoeste,-23.717,-47.4142,22.31,26.78,17.61,87.81,13.35,6.48,20.07,20.52,2.82
2024-12-11,Piedade,Sudoeste,-23.717,-47.4142,21.16,27.72,16.37,77.2,24.29,11.11,16.51,1.06,2.94
2024-12-12,Piedade,Sudoeste,-23.717,-47.4142,21.28,28.36,15.61,72.78,27.62,12.55,15.49,0.03,2.32
2024-12-13,Piedade,Sudoeste,-23.717,-47.4142,21.88,28.23,16.73,75.06,20.57,9.48,16.84,0.03,1.52
2024-12-14,Piedade,Sudoeste,-23.717,-47.4142,22.03,26.02,18.82,82.14,11.92,5.81,18.62,2.0,3.21
2024-12-15,Piedade,Sudoeste,-23.717,-47.4142,24.29,30.25,19.9,74.13,25.31,11.77,18.79,2.39,3.18
2024-12-16,Piedade,Sudoeste,-23.717,-47.4142,23.49,30.99,17.38,61.33,29.02,13.12,14.38,0.1,2.97
2024-12-17,Piedade,Sudoeste,-23.717,-47.4142,22.98,31.29,15.76,64.49,28.03,12.54,14.43,0.03,2.22
2024-12-18,Piedade,Sudoeste,-23.717,-47.4142,23.03,31.34,16.31,65.41,27.92,12.59,15.01,0.02,2.3
2024-12-19,Piedade,Sudoeste,-23.717,-47.4142,25.51,33.63,16.85,62.65,27.52,12.55,16.57,0.05,1.55
2024-12-20,Piedade,Sudoeste,-23.717,-47.4142,25.37,29.87,21.99,73.53,18.76,8.83,19.9,10.09,2.9
2024-12-21,Piedade,Sudoeste,-23.717,-47.4142,23.26,28.32,20.47,84.23,15.0,7.25,20.19,10.76,2.37
2024-12-22,Piedade,Sudoeste,-23.717,-47.4142,23.85,28.52,20.15,83.45,16.52,7.89,20.62,4.79,1.42
2024-12-23,Piedade,Sudoeste,-23.717,-47.4142,22.93,29.28,18.55,78.93,19.54,9.18,18.72,3.28,3.37
2024-12-24,Piedade,Sudoeste,-23.717,-47.4142,23.54,30.5,17.69,72.45,23.19,10.75,17.67,0.22,2.25
2024-12-25,Piedade,Sudoeste,-23.717,-47.4142,24.69,31.26,17.94,74.35,21.88,10.25,19.25,5.74,1.89
2024-12-26,Piedade,Sudoeste,-23.717,-47.4142,23.81,27.16,21.07,84.86,9.82,4.92,20.94,35.13,1.13
2024-12-27,Piedade,Sudoeste,-23.717,-47.4142,23.46,27.39,19.77,86.89,17.92,8.58,21.0,9.04,1.46
2024-12-28,Piedade,Sudoeste,-23.717,-47.4142,24.11,29.97,18.96,80.65,24.36,11.34,20.16,3.81,1.3
2024-12-29,Piedade,Sudoeste,-23.717,-47.4142,23.39,29.46,18.88,79.36,21.79,10.13,19.17,4.85,1.99
2024-12-30,Piedade,Sudoeste,-23.717,-47.4142,22.9,28.77,17.83,77.23,25.35,11.73,18.21,1.16,1.64
2024-12-31,Piedade,Sudoeste,-23.717,-47.4142,23.53,29.59,17.75,75.4,23.85,11.0,18.33,1.71,1.18
2025-01-01,Piedade,Sudoeste,-23.717,-47.4142,24.02,29.97,18.39,74.89,26.53,12.22,18.65,4.93,1.07
2025-01-02,Piedade,Sudoeste,-23.717,-47.4142,24.72,30.38,19.03,74.76,27.78,12.77,19.42,3.74,1.91
2025-01-03,Piedade,Sudoeste,-23.717,-47.4142,25.22,31.05,19.78,73.97,21.38,10.04,19.64,2.14,2.13
2025-01-04,Piedade,Sudoeste,-23.717,-47.4142,24.05,28.86,19.99,78.24,17.96,8.56,19.6,2.29,1.99
2025-01-05,Piedade,Sudoeste,-23.717,-47.4142,23.89,31.55,17.57,70.59,25.24,11.55,17.23,0.58,1.89
2025-01-06,Piedade,Sudoeste,-23.717,-47.4142,24.26,31.88,17.6,67.65,24.92,11.35,16.66,0.05,2.16
2025-01-07,Piedade,Sudoeste,-23.717,-47.4142,23.47,29.58,19.3,73.93,21.58,9.98,17.9,1.63,1.86
2025-01-08,Piedade,Sudoeste,-23.717,-47.4142,23.86,30.75,18.93,73.72,25.33,11.61,18.06,1.5,2.19
2025-01-09,Piedade,Sudoeste,-23.717,-47.4142,22.73,29.72,18.45,73.71,23.94,11.09,17.19,1.34,2.77
2025-01-10,Piedade,Sudoeste,-23.717,-47.4142,22.33,29.83,16.92,68.92,25.67,11.84,15.53,0.11,2.53
2025-01-11,Piedade,Sudoeste,-23.717,-47.4142,22.97,31.76,15.51,65.12,24.57,11.29,14.85,0.13,2.24
2025-01-12,Piedade,Sudoeste,-23.717,-47.4142,22.15,29.32,17.47,70.64,20.07,9.4,16.03,0.39,3.16
2025-01-13,Piedade,Sudoeste,-23.717,-47.4142,21.79,29.65,16.2,67.93,24.65,11.33,14.72,0.03,2.83
2025-01-14,Piedade,Sudoeste,-23.717,-47.4142,21.91,31.23,14.17,65.53,25.49,11.49,13.79,0.0,2.79
2025-01-15,Piedade,Sudoeste,-23.717,-47.4142,23.64,32.21,17.31,69.68,21.36,9.95,17.05,0.58,2.42
2025-01-16,Piedade,Sudoeste,-23.717,-47.4142,24.7,31.32,20.08,78.11,15.63,7.62,20.11,19.12,2.03
2025-01-17,Piedade,Sudoeste,-23.717,-47.4142,23.83,27.69,20.96,83.2,10.09,5.1,20.55,4.5,2.31
2025-01-18,Piedade,Sudoeste,-23.717,-47.4142,24.91,29.28,20.92,79.3,18.41,8.81,20.74,3.17,2.04
2025-01-19,Piedade,Sudoeste,-23.717,-47.4142,26.29,31.76,21.24,74.93,22.98,10.78,21.02,4.26,1.85
2025-01-20,Piedade,Sudoeste,-23.717,-47.4142,25.57,30.96,21.06,74.63,22.43,10.58,20.25,0.83,2.66
2025-01-21,Piedade,Sudoeste,-23.717,-47.4142,26.74,33.15,21.24,69.12,23.57,11.08,19.85,2.18,2.41
2025-01-22,Piedade,Sudoeste,-23.717,-47.4142,27.17,33.55,21.99,67.95,24.33,11.36,19.98,5.84,1.23
2025-01-23,Piedade,Sudoeste,-23.717,-47.4142,25.46,31.31,20.48,74.92,22.5,10.56,20.02,1.35,1.28
2025-01-24,Piedade,Sudoeste,-23.717,-47.4142,26.22,34.26,20.08,69.01,24.34,11.23,18.76,1.9,1.16
2025-01-25,Piedade,Sudoeste,-23.717,-47.4142,26.78,32.9,20.79,70.0,26.47,12.33,19.9,3.93,1.32
2025-01-26,Piedade,Sudoeste,-23.717,-47.4142,25.04,29.91,21.17,78.01,15.01,7.16,20.47,10.92,1.83
2025-01-27,Piedade,Sudoeste,-23.717,-47.4142,23.91,30.42,19.5,79.36,17.75,8.45,19.65,4.38,1.4
2025-01-28,Piedade,Sudoeste,-23.717,-47.4142,24.05,30.05,19.71,79.91,19.4,9.15,19.95,4.92,1.38
2025-01-29,Piedade,Sudoeste,-23.717,-47.4142,23.91,29.75,20.76,83.63,12.31,6.03,20.65,8.13,1.6
2025-01-30,Piedade,Sudoeste,-23.717,-47.4142,23.95,29.31,20.18,83.7,12.92,6.31,20.74,16.9,1.6
2025-01-31,Piedade,Sudoeste,-23.717,-47.4142,23.58,27.69,19.88,85.54,15.71,7.51,20.85,15.8,1.45
2025-02-01,Piedade,Sudoeste,-23.717,-47.4142,22.58,25.57,20.27,87.66,13.62,6.51,20.33,7.78,1.5
2025-02-02,Piedade,Sudoeste,-23.717,-47.4142,22.59,26.56,19.76,87.96,16.86,8.02,20.35,11.79,1.43
2025-02-03,Piedade,Sudoeste,-23.717,-47.4142,22.14,25.07,19.97,90.07,12.86,6.34,20.37,9.02,2.21
2025-02-04,Piedade,Sudoeste,-23.717,-47.4142,23.26,27.55,19.91,84.92,16.86,8.08,20.39,3.31,2.26
2025-02-05,Piedade,Sudoeste,-23.717,-47.4142,23.5,27.51,19.87,84.7,18.61,8.85,20.59,3.44,1.65
2025-02-06,Piedade,Sudoeste,-23.717,-47.4142,24.11,28.68,19.87,78.99,23.02,10.74,19.94,1.02,1.42
2025-02-07,Piedade,Sudoeste,-23.717,-47.4142,25.05,31.0,19.92,72.83,25.26,11.58,19.25,2.41,1.27
2025-02-08,Piedade,Sudoeste,-23.717,-47.4142,24.28,29.53,20.45,80.12,22.13,10.34,20.26,1.44,2.37
2025-02-09,Piedade,Sudoeste,-23.717,-47.4142,24.57,31.09,18.95,73.9,25.62,11.79,18.87,0.17,1.76
2025-02-10,Piedade,Sudoeste,-23.717,-47.4142,24.48,30.97,18.52,74.41,23.23,10.75,19.0,1.31,1.18
2025-02-11,Piedade,Sudoeste,-23.717,-47.4142,25.51,31.83,19.64,67.87,25.4,11.66,18.35,0.82,1.45
2025-02-12,Piedade,Sudoeste,-23.717,-47.4142,25.8,32.71,19.1,65.59,23.19,10.75,18.09,1.29,1.74
2025-02-13,Piedade,Sudoeste,-23.717,-47.4142,24.53,28.79,21.1,76.95,19.57,9.25,19.88,4.13,1.11
2025-02-14,Piedade,Sudoeste,-23.717,-47.4142,23.78,28.91,19.63,79.5,20.99,9.85,19.6,5.49,0.85
2025-02-15,Piedade,Sudoeste,-23.717,-47.4142,25.59,31.95,19.65,73.8,23.88,11.14,19.84,0.46,0.8
2025-02-16,Piedade,Sudoeste,-23.717,-47.4142,26.8,32.94,20.84,67.67,24.98,11.69,19.55,0.03,1.82
2025-02-17,Piedade,Sudoeste,-23.717,-47.4142,27.0,34.84,19.18,55.63,28.41,12.89,16.31,0.0,2.04
2025-02-18,Piedade,Sudoeste,-23.717,-47.4142,26.12,33.12,20.59,69.01,20.51,9.48,19.18,6.99,1.51
2025-02-19,Piedade,Sudoeste,-23.717,-47.4142,26.18,31.85,20.52,71.91,24.88,11.59,20.08,3.4,1.52
2025-02-20,Piedade,Sudoeste,-23.717,-47.4142,27.08,32.79,22.81,66.67,19.68,9.21,19.73,1.6,1.08
2025-02-21,Piedade,Sudoeste,-23.717,-47.4142,25.26,31.44,21.08,78.0,23.19,10.81,20.56,3.26,2.0
2025-02-22,Piedade,Sudoeste,-23.717,-47.4142,24.69,31.13,20.1,76.37,21.23,10.0,19.72,0.8,2.4
2025-02-23,Piedade,Sudoeste,-23.717,-47.4142,24.96,31.79,19.26,72.69,23.2,10.75,18.9,0.99,1.85
2025-02-24,Piedade,Sudoeste,-23.717,-47.4142,25.9,33.11,20.02,66.44,24.06,11.17,17.92,0.36,1.94
2025-02-25,Piedade,Sudoeste,-23.717,-47.4142,26.5,33.69,20.09,64.54,25.11,11.6,18.07,0.0,1.68
2025-02-26,Piedade,Sudoeste,-23.717,-47.4142,26.68,34.43,19.94,64.02,26.12,12.04,17.97,0.08,1.6
2025-02-27,Piedade,Sudoeste,-23.717,-47.4142,26.45,34.48,19.53,65.17,24.95,11.4,17.76,1.68,1.39
2025-02-28,Piedade,Sudoeste,-23.717,-47.4142,26.32,33.81,20.37,65.38,23.33,10.72,18.1,0.25,1.6
2025-03-01,Piedade,Sudoeste,-23.717,-47.4142,26.56,34.68,19.7,64.14,25.71,11.81,17.88,0.0,2.01
2025-03-02,Piedade,Sudoeste,-23.717,-47.4142,26.89,35.22,19.71,62.24,23.51,10.81,17.61,0.02,1.77
2025-03-03,Piedade,Sudoeste,-23.717,-47.4142,25.83,35.03,18.23,62.47,24.45,11.14,16.42,0.01,2.28
2025-03-04,Piedade,Sudoeste,-23.717,-47.4142,25.88,33.75,20.09,63.42,24.73,11.4,17.18,0.12,2.23
2025-03-05,Piedade,Sudoeste,-23.717,-47.4142,25.85,33.35,20.21,64.63,20.2,9.43,17.69,0.03,2.07
2025-03-06,Piedade,Sudoeste,-23.717,-47.4142,25.33,34.18,18.76,62.44,25.98,11.89,16.17,0.01,2.79
2025-03-07,Piedade,Sudoeste,-23.717,-47.4142,25.42,34.29,18.97,64.42,24.15,11.06,16.66,0.03,2.78
2025-03-08,Piedade,Sudoeste,-23.717,-47.4142,25.61,33.52,18.69,64.06,22.5,10.3,17.2,0.01,1.65
2025-03-09,Piedade,Sudoeste,-23.717,-47.4142,26.68,35.6,19.04,59.03,25.35,11.55,16.05,0.14,1.57
2025-03-10,Piedade,Sudoeste,-23.717,-47.4142,24.98,32.61,20.05,66.2,22.01,10.2,17.38,0.67,2.21
2025-03-11,Piedade,Sudoeste,-23.717,-47.4142,24.85,31.26,20.21,69.39,16.58,7.82,18.15,1.8,1.31
2025-03-12,Piedade,Sudoeste,-23.717,-47.4142,25.07,32.41,19.85,72.24,19.54,9.13,18.72,2.46,1.9
2025-03-13,Piedade,Sudoeste,-23.717,-47.4142,25.34,32.45,19.97,70.78,17.37,8.17,18.67,2.78,1.64
2025-03-14,Piedade,Sudoeste,-23.717,-47.4142,24.85,31.88,20.2,73.88,18.43,8.64,19.15,0.54,1.69
2025-03-15,Piedade,Sudoeste,-23.717,-47.4142,24.94,33.08,20.15,72.04,20.31,9.49,18.79,0.21,2.19
2025-03-16,Piedade,Sudoeste,-23.717,-47.4142,23.42,30.47,19.41,74.67,14.68,6.94,18.2,4.63,2.82
2025-03-17,Piedade,Sudoeste,-23.717,-47.4142,23.96,31.94,18.34,74.92,16.57,7.68,18.43,3.43,1.97
2025-03-18,Piedade,Sudoeste,-23.717,-47.4142,24.19,31.25,18.97,75.6,17.43,8.16,18.76,7.92,1.46
2025-03-19,Piedade,Sudoeste,-23.717,-47.4142,22.2,28.58,18.15,82.01,14.4,6.83,18.55,13.22,2.29
2025-03-20,Piedade,Sudoeste,-23.717,-47.4142,21.36,28.6,16.47,74.83,22.49,10.17,15.91,0.52,2.67
2025-03-21,Piedade,Sudoeste,-23.717,-47.4142,21.81,30.36,15.36,72.6,22.36,10.12,15.63,0.12,2.06
2025-03-22,Piedade,Sudoeste,-23.717,-47.4142,23.53,31.71,16.77,71.69,21.67,9.86,16.93,1.95,1.66
2025-03-23,Piedade,Sudoeste,-23.717,-47.4142,22.92,29.1,18.76,80.7,9.91,4.85,19.05,3.27,1.58
2025-03-24,Piedade,Sudoeste,-23.717,-47.4142,23.84,30.06,19.59,74.74,20.3,9.42,18.48,1.22,1.44
2025-03-25,Piedade,Sudoeste,-23.717,-47.4142,24.59,33.13,18.58,72.56,20.37,9.37,18.04,1.85,1.56
2025-03-26,Piedade,Sudoeste,-23.717,-47.4142,22.56,28.22,19.28,79.77,10.87,5.26,18.45,3.25,1.79
2025-03-27,Piedade,Sudoeste,-23.717,-47.4142,23.54,30.88,18.13,74.3,20.59,9.52,17.88,0.24,2.09
2025-03-28,Piedade,Sudoeste,-23.717,-47.4142,24.49,31.89,18.61,71.48,16.55,7.74,18.06,1.58,1.75
2025-03-29,Piedade,Sudoeste,-23.717,-47.4142,25.18,32.93,19.61,69.99,20.48,9.42,18.09,0.28,1.64
2025-03-30,Piedade,Sudoeste,-23.717,-47.4142,24.36,31.21,19.52,71.32,17.62,8.19,18.0,0.36,1.5
2025-03-31,Piedade,Sudoeste,-23.717,-47.4142,24.78,31.63,19.42,72.87,14.73,6.89,18.8,5.35,1.32
2025-04-01,Piedade,Sudoeste,-23.717,-47.4142,24.76,31.82,19.34,72.49,16.19,7.57,18.63,0.51,1.3
2025-04-02,Piedade,Sudoeste,-23.717,-47.4142,25.88,32.51,20.2,69.12,18.35,8.6,18.98,0.5,1.59
2025-04-03,Piedade,Sudoeste,-23.717,-47.4142,25.76,32.64,20.89,67.8,13.35,6.34,18.47,2.31,1.44
2025-04-04,Piedade,Sudoeste,-23.717,-47.4142,23.01,30.17,17.42,80.84,13.64,6.47,19.15,9.66,2.37
2025-04-05,Piedade,Sudoeste,-23.717,-47.4142,18.16,22.73,15.65,79.64,12.62,6.02,14.34,1.39,4.23
2025-04-06,Piedade,Sudoeste,-23.717,-47.4142,19.07,24.71,15.36,74.46,17.03,7.96,14.01,0.02,3.52
2025-04-07,Piedade,Sudoeste,-23.717,-47.4142,20.11,26.88,15.67,71.52,17.68,8.23,14.18,0.0,2.71
2025-04-08,Piedade,Sudoeste,-23.717,-47.4142,22.0,29.97,14.58,69.07,18.65,8.59,15.2,0.08,1.41
2025-04-09,Piedade,Sudoeste,-23.717,-47.4142,23.86,31.34,17.66,69.98,16.78,7.81,17.25,5.28,1.72
2025-04-10,Piedade,Sudoeste,-23.717,-47.4142,22.88,29.35,18.81,78.73,13.23,6.25,18.38,4.9,1.51
2025-04-11,Piedade,Sudoeste,-23.717,-47.4142,21.74,28.43,17.13,76.86,19.64,9.05,16.82,0.44,1.88
2025-04-12,Piedade,Sudoeste,-23.717,-47.4142,21.99,29.32,16.44,73.84,19.95,9.04,16.18,0.05,1.74
2025-04-13,Piedade,Sudoeste,-23.717,-47.4142,22.58,30.15,17.73,74.37,13.8,6.45,16.94,4.43,1.57
2025-04-14,Piedade,Sudoeste,-23.717,-47.4142,21.14,27.16,17.23,80.57,12.63,5.95,17.23,2.43,2.33
2025-04-15,Piedade,Sudoeste,-23.717,-47.4142,21.3,28.62,16.17,77.29,16.24,7.5,16.48,1.48,1.77
2025-04-16,Piedade,Sudoeste,-23.717,-47.4142,21.72,27.74,18.45,77.61,13.59,6.36,17.23,0.22,1.32
2025-04-17,Piedade,Sudoeste,-23.717,-47.4142,22.84,30.17,17.44,73.48,14.85,6.86,16.97,0.06,1.47
2025-04-18,Piedade,Sudoeste,-23.717,-47.4142,23.44,29.86,18.39,73.34,14.34,6.68,17.68,2.04,1.18
2025-04-19,Piedade,Sudoeste,-23.717,-47.4142,22.12,26.71,19.21,77.98,12.9,6.09,17.82,2.65,1.34
2025-04-20,Piedade,Sudoeste,-23.717,-47.4142,21.11,27.36,17.04,81.64,12.01,5.59,17.45,3.89,2.49
2025-04-21,Piedade,Sudoeste,-23.717,-47.4142,19.8,26.99,15.59,77.11,15.15,6.96,15.07,0.33,2.42
2025-04-22,Piedade,Sudoeste,-23.717,-47.4142,19.11,26.59,14.24,74.68,16.9,7.71,13.76,0.11,2.42
2025-04-23,Piedade,Sudoeste,-23.717,-47.4142,20.73,28.75,14.91,73.66,15.07,6.9,14.91,0.02,1.64
2025-04-24,Piedade,Sudoeste,-23.717,-47.4142,20.26,24.64,16.84,81.36,11.42,5.4,16.65,1.97,1.06
2025-04-25,Piedade,Sudoeste,-23.717,-47.4142,19.44,22.58,17.26,90.6,5.94,2.95,17.82,9.16,1.32
2025-04-26,Piedade,Sudoeste,-23.717,-47.4142,21.32,28.43,15.72,78.96,14.36,6.62,16.96,0.26,1.2
2025-04-27,Piedade,Sudoeste,-23.717,-47.4142,22.11,29.2,17.01,76.34,14.1,6.5,17.04,0.09,0.81
2025-04-28,Piedade,Sudoeste,-23.717,-47.4142,21.53,27.64,17.46,79.62,9.21,4.37,17.46,1.02,1.52
2025-04-29,Piedade,Sudoeste,-23.717,-47.4142,19.11,25.78,15.2,76.99,14.95,6.82,14.46,0.25,2.01
2025-04-30,Piedade,Sudoeste,-23.717,-47.4142,18.42,25.99,13.44,72.84,18.3,8.13,12.46,0.0,2.12
2025-05-01,Piedade,Sudoeste,-23.717,-47.4142,18.4,26.75,12.55,74.03,17.79,7.9,12.66,0.0,2.13
2025-05-02,Piedade,Sudoeste,-23.717,-47.4142,19.72,28.04,13.62,72.52,18.15,8.14,13.49,0.0,1.56
2025-05-03,Piedade,Sudoeste,-23.717,-47.4142,20.29,28.44,13.77,70.79,16.44,7.36,13.5,0.0,1.46
2025-05-04,Piedade,Sudoeste,-23.717,-47.4142,20.34,27.94,14.85,72.13,15.43,6.91,14.07,0.0,1.82
2025-05-05,Piedade,Sudoeste,-23.717,-47.4142,20.66,27.52,15.87,69.81,16.4,7.37,13.89,0.01,1.32
2025-05-06,Piedade,Sudoeste,-23.717,-47.4142,20.35,27.94,14.79,71.61,15.78,7.12,13.84,0.02,1.11
2025-05-07,Piedade,Sudoeste,-23.717,-47.4142,20.95,29.02,15.0,69.6,15.75,7.15,13.81,0.04,1.26
2025-05-08,Piedade,Sudoeste,-23.717,-47.4142,22.52,30.41,15.43,65.67,16.47,7.52,14.56,0.01,1.51
2025-05-09,Piedade,Sudoeste,-23.717,-47.4142,23.11,31.39,16.09,59.28,16.65,7.62,13.87,0.01,2.22
2025-05-10,Piedade,Sudoeste,-23.717,-47.4142,20.61,26.79,16.78,75.68,7.61,3.68,15.84,11.89,2.17
2025-05-11,Piedade,Sudoeste,-23.717,-47.4142,17.26,21.76,14.64,81.6,8.99,4.23,13.82,1.18,3.12
2025-05-12,Piedade,Sudoeste,-23.717,-47.4142,18.46,24.43,14.63,79.51,11.84,5.49,14.49,0.29,2.6
2025-05-13,Piedade,Sudoeste,-23.717,-47.4142,19.41,26.35,15.02,78.0,15.01,6.9,14.89,0.18,2.23
2025-05-14,Piedade,Sudoeste,-23.717,-47.4142,18.65,25.59,14.32,75.88,15.25,6.86,13.55,0.15,2.48
2025-05-15,Piedade,Sudoeste,-23.717,-47.4142,18.6,26.36,12.92,72.67,16.69,7.49,12.54,0.03,1.63
2025-05-16,Piedade,Sudoeste,-23.717,-47.4142,19.0,26.62,13.51,72.66,17.14,7.65,12.95,0.03,1.28
2025-05-17,Piedade,Sudoeste,-23.717,-47.4142,20.05,28.23,13.45,69.01,16.65,7.47,12.94,0.03,1.32
2025-05-18,Piedade,Sudoeste,-23.717,-47.4142,20.95,28.58,14.14,64.6,16.1,7.26,13.04,0.02,1.52
2025-05-19,Piedade,Sudoeste,-23.717,-47.4142,21.18,29.24,13.39,59.84,16.31,7.27,11.89,0.0,1.45
2025-05-20,Piedade,Sudoeste,-23.717,-47.4142,21.02,28.86,13.77,59.42,16.65,7.57,11.96,0.07,1.35
2025-05-21,Piedade,Sudoeste,-23.717,-47.4142,21.0,27.93,15.38,69.28,14.1,6.4,14.39,0.87,0.99
2025-05-22,Piedade,Sudoeste,-23.717,-47.4142,20.19,26.28,16.64,81.07,12.14,5.54,16.32,2.1,1.38
2025-05-23,Piedade,Sudoeste,-23.717,-47.4142,19.01,24.98,15.63,80.85,12.17,5.65,15.24,0.95,2.3
2025-05-24,Piedade,Sudoeste,-23.717,-47.4142,19.21,26.52,14.73,76.24,13.47,6.14,14.15,0.1,1.81
2025-05-25,Piedade,Sudoeste,-23.717,-47.4142,19.32,27.41,13.18,71.81,15.71,7.1,13.1,0.01,1.63
2025-05-26,Piedade,Sudoeste,-23.717,-47.4142,20.4,28.06,13.36,64.16,13.44,6.11,12.33,0.01,1.51
2025-05-27,Piedade,Sudoeste,-23.717,-47.4142,20.11,27.47,14.47,62.04,12.96,5.83,12.02,0.05,2.26
2025-05-28,Piedade,Sudoeste,-23.717,-47.4142,20.08,26.43,16.07,62.03,7.61,3.58,11.96,0.17,3.91
2025-05-29,Piedade,Sudoeste,-23.717,-47.4142,14.17,20.62,9.51,56.97,15.74,6.94,4.59,1.07,2.51
2025-05-30,Piedade,Sudoeste,-23.717,-47.4142,13.49,22.0,7.13,59.82,16.7,7.26,4.75,0.0,0.85
2025-05-31,Piedade,Sudoeste,-23.717,-47.4142,16.19,24.52,9.42,64.55,15.85,6.88,8.08,0.01,1.34
2025-06-01,Piedade,Sudoeste,-23.717,-47.4142,17.61,25.78,11.67,59.71,14.93,6.68,8.55,0.03,1.34
2025-06-02,Piedade,Sudoeste,-23.717,-47.4142,18.62,27.3,12.9,74.55,15.36,6.89,12.94,1.21,1.52
2025-06-03,Piedade,Sudoeste,-23.717,-47.4142,17.87,23.98,13.27,80.03,10.41,4.85,14.05,2.3,1.5
2025-06-04,Piedade,Sudoeste,-23.717,-47.4142,19.78,27.95,12.41,71.83,15.13,6.89,13.75,0.31,1.69
2025-06-05,Piedade,Sudoeste,-23.717,-47.4142,20.39,27.92,14.76,70.41,5.84,2.81,14.09,3.44,2.13
2025-06-06,Piedade,Sudoeste,-23.717,-47.4142,18.09,22.78,14.72,86.14,6.17,2.93,15.61,7.94,1.3
2025-06-07,Piedade,Sudoeste,-23.717,-47.4142,19.05,24.87,14.55,79.68,8.95,4.21,15.08,0.81,1.34
2025-06-08,Piedade,Sudoeste,-23.717,-47.4142,18.72,25.49,13.66,80.39,6.75,3.21,14.61,2.02,1.66
2025-06-09,Piedade,Sudoeste,-23.717,-47.4142,16.45,20.15,14.0,88.86,5.6,2.71,14.51,4.54,1.54
2025-06-10,Piedade,Sudoeste,-23.717,-47.4142,15.35,21.22,11.7,82.49,10.72,4.8,11.92,2.15,1.86
2025-06-11,Piedade,Sudoeste,-23.717,-47.4142,13.25,19.66,9.77,79.68,13.37,5.9,9.32,0.83,2.38
2025-06-12,Piedade,Sudoeste,-23.717,-47.4142,12.36,18.31,8.84,75.29,12.04,5.34,7.41,0.0,2.73
2025-06-13,Piedade,Sudoeste,-23.717,-47.4142,13.99,22.56,8.71,73.84,15.66,6.84,8.25,0.0,2.07
2025-06-14,Piedade,Sudoeste,-23.717,-47.4142,14.9,22.95,8.05,68.79,11.53,5.14,8.23,0.0,1.87
2025-06-15,Piedade,Sudoeste,-23.717,-47.4142,15.78,23.39,10.99,74.2,5.03,2.44,10.7,0.34,2.65
2025-06-16,Piedade,Sudoeste,-23.717,-47.4142,18.06,26.12,12.4,75.57,14.18,6.45,13.09,0.03,1.23
2025-06-17,Piedade,Sudoeste,-23.717,-47.4142,17.88,26.45,10.99,65.59,15.64,6.91,10.16,0.01,1.54
2025-06-18,Piedade,Sudoeste,-23.717,-47.4142,17.58,25.17,10.47,64.83,15.17,6.64,10.05,0.04,1.7
2025-06-19,Piedade,Sudoeste,-23.717,-47.4142,18.96,26.22,11.34,60.0,14.57,6.47,10.21,1.35,1.19
2025-06-20,Piedade,Sudoeste,-23.717,-47.4142,18.25,26.87,10.9,62.53,14.7,6.56,9.97,0.01,1.95
2025-06-21,Piedade,Sudoeste,-23.717,-47.4142,18.21,23.28,14.51,78.75,7.89,3.68,14.25,1.31,1.32
2025-06-22,Piedade,Sudoeste,-23.717,-47.4142,18.54,24.01,15.56,78.82,5.61,2.7,14.47,4.01,1.26
2025-06-23,Piedade,Sudoeste,-23.717,-47.4142,18.85,25.79,14.33,71.64,2.47,1.24,13.17,6.23,3.76
2025-06-24,Piedade,Sudoeste,-23.717,-47.4142,12.86,17.41,6.17,60.98,15.92,6.81,3.69,2.79,2.09
2025-06-25,Piedade,Sudoeste,-23.717,-47.4142,11.24,21.37,2.14,49.61,16.77,7.08,-0.34,0.01,1.45
2025-06-26,Piedade,Sudoeste,-23.717,-47.4142,17.45,27.64,8.61,65.27,14.92,6.74,10.27,0.1,2.38
2025-06-27,Piedade,Sudoeste,-23.717,-47.4142,18.81,25.49,15.05,83.15,7.25,3.4,15.54,1.92,1.58
2025-06-28,Piedade,Sudoeste,-23.717,-47.4142,19.73,28.06,13.71,73.13,14.64,6.67,13.98,0.12,1.99
2025-06-29,Piedade,Sudoeste,-23.717,-47.4142,20.13,27.69,13.86,69.11,14.69,6.63,13.63,0.0,2.75
2025-06-30,Piedade,Sudoeste,-23.717,-47.4142,18.82,25.71,14.0,79.06,8.73,3.97,14.56,2.72,1.76
2025-07-01,Piedade,Sudoeste,-23.717,-47.4142,14.49,19.72,11.06,85.73,8.84,4.08,11.97,1.87,2.55
2025-07-02,Piedade,Sudoeste,-23.717,-47.4142,11.53,15.35,9.62,84.57,8.64,4.05,8.92,2.18,2.93
2025-07-03,Piedade,Sudoeste,-23.717,-47.4142,12.25,16.57,9.36,83.39,4.81,2.34,9.35,0.76,2.7
2025-07-04,Piedade,Sudoeste,-23.717,-47.4142,14.38,21.47,10.13,81.47,14.11,6.29,10.64,0.69,2.09
2025-07-05,Piedade,Sudoeste,-23.717,-47.4142,14.55,22.34,9.51,77.04,14.01,6.15,9.73,0.07,1.18
2025-07-06,Piedade,Sudoeste,-23.717,-47.4142,14.38,22.19,9.47,76.96,14.61,6.31,9.68,0.0,1.43
2025-07-07,Piedade,Sudoeste,-23.717,-47.4142,14.42,22.8,9.68,75.11,15.51,6.7,9.1,0.0,1.36
2025-07-08,Piedade,Sudoeste,-23.717,-47.4142,14.44,23.12,8.67,73.11,12.98,5.74,8.84,0.0,1.47
2025-07-09,Piedade,Sudoeste,-23.717,-47.4142,13.92,22.03,8.2,76.92,13.88,6.15,9.18,0.02,2.35
2025-07-10,Piedade,Sudoeste,-23.717,-47.4142,15.97,24.04,10.9,75.36,13.59,6.08,10.58,0.0,1.83
2025-07-11,Piedade,Sudoeste,-23.717,-47.4142,16.56,24.39,10.48,74.3,12.71,5.7,11.0,0.0,1.43
2025-07-12,Piedade,Sudoeste,-23.717,-47.4142,17.6,25.25,12.86,71.22,10.72,4.86,11.11,0.0,2.05
2025-07-13,Piedade,Sudoeste,-23.717,-47.4142,16.65,23.69,12.62,71.26,10.72,4.94,10.69,0.0,1.98
2025-07-14,Piedade,Sudoeste,-23.717,-47.4142,16.28,24.62,10.25,69.53,14.76,6.56,9.2,0.01,1.73
2025-07-15,Piedade,Sudoeste,-23.717,-47.4142,16.01,25.35,9.56,61.43,16.71,7.33,6.76,0.07,1.27
2025-07-16,Piedade,Sudoeste,-23.717,-47.4142,16.11,25.67,9.23,55.14,17.02,7.39,5.36,0.01,1.06
2025-07-17,Piedade,Sudoeste,-23.717,-47.4142,16.8,25.69,9.61,54.82,15.84,6.95,6.56,0.01,1.86
2025-07-18,Piedade,Sudoeste,-23.717,-47.4142,17.34,26.16,10.74,63.61,14.69,6.59,9.54,0.0,2.02
2025-07-19,Piedade,Sudoeste,-23.717,-47.4142,14.51,23.83,6.82,70.95,16.67,7.23,7.84,0.0,1.5
2025-07-20,Piedade,Sudoeste,-23.717,-47.4142,15.62,25.16,9.26,70.24,15.66,6.81,8.54,0.0,1.35
2025-07-21,Piedade,Sudoeste,-23.717,-47.4142,17.14,26.59,10.39,67.33,16.16,7.13,9.46,0.0,1.5
2025-07-22,Piedade,Sudoeste,-23.717,-47.4142,18.51,26.84,13.05,58.33,16.24,7.07,9.0,0.0,1.46
2025-07-23,Piedade,Sudoeste,-23.717,-47.4142,16.9,25.06,10.89,61.28,16.65,7.32,8.23,0.0,2.03
2025-07-24,Piedade,Sudoeste,-23.717,-47.4142,16.27,23.84,11.43,78.34,13.22,5.93,11.76,0.91,2.43
2025-07-25,Piedade,Sudoeste,-23.717,-47.4142,17.24,24.84,12.65,79.05,7.28,3.46,12.83,3.07,1.73
2025-07-26,Piedade,Sudoeste,-23.717,-47.4142,18.34,27.05,11.76,67.24,16.6,7.38,10.69,1.25,1.02
2025-07-27,Piedade,Sudoeste,-23.717,-47.4142,19.76,28.86,11.83,52.83,16.93,7.55,8.75,0.02,2.11
2025-07-28,Piedade,Sudoeste,-23.717,-47.4142,19.4,25.69,13.66,64.31,9.85,4.56,12.23,6.32,4.0
2025-07-29,Piedade,Sudoeste,-23.717,-47.4142,13.31,20.54,7.57,60.89,18.82,8.1,4.01,0.01,1.99
2025-07-30,Piedade,Sudoeste,-23.717,-47.4142,11.52,20.33,5.52,69.86,17.89,7.83,5.09,0.01,2.04
2025-07-31,Piedade,Sudoeste,-23.717,-47.4142,13.44,23.39,6.83,71.57,18.38,8.03,6.95,0.01,2.6
2025-08-01,Piedade,Sudoeste,-23.717,-47.4142,16.53,27.46,9.04,61.85,18.69,8.08,6.83,0.02,1.53
2025-08-02,Piedade,Sudoeste,-23.717,-47.4142,17.63,27.98,9.31,50.36,16.23,7.02,5.6,0.01,1.69
2025-08-03,Piedade,Sudoeste,-23.717,-47.4142,18.04,27.99,8.86,50.01,16.72,7.2,5.91,0.0,2.19
2025-08-04,Piedade,Sudoeste,-23.717,-47.4142,16.33,24.06,11.52,59.18,11.3,5.09,7.52,0.06,1.45
2025-08-05,Piedade,Sudoeste,-23.717,-47.4142,16.28,22.21,13.14,82.83,10.24,4.7,12.96,0.74,2.18
2025-08-06,Piedade,Sudoeste,-23.717,-47.4142,16.2,23.08,11.96,79.19,12.54,5.66,11.95,1.07,2.26
2025-08-07,Piedade,Sudoeste,-23.717,-47.4142,18.5,26.54,11.06,64.56,17.28,7.65,10.23,0.1,1.34
2025-08-08,Piedade,Sudoeste,-23.717,-47.4142,19.45,27.81,13.11,59.17,9.04,4.2,10.31,0.59,2.4
2025-08-09,Piedade,Sudoeste,-23.717,-47.4142,13.74,20.54,7.17,69.91,16.35,7.24,7.34,0.34,2.01
2025-08-10,Piedade,Sudoeste,-23.717,-47.4142,11.92,19.55,5.51,72.28,14.44,6.41,6.38,0.01,2.23
2025-08-11,Piedade,Sudoeste,-23.717,-47.4142,12.6,20.62,7.42,71.25,18.69,8.16,6.36,0.01,2.5
2025-08-12,Piedade,Sudoeste,-23.717,-47.4142,13.68,22.98,7.52,71.2,19.75,8.59,6.95,0.02,1.67
2025-08-13,Piedade,Sudoeste,-23.717,-47.4142,16.17,25.93,7.72,56.17,19.97,8.56,4.62,0.01,1.58
2025-08-14,Piedade,Sudoeste,-23.717,-47.4142,15.27,24.44,8.75,67.76,17.69,7.69,8.1,0.07,2.71
2025-08-15,Piedade,Sudoeste,-23.717,-47.4142,16.1,24.74,11.06,71.59,18.71,8.14,9.86,0.19,2.88
2025-08-16,Piedade,Sudoeste,-23.717,-47.4142,17.74,27.2,11.5,70.93,16.04,7.17,11.19,0.02,2.36
2025-08-17,Piedade,Sudoeste,-23.717,-47.4142,18.79,28.45,11.95,67.47,18.97,8.43,10.87,0.0,1.77
2025-08-18,Piedade,Sudoeste,-23.717,-47.4142,17.88,26.91,10.73,70.7,19.62,8.62,11.04,0.01,2.56
2025-08-19,Piedade,Sudoeste,-23.717,-47.4142,19.48,27.51,11.63,64.75,15.4,6.92,11.43,0.0,1.88
2025-08-20,Piedade,Sudoeste,-23.717,-47.4142,22.29,30.9,14.98,52.0,10.45,4.88,10.87,0.05,3.05
2025-08-21,Piedade,Sudoeste,-23.717,-47.4142,22.91,32.84,15.85,57.25,17.44,7.91,12.67,0.06,1.73
2025-08-22,Piedade,Sudoeste,-23.717,-47.4142,23.89,33.57,15.56,52.46,19.61,8.83,11.8,0.0,2.25
2025-08-23,Piedade,Sudoeste,-23.717,-47.4142,23.52,33.39,15.17,37.16,19.38,8.47,6.43,0.0,2.75
2025-08-24,Piedade,Sudoeste,-23.717,-47.4142,19.89,29.53,14.11,61.8,16.22,7.23,11.02,0.16,2.61
2025-08-25,Piedade,Sudoeste,-23.717,-47.4142,20.19,30.56,13.93,65.13,16.87,7.61,12.03,0.04,2.36
2025-08-26,Piedade,Sudoeste,-23.717,-47.4142,18.59,26.2,14.06,74.41,10.77,4.98,13.38,2.68,2.27
2025-08-27,Piedade,Sudoeste,-23.717,-47.4142,19.44,27.88,13.87,73.8,16.62,7.56,13.59,1.06,2.19
2025-08-28,Piedade,Sudoeste,-23.717,-47.4142,19.29,28.51,12.87,69.68,18.78,8.4,12.29,0.16,2.18
2025-08-29,Piedade,Sudoeste,-23.717,-47.4142,19.5,27.36,13.78,69.84,12.25,5.63,12.73,0.22,1.82
2025-08-30,Piedade,Sudoeste,-23.717,-47.4142,19.69,28.03,14.27,68.47,18.71,8.23,12.22,0.12,2.62
2025-08-31,Piedade,Sudoeste,-23.717,-47.4142,19.11,27.98,12.46,69.05,18.58,8.32,11.93,0.01,2.27
2025-09-01,Piedade,Sudoeste,-23.717,-47.4142,20.99,30.14,14.3,67.31,18.92,8.56,12.97,0.22,2.41
2025-09-02,Piedade,Sudoeste,-23.717,-47.4142,21.78,29.95,14.83,62.57,18.9,8.55,12.9,0.06,1.7
2025-09-03,Piedade,Sudoeste,-23.717,-47.4142,22.03,30.7,14.43,54.72,21.27,9.52,10.94,0.0,1.65
2025-09-04,Piedade,Sudoeste,-23.717,-47.4142,22.53,31.07,14.99,44.06,19.61,8.7,8.37,0.01,2.24
2025-09-05,Piedade,Sudoeste,-23.717,-47.4142,22.74,32.27,14.62,49.92,18.87,8.43,10.35,0.18,1.88
2025-09-06,Piedade,Sudoeste,-23.717,-47.4142,17.31,23.99,13.6,74.62,16.21,7.46,12.33,0.95,3.53
2025-09-07,Piedade,Sudoeste,-23.717,-47.4142,18.64,26.76,13.22,73.68,16.47,7.61,13.18,0.5,2.76
2025-09-08,Piedade,Sudoeste,-23.717,-47.4142,23.73,33.25,14.76,59.24,20.7,9.42,13.69,0.09,2.33
2025-09-09,Piedade,Sudoeste,-23.717,-47.4142,25.07,32.96,16.42,39.03,9.66,4.45,9.21,0.01,4.69
2025-09-10,Piedade,Sudoeste,-23.717,-47.4142,20.62,31.45,12.38,54.72,24.26,10.46,7.5,0.03,1.66
2025-09-11,Piedade,Sudoeste,-23.717,-47.4142,21.22,33.26,11.78,51.41,24.64,10.64,5.93,0.01,1.83
2025-09-12,Piedade,Sudoeste,-23.717,-47.4142,18.67,27.71,12.39,61.36,18.67,8.44,9.56,0.01,3.62
2025-09-13,Piedade,Sudoeste,-23.717,-47.4142,18.64,27.93,12.93,63.97,22.46,9.95,10.39,0.01,3.45
2025-09-14,Piedade,Sudoeste,-23.717,-47.4142,19.8,30.66,12.86,62.59,23.44,10.31,10.43,0.0,2.76
2025-09-15,Piedade,Sudoeste,-23.717,-47.4142,21.28,32.69,12.78,58.99,23.2,10.27,10.16,0.06,2.21
2025-09-16,Piedade,Sudoeste,-23.717,-47.4142,21.75,31.13,14.69,63.79,11.86,5.48,13.14,0.32,2.13
2025-09-17,Piedade,Sudoeste,-23.717,-47.4142,19.83,28.74,14.07,67.34,22.93,10.23,12.22,0.52,2.95
2025-09-18,Piedade,Sudoeste,-23.717,-47.4142,20.26,29.91,13.32,67.29,24.25,10.67,12.23,0.28,2.84
2025-09-19,Piedade,Sudoeste,-23.717,-47.4142,21.54,31.77,13.64,62.87,19.98,8.86,12.44,0.02,1.9
2025-09-20,Piedade,Sudoeste,-23.717,-47.4142,25.72,34.34,16.83,48.37,22.69,10.17,12.68,0.16,1.98
2025-09-21,Piedade,Sudoeste,-23.717,-47.4142,26.32,33.58,20.5,52.33,17.07,7.84,14.97,9.8,3.55
2025-09-22,Piedade,Sudoeste,-23.717,-47.4142,23.33,32.02,14.9,68.08,5.29,2.63,16.3,19.42,4.34
2025-09-23,Piedade,Sudoeste,-23.717,-47.4142,18.75,26.96,13.32,71.11,19.33,8.66,12.39,1.04,2.26
2025-09-24,Piedade,Sudoeste,-23.717,-47.4142,17.2,25.05,12.44,76.08,15.76,7.29,12.46,0.56,3.77
2025-09-25,Piedade,Sudoeste,-23.717,-47.4142,16.07,21.71,12.99,77.14,13.97,6.52,11.72,0.5,4.3
2025-09-26,Piedade,Sudoeste,-23.717,-47.4142,16.12,22.76,12.29,71.41,21.95,9.85,10.26,0.3,3.75
2025-09-27,Piedade,Sudoeste,-23.717,-47.4142,18.46,28.12,11.31,62.52,25.62,11.39,9.71,0.02,2.25
2025-09-28,Piedade,Sudoeste,-23.717,-47.4142,21.1,31.99,10.61,58.85,18.16,8.17,10.67,0.0,1.57
2025-09-29,Piedade,Sudoeste,-23.717,-47.4142,23.71,33.67,15.53,55.35,24.8,11.12,12.62,0.0,1.89
2025-09-30,Piedade,Sudoeste,-23.717,-47.4142,24.5,35.34,14.36,54.36,23.69,10.57,11.96,0.0,1.44
2025-10-01,Piedade,Sudoeste,-23.717,-47.4142,22.82,32.06,16.43,59.53,13.38,6.12,12.91,0.0,2.73
2025-10-02,Piedade,Sudoeste,-23.717,-47.4142,21.29,28.45,15.87,67.05,13.13,6.07,14.02,0.04,2.76
2025-10-03,Piedade,Sudoeste,-23.717,-47.4142,23.08,32.85,16.62,65.3,18.52,8.47,14.73,2.47,2.47
2025-10-04,Piedade,Sudoeste,-23.717,-47.4142,21.99,28.5,16.81,65.45,10.62,5.08,14.21,1.13,2.34
2025-10-05,Piedade,Sudoeste,-23.717,-47.4142,25.95,35.19,17.74,46.65,25.9,11.63,11.97,0.01,1.99
2025-10-06,Piedade,Sudoeste,-23.717,-47.4142,27.16,37.04,18.25,45.17,19.27,8.78,12.4,0.02,2.67
2025-10-07,Piedade,Sudoeste,-23.717,-47.4142,20.69,28.46,14.93,70.62,10.46,4.93,14.64,1.69,4.13
2025-10-08,Piedade,Sudoeste,-23.717,-47.4142,17.4,23.46,14.39,76.68,12.34,5.83,12.91,5.81,4.09
2025-10-09,Piedade,Sudoeste,-23.717,-47.4142,18.2,24.42,14.36,74.45,12.5,5.9,13.19,1.72,3.61
2025-10-10,Piedade,Sudoeste,-23.717,-47.4142,19.15,26.72,14.83,79.34,8.88,4.37,15.16,11.9,2.57
2025-10-11,Piedade,Sudoeste,-23.717,-47.4142,21.76,29.97,14.87,70.74,21.09,9.67,15.32,0.31,1.86
2025-10-12,Piedade,Sudoeste,-23.717,-47.4142,23.14,31.23,16.45,63.3,15.61,7.29,14.61,0.54,2.42
2025-10-13,Piedade,Sudoeste,-23.717,-47.4142,21.23,26.56,17.59,75.43,6.7,3.37,16.44,2.7,2.61
2025-10-14,Piedade,Sudoeste,-23.717,-47.4142,22.0,30.14,16.41,70.95,20.83,9.52,15.56,0.48,2.47
2025-10-15,Piedade,Sudoeste,-23.717,-47.4142,21.93,32.08,14.65,62.34,25.57,11.53,13.01,0.0,2.69
2025-10-16,Piedade,Sudoeste,-23.717,-47.4142,23.65,34.74,14.86,60.44,25.7,11.56,13.65,0.01,2.47
2025-10-17,Piedade,Sudoeste,-23.717,-47.4142,25.59,36.6,16.92,59.82,22.1,10.12,15.08,17.39,1.8
2025-10-18,Piedade,Sudoeste,-23.717,-47.4142,21.55,26.7,14.9,83.35,5.44,2.82,18.37,9.0,2.7
2025-10-19,Piedade,Sudoeste,-23.717,-47.4142,15.24,20.78,11.14,75.42,15.61,7.22,10.55,2.84,4.78
2025-10-20,Piedade,Sudoeste,-23.717,-47.4142,14.95,21.7,10.13,67.71,26.69,11.78,8.19,0.29,4.05
2025-10-21,Piedade,Sudoeste,-23.717,-47.4142,16.39,24.88,9.88,58.79,29.12,12.78,7.09,0.0,3.75
2025-10-22,Piedade,Sudoeste,-23.717,-47.4142,17.74,26.6,11.64,62.2,29.4,12.99,8.84,0.0,3.38
2025-10-23,Piedade,Sudoeste,-23.717,-47.4142,18.93,28.59,11.96,61.53,29.72,13.14,9.44,0.0,2.83
2025-10-24,Piedade,Sudoeste,-23.717,-47.4142,20.18,29.64,12.07,58.02,29.29,12.94,9.34,0.0,1.7
2025-10-25,Piedade,Sudoeste,-23.717,-47.4142,23.14,32.3,12.83,53.64,26.73,12.0,11.38,0.0,1.91
2025-10-26,Piedade,Sudoeste,-23.717,-47.4142,24.33,33.88,16.19,50.23,24.66,11.08,11.6,0.0,1.83
2025-10-27,Piedade,Sudoeste,-23.717,-47.4142,22.35,29.43,17.2,63.05,5.76,2.96,13.97,1.79,1.84
2025-10-28,Piedade,Sudoeste,-23.717,-47.4142,22.55,29.55,17.1,74.78,8.07,4.01,17.14,12.12,1.6
2025-10-29,Piedade,Sudoeste,-23.717,-47.4142,22.77,30.31,15.33,76.09,15.51,7.39,17.63,7.13,3.08
2025-10-30,Piedade,Sudoeste,-23.717,-47.4142,18.57,24.65,14.65,77.2,10.83,5.31,14.16,4.54,2.63
2025-10-31,Piedade,Sudoeste,-23.717,-47.4142,19.99,27.86,14.28,75.74,11.49,5.66,14.98,3.01,2.29
2025-11-01,Piedade,Sudoeste,-23.717,-47.4142,22.66,30.6,15.1,71.64,21.02,9.72,16.38,5.22,1.45
2025-11-02,Piedade,Sudoeste,-23.717,-47.4142,22.4,27.08,18.51,84.19,4.28,2.27,19.43,20.21,2.33
2025-11-03,Piedade,Sudoeste,-23.717,-47.4142,22.97,27.71,19.36,82.51,14.73,7.1,19.54,2.45,1.74
2025-11-04,Piedade,Sudoeste,-23.717,-47.4142,23.91,30.96,17.57,73.77,21.7,10.07,18.29,1.75,1.41
2025-11-05,Piedade,Sudoeste,-23.717,-47.4142,23.96,29.9,18.56,75.53,14.19,6.87,18.81,0.41,2.26
2025-11-06,Piedade,Sudoeste,-23.717,-47.4142,20.29,26.97,14.45,72.86,19.04,8.79,14.59,1.08,3.38
2025-11-07,Piedade,Sudoeste,-23.717,-47.4142,22.27,31.9,12.43,63.61,28.72,12.96,13.76,0.17,2.0
2025-11-08,Piedade,Sudoeste,-23.717,-47.4142,22.16,28.41,15.18,80.38,13.22,6.4,18.5,20.21,4.08
2025-11-09,Piedade,Sudoeste,-23.717,-47.4142,18.64,25.9,14.0,72.06,21.69,9.89,12.88,0.53,3.52
2025-11-10,Piedade,Sudoeste,-23.717,-47.4142,18.29,26.92,12.36,64.75,29.62,13.15,10.44,0.01,3.14
2025-11-11,Piedade,Sudoeste,-23.717,-47.4142,19.96,30.68,11.41,61.65,30.49,13.62,10.95,0.0,2.49
2025-11-12,Piedade,Sudoeste,-23.717,-47.4142,22.88,32.81,14.05,61.19,28.88,13.12,13.51,0.03,1.79
2025-11-13,Piedade,Sudoeste,-23.717,-47.4142,22.92,32.12,16.4,63.77,12.4,6.1,14.69,0.01,2.32
2025-11-14,Piedade,Sudoeste,-23.717,-47.4142,21.81,28.23,17.23,66.64,17.7,8.3,14.8,0.05,2.27
2025-11-15,Piedade,Sudoeste,-23.717,-47.4142,22.15,30.08,16.76,68.77,18.97,8.86,15.33,0.48,2.24
2025-11-16,Piedade,Sudoeste,-23.717,-47.4142,22.07,26.78,18.05,77.93,11.22,5.58,17.77,1.87,1.72
2025-11-17,Piedade,Sudoeste,-23.717,-47.4142,23.9,30.09,19.61,76.11,12.98,6.3,18.73,9.84,2.57
2025-11-18,Piedade,Sudoeste,-23.717,-47.4142,21.9,26.96,15.56,73.12,12.59,6.11,16.45,8.21,3.3
2025-11-19,Piedade,Sudoeste,-23.717,-47.4142,20.47,29.2,12.88,56.63,30.48,13.51,9.99,0.0,2.38
2025-11-20,Piedade,Sudoeste,-23.717,-47.4142,20.04,28.46,13.92,63.31,29.86,13.35,11.71,0.01,3.19
2025-11-21,Piedade,Sudoeste,-23.717,-47.4142,22.71,32.66,12.34,58.34,29.45,13.27,12.53,0.0,1.74
2025-11-22,Piedade,Sudoeste,-23.717,-47.4142,25.25,33.25,18.67,55.07,24.31,11.03,14.31,0.3,1.86
2025-11-23,Piedade,Sudoeste,-23.717,-47.4142,22.37,30.15,17.44,73.17,21.1,9.68,16.55,7.88,2.36
2025-11-24,Piedade,Sudoeste,-23.717,-47.4142,20.45,26.08,17.38,81.05,13.16,6.43,16.75,3.69,1.92
2025-11-25,Piedade,Sudoeste,-23.717,-47.4142,20.65,27.99,15.25,69.55,24.86,11.33,13.89,0.99,2.87
2025-11-26,Piedade,Sudoeste,-23.717,-47.4142,20.03,28.64,13.07,66.43,29.91,13.32,12.33,0.0,2.77
2025-11-27,Piedade,Sudoeste,-23.717,-47.4142,20.45,30.17,11.83,62.28,29.35,12.93,11.06,0.0,2.24
2025-11-28,Piedade,Sudoeste,-23.717,-47.4142,23.11,33.06,13.49,58.71,29.36,12.95,12.39,0.17,1.67
2025-11-29,Piedade,Sudoeste,-23.717,-47.4142,25.22,34.4,16.94,50.25,30.03,13.56,12.39,0.1,1.64
2025-11-30,Piedade,Sudoeste,-23.717,-47.4142,25.57,36.01,15.45,52.53,29.64,13.4,12.87,0.0,1.73
2025-12-01,Piedade,Sudoeste,-23.717,-47.4142,26.21,35.55,17.44,57.64,18.89,8.69,15.47,0.13,2.29
2025-12-02,Piedade,Sudoeste,-23.717,-47.4142,25.04,31.01,20.33,67.15,15.86,7.52,17.88,4.33,1.96
2025-12-03,Piedade,Sudoeste,-23.717,-47.4142,24.45,31.91,19.15,67.97,22.86,10.56,17.22,1.24,1.85
2025-12-04,Piedade,Sudoeste,-23.717,-47.4142,22.96,31.2,16.85,61.64,26.84,12.24,14.21,0.1,3.31
2025-12-05,Piedade,Sudoeste,-23.717,-47.4142,23.44,33.59,15.38,59.16,29.06,12.98,12.79,0.0,2.19
2025-12-06,Piedade,Sudoeste,-23.717,-47.4142,25.23,34.98,15.97,59.66,27.41,12.49,14.91,0.0,1.94
2025-12-07,Piedade,Sudoeste,-23.717,-47.4142,26.35,35.08,19.14,59.55,24.6,11.33,16.36,0.0,1.82
2025-12-08,Piedade,Sudoeste,-23.717,-47.4142,23.71,26.77,21.29,75.42,16.98,8.08,18.91,8.51,1.69
2025-12-09,Piedade,Sudoeste,-23.717,-47.4142,21.46,22.92,20.14,89.04,5.18,2.75,19.54,20.18,4.66
2025-12-10,Piedade,Sudoeste,-23.717,-47.4142,23.31,29.19,17.69,67.39,23.33,10.77,16.17,6.83,5.68
2025-12-11,Piedade,Sudoeste,-23.717,-47.4142,23.76,31.34,17.61,58.87,30.3,13.66,14.22,0.05,3.63
2025-12-12,Piedade,Sudoeste,-23.717,-47.4142,23.77,31.62,16.93,70.44,9.51,4.65,17.41,1.47,2.18
2025-12-13,Piedade,Sudoeste,-23.717,-47.4142,22.84,25.61,20.96,90.16,12.3,6.04,21.09,41.18,2.98
2025-12-14,Piedade,Sudoeste,-23.717,-47.4142,23.75,28.34,20.38,82.7,14.69,7.08,20.35,0.72,2.33
2025-12-15,Piedade,Sudoeste,-23.717,-47.4142,25.08,30.06,20.43,77.49,22.37,10.53,20.49,0.34,1.62
2025-12-16,Piedade,Sudoeste,-23.717,-47.4142,24.46,29.36,19.37,80.65,17.47,8.3,20.54,6.21,2.41
2025-12-17,Piedade,Sudoeste,-23.717,-47.4142,19.26,24.15,14.81,73.93,14.21,6.9,14.2,0.56,4.25
2025-12-18,Piedade,Sudoeste,-23.717,-47.4142,20.74,28.38,14.3,73.49,15.04,7.26,15.41,0.07,2.4
2025-12-19,Piedade,Sudoeste,-23.717,-47.4142,23.14,31.56,16.87,72.1,18.37,8.6,17.17,0.11,2.25
2025-12-20,Piedade,Sudoeste,-23.717,-47.4142,24.1,31.84,17.22,70.02,25.55,11.75,17.44,0.19,1.98
2025-12-21,Piedade,Sudoeste,-23.717,-47.4142,25.61,33.65,17.97,61.59,29.42,13.34,16.21,0.03,1.54
2025-12-22,Piedade,Sudoeste,-23.717,-47.4142,27.02,34.2,20.23,57.77,29.99,13.76,16.95,0.22,2.0
2025-12-23,Piedade,Sudoeste,-23.717,-47.4142,27.59,34.66,21.72,57.18,26.57,12.29,17.38,0.2,1.99
2025-12-24,Piedade,Sudoeste,-23.717,-47.4142,29.01,36.5,21.1,52.16,28.28,12.97,16.7,0.0,1.42
2025-12-25,Piedade,Sudoeste,-23.717,-47.4142,29.97,37.38,22.25,52.98,27.89,12.85,18.04,0.45,1.21
2025-12-26,Piedade,Sudoeste,-23.717,-47.4142,29.81,36.95,23.33,56.42,25.79,12.0,18.91,1.68,1.05
2025-12-27,Piedade,Sudoeste,-23.717,-47.4142,29.38,37.14,21.83,58.35,26.82,12.55,19.1,1.76,1.05
2025-12-28,Piedade,Sudoeste,-23.717,-47.4142,28.75,35.33,23.18,61.89,28.12,13.05,19.76,14.59,1.12
2025-12-29,Piedade,Sudoeste,-23.717,-47.4142,27.87,34.53,22.2,68.17,27.21,12.55,20.49,8.52,0.96
2025-12-30,Piedade,Sudoeste,-23.717,-47.4142,27.68,33.83,21.55,68.68,26.68,12.38,20.53,3.37,1.26
2025-12-31,Piedade,Sudoeste,-23.717,-47.4142,26.87,32.5,22.2,70.53,20.53,9.71,20.4,5.19,1.62
