data,cidade,polo,latitude,longitude,T2M,T2M_MAX,T2M_MIN,RH2M,ALLSKY_SFC_SW_DWN,ALLSKY_SFC_PAR_TOT,T2MDEW,PRECTOTCORR,WS2M
2015-01-01,Mogi das Cruzes,Alto Tiete,-23.5217,-46.186,25.3,30.05,21.42,74.12,26.83,12.54,20.02,1.87,2.73
2015-01-02,Mogi das Cruzes,Alto Tiete,-23.5217,-46.186,25.1,29.42,21.64,78.51,23.01,10.81,20.77,2.82,3.01
2015-01-03,Mogi das Cruzes,Alto Tiete,-23.5217,-46.186,23.05,26.36,21.11,89.97,15.57,7.45,21.24,5.97,2.04
2015-01-04,Mogi das Cruzes,Alto Tiete,-23.5217,-46.186,23.22,27.26,20.52,85.44,12.64,6.19,20.41,2.0,1.55
2015-01-05,Mogi das Cruzes,Alto Tiete,-23.5217,-46.186,22.41,25.44,20.22,88.11,17.36,8.32,20.23,11.8,1.92
2015-01-06,Mogi das Cruzes,Alto Tiete,-23.5217,-46.186,23.33,28.97,19.09,82.39,22.43,10.52,19.82,9.24,1.62
2015-01-07,Mogi das Cruzes,Alto Tiete,-23.5217,-46.186,25.18,31.44,20.25,76.41,27.63,12.83,20.15,12.72,1.12
2015-01-08,Mogi das Cruzes,Alto Tiete,-23.5217,-46.186,25.32,31.46,20.01,75.49,28.52,13.18,20.13,4.53,1.15
2015-01-09,Mogi das Cruzes,Alto Tiete,-23.5217,-46.186,26.77,33.07,21.36,69.02,29.45,13.56,19.99,0.34,1.16
2015-01-10,Mogi das Cruzes,Alto Tiete,-23.5217,-46.186,26.69,33.05,21.55,68.7,27.91,12.85,19.93,1.48,1.7
2015-01-11,Mogi das Cruzes,Alto Tiete,-23.5217,-46.186,27.29,34.42,21.45,64.86,26.5,12.18,19.42,3.13,1.1
2015-01-12,Mogi das Cruzes,Alto Tiete,-23.5217,-46.186,27.46,33.57,21.68,69.57,27.09,12.54,20.63,2.92,1.55
2015-01-13,Mogi das Cruzes,Alto Tiete,-23.5217,-46.186,26.98,33.25,22.24,68.12,28.1,12.87,19.91,2.19,1.44
2015-01-14,Mogi das Cruzes,Alto Tiete,-23.5217,-46.186,26.21,31.35,21.62,69.41,20.66,9.61,19.6,4.46,0.99
2015-01-15,Mogi das Cruzes,Alto Tiete,-23.5217,-46.186,25.06,30.4,21.78,77.23,25.49,11.68,20.37,1.75,1.91
2015-01-16,Mogi das Cruzes,Alto Tiete,-23.5217,-46.186,25.4,32.08,21.16,74.59,26.22,12.07,19.8,0.14,1.83
2015-01-17,Mogi das Cruzes,Alto Tiete,-23.5217,-46.186,26.95,35.21,19.68,62.18,28.67,13.06,17.48,0.01,1.44
2015-01-18,Mogi das Cruzes,Alto Tiete,-23.5217,-46.186,27.07,35.1,21.25,59.6,26.08,11.96,17.09,0.37,1.35
2015-01-19,Mogi das Cruzes,Alto Tiete,-23.5217,-46.186,26.69,35.2,19.73,59.09,29.37,13.4,16.04,0.45,2.06
2015-01-20,Mogi das Cruzes,Alto Tiete,-23.5217,-46.186,25.91,34.06,20.26,64.31,25.83,11.86,17.13,1.28,1.61
2015-01-21,Mogi das Cruzes,Alto Tiete,-23.5217,-46.186,24.4,31.65,20.97,77.23,16.37,7.73,19.42,5.94,1.97
2015-01-22,Mogi das Cruzes,Alto Tiete,-23.5217,-46.186,21.93,24.57,20.38,90.36,16.16,7.71,20.23,13.17,3.34
2015-01-23,Mogi das Cruzes,Alto Tiete,-23.5217,-46.186,21.89,25.63,19.8,86.26,18.97,8.91,19.3,3.08,2.37
2015-01-24,Mogi das Cruzes,Alto Tiete,-23.5217,-46.186,23.03,29.08,19.03,79.74,20.99,9.83,18.85,3.45,1.56
2015-01-25,Mogi das Cruzes,Alto Tiete,-23.5217,-46.186,22.62,27.36,18.12,79.12,28.42,13.12,18.55,10.47,1.79
2015-01-26,Mogi das Cruzes,Alto Tiete,-23.5217,-46.186,23.26,26.95,19.77,78.66,19.93,9.31,19.1,5.36,1.55
2015-01-27,Mogi das Cruzes,Alto Tiete,-23.5217,-46.186,23.84,28.17,19.4,77.34,20.09,9.36,19.32,5.12,1.52
2015-01-28,Mogi das Cruzes,Alto Tiete,-23.5217,-46.186,24.27,28.92,20.01,74.77,20.88,9.75,19.12,2.08,1.88
2015-01-29,Mogi das Cruzes,Alto Tiete,-23.5217,-46.186,23.91,28.12,20.61,76.25,20.96,9.83,19.2,0.35,3.46
2015-01-30,Mogi das Cruzes,Alto Tiete,-23.5217,-46.186,22.15,25.43,20.41,88.44,15.71,7.51,20.09,5.46,2.84
2015-01-31,Mogi das Cruzes,Alto Tiete,-23.5217,-46.186,22.02,26.34,19.78,87.03,13.53,6.47,19.6,3.28,3.33
2015-02-01,Mogi das Cruzes,Alto Tiete,-23.5217,-46.186,22.67,28.65,19.21,86.57,16.75,8.03,20.08,6.36,2.68
2015-02-02,Mogi das Cruzes,Alto Tiete,-23.5217,-46.186,21.5,25.42,19.06,90.27,14.03,6.8,19.76,5.64,2.19
2015-02-03,Mogi das Cruzes,Alto Tiete,-23.5217,-46.186,22.95,29.2,18.55,77.54,26.55,12.22,18.2,3.24,1.46
2015-02-04,Mogi das Cruzes,Alto Tiete,-23.5217,-46.186,21.66,25.02,19.39,83.7,10.64,5.26,18.63,3.67,1.57
2015-02-05,Mogi das Cruzes,Alto Tiete,-23.5217,-46.186,20.73,24.57,18.06,88.74,5.76,3.03,18.72,24.93,3.51
2015-02-06,Mogi das Cruzes,Alto Tiete,-23.5217,-46.186,21.23,26.26,18.08,84.54,18.58,8.76,18.29,20.02,1.57
2015-02-07,Mogi das Cruzes,Alto Tiete,-23.5217,-46.186,20.93,25.82,17.39,85.38,22.71,10.44,18.19,3.18,1.15
2015-02-08,Mogi das Cruzes,Alto Tiete,-23.5217,-46.186,22.1,27.28,17.81,83.91,22.69,10.43,18.97,1.77,2.09
2015-02-09,Mogi das Cruzes,Alto Tiete,-23.5217,-46.186,22.65,28.85,18.28,84.89,22.55,10.49,19.75,0.81,2.13
2015-02-10,Mogi das Cruzes,Alto Tiete,-23.5217,-46.186,24.17,29.25,20.5,82.72,18.68,8.86,20.74,5.44,1.61
2015-02-11,Mogi das Cruzes,Alto Tiete,-23.5217,-46.186,25.18,30.31,20.46,78.67,23.35,10.86,20.84,1.42,1.58
2015-02-12,Mogi das Cruzes,Alto Tiete,-23.5217,-46.186,25.25,29.52,21.87,80.83,25.92,12.07,21.54,0.61,1.56
2015-02-13,Mogi das Cruzes,Alto Tiete,-23.5217,-46.186,24.54,28.18,21.51,81.05,16.5,7.75,20.88,0.2,1.46
2015-02-14,Mogi das Cruzes,Alto Tiete,-23.5217,-46.186,23.25,27.17,21.03,86.79,21.14,9.83,20.78,0.31,1.49
2015-02-15,Mogi das Cruzes,Alto Tiete,-23.5217,-46.186,22.72,27.53,20.06,84.31,14.87,7.13,19.65,1.51,1.49
2015-02-16,Mogi das Cruzes,Alto Tiete,-23.5217,-46.186,22.09,27.25,19.06,82.88,13.33,6.48,18.67,1.1,1.39
2015-02-17,Mogi das Cruzes,Alto Tiete,-23.5217,-46.186,22.84,27.65,19.96,81.68,13.51,6.5,19.25,12.12,1.45
2015-02-18,Mogi das Cruzes,Alto Tiete,-23.5217,-46.186,22.16,25.23,20.2,86.28,10.23,5.11,19.64,9.87,2.23
2015-02-19,Mogi das Cruzes,Alto Tiete,-23.5217,-46.186,23.21,27.67,19.31,81.4,17.88,8.42,19.6,0.93,2.54
2015-02-20,Mogi das Cruzes,Alto Tiete,-23.5217,-46.186,23.7,27.58,20.72,81.45,16.21,7.62,20.1,0.16,1.72
2015-02-21,Mogi das Cruzes,Alto Tiete,-23.5217,-46.186,24.18,29.73,20.03,80.74,22.68,10.3,20.19,0.09,1.97
2015-02-22,Mogi das Cruzes,Alto Tiete,-23.5217,-46.186,23.56,29.8,19.07,79.51,25.19,11.4,19.24,0.15,2.6
2015-02-23,Mogi das Cruzes,Alto Tiete,-23.5217,-46.186,24.18,30.29,19.45,77.95,25.62,11.8,19.43,2.23,2.07
2015-02-24,Mogi das Cruzes,Alto Tiete,-23.5217,-46.186,23.44,27.74,19.92,80.8,20.54,9.57,19.66,5.88,1.6
2015-02-25,Mogi das Cruzes,Alto Tiete,-23.5217,-46.186,22.0,25.66,19.31,84.18,17.17,8.12,19.08,10.49,2.12
2015-02-26,Mogi das Cruzes,Alto Tiete,-23.5217,-46.186,22.82,27.38,19.1,81.68,23.68,11.0,19.27,2.76,1.48
2015-02-27,Mogi das Cruzes,Alto Tiete,-23.5217,-46.186,23.87,29.57,18.86,77.75,19.85,9.29,19.33,1.78,1.41
2015-02-28,Mogi das Cruzes,Alto Tiete,-23.5217,-46.186,21.72,25.61,18.94,87.23,13.31,6.39,19.39,9.57,3.14
2015-03-01,Mogi das Cruzes,Alto Tiete,-23.5217,-46.186,21.09,26.3,18.17,81.61,21.11,9.59,17.52,1.37,3.79
2015-03-02,Mogi das Cruzes,Alto Tiete,-23.5217,-46.186,21.32,27.74,16.44,78.14,26.37,11.84,16.86,0.01,2.87
2015-03-03,Mogi das Cruzes,Alto Tiete,-23.5217,-46.186,21.9,27.09,17.87,81.93,22.88,10.38,18.3,0.04,2.08
2015-03-04,Mogi das Cruzes,Alto Tiete,-23.5217,-46.186,23.19,29.14,18.53,80.16,22.8,10.46,19.07,0.41,1.84
2015-03-05,Mogi das Cruzes,Alto Tiete,-23.5217,-46.186,24.26,31.12,19.51,77.25,22.19,10.15,19.32,0.13,1.38
2015-03-06,Mogi das Cruzes,Alto Tiete,-23.5217,-46.186,22.89,27.3,20.05,81.76,15.88,7.47,19.27,3.79,1.38
2015-03-07,Mogi das Cruzes,Alto Tiete,-23.5217,-46.186,21.95,25.43,19.65,84.26,10.84,5.32,19.0,26.05,0.84
2015-03-08,Mogi das Cruzes,Alto Tiete,-23.5217,-46.186,21.4,24.25,19.65,91.76,11.26,5.53,19.97,9.97,1.78
2015-03-09,Mogi das Cruzes,Alto Tiete,-23.5217,-46.186,21.46,23.99,19.28,87.37,8.65,4.37,19.21,13.04,1.6
2015-03-10,Mogi das Cruzes,Alto Tiete,-23.5217,-46.186,22.39,27.93,18.52,85.78,14.75,7.03,19.71,5.31,1.89
2015-03-11,Mogi das Cruzes,Alto Tiete,-23.5217,-46.186,23.21,28.22,18.97,83.81,19.29,8.94,20.04,2.36,1.99
2015-03-12,Mogi das Cruzes,Alto Tiete,-23.5217,-46.186,22.97,26.86,19.99,84.96,12.18,5.92,20.14,3.28,1.69
2015-03-13,Mogi das Cruzes,Alto Tiete,-23.5217,-46.186,22.62,26.97,19.55,83.0,15.52,7.35,19.41,9.04,1.35
2015-03-14,Mogi das Cruzes,Alto Tiete,-23.5217,-46.186,21.91,26.35,18.56,86.07,12.7,6.07,19.3,4.34,1.21
2015-03-15,Mogi das Cruzes,Alto Tiete,-23.5217,-46.186,22.55,27.05,19.3,86.48,9.76,4.81,20.02,10.7,0.98
2015-03-16,Mogi das Cruzes,Alto Tiete,-23.5217,-46.186,22.02,26.3,18.75,85.86,15.17,7.12,19.36,18.76,1.28
2015-03-17,Mogi das Cruzes,Alto Tiete,-23.5217,-46.186,20.91,24.99,18.33,84.95,12.83,6.19,18.15,4.03,1.83
2015-03-18,Mogi das Cruzes,Alto Tiete,-23.5217,-46.186,20.6,23.75,18.82,90.85,9.93,4.92,19.0,6.96,1.98
2015-03-19,Mogi das Cruzes,Alto Tiete,-23.5217,-46.186,20.54,23.48,18.85,91.65,12.59,6.06,19.08,4.95,2.33
2015-03-20,Mogi das Cruzes,Alto Tiete,-23.5217,-46.186,20.62,23.24,18.45,90.07,15.54,7.33,18.86,9.27,0.96
2015-03-21,Mogi das Cruzes,Alto Tiete,-23.5217,-46.186,20.99,25.65,16.26,82.87,10.83,5.17,17.75,7.02,1.34
2015-03-22,Mogi das Cruzes,Alto Tiete,-23.5217,-46.186,20.29,24.34,17.89,89.3,11.2,5.44,18.35,12.35,2.14
2015-03-23,Mogi das Cruzes,Alto Tiete,-23.5217,-46.186,19.59,23.35,17.32,89.62,14.71,6.88,17.74,3.85,2.7
2015-03-24,Mogi das Cruzes,Alto Tiete,-23.5217,-46.186,20.01,24.93,17.02,86.92,18.17,8.31,17.59,0.33,2.75
2015-03-25,Mogi das Cruzes,Alto Tiete,-23.5217,-46.186,20.17,25.36,16.74,85.7,22.42,10.24,17.5,0.05,2.26
2015-03-26,Mogi das Cruzes,Alto Tiete,-23.5217,-46.186,21.68,28.19,16.65,82.36,22.19,10.02,18.1,0.0,1.32
2015-03-27,Mogi das Cruzes,Alto Tiete,-23.5217,-46.186,21.81,27.2,18.65,83.82,22.28,10.17,18.67,0.05,1.21
2015-03-28,Mogi das Cruzes,Alto Tiete,-23.5217,-46.186,21.77,26.37,18.52,86.32,15.89,7.35,19.21,1.11,1.56
2015-03-29,Mogi das Cruzes,Alto Tiete,-23.5217,-46.186,21.84,27.43,18.89,88.44,9.71,4.77,19.68,10.58,1.88
2015-03-30,Mogi das Cruzes,Alto Tiete,-23.5217,-46.186,22.73,27.66,18.89,86.35,9.71,4.82,20.15,4.31,1.47
2015-03-31,Mogi das Cruzes,Alto Tiete,-23.5217,-46.186,22.55,27.01,19.64,87.37,17.84,8.15,20.18,0.7,2.25
2015-04-01,Mogi das Cruzes,Alto Tiete,-23.5217,-46.186,21.29,26.09,18.16,84.11,18.96,8.59,18.26,0.02,1.7
2015-04-02,Mogi das Cruzes,Alto Tiete,-23.5217,-46.186,20.0,24.65,16.06,84.18,21.24,9.63,17.01,0.03,2.16
2015-04-03,Mogi das Cruzes,Alto Tiete,-23.5217,-46.186,19.63,25.52,15.52,85.22,18.79,8.49,16.83,0.08,2.38
2015-04-04,Mogi das Cruzes,Alto Tiete,-23.5217,-46.186,21.31,27.52,16.51,83.59,19.37,8.89,18.09,0.34,1.51
2015-04-05,Mogi das Cruzes,Alto Tiete,-23.5217,-46.186,22.88,27.9,19.34,84.2,12.04,5.75,19.86,3.45,2.64
2015-04-06,Mogi das Cruzes,Alto Tiete,-23.5217,-46.186,21.32,25.86,17.58,85.9,15.18,7.06,18.71,3.15,4.21
2015-04-07,Mogi das Cruzes,Alto Tiete,-23.5217,-46.186,17.97,21.12,14.9,84.46,11.83,5.52,15.16,2.1,3.59
2015-04-08,Mogi das Cruzes,Alto Tiete,-23.5217,-46.186,18.12,23.17,14.23,79.8,17.91,8.18,14.4,0.03,2.56
2015-04-09,Mogi das Cruzes,Alto Tiete,-23.5217,-46.186,19.11,24.55,15.23,85.64,18.13,8.23,16.39,0.11,2.17
2015-04-10,Mogi das Cruzes,Alto Tiete,-23.5217,-46.186,19.47,25.02,15.92,85.41,15.59,7.12,16.71,0.05,2.28
2015-04-11,Mogi das Cruzes,Alto Tiete,-23.5217,-46.186,19.82,26.01,15.51,83.74,18.14,8.2,16.61,0.02,1.6
2015-04-12,Mogi das Cruzes,Alto Tiete,-23.5217,-46.186,20.11,26.49,15.64,84.02,15.37,6.95,16.92,0.02,1.66
2015-04-13,Mogi das Cruzes,Alto Tiete,-23.5217,-46.186,20.06,25.25,16.59,85.74,14.1,6.47,17.4,0.03,1.89
2015-04-14,Mogi das Cruzes,Alto Tiete,-23.5217,-46.186,20.5,25.79,16.84,84.77,14.77,6.75,17.55,0.56,1.65
2015-04-15,Mogi das Cruzes,Alto Tiete,-23.5217,-46.186,21.72,27.73,16.99,83.51,14.29,6.69,18.48,12.56,1.04
2015-04-16,Mogi das Cruzes,Alto Tiete,-23.5217,-46.186,20.89,25.62,18.06,89.18,11.35,5.32,18.92,8.91,2.09
2015-04-17,Mogi das Cruzes,Alto Tiete,-23.5217,-46.186,20.45,25.3,17.22,87.92,16.57,7.56,18.2,0.93,1.9
2015-04-18,Mogi das Cruzes,Alto Tiete,-23.5217,-46.186,21.97,28.09,17.16,84.99,16.51,7.66,19.08,0.2,1.67
2015-04-19,Mogi das Cruzes,Alto Tiete,-23.5217,-46.186,22.33,26.42,19.29,88.12,10.23,4.84,20.13,7.33,0.96
2015-04-20,Mogi das Cruzes,Alto Tiete,-23.5217,-46.186,23.39,28.68,19.22,82.66,16.87,7.85,20.02,0.56,0.93
2015-04-21,Mogi das Cruzes,Alto Tiete,-23.5217,-46.186,21.9,26.09,18.97,87.25,12.35,5.79,19.61,2.48,2.76
2015-04-22,Mogi das Cruzes,Alto Tiete,-23.5217,-46.186,20.21,24.28,18.01,90.64,6.85,3.38,18.55,10.83,2.71
2015-04-23,Mogi das Cruzes,Alto Tiete,-23.5217,-46.186,19.78,23.74,17.96,91.3,10.45,4.98,18.27,1.53,2.8
2015-04-24,Mogi das Cruzes,Alto Tiete,-23.5217,-46.186,21.03,26.79,17.15,87.13,14.76,6.74,18.54,0.53,1.68
2015-04-25,Mogi das Cruzes,Alto Tiete,-23.5217,-46.186,18.46,22.05,15.89,87.95,14.89,6.76,16.26,1.1,2.73
2015-04-26,Mogi das Cruzes,Alto Tiete,-23.5217,-46.186,18.67,23.23,15.88,87.37,15.22,6.95,16.33,0.54,2.59
2015-04-27,Mogi das Cruzes,Alto Tiete,-23.5217,-46.186,19.29,25.23,15.03,84.38,17.89,8.08,16.26,0.06,1.75
2015-04-28,Mogi das Cruzes,Alto Tiete,-23.5217,-46.186,19.55,25.69,14.8,82.8,16.32,7.32,16.05,0.57,1.69
2015-04-29,Mogi das Cruzes,Alto Tiete,-23.5217,-46.186,18.14,21.98,15.99,89.69,12.95,5.93,16.3,3.33,2.75
2015-04-30,Mogi das Cruzes,Alto Tiete,-23.5217,-46.186,16.91,20.44,14.46,89.24,10.46,4.86,15.02,1.91,2.86
2015-05-01,Mogi das Cruzes,Alto Tiete,-23.5217,-46.186,16.85,22.24,13.47,86.07,14.78,6.73,14.29,0.32,1.84
2015-05-02,Mogi das Cruzes,Alto Tiete,-23.5217,-46.186,18.41,25.12,13.69,83.32,15.59,7.09,15.08,0.06,1.22
2015-05-03,Mogi das Cruzes,Alto Tiete,-23.5217,-46.186,20.72,26.92,15.55,78.67,13.73,6.27,16.46,0.47,2.03
2015-05-04,Mogi das Cruzes,Alto Tiete,-23.5217,-46.186,20.44,26.16,17.24,81.18,5.99,2.97,16.89,4.15,3.99
2015-05-05,Mogi das Cruzes,Alto Tiete,-23.5217,-46.186,18.27,22.73,16.0,89.02,7.68,3.64,16.29,1.81,2.95
2015-05-06,Mogi das Cruzes,Alto Tiete,-23.5217,-46.186,17.73,22.8,14.89,87.97,7.77,3.7,15.55,0.06,2.17
2015-05-07,Mogi das Cruzes,Alto Tiete,-23.5217,-46.186,17.0,21.64,14.25,86.17,13.97,6.31,14.47,0.39,2.73
2015-05-08,Mogi das Cruzes,Alto Tiete,-23.5217,-46.186,15.56,18.89,13.57,83.82,10.13,4.71,12.71,0.19,2.84
2015-05-09,Mogi das Cruzes,Alto Tiete,-23.5217,-46.186,17.25,25.06,11.66,81.5,17.81,8.01,13.57,0.0,1.56
2015-05-10,Mogi das Cruzes,Alto Tiete,-23.5217,-46.186,18.75,25.7,13.06,85.13,7.0,3.38,15.9,8.13,1.58
2015-05-11,Mogi das Cruzes,Alto Tiete,-23.5217,-46.186,18.71,22.59,14.93,88.47,7.34,3.52,16.66,7.22,3.22
2015-05-12,Mogi das Cruzes,Alto Tiete,-23.5217,-46.186,16.74,21.88,11.43,87.13,13.2,6.01,14.4,0.92,2.45
2015-05-13,Mogi das Cruzes,Alto Tiete,-23.5217,-46.186,16.98,21.04,14.72,89.21,9.69,4.5,15.05,0.89,2.74
2015-05-14,Mogi das Cruzes,Alto Tiete,-23.5217,-46.186,16.96,21.47,14.83,87.83,10.47,4.82,14.75,0.27,2.69
2015-05-15,Mogi das Cruzes,Alto Tiete,-23.5217,-46.186,16.58,21.31,12.5,85.16,11.09,5.08,13.81,0.01,2.23
2015-05-16,Mogi das Cruzes,Alto Tiete,-23.5217,-46.186,16.62,23.42,10.57,82.31,16.5,7.42,13.34,0.0,1.84
2015-05-17,Mogi das Cruzes,Alto Tiete,-23.5217,-46.186,17.99,23.73,13.83,85.69,12.91,5.89,15.3,0.01,1.77
2015-05-18,Mogi das Cruzes,Alto Tiete,-23.5217,-46.186,18.22,22.11,15.85,87.38,8.9,4.17,15.93,0.46,0.91
2015-05-19,Mogi das Cruzes,Alto Tiete,-23.5217,-46.186,18.12,22.18,15.6,88.97,7.98,3.79,16.1,0.88,1.88
2015-05-20,Mogi das Cruzes,Alto Tiete,-23.5217,-46.186,18.43,23.37,15.52,85.87,12.26,5.62,15.77,0.22,1.83
2015-05-21,Mogi das Cruzes,Alto Tiete,-23.5217,-46.186,19.05,24.85,15.49,84.45,14.41,6.61,16.14,0.07,1.95
2015-05-22,Mogi das Cruzes,Alto Tiete,-23.5217,-46.186,19.5,26.3,14.02,80.79,15.17,6.98,15.68,0.0,1.09
2015-05-23,Mogi das Cruzes,Alto Tiete,-23.5217,-46.186,19.47,24.89,15.12,78.44,12.74,5.85,15.24,0.0,1.72
2015-05-24,Mogi das Cruzes,Alto Tiete,-23.5217,-46.186,20.75,27.35,15.98,74.99,14.59,6.69,15.76,0.0,3.05
2015-05-25,Mogi das Cruzes,Alto Tiete,-23.5217,-46.186,22.1,27.49,16.85,71.27,13.89,6.4,16.29,0.03,1.71
2015-05-26,Mogi das Cruzes,Alto Tiete,-23.5217,-46.186,20.89,25.99,17.85,83.12,8.5,3.98,17.73,0.77,1.28
2015-05-27,Mogi das Cruzes,Alto Tiete,-23.5217,-46.186,21.87,28.08,17.57,76.75,12.82,5.92,17.04,0.55,1.31
2015-05-28,Mogi das Cruzes,Alto Tiete,-23.5217,-46.186,18.98,23.11,15.63,78.35,3.14,1.65,14.97,2.74,4.01
2015-05-29,Mogi das Cruzes,Alto Tiete,-23.5217,-46.186,16.72,20.62,13.88,87.39,10.14,4.6,14.47,4.65,1.64
2015-05-30,Mogi das Cruzes,Alto Tiete,-23.5217,-46.186,16.4,22.56,10.89,74.37,13.36,5.96,11.17,0.32,1.69
2015-05-31,Mogi das Cruzes,Alto Tiete,-23.5217,-46.186,16.56,20.53,13.15,88.62,3.83,1.94,14.61,5.15,0.93
2015-06-01,Mogi das Cruzes,Alto Tiete,-23.5217,-46.186,17.0,21.56,14.78,90.4,4.23,2.1,15.29,0.81,2.17
2015-06-02,Mogi das Cruzes,Alto Tiete,-23.5217,-46.186,16.48,20.4,14.51,88.71,4.07,2.03,14.49,0.19,2.63
2015-06-03,Mogi das Cruzes,Alto Tiete,-23.5217,-46.186,17.21,22.67,13.39,86.38,10.98,5.01,14.74,0.03,1.7
2015-06-04,Mogi das Cruzes,Alto Tiete,-23.5217,-46.186,18.33,25.51,13.24,83.45,13.2,5.98,15.34,0.03,1.45
2015-06-05,Mogi das Cruzes,Alto Tiete,-23.5217,-46.186,18.62,25.86,13.84,78.77,14.54,6.56,14.08,0.01,1.08
2015-06-06,Mogi das Cruzes,Alto Tiete,-23.5217,-46.186,19.09,26.5,13.0,73.12,15.1,6.8,13.59,0.01,1.81
2015-06-07,Mogi das Cruzes,Alto Tiete,-23.5217,-46.186,20.14,26.79,14.93,73.94,12.52,5.68,14.84,0.0,2.32
2015-06-08,Mogi das Cruzes,Alto Tiete,-23.5217,-46.186,20.29,27.17,14.11,68.61,15.18,6.8,13.73,0.0,1.36
2015-06-09,Mogi das Cruzes,Alto Tiete,-23.5217,-46.186,19.55,26.75,13.97,65.97,15.17,6.72,12.37,0.0,1.49
2015-06-10,Mogi das Cruzes,Alto Tiete,-23.5217,-46.186,19.12,26.35,13.92,66.34,14.5,6.53,12.05,0.01,2.42
2015-06-11,Mogi das Cruzes,Alto Tiete,-23.5217,-46.186,20.2,27.39,15.07,64.36,15.77,7.13,12.74,0.0,3.2
2015-06-12,Mogi das Cruzes,Alto Tiete,-23.5217,-46.186,17.83,20.95,15.62,86.28,3.87,1.95,15.42,1.34,2.5
2015-06-13,Mogi das Cruzes,Alto Tiete,-23.5217,-46.186,19.99,27.91,14.66,72.95,15.08,6.87,14.14,0.01,2.82
2015-06-14,Mogi das Cruzes,Alto Tiete,-23.5217,-46.186,21.03,27.68,15.54,67.4,14.79,6.71,14.33,0.0,4.9
2015-06-15,Mogi das Cruzes,Alto Tiete,-23.5217,-46.186,16.21,18.79,13.1,90.22,2.4,1.28,14.59,5.82,2.43
2015-06-16,Mogi das Cruzes,Alto Tiete,-23.5217,-46.186,15.25,20.94,12.27,83.37,7.81,3.63,12.07,0.24,1.87
2015-06-17,Mogi das Cruzes,Alto Tiete,-23.5217,-46.186,18.52,24.98,13.08,83.7,9.98,4.65,15.51,0.02,1.42
2015-06-18,Mogi das Cruzes,Alto Tiete,-23.5217,-46.186,20.56,28.16,15.2,79.07,13.15,5.96,16.19,2.41,3.69
2015-06-19,Mogi das Cruzes,Alto Tiete,-23.5217,-46.186,14.6,16.02,13.25,92.44,6.47,3.11,13.39,5.8,4.0
2015-06-20,Mogi das Cruzes,Alto Tiete,-23.5217,-46.186,14.94,19.34,12.73,87.8,11.3,5.14,12.77,0.68,3.0
2015-06-21,Mogi das Cruzes,Alto Tiete,-23.5217,-46.186,16.71,24.84,9.78,75.88,14.67,6.6,11.8,0.0,1.04
2015-06-22,Mogi das Cruzes,Alto Tiete,-23.5217,-46.186,18.36,25.95,12.36,74.0,14.72,6.65,12.86,0.0,1.3
2015-06-23,Mogi das Cruzes,Alto Tiete,-23.5217,-46.186,18.24,25.17,13.1,76.15,12.48,5.62,13.38,1.74,2.52
2015-06-24,Mogi das Cruzes,Alto Tiete,-23.5217,-46.186,14.59,16.17,12.64,92.7,6.61,3.16,13.42,4.48,3.6
2015-06-25,Mogi das Cruzes,Alto Tiete,-23.5217,-46.186,14.39,18.52,12.42,89.21,8.99,4.13,12.51,0.75,3.17
2015-06-26,Mogi das Cruzes,Alto Tiete,-23.5217,-46.186,14.86,20.58,11.4,84.89,13.92,6.24,12.04,0.11,2.78
2015-06-27,Mogi das Cruzes,Alto Tiete,-23.5217,-46.186,14.9,22.25,9.93,79.63,15.77,6.88,10.84,0.01,2.22
2015-06-28,Mogi das Cruzes,Alto Tiete,-23.5217,-46.186,14.89,22.57,8.7,69.77,15.38,6.78,8.22,0.01,1.58
2015-06-29,Mogi das Cruzes,Alto Tiete,-23.5217,-46.186,17.02,24.55,10.51,68.42,14.75,6.62,10.65,0.02,1.68
2015-06-30,Mogi das Cruzes,Alto Tiete,-23.5217,-46.186,18.48,25.56,13.35,71.81,13.98,6.3,12.79,0.06,3.16
2015-07-01,Mogi das Cruzes,Alto Tiete,-23.5217,-46.186,18.65,24.68,14.73,79.31,6.02,2.91,14.59,1.32,2.53
2015-07-02,Mogi das Cruzes,Alto Tiete,-23.5217,-46.186,16.58,19.76,14.33,92.65,6.19,3.0,15.33,7.23,1.39
2015-07-03,Mogi das Cruzes,Alto Tiete,-23.5217,-46.186,18.6,24.48,14.37,82.33,3.18,1.64,15.16,4.06,2.7
2015-07-04,Mogi das Cruzes,Alto Tiete,-23.5217,-46.186,16.41,20.23,11.33,89.36,4.46,2.22,14.64,6.74,3.41
2015-07-05,Mogi das Cruzes,Alto Tiete,-23.5217,-46.186,12.79,15.56,10.79,88.17,4.36,2.19,10.82,1.92,2.48
2015-07-06,Mogi das Cruzes,Alto Tiete,-23.5217,-46.186,15.72,21.84,11.77,88.05,13.09,6.0,13.51,0.56,2.0
2015-07-07,Mogi das Cruzes,Alto Tiete,-23.5217,-46.186,16.98,20.7,14.2,92.16,6.36,3.07,15.66,3.0,1.26
2015-07-08,Mogi das Cruzes,Alto Tiete,-23.5217,-46.186,17.98,21.88,15.62,87.65,4.15,2.06,15.82,2.4,2.44
2015-07-09,Mogi das Cruzes,Alto Tiete,-23.5217,-46.186,16.43,21.23,13.33,81.8,10.83,4.88,13.03,0.02,4.1
2015-07-10,Mogi das Cruzes,Alto Tiete,-23.5217,-46.186,17.9,25.42,12.05,78.43,15.13,6.8,13.72,0.88,1.58
2015-07-11,Mogi das Cruzes,Alto Tiete,-23.5217,-46.186,18.7,25.66,14.31,70.67,5.28,2.6,12.79,1.41,2.72
2015-07-12,Mogi das Cruzes,Alto Tiete,-23.5217,-46.186,20.03,28.37,13.86,67.32,14.96,6.84,13.12,0.01,1.96
2015-07-13,Mogi das Cruzes,Alto Tiete,-23.5217,-46.186,20.94,28.72,16.17,62.87,14.66,6.64,13.04,0.0,2.71
2015-07-14,Mogi das Cruzes,Alto Tiete,-23.5217,-46.186,21.68,30.01,16.4,58.38,15.5,6.98,12.4,0.0,2.44
2015-07-15,Mogi das Cruzes,Alto Tiete,-23.5217,-46.186,20.23,27.3,15.92,74.39,12.82,5.78,14.91,0.16,1.25
2015-07-16,Mogi das Cruzes,Alto Tiete,-23.5217,-46.186,20.01,27.41,15.71,78.11,11.17,5.11,15.32,0.07,1.08
2015-07-17,Mogi das Cruzes,Alto Tiete,-23.5217,-46.186,18.02,23.15,12.99,75.97,9.17,4.24,13.43,0.0,1.62
2015-07-18,Mogi das Cruzes,Alto Tiete,-23.5217,-46.186,18.43,24.73,14.32,71.91,13.07,5.91,12.61,0.01,1.48
2015-07-19,Mogi das Cruzes,Alto Tiete,-23.5217,-46.186,19.25,27.11,12.7,65.59,16.38,7.38,11.65,0.0,1.36
2015-07-20,Mogi das Cruzes,Alto Tiete,-23.5217,-46.186,19.54,27.04,13.97,63.96,14.64,6.61,12.01,0.0,2.71
2015-07-21,Mogi das Cruzes,Alto Tiete,-23.5217,-46.186,17.61,24.45,13.0,76.3,6.23,2.96,13.03,0.98,3.87
2015-07-22,Mogi das Cruzes,Alto Tiete,-23.5217,-46.186,14.77,18.38,12.57,87.01,6.12,2.9,12.49,0.32,2.68
2015-07-23,Mogi das Cruzes,Alto Tiete,-23.5217,-46.186,16.94,22.33,13.86,86.67,9.05,4.19,14.49,0.59,2.02
2015-07-24,Mogi das Cruzes,Alto Tiete,-23.5217,-46.186,19.52,26.66,13.73,75.45,14.8,6.69,14.3,3.87,1.46
2015-07-25,Mogi das Cruzes,Alto Tiete,-23.5217,-46.186,16.47,21.64,13.11,88.07,4.07,2.07,14.37,10.75,1.94
2015-07-26,Mogi das Cruzes,Alto Tiete,-23.5217,-46.186,16.51,24.27,12.25,81.69,14.49,6.42,12.81,0.13,1.38
2015-07-27,Mogi das Cruzes,Alto Tiete,-23.5217,-46.186,16.74,24.51,12.58,76.52,16.64,7.18,11.56,0.04,1.23
2015-07-28,Mogi das Cruzes,Alto Tiete,-23.5217,-46.186,16.19,24.56,10.44,72.07,16.36,7.09,9.54,0.03,1.54
2015-07-29,Mogi das Cruzes,Alto Tiete,-23.5217,-46.186,16.4,24.72,10.25,76.72,17.06,7.46,11.05,0.04,1.42
2015-07-30,Mogi das Cruzes,Alto Tiete,-23.5217,-46.186,17.57,27.39,10.71,76.52,16.51,7.24,12.25,0.02,1.35
2015-07-31,Mogi das Cruzes,Alto Tiete,-23.5217,-46.186,19.08,27.36,13.77,78.12,16.49,7.28,14.32,0.02,1.27
2015-08-01,Mogi das Cruzes,Alto Tiete,-23.5217,-46.186,19.19,27.41,13.6,68.15,17.71,7.87,12.04,0.0,1.19
2015-08-02,Mogi das Cruzes,Alto Tiete,-23.5217,-46.186,19.45,27.84,12.22,63.26,18.04,8.0,11.43,0.0,1.68
2015-08-03,Mogi das Cruzes,Alto Tiete,-23.5217,-46.186,20.99,28.72,14.18,54.74,18.35,8.17,10.66,0.01,2.32
2015-08-04,Mogi das Cruzes,Alto Tiete,-23.5217,-46.186,20.5,28.08,15.28,61.2,17.46,7.82,11.71,0.02,1.28
2015-08-05,Mogi das Cruzes,Alto Tiete,-23.5217,-46.186,19.39,28.61,13.32,67.78,16.01,7.14,11.71,0.0,1.25
2015-08-06,Mogi das Cruzes,Alto Tiete,-23.5217,-46.186,19.45,28.02,12.67,67.68,14.75,6.57,11.81,0.0,1.31
2015-08-07,Mogi das Cruzes,Alto Tiete,-23.5217,-46.186,20.59,29.75,13.7,58.95,17.89,7.92,10.89,0.01,1.43
2015-08-08,Mogi das Cruzes,Alto Tiete,-23.5217,-46.186,19.7,28.02,13.9,67.74,17.81,7.97,12.43,0.0,1.97
2015-08-09,Mogi das Cruzes,Alto Tiete,-23.5217,-46.186,19.54,27.53,14.21,76.68,16.79,7.45,14.58,0.02,2.34
2015-08-10,Mogi das Cruzes,Alto Tiete,-23.5217,-46.186,20.02,28.95,14.42,73.24,18.05,8.05,13.81,0.02,1.79
2015-08-11,Mogi das Cruzes,Alto Tiete,-23.5217,-46.186,19.56,28.88,14.31,73.3,18.51,8.26,13.27,0.01,1.89
2015-08-12,Mogi das Cruzes,Alto Tiete,-23.5217,-46.186,18.83,27.81,12.8,71.09,18.84,8.31,12.06,0.02,1.6
2015-08-13,Mogi das Cruzes,Alto Tiete,-23.5217,-46.186,19.3,29.22,12.45,67.43,19.47,8.62,11.31,0.01,1.45
2015-08-14,Mogi das Cruzes,Alto Tiete,-23.5217,-46.186,19.31,28.47,12.46,68.88,19.16,8.53,11.95,0.01,1.26
2015-08-15,Mogi das Cruzes,Alto Tiete,-23.5217,-46.186,20.71,28.85,14.11,60.06,17.67,7.91,11.56,0.0,1.9
2015-08-16,Mogi das Cruzes,Alto Tiete,-23.5217,-46.186,20.1,28.59,14.21,63.96,16.47,7.38,11.79,0.0,1.99
2015-08-17,Mogi das Cruzes,Alto Tiete,-23.5217,-46.186,20.56,29.39,14.3,68.01,18.47,8.3,12.88,0.0,1.53
2015-08-18,Mogi das Cruzes,Alto Tiete,-23.5217,-46.186,20.28,26.87,15.1,58.91,11.6,5.36,11.46,0.0,2.5
2015-08-19,Mogi das Cruzes,Alto Tiete,-23.5217,-46.186,21.62,30.53,14.8,60.27,16.59,7.44,12.54,0.45,3.94
2015-08-20,Mogi das Cruzes,Alto Tiete,-23.5217,-46.186,16.31,21.5,12.74,80.61,11.87,5.35,12.6,0.68,2.95
2015-08-21,Mogi das Cruzes,Alto Tiete,-23.5217,-46.186,17.39,24.64,13.63,78.33,14.83,6.68,12.9,0.16,3.17
2015-08-22,Mogi das Cruzes,Alto Tiete,-23.5217,-46.186,19.09,28.05,13.94,73.09,17.77,7.91,12.76,0.1,2.21
2015-08-23,Mogi das Cruzes,Alto Tiete,-23.5217,-46.186,20.98,30.61,13.38,59.85,19.38,8.48,10.56,0.03,1.92
2015-08-24,Mogi das Cruzes,Alto Tiete,-23.5217,-46.186,16.47,19.71,14.31,88.42,7.49,3.61,14.5,3.87,2.44
2015-08-25,Mogi das Cruzes,Alto Tiete,-23.5217,-46.186,16.51,21.18,14.28,87.47,5.53,2.81,14.25,9.61,2.37
2015-08-26,Mogi das Cruzes,Alto Tiete,-23.5217,-46.186,18.71,26.45,14.08,80.75,14.32,6.53,14.73,2.53,2.04
2015-08-27,Mogi das Cruzes,Alto Tiete,-23.5217,-46.186,18.78,24.25,14.74,79.89,2.51,1.34,14.95,7.15,2.54
2015-08-28,Mogi das Cruzes,Alto Tiete,-23.5217,-46.186,17.02,23.43,13.46,80.01,16.9,7.51,12.97,0.3,2.34
2015-08-29,Mogi das Cruzes,Alto Tiete,-23.5217,-46.186,18.44,27.85,12.43,74.96,20.93,9.31,12.7,0.06,1.7
2015-08-30,Mogi das Cruzes,Alto Tiete,-23.5217,-46.186,22.09,32.84,13.45,53.3,21.24,9.44,10.22,0.01,1.19
2015-08-31,Mogi das Cruzes,Alto Tiete,-23.5217,-46.186,23.88,33.24,15.55,49.0,22.01,9.82,11.34,0.02,1.64
2015-09-01,Mogi das Cruzes,Alto Tiete,-23.5217,-46.186,21.0,30.66,15.92,65.55,19.19,8.59,13.13,0.09,3.59
2015-09-02,Mogi das Cruzes,Alto Tiete,-23.5217,-46.186,16.82,23.16,13.85,79.19,11.02,5.2,12.8,0.34,3.54
2015-09-03,Mogi das Cruzes,Alto Tiete,-23.5217,-46.186,19.2,28.78,13.44,75.32,13.66,6.29,13.75,0.41,2.47
2015-09-04,Mogi das Cruzes,Alto Tiete,-23.5217,-46.186,18.37,26.24,14.24,81.47,5.77,2.88,14.66,3.78,2.54
2015-09-05,Mogi das Cruzes,Alto Tiete,-23.5217,-46.186,16.15,20.52,13.72,85.48,8.39,4.04,13.53,1.41,3.46
2015-09-06,Mogi das Cruzes,Alto Tiete,-23.5217,-46.186,18.77,25.8,13.31,80.16,8.05,3.84,14.77,1.0,1.92
2015-09-07,Mogi das Cruzes,Alto Tiete,-23.5217,-46.186,20.67,29.46,16.77,81.77,9.38,4.48,17.0,10.23,1.92
2015-09-08,Mogi das Cruzes,Alto Tiete,-23.5217,-46.186,21.54,27.4,17.0,80.06,2.72,1.45,17.64,9.17,3.35
2015-09-09,Mogi das Cruzes,Alto Tiete,-23.5217,-46.186,18.76,23.28,15.86,85.22,11.28,5.34,16.04,30.5,1.31
2015-09-10,Mogi das Cruzes,Alto Tiete,-23.5217,-46.186,20.01,27.94,13.9,78.48,12.44,5.79,15.5,11.39,2.34
2015-09-11,Mogi das Cruzes,Alto Tiete,-23.5217,-46.186,19.47,25.18,15.67,86.68,6.73,3.31,17.07,21.96,2.68
2015-09-12,Mogi das Cruzes,Alto Tiete,-23.5217,-46.186,14.69,17.08,12.68,90.24,6.67,3.31,13.07,6.56,2.91
2015-09-13,Mogi das Cruzes,Alto Tiete,-23.5217,-46.186,14.61,19.58,12.16,87.68,8.02,3.89,12.44,2.23,3.01
2015-09-14,Mogi das Cruzes,Alto Tiete,-23.5217,-46.186,16.05,22.38,12.2,85.58,16.69,7.56,13.34,0.63,2.97
2015-09-15,Mogi das Cruzes,Alto Tiete,-23.5217,-46.186,20.93,29.8,14.12,77.93,19.04,8.67,16.31,0.1,1.78
2015-09-16,Mogi das Cruzes,Alto Tiete,-23.5217,-46.186,24.38,32.39,18.16,63.35,22.97,10.38,16.24,0.0,3.12
2015-09-17,Mogi das Cruzes,Alto Tiete,-23.5217,-46.186,25.99,33.5,19.76,55.41,21.31,9.71,15.74,0.03,2.79
2015-09-18,Mogi das Cruzes,Alto Tiete,-23.5217,-46.186,26.62,34.49,19.69,53.17,22.39,10.23,15.36,0.26,2.23
2015-09-19,Mogi das Cruzes,Alto Tiete,-23.5217,-46.186,25.82,35.05,20.49,58.79,23.78,10.76,15.61,0.04,1.15
2015-09-20,Mogi das Cruzes,Alto Tiete,-23.5217,-46.186,23.67,33.43,17.86,65.51,22.53,10.13,15.39,0.13,1.16
2015-09-21,Mogi das Cruzes,Alto Tiete,-23.5217,-46.186,23.02,33.21,16.19,66.66,23.03,10.33,14.27,0.0,1.48
2015-09-22,Mogi das Cruzes,Alto Tiete,-23.5217,-46.186,23.39,33.43,15.37,58.36,24.64,10.96,12.75,0.01,1.38
2015-09-23,Mogi das Cruzes,Alto Tiete,-23.5217,-46.186,24.61,33.97,18.08,50.36,24.86,11.06,12.04,0.0,1.2
2015-09-24,Mogi das Cruzes,Alto Tiete,-23.5217,-46.186,26.76,36.05,18.5,46.66,24.35,10.62,12.4,0.0,2.02
2015-09-25,Mogi das Cruzes,Alto Tiete,-23.5217,-46.186,26.92,35.38,20.34,57.89,12.14,5.62,16.84,7.12,2.62
2015-09-26,Mogi das Cruzes,Alto Tiete,-23.5217,-46.186,21.51,28.58,18.44,83.37,7.26,3.57,18.18,9.6,2.31
2015-09-27,Mogi das Cruzes,Alto Tiete,-23.5217,-46.186,24.21,31.62,17.93,73.53,16.88,7.64,18.31,7.03,1.69
2015-09-28,Mogi das Cruzes,Alto Tiete,-23.5217,-46.186,21.69,27.24,17.83,78.66,9.94,4.77,17.48,4.77,2.63
2015-09-29,Mogi das Cruzes,Alto Tiete,-23.5217,-46.186,20.52,25.7,16.91,84.78,12.95,6.07,17.69,1.69,1.46
2015-09-30,Mogi das Cruzes,Alto Tiete,-23.5217,-46.186,21.86,29.21,17.7,80.05,12.02,5.55,17.74,3.45,2.13
2015-10-01,Mogi das Cruzes,Alto Tiete,-23.5217,-46.186,21.71,28.57,18.09,83.12,11.74,5.3,18.3,1.58,2.41
2015-10-02,Mogi das Cruzes,Alto Tiete,-23.5217,-46.186,23.98,31.55,18.05,76.44,19.21,8.81,18.8,5.74,1.43
2015-10-03,Mogi das Cruzes,Alto Tiete,-23.5217,-46.186,22.59,28.07,18.88,80.32,12.16,5.78,18.68,1.66,2.12
2015-10-04,Mogi das Cruzes,Alto Tiete,-23.5217,-46.186,18.95,23.84,15.52,85.82,7.6,3.75,16.37,0.68,2.81
2015-10-05,Mogi das Cruzes,Alto Tiete,-23.5217,-46.186,17.7,23.25,14.35,80.65,16.21,7.5,14.01,0.19,3.39
2015-10-06,Mogi das Cruzes,Alto Tiete,-23.5217,-46.186,19.14,28.13,13.69,76.69,17.5,8.06,14.28,0.07,3.05
2015-10-07,Mogi das Cruzes,Alto Tiete,-23.5217,-46.186,22.43,32.17,14.68,71.3,25.13,11.35,15.88,0.04,2.11
2015-10-08,Mogi das Cruzes,Alto Tiete,-23.5217,-46.186,25.7,34.92,17.01,60.27,24.51,11.12,15.8,0.02,1.74
2015-10-09,Mogi das Cruzes,Alto Tiete,-23.5217,-46.186,24.89,32.73,19.39,58.44,19.8,9.18,15.21,0.39,1.82
2015-10-10,Mogi das Cruzes,Alto Tiete,-23.5217,-46.186,23.32,30.03,19.09,73.48,12.4,6.0,17.47,1.24,2.02
2015-10-11,Mogi das Cruzes,Alto Tiete,-23.5217,-46.186,23.06,30.81,18.23,72.98,15.6,7.3,16.97,0.14,1.63
2015-10-12,Mogi das Cruzes,Alto Tiete,-23.5217,-46.186,22.5,29.73,17.8,73.12,19.7,9.03,16.64,0.85,1.7
2015-10-13,Mogi das Cruzes,Alto Tiete,-23.5217,-46.186,21.27,28.7,17.23,78.72,15.62,7.27,16.86,4.59,2.35
2015-10-14,Mogi das Cruzes,Alto Tiete,-23.5217,-46.186,24.72,34.14,17.63,68.72,20.31,9.33,16.92,0.25,2.37
2015-10-15,Mogi das Cruzes,Alto Tiete,-23.5217,-46.186,28.4,37.63,19.88,48.85,26.98,12.19,14.44,0.0,2.42
2015-10-16,Mogi das Cruzes,Alto Tiete,-23.5217,-46.186,26.67,36.94,19.74,58.9,21.78,9.76,16.38,0.11,2.24
2015-10-17,Mogi das Cruzes,Alto Tiete,-23.5217,-46.186,21.6,31.01,16.16,78.92,17.27,7.89,17.24,0.48,3.72
2015-10-18,Mogi das Cruzes,Alto Tiete,-23.5217,-46.186,17.7,23.13,14.83,79.01,10.51,4.98,13.71,2.02,4.05
2015-10-19,Mogi das Cruzes,Alto Tiete,-23.5217,-46.186,19.8,28.46,14.42,75.8,16.48,7.47,14.73,0.88,3.21
2015-10-20,Mogi das Cruzes,Alto Tiete,-23.5217,-46.186,26.07,37.87,16.14,63.31,23.56,10.62,16.38,0.35,1.98
2015-10-21,Mogi das Cruzes,Alto Tiete,-23.5217,-46.186,27.82,36.93,21.41,57.93,15.98,7.17,17.45,1.55,2.35
2015-10-22,Mogi das Cruzes,Alto Tiete,-23.5217,-46.186,25.02,31.24,21.12,72.12,7.89,3.81,19.16,21.56,2.2
2015-10-23,Mogi das Cruzes,Alto Tiete,-23.5217,-46.186,21.1,25.73,17.27,86.23,15.55,7.09,18.56,4.14,2.29
2015-10-24,Mogi das Cruzes,Alto Tiete,-23.5217,-46.186,18.9,23.94,16.32,84.8,12.66,5.97,16.09,1.72,3.53
2015-10-25,Mogi das Cruzes,Alto Tiete,-23.5217,-46.186,19.11,26.37,15.78,81.89,11.82,5.59,15.59,6.18,3.44
2015-10-26,Mogi das Cruzes,Alto Tiete,-23.5217,-46.186,21.76,29.72,16.19,80.02,17.87,8.33,17.64,3.42,2.03
2015-10-27,Mogi das Cruzes,Alto Tiete,-23.5217,-46.186,22.12,28.64,18.88,83.2,13.14,6.31,18.81,12.1,1.61
2015-10-28,Mogi das Cruzes,Alto Tiete,-23.5217,-46.186,21.14,26.29,18.3,85.12,11.47,5.63,18.3,2.39,2.18
2015-10-29,Mogi das Cruzes,Alto Tiete,-23.5217,-46.186,20.6,26.52,17.33,81.81,18.82,8.75,17.0,2.5,4.54
2015-10-30,Mogi das Cruzes,Alto Tiete,-23.5217,-46.186,22.46,30.9,16.72,72.97,26.94,12.3,16.4,0.18,3.16
2015-10-31,Mogi das Cruzes,Alto Tiete,-23.5217,-46.186,23.29,32.12,17.58,72.52,19.24,9.07,17.07,7.49,1.76
2015-11-01,Mogi das Cruzes,Alto Tiete,-23.5217,-46.186,20.76,25.46,17.58,82.85,8.2,4.19,17.5,19.33,2.52
2015-11-02,Mogi das Cruzes,Alto Tiete,-23.5217,-46.186,22.47,28.52,18.28,83.53,14.24,6.88,19.23,13.51,2.12
2015-11-03,Mogi das Cruzes,Alto Tiete,-23.5217,-46.186,22.77,28.22,19.21,85.78,11.06,5.5,20.06,2.98,1.98
2015-11-04,Mogi das Cruzes,Alto Tiete,-23.5217,-46.186,22.35,26.62,19.95,87.77,12.96,6.33,20.09,21.71,1.53
2015-11-05,Mogi das Cruzes,Alto Tiete,-23.5217,-46.186,22.32,26.33,19.01,86.3,12.02,5.97,19.77,6.78,1.48
2015-11-06,Mogi das Cruzes,Alto Tiete,-23.5217,-46.186,20.04,23.41,17.38,90.49,9.91,4.97,18.39,8.35,3.17
2015-11-07,Mogi das Cruzes,Alto Tiete,-23.5217,-46.186,19.78,25.03,16.86,87.43,9.41,4.74,17.48,4.11,3.2
2015-11-08,Mogi das Cruzes,Alto Tiete,-23.5217,-46.186,21.59,26.33,17.7,83.96,10.36,5.15,18.48,2.71,1.6
2015-11-09,Mogi das Cruzes,Alto Tiete,-23.5217,-46.186,22.78,28.11,19.01,84.91,17.96,8.46,19.85,5.14,1.42
2015-11-10,Mogi das Cruzes,Alto Tiete,-23.5217,-46.186,23.74,29.88,19.74,82.23,21.61,9.91,20.14,0.47,1.66
2015-11-11,Mogi das Cruzes,Alto Tiete,-23.5217,-46.186,24.84,30.74,19.46,77.98,21.2,9.87,20.31,2.07,1.28
2015-11-12,Mogi das Cruzes,Alto Tiete,-23.5217,-46.186,23.44,28.8,20.27,80.76,18.78,8.74,19.67,0.31,1.69
2015-11-13,Mogi das Cruzes,Alto Tiete,-23.5217,-46.186,24.71,30.94,19.53,79.05,15.42,7.21,20.36,11.49,1.24
2015-11-14,Mogi das Cruzes,Alto Tiete,-23.5217,-46.186,25.1,30.52,20.57,75.86,22.01,10.11,20.18,3.55,2.77
2015-11-15,Mogi das Cruzes,Alto Tiete,-23.5217,-46.186,22.33,27.11,18.79,87.37,16.02,7.6,20.0,5.44,2.12
2015-11-16,Mogi das Cruzes,Alto Tiete,-23.5217,-46.186,20.39,24.98,18.17,87.82,12.34,5.95,18.21,2.97,2.5
2015-11-17,Mogi das Cruzes,Alto Tiete,-23.5217,-46.186,22.24,28.07,18.32,86.07,17.14,8.03,19.57,18.0,1.87
2015-11-18,Mogi das Cruzes,Alto Tiete,-23.5217,-46.186,24.56,29.68,20.54,77.82,25.23,11.47,20.09,1.04,1.66
2015-11-19,Mogi das Cruzes,Alto Tiete,-23.5217,-46.186,24.82,30.0,21.1,79.67,19.41,9.0,20.84,11.34,1.88
2015-11-20,Mogi das Cruzes,Alto Tiete,-23.5217,-46.186,23.1,26.47,19.65,89.99,16.77,7.97,21.3,12.29,3.04
2015-11-21,Mogi das Cruzes,Alto Tiete,-23.5217,-46.186,19.87,24.61,16.87,86.05,11.39,5.56,17.32,4.26,3.54
2015-11-22,Mogi das Cruzes,Alto Tiete,-23.5217,-46.186,21.09,27.04,16.13,82.34,21.78,10.16,17.72,4.25,2.7
2015-11-23,Mogi das Cruzes,Alto Tiete,-23.5217,-46.186,21.0,26.96,18.34,88.88,5.88,3.06,18.98,3.17,2.7
2015-11-24,Mogi das Cruzes,Alto Tiete,-23.5217,-46.186,21.61,26.53,18.11,88.84,8.08,4.13,19.57,6.98,1.72
2015-11-25,Mogi das Cruzes,Alto Tiete,-23.5217,-46.186,21.57,27.43,18.46,86.53,10.84,5.31,19.02,1.85,2.07
2015-11-26,Mogi das Cruzes,Alto Tiete,-23.5217,-46.186,21.39,26.51,17.82,83.69,20.91,9.62,18.28,0.59,3.02
2015-11-27,Mogi das Cruzes,Alto Tiete,-23.5217,-46.186,21.73,28.17,17.46,80.38,23.39,10.63,17.78,0.17,2.94
2015-11-28,Mogi das Cruzes,Alto Tiete,-23.5217,-46.186,23.91,29.3,18.31,81.94,19.35,9.04,20.38,8.1,1.75
2015-11-29,Mogi das Cruzes,Alto Tiete,-23.5217,-46.186,23.01,27.75,19.95,85.69,10.62,5.29,20.28,14.23,2.4
2015-11-30,Mogi das Cruzes,Alto Tiete,-23.5217,-46.186,19.31,21.71,16.54,89.72,9.66,4.83,17.53,9.03,3.7
2015-12-01,Mogi das Cruzes,Alto Tiete,-23.5217,-46.186,20.23,26.21,16.42,86.01,13.06,6.42,17.66,1.87,3.0
2015-12-02,Mogi das Cruzes,Alto Tiete,-23.5217,-46.186,21.43,26.27,17.8,86.92,15.07,7.14,19.01,1.6,2.32
2015-12-03,Mogi das Cruzes,Alto Tiete,-23.5217,-46.186,20.77,24.42,18.69,89.61,11.52,5.63,18.93,2.1,2.68
2015-12-04,Mogi das Cruzes,Alto Tiete,-23.5217,-46.186,21.71,27.17,17.95,85.87,16.8,7.95,19.05,3.46,1.61
2015-12-05,Mogi das Cruzes,Alto Tiete,-23.5217,-46.186,22.98,26.83,18.98,83.69,19.85,9.17,19.88,9.69,1.5
2015-12-06,Mogi das Cruzes,Alto Tiete,-23.5217,-46.186,22.39,27.15,19.16,85.31,13.74,6.58,19.58,23.6,0.92
2015-12-07,Mogi das Cruzes,Alto Tiete,-23.5217,-46.186,20.42,24.87,18.05,88.31,12.79,6.19,18.31,10.77,2.4
2015-12-08,Mogi das Cruzes,Alto Tiete,-23.5217,-46.186,20.7,25.64,17.6,88.06,17.72,8.33,18.55,1.79,2.8
2015-12-09,Mogi das Cruzes,Alto Tiete,-23.5217,-46.186,22.62,27.14,17.86,84.5,15.08,7.25,19.71,0.66,1.2
2015-12-10,Mogi das Cruzes,Alto Tiete,-23.5217,-46.186,23.46,26.64,21.12,84.61,15.14,7.36,20.59,2.02,3.67
2015-12-11,Mogi das Cruzes,Alto Tiete,-23.5217,-46.186,22.68,27.32,19.75,84.09,19.08,8.88,19.64,0.91,2.17
2015-12-12,Mogi das Cruzes,Alto Tiete,-23.5217,-46.186,23.24,27.42,19.43,86.19,16.99,7.95,20.65,16.39,0.65
2015-12-13,Mogi das Cruzes,Alto Tiete,-23.5217,-46.186,23.9,27.96,20.34,83.54,23.63,10.98,20.76,6.63,1.94
2015-12-14,Mogi das Cruzes,Alto Tiete,-23.5217,-46.186,25.35,30.92,20.39,75.17,23.87,11.04,20.27,1.85,2.43
2015-12-15,Mogi das Cruzes,Alto Tiete,-23.5217,-46.186,25.5,30.35,21.42,77.21,23.57,11.01,20.94,2.37,2.38
2015-12-16,Mogi das Cruzes,Alto Tiete,-23.5217,-46.186,21.34,23.11,18.94,91.5,11.81,5.77,19.88,4.39,2.72
2015-12-17,Mogi das Cruzes,Alto Tiete,-23.5217,-46.186,23.23,29.61,18.48,83.54,20.3,9.53,19.95,3.18,1.62
2015-12-18,Mogi das Cruzes,Alto Tiete,-23.5217,-46.186,25.76,31.11,20.64,75.75,27.46,12.62,20.78,3.04,1.75
2015-12-19,Mogi das Cruzes,Alto Tiete,-23.5217,-46.186,24.92,29.17,21.33,80.54,21.84,10.23,21.11,3.19,1.85
2015-12-20,Mogi das Cruzes,Alto Tiete,-23.5217,-46.186,22.7,26.61,20.41,87.18,17.05,8.1,20.29,16.92,1.69
2015-12-21,Mogi das Cruzes,Alto Tiete,-23.5217,-46.186,23.01,28.37,19.87,86.84,17.67,8.42,20.49,9.34,1.91
2015-12-22,Mogi das Cruzes,Alto Tiete,-23.5217,-46.186,24.56,29.88,20.53,81.54,24.57,11.42,20.81,20.81,1.42
2015-12-23,Mogi das Cruzes,Alto Tiete,-23.5217,-46.186,24.49,29.88,21.18,82.8,27.63,12.91,21.15,15.1,1.74
2015-12-24,Mogi das Cruzes,Alto Tiete,-23.5217,-46.186,25.33,30.09,21.72,79.11,20.7,9.81,21.25,0.64,1.26
2015-12-25,Mogi das Cruzes,Alto Tiete,-23.5217,-46.186,24.36,29.75,20.71,81.1,16.22,7.87,20.66,1.79,1.63
2015-12-26,Mogi das Cruzes,Alto Tiete,-23.5217,-46.186,24.12,28.59,20.79,81.87,21.31,10.0,20.62,4.97,1.12
2015-12-27,Mogi das Cruzes,Alto Tiete,-23.5217,-46.186,23.92,28.1,20.65,85.49,17.42,8.29,21.16,2.82,2.9
2015-12-28,Mogi das Cruzes,Alto Tiete,-23.5217,-46.186,23.33,26.42,21.36,86.24,10.92,5.46,20.79,7.9,3.17
2015-12-29,Mogi das Cruzes,Alto Tiete,-23.5217,-46.186,23.06,26.87,20.24,85.09,11.83,5.9,20.26,12.95,2.86
2015-12-30,Mogi das Cruzes,Alto Tiete,-23.5217,-46.186,22.86,26.52,20.14,82.23,9.82,4.95,19.51,0.89,4.43
2015-12-31,Mogi das Cruzes,Alto Tiete,-23.5217,-46.186,23.84,27.54,20.43,82.3,21.99,10.33,20.46,1.2,4.12
2016-01-01,Mogi das Cruzes,Alto Tiete,-23.5217,-46.186,23.61,26.67,21.53,88.12,18.78,8.91,21.45,4.63,2.4
2016-01-02,Mogi das Cruzes,Alto Tiete,-23.5217,-46.186,22.08,25.64,19.9,90.98,12.0,6.0,20.49,19.48,2.26
2016-01-03,Mogi das Cruzes,Alto Tiete,-23.5217,-46.186,21.64,26.04,18.48,87.46,11.44,5.73,19.34,3.74,3.6
2016-01-04,Mogi das Cruzes,Alto Tiete,-23.5217,-46.186,21.26,27.29,17.88,84.18,19.97,9.28,18.25,0.55,3.54
2016-01-05,Mogi das Cruzes,Alto Tiete,-23.5217,-46.186,21.73,27.48,17.3,80.78,27.67,12.5,18.0,0.03,3.23
2016-01-06,Mogi das Cruzes,Alto Tiete,-23.5217,-46.186,22.76,29.31,17.99,80.07,26.45,11.99,18.78,0.03,2.39
2016-01-07,Mogi das Cruzes,Alto Tiete,-23.5217,-46.186,23.11,29.72,17.56,79.89,27.43,12.5,19.02,0.0,1.67
2016-01-08,Mogi das Cruzes,Alto Tiete,-23.5217,-46.186,24.2,29.88,19.74,81.48,26.39,12.21,20.49,0.64,1.65
2016-01-09,Mogi das Cruzes,Alto Tiete,-23.5217,-46.186,24.15,29.09,21.07,86.64,18.03,8.51,21.59,15.07,1.5
2016-01-10,Mogi das Cruzes,Alto Tiete,-23.5217,-46.186,23.74,26.67,21.35,88.47,13.28,6.57,21.65,9.22,2.03
2016-01-11,Mogi das Cruzes,Alto Tiete,-23.5217,-46.186,23.59,26.52,21.66,86.31,7.68,3.97,21.08,9.43,4.11
2016-01-12,Mogi das Cruzes,Alto Tiete,-23.5217,-46.186,24.07,27.68,21.41,86.42,12.55,6.25,21.55,10.39,3.07
2016-01-13,Mogi das Cruzes,Alto Tiete,-23.5217,-46.186,24.26,28.71,21.71,88.11,15.54,7.44,22.02,8.42,2.26
2016-01-14,Mogi das Cruzes,Alto Tiete,-23.5217,-46.186,22.51,24.71,21.31,94.45,11.76,5.8,21.56,37.06,4.11
2016-01-15,Mogi das Cruzes,Alto Tiete,-23.5217,-46.186,22.27,25.75,19.87,91.46,9.64,4.93,20.75,15.05,2.92
2016-01-16,Mogi das Cruzes,Alto Tiete,-23.5217,-46.186,20.58,24.55,17.1,85.86,17.86,8.37,17.98,1.78,3.8
2016-01-17,Mogi das Cruzes,Alto Tiete,-23.5217,-46.186,19.61,24.72,16.07,79.84,26.91,12.22,15.8,0.12,3.77
2016-01-18,Mogi das Cruzes,Alto Tiete,-23.5217,-46.186,19.8,24.34,16.98,86.77,13.54,6.53,17.41,0.99,3.69
2016-01-19,Mogi das Cruzes,Alto Tiete,-23.5217,-46.186,20.08,24.16,17.49,89.44,12.86,6.3,18.21,2.2,3.81
2016-01-20,Mogi das Cruzes,Alto Tiete,-23.5217,-46.186,21.2,25.4,18.68,89.12,12.92,6.31,19.22,3.67,4.31
2016-01-21,Mogi das Cruzes,Alto Tiete,-23.5217,-46.186,20.59,24.29,17.61,85.15,26.94,12.26,17.83,0.15,4.3
2016-01-22,Mogi das Cruzes,Alto Tiete,-23.5217,-46.186,19.78,24.66,16.28,83.64,19.43,9.01,16.71,0.23,3.44
2016-01-23,Mogi das Cruzes,Alto Tiete,-23.5217,-46.186,20.9,26.44,16.71,84.43,19.74,9.05,17.91,0.87,2.08
2016-01-24,Mogi das Cruzes,Alto Tiete,-23.5217,-46.186,21.35,26.54,17.0,87.46,16.86,7.91,19.0,3.63,1.46
2016-01-25,Mogi das Cruzes,Alto Tiete,-23.5217,-46.186,24.63,29.37,19.72,78.16,26.18,12.03,20.27,4.21,1.31
2016-01-26,Mogi das Cruzes,Alto Tiete,-23.5217,-46.186,25.85,31.05,20.78,74.35,27.79,12.89,20.63,0.93,2.38
2016-01-27,Mogi das Cruzes,Alto Tiete,-23.5217,-46.186,23.51,26.9,21.39,88.86,14.8,7.01,21.53,17.02,2.35
2016-01-28,Mogi das Cruzes,Alto Tiete,-23.5217,-46.186,22.65,26.26,19.4,90.42,18.21,8.53,20.93,10.58,2.4
2016-01-29,Mogi das Cruzes,Alto Tiete,-23.5217,-46.186,22.9,27.53,19.05,85.7,16.37,7.86,20.27,2.1,1.32
2016-01-30,Mogi das Cruzes,Alto Tiete,-23.5217,-46.186,25.05,30.13,20.24,77.64,20.88,9.79,20.56,0.47,1.79
2016-01-31,Mogi das Cruzes,Alto Tiete,-23.5217,-46.186,25.85,31.13,20.07,70.22,28.37,12.88,19.55,0.08,1.83
2016-02-01,Mogi das Cruzes,Alto Tiete,-23.5217,-46.186,25.95,31.18,21.55,72.56,27.44,12.57,20.28,0.07,1.38
2016-02-02,Mogi das Cruzes,Alto Tiete,-23.5217,-46.186,23.72,27.95,20.55,83.09,25.44,11.68,20.51,0.94,1.44
2016-02-03,Mogi das Cruzes,Alto Tiete,-23.5217,-46.186,23.83,29.95,19.36,80.34,25.23,11.67,19.82,1.14,1.79
2016-02-04,Mogi das Cruzes,Alto Tiete,-23.5217,-46.186,23.56,28.26,20.36,85.33,17.77,8.38,20.74,0.44,1.43
2016-02-05,Mogi das Cruzes,Alto Tiete,-23.5217,-46.186,24.76,30.14,21.49,80.72,22.62,10.53,20.9,2.95,1.51
2016-02-06,Mogi das Cruzes,Alto Tiete,-23.5217,-46.186,22.81,25.54,20.3,87.14,17.03,8.14,20.49,5.49,1.68
2016-02-07,Mogi das Cruzes,Alto Tiete,-23.5217,-46.186,22.84,27.5,19.42,86.93,18.51,8.76,20.4,5.22,1.71
2016-02-08,Mogi das Cruzes,Alto Tiete,-23.5217,-46.186,24.84,30.11,20.03,79.51,24.4,11.35,20.69,6.67,1.2
2016-02-09,Mogi das Cruzes,Alto Tiete,-23.5217,-46.186,25.69,31.04,21.1,75.87,27.73,12.83,20.76,2.56,1.6
2016-02-10,Mogi das Cruzes,Alto Tiete,-23.5217,-46.186,25.32,31.04,20.48,77.96,22.46,10.43,20.86,1.43,2.24
2016-02-11,Mogi das Cruzes,Alto Tiete,-23.5217,-46.186,22.57,27.11,18.6,89.96,12.1,5.95,20.77,8.12,2.7
2016-02-12,Mogi das Cruzes,Alto Tiete,-23.5217,-46.186,20.78,25.98,17.79,83.76,26.09,11.99,17.8,0.23,2.93
2016-02-13,Mogi das Cruzes,Alto Tiete,-23.5217,-46.186,22.18,28.13,17.67,85.01,23.57,10.82,19.34,0.21,2.04
2016-02-14,Mogi das Cruzes,Alto Tiete,-23.5217,-46.186,25.33,32.15,19.5,77.95,24.44,11.25,20.62,0.07,1.72
2016-02-15,Mogi das Cruzes,Alto Tiete,-23.5217,-46.186,24.2,28.44,21.24,86.93,12.33,5.89,21.75,16.97,1.2
2016-02-16,Mogi das Cruzes,Alto Tiete,-23.5217,-46.186,23.36,26.74,20.61,86.91,16.32,7.78,20.97,15.04,1.72
2016-02-17,Mogi das Cruzes,Alto Tiete,-23.5217,-46.186,24.07,27.65,20.81,84.34,18.82,8.84,21.11,12.18,1.89
2016-02-18,Mogi das Cruzes,Alto Tiete,-23.5217,-46.186,24.74,29.79,20.72,82.66,22.79,10.6,21.36,7.38,2.6
2016-02-19,Mogi das Cruzes,Alto Tiete,-23.5217,-46.186,24.56,30.13,20.26,82.69,19.81,9.19,21.08,5.3,1.22
2016-02-20,Mogi das Cruzes,Alto Tiete,-23.5217,-46.186,25.05,30.77,20.29,79.16,23.46,10.85,20.82,4.08,1.47
2016-02-21,Mogi das Cruzes,Alto Tiete,-23.5217,-46.186,23.04,25.68,20.89,86.24,9.58,4.79,20.55,8.82,1.18
2016-02-22,Mogi das Cruzes,Alto Tiete,-23.5217,-46.186,22.33,25.28,20.12,90.49,10.66,5.25,20.68,14.66,1.37
2016-02-23,Mogi das Cruzes,Alto Tiete,-23.5217,-46.186,23.28,27.25,20.13,83.39,12.28,5.98,20.12,4.59,1.56
2016-02-24,Mogi das Cruzes,Alto Tiete,-23.5217,-46.186,23.81,28.48,19.72,81.36,15.39,7.27,20.15,4.35,2.07
2016-02-25,Mogi das Cruzes,Alto Tiete,-23.5217,-46.186,24.08,28.94,19.71,78.09,18.85,8.9,19.67,7.15,2.18
2016-02-26,Mogi das Cruzes,Alto Tiete,-23.5217,-46.186,24.46,28.99,20.09,79.1,19.6,9.3,20.38,6.49,2.58
2016-02-27,Mogi das Cruzes,Alto Tiete,-23.5217,-46.186,23.98,27.38,21.71,85.28,12.12,5.99,21.26,3.1,3.16
2016-02-28,Mogi das Cruzes,Alto Tiete,-23.5217,-46.186,23.2,26.23,20.74,88.56,11.33,5.58,21.15,8.21,3.18
2016-02-29,Mogi das Cruzes,Alto Tiete,-23.5217,-46.186,19.98,22.14,18.23,90.12,9.62,4.86,18.26,20.26,3.56
2016-03-01,Mogi das Cruzes,Alto Tiete,-23.5217,-46.186,19.5,21.94,17.96,91.43,7.5,3.84,18.04,10.31,2.27
2016-03-02,Mogi das Cruzes,Alto Tiete,-23.5217,-46.186,20.92,24.86,17.96,90.58,10.62,5.18,19.24,22.02,1.43
2016-03-03,Mogi das Cruzes,Alto Tiete,-23.5217,-46.186,21.8,25.31,18.78,91.05,10.48,5.15,20.25,10.39,3.09
2016-03-04,Mogi das Cruzes,Alto Tiete,-23.5217,-46.186,23.3,28.14,19.88,85.61,19.03,8.87,20.57,4.06,3.18
2016-03-05,Mogi das Cruzes,Alto Tiete,-23.5217,-46.186,22.67,28.44,18.63,86.14,18.98,8.78,20.0,0.35,1.63
2016-03-06,Mogi das Cruzes,Alto Tiete,-23.5217,-46.186,23.81,29.46,19.54,84.9,18.91,8.84,20.85,2.5,1.41
2016-03-07,Mogi das Cruzes,Alto Tiete,-23.5217,-46.186,23.34,28.9,19.81,86.88,19.74,9.17,20.79,6.2,1.35
2016-03-08,Mogi das Cruzes,Alto Tiete,-23.5217,-46.186,23.12,28.75,18.96,86.34,20.35,9.49,20.51,1.79,1.93
2016-03-09,Mogi das Cruzes,Alto Tiete,-23.5217,-46.186,24.22,28.59,20.44,83.83,20.15,9.32,21.1,3.59,1.13
2016-03-10,Mogi das Cruzes,Alto Tiete,-23.5217,-46.186,23.13,26.2,20.64,87.87,7.97,4.04,20.97,22.09,2.7
2016-03-11,Mogi das Cruzes,Alto Tiete,-23.5217,-46.186,23.68,28.18,20.97,88.41,13.51,6.47,21.54,20.68,3.07
2016-03-12,Mogi das Cruzes,Alto Tiete,-23.5217,-46.186,21.81,26.51,18.2,87.07,15.03,7.08,19.41,2.05,2.03
2016-03-13,Mogi das Cruzes,Alto Tiete,-23.5217,-46.186,20.0,23.71,17.5,88.79,12.1,5.78,18.01,1.31,2.77
2016-03-14,Mogi das Cruzes,Alto Tiete,-23.5217,-46.186,21.27,26.43,17.95,87.69,18.37,8.54,19.0,1.86,2.58
2016-03-15,Mogi das Cruzes,Alto Tiete,-23.5217,-46.186,21.75,26.94,18.16,88.25,19.3,8.99,19.57,2.57,2.61
2016-03-16,Mogi das Cruzes,Alto Tiete,-23.5217,-46.186,20.85,23.11,19.37,92.1,14.12,6.73,19.5,3.91,2.2
2016-03-17,Mogi das Cruzes,Alto Tiete,-23.5217,-46.186,21.75,26.82,18.31,85.31,18.97,8.86,18.9,2.03,1.81
2016-03-18,Mogi das Cruzes,Alto Tiete,-23.5217,-46.186,22.25,27.94,17.63,85.1,22.17,10.1,19.3,1.88,1.65
2016-03-19,Mogi das Cruzes,Alto Tiete,-23.5217,-46.186,22.22,28.32,17.14,82.65,24.4,11.03,18.61,0.28,1.49
2016-03-20,Mogi das Cruzes,Alto Tiete,-23.5217,-46.186,21.94,27.33,18.11,85.66,19.66,9.08,19.14,0.31,1.83
2016-03-21,Mogi das Cruzes,Alto Tiete,-23.5217,-46.186,23.2,29.48,18.62,84.48,22.59,10.44,20.11,0.47,1.45
2016-03-22,Mogi das Cruzes,Alto Tiete,-23.5217,-46.186,24.16,29.42,20.05,81.11,14.07,6.64,20.51,0.83,2.38
2016-03-23,Mogi das Cruzes,Alto Tiete,-23.5217,-46.186,21.97,26.4,19.43,89.81,16.75,7.79,20.13,4.53,2.22
2016-03-24,Mogi das Cruzes,Alto Tiete,-23.5217,-46.186,21.68,26.93,19.0,88.96,17.29,7.99,19.63,9.17,2.11
2016-03-25,Mogi das Cruzes,Alto Tiete,-23.5217,-46.186,22.34,26.48,19.77,89.55,14.26,6.78,20.47,14.08,1.45
2016-03-26,Mogi das Cruzes,Alto Tiete,-23.5217,-46.186,23.26,28.67,19.45,83.96,16.51,7.75,20.21,3.54,2.31
2016-03-27,Mogi das Cruzes,Alto Tiete,-23.5217,-46.186,23.79,28.8,19.85,84.38,17.95,8.34,20.78,0.21,1.55
2016-03-28,Mogi das Cruzes,Alto Tiete,-23.5217,-46.186,23.86,28.34,20.49,86.48,17.57,8.15,21.31,6.83,1.29
2016-03-29,Mogi das Cruzes,Alto Tiete,-23.5217,-46.186,22.65,26.33,20.14,91.49,17.98,8.26,21.13,7.81,1.6
2016-03-30,Mogi das Cruzes,Alto Tiete,-23.5217,-46.186,22.81,27.58,20.8,89.39,16.59,7.68,20.8,1.52,1.49
2016-03-31,Mogi das Cruzes,Alto Tiete,-23.5217,-46.186,22.99,26.86,19.89,84.99,20.88,9.62,20.15,0.5,0.78
2016-04-01,Mogi das Cruzes,Alto Tiete,-23.5217,-46.186,22.95,28.03,20.03,84.08,19.83,9.14,19.83,1.39,1.4
2016-04-02,Mogi das Cruzes,Alto Tiete,-23.5217,-46.186,22.53,27.91,18.8,83.27,19.88,9.18,19.23,0.34,1.37
2016-04-03,Mogi das Cruzes,Alto Tiete,-23.5217,-46.186,23.33,29.04,18.61,83.48,20.62,9.49,20.0,0.03,1.47
2016-04-04,Mogi das Cruzes,Alto Tiete,-23.5217,-46.186,22.73,27.41,19.09,86.97,19.4,8.96,20.24,0.09,1.97
2016-04-05,Mogi das Cruzes,Alto Tiete,-23.5217,-46.186,22.33,27.84,18.81,85.97,21.86,10.01,19.59,0.11,2.06
2016-04-06,Mogi das Cruzes,Alto Tiete,-23.5217,-46.186,21.94,27.76,16.94,81.37,21.3,9.69,18.22,0.02,1.22
2016-04-07,Mogi das Cruzes,Alto Tiete,-23.5217,-46.186,22.83,29.53,17.41,75.95,22.39,10.17,17.96,0.02,1.5
2016-04-08,Mogi das Cruzes,Alto Tiete,-23.5217,-46.186,22.3,27.69,18.03,86.13,19.33,8.92,19.63,0.08,1.35
2016-04-09,Mogi das Cruzes,Alto Tiete,-23.5217,-46.186,23.36,29.91,18.24,79.76,21.08,9.69,19.06,0.02,1.19
2016-04-10,Mogi das Cruzes,Alto Tiete,-23.5217,-46.186,22.95,28.54,18.86,82.06,19.38,8.96,19.43,0.12,1.7
2016-04-11,Mogi das Cruzes,Alto Tiete,-23.5217,-46.186,22.89,28.05,19.34,86.28,18.2,8.42,20.22,0.14,1.83
2016-04-12,Mogi das Cruzes,Alto Tiete,-23.5217,-46.186,23.18,28.85,19.23,85.62,18.94,8.79,20.32,0.16,1.58
2016-04-13,Mogi das Cruzes,Alto Tiete,-23.5217,-46.186,22.9,28.82,18.98,84.2,19.43,8.92,19.73,0.06,1.46
2016-04-14,Mogi das Cruzes,Alto Tiete,-23.5217,-46.186,22.98,29.41,17.29,78.19,19.66,8.99,18.57,0.03,1.71
2016-04-15,Mogi das Cruzes,Alto Tiete,-23.5217,-46.186,23.69,29.42,19.3,75.23,18.98,8.67,18.62,0.02,1.46
2016-04-16,Mogi das Cruzes,Alto Tiete,-23.5217,-46.186,22.66,29.65,17.19,72.91,20.09,9.19,16.99,0.0,1.54
2016-04-17,Mogi das Cruzes,Alto Tiete,-23.5217,-46.186,23.09,29.85,16.59,74.61,21.27,9.54,17.7,0.01,1.1
2016-04-18,Mogi das Cruzes,Alto Tiete,-23.5217,-46.186,23.71,30.21,17.95,74.47,19.13,8.8,18.51,0.02,1.49
2016-04-19,Mogi das Cruzes,Alto Tiete,-23.5217,-46.186,24.03,30.06,18.63,74.28,19.75,9.03,18.63,0.01,1.22
2016-04-20,Mogi das Cruzes,Alto Tiete,-23.5217,-46.186,24.53,29.58,19.91,71.5,18.81,8.68,18.72,0.01,0.95
2016-04-21,Mogi das Cruzes,Alto Tiete,-23.5217,-46.186,23.54,29.46,18.28,71.03,19.35,8.81,17.58,0.0,1.91
2016-04-22,Mogi das Cruzes,Alto Tiete,-23.5217,-46.186,23.12,29.66,18.25,74.07,17.83,8.12,17.58,0.0,1.62
2016-04-23,Mogi das Cruzes,Alto Tiete,-23.5217,-46.186,23.43,30.0,17.65,72.93,18.7,8.59,17.76,0.01,1.19
2016-04-24,Mogi das Cruzes,Alto Tiete,-23.5217,-46.186,24.37,30.56,19.02,69.2,18.81,8.68,17.86,0.0,1.31
2016-04-25,Mogi das Cruzes,Alto Tiete,-23.5217,-46.186,23.7,29.63,19.28,69.92,18.12,8.28,17.43,0.05,3.33
2016-04-26,Mogi das Cruzes,Alto Tiete,-23.5217,-46.186,22.63,27.73,18.91,74.83,9.12,4.35,17.64,0.25,3.81
2016-04-27,Mogi das Cruzes,Alto Tiete,-23.5217,-46.186,18.56,22.16,14.24,85.81,5.86,2.93,16.04,2.03,3.0
2016-04-28,Mogi das Cruzes,Alto Tiete,-23.5217,-46.186,15.74,20.63,13.34,79.04,13.11,5.86,11.88,0.14,2.62
2016-04-29,Mogi das Cruzes,Alto Tiete,-23.5217,-46.186,15.34,19.25,13.42,85.08,6.46,3.14,12.75,3.89,2.05
2016-04-30,Mogi das Cruzes,Alto Tiete,-23.5217,-46.186,16.04,21.74,13.15,80.48,17.29,7.72,12.23,0.57,2.29
2016-05-01,Mogi das Cruzes,Alto Tiete,-23.5217,-46.186,14.81,20.07,10.88,75.45,19.69,8.68,9.93,0.02,2.14
2016-05-02,Mogi das Cruzes,Alto Tiete,-23.5217,-46.186,16.84,23.08,12.69,82.16,19.34,8.63,13.31,0.0,1.87
2016-05-03,Mogi das Cruzes,Alto Tiete,-23.5217,-46.186,17.78,25.47,12.37,77.6,17.83,7.99,12.92,0.01,1.21
2016-05-04,Mogi das Cruzes,Alto Tiete,-23.5217,-46.186,18.32,24.2,14.87,80.19,16.5,7.51,14.36,0.04,1.5
2016-05-05,Mogi das Cruzes,Alto Tiete,-23.5217,-46.186,18.27,24.08,14.58,82.35,13.76,6.28,14.75,0.02,1.59
2016-05-06,Mogi das Cruzes,Alto Tiete,-23.5217,-46.186,18.9,26.13,13.95,79.79,15.86,7.17,14.64,0.02,1.3
2016-05-07,Mogi das Cruzes,Alto Tiete,-23.5217,-46.186,18.73,23.32,15.43,84.51,8.2,3.85,15.75,0.08,1.04
2016-05-08,Mogi das Cruzes,Alto Tiete,-23.5217,-46.186,19.74,25.0,16.43,86.08,9.59,4.49,17.1,0.11,1.26
2016-05-09,Mogi das Cruzes,Alto Tiete,-23.5217,-46.186,20.8,26.97,16.58,81.85,8.76,4.08,17.1,0.16,0.97
2016-05-10,Mogi das Cruzes,Alto Tiete,-23.5217,-46.186,21.19,27.16,17.88,75.16,9.09,4.26,16.11,0.04,2.94
2016-05-11,Mogi das Cruzes,Alto Tiete,-23.5217,-46.186,19.04,23.25,16.42,85.84,9.9,4.6,16.39,0.23,1.69
2016-05-12,Mogi das Cruzes,Alto Tiete,-23.5217,-46.186,18.1,22.44,15.62,87.17,9.61,4.47,15.76,0.49,2.27
2016-05-13,Mogi das Cruzes,Alto Tiete,-23.5217,-46.186,17.59,22.64,15.1,84.58,9.69,4.52,14.71,0.24,2.84
2016-05-14,Mogi das Cruzes,Alto Tiete,-23.5217,-46.186,17.28,22.67,14.21,83.31,11.79,5.4,14.11,0.11,2.66
2016-05-15,Mogi das Cruzes,Alto Tiete,-23.5217,-46.186,19.62,26.96,12.96,79.59,16.39,7.41,15.5,1.14,2.45
2016-05-16,Mogi das Cruzes,Alto Tiete,-23.5217,-46.186,21.81,27.33,18.15,80.12,11.31,5.28,17.96,3.25,4.43
2016-05-17,Mogi das Cruzes,Alto Tiete,-23.5217,-46.186,17.98,24.26,14.7,85.22,8.72,3.98,15.16,4.96,2.07
2016-05-18,Mogi das Cruzes,Alto Tiete,-23.5217,-46.186,16.12,19.33,13.86,88.99,2.27,1.22,14.22,10.06,1.27
2016-05-19,Mogi das Cruzes,Alto Tiete,-23.5217,-46.186,15.43,18.71,13.65,91.89,4.68,2.35,14.07,10.95,2.37
2016-05-20,Mogi das Cruzes,Alto Tiete,-23.5217,-46.186,18.62,25.49,14.03,88.87,11.4,5.31,16.56,15.18,1.46
2016-05-21,Mogi das Cruzes,Alto Tiete,-23.5217,-46.186,19.12,21.96,17.18,89.35,4.7,2.35,17.29,3.54,3.31
2016-05-22,Mogi das Cruzes,Alto Tiete,-23.5217,-46.186,20.88,26.59,16.37,83.65,13.14,6.04,17.75,0.75,2.99
2016-05-23,Mogi das Cruzes,Alto Tiete,-23.5217,-46.186,15.13,18.9,10.48,86.46,9.21,4.16,12.82,3.68,3.19
2016-05-24,Mogi das Cruzes,Alto Tiete,-23.5217,-46.186,14.16,18.32,10.72,86.28,11.7,5.27,11.75,0.41,2.73
2016-05-25,Mogi das Cruzes,Alto Tiete,-23.5217,-46.186,16.18,21.98,12.26,86.47,15.03,6.77,13.85,0.08,2.48
2016-05-26,Mogi das Cruzes,Alto Tiete,-23.5217,-46.186,17.05,23.13,12.51,85.02,12.8,5.8,14.29,0.02,1.47
2016-05-27,Mogi das Cruzes,Alto Tiete,-23.5217,-46.186,17.5,23.14,13.89,84.73,7.87,3.72,14.6,0.02,1.48
2016-05-28,Mogi das Cruzes,Alto Tiete,-23.5217,-46.186,17.81,23.49,13.94,85.99,9.02,4.19,15.19,0.01,1.88
2016-05-29,Mogi das Cruzes,Alto Tiete,-23.5217,-46.186,18.23,23.75,14.11,83.94,10.08,4.58,15.2,0.05,1.63
2016-05-30,Mogi das Cruzes,Alto Tiete,-23.5217,-46.186,18.39,23.98,14.28,87.17,6.53,3.08,16.09,7.76,2.34
2016-05-31,Mogi das Cruzes,Alto Tiete,-23.5217,-46.186,19.22,24.15,15.95,87.03,11.13,5.06,16.84,2.11,2.57
2016-06-01,Mogi das Cruzes,Alto Tiete,-23.5217,-46.186,18.84,24.14,16.0,88.9,8.69,4.04,16.81,11.26,1.47
2016-06-02,Mogi das Cruzes,Alto Tiete,-23.5217,-46.186,18.67,22.93,15.01,88.27,10.75,4.89,16.53,7.38,3.12
2016-06-03,Mogi das Cruzes,Alto Tiete,-23.5217,-46.186,16.74,22.18,13.55,87.01,6.25,2.96,14.39,8.52,1.48
2016-06-04,Mogi das Cruzes,Alto Tiete,-23.5217,-46.186,16.35,21.01,13.01,89.98,5.55,2.68,14.61,18.11,1.37
2016-06-05,Mogi das Cruzes,Alto Tiete,-23.5217,-46.186,17.87,21.92,15.57,94.18,5.65,2.69,16.89,52.26,1.22
2016-06-06,Mogi das Cruzes,Alto Tiete,-23.5217,-46.186,17.43,19.94,15.26,94.96,6.81,3.23,16.57,21.46,1.91
2016-06-07,Mogi das Cruzes,Alto Tiete,-23.5217,-46.186,14.33,16.93,11.91,92.84,4.83,2.38,13.17,15.91,1.75
2016-06-08,Mogi das Cruzes,Alto Tiete,-23.5217,-46.186,13.01,17.35,10.81,87.57,14.64,6.41,10.84,0.4,1.01
2016-06-09,Mogi das Cruzes,Alto Tiete,-23.5217,-46.186,11.23,16.68,7.34,83.54,13.1,5.69,8.31,0.02,1.41
2016-06-10,Mogi das Cruzes,Alto Tiete,-23.5217,-46.186,11.41,18.95,7.05,81.64,12.46,5.37,7.97,0.02,1.34
2016-06-11,Mogi das Cruzes,Alto Tiete,-23.5217,-46.186,9.85,15.22,6.36,85.22,15.34,6.64,7.33,0.03,1.38
2016-06-12,Mogi das Cruzes,Alto Tiete,-23.5217,-46.186,9.4,14.75,5.39,78.27,16.19,6.96,5.47,0.01,1.19
2016-06-13,Mogi das Cruzes,Alto Tiete,-23.5217,-46.186,8.86,15.38,3.68,85.93,16.5,7.14,6.61,0.02,2.02
2016-06-14,Mogi das Cruzes,Alto Tiete,-23.5217,-46.186,11.75,18.04,7.59,86.0,15.25,6.62,9.38,0.02,1.97
2016-06-15,Mogi das Cruzes,Alto Tiete,-23.5217,-46.186,13.53,21.0,8.12,81.86,15.07,6.66,10.15,0.03,1.14
2016-06-16,Mogi das Cruzes,Alto Tiete,-23.5217,-46.186,15.45,22.41,10.37,84.66,15.22,6.82,12.55,0.03,1.19
2016-06-17,Mogi das Cruzes,Alto Tiete,-23.5217,-46.186,16.49,23.72,11.27,80.03,14.52,6.53,12.7,0.0,1.82
2016-06-18,Mogi das Cruzes,Alto Tiete,-23.5217,-46.186,15.59,21.8,11.45,89.0,10.27,4.64,13.71,0.1,1.39
2016-06-19,Mogi das Cruzes,Alto Tiete,-23.5217,-46.186,15.97,22.22,12.77,88.94,11.55,5.13,14.25,0.15,1.19
2016-06-20,Mogi das Cruzes,Alto Tiete,-23.5217,-46.186,14.5,18.47,12.35,92.05,5.45,2.61,13.41,0.29,2.27
2016-06-21,Mogi das Cruzes,Alto Tiete,-23.5217,-46.186,13.4,15.92,11.83,92.17,4.68,2.27,12.12,0.29,2.74
2016-06-22,Mogi das Cruzes,Alto Tiete,-23.5217,-46.186,15.88,22.26,12.19,89.06,8.88,4.05,13.9,0.31,2.12
2016-06-23,Mogi das Cruzes,Alto Tiete,-23.5217,-46.186,15.43,21.07,11.57,89.36,12.96,5.75,13.55,0.05,1.64
2016-06-24,Mogi das Cruzes,Alto Tiete,-23.5217,-46.186,15.02,20.04,12.3,89.77,13.36,5.91,13.34,0.02,1.85
2016-06-25,Mogi das Cruzes,Alto Tiete,-23.5217,-46.186,15.34,21.3,11.49,88.51,12.33,5.51,13.37,0.03,2.13
2016-06-26,Mogi das Cruzes,Alto Tiete,-23.5217,-46.186,15.1,21.39,10.97,86.32,13.73,6.06,12.55,0.03,1.65
2016-06-27,Mogi das Cruzes,Alto Tiete,-23.5217,-46.186,14.16,21.14,8.33,84.97,13.86,6.12,11.42,0.0,1.37
2016-06-28,Mogi das Cruzes,Alto Tiete,-23.5217,-46.186,15.32,22.41,9.06,83.94,13.07,5.76,12.36,0.01,1.14
2016-06-29,Mogi das Cruzes,Alto Tiete,-23.5217,-46.186,16.19,23.19,10.9,86.65,12.26,5.46,13.94,0.02,1.2
2016-06-30,Mogi das Cruzes,Alto Tiete,-23.5217,-46.186,16.59,23.13,12.28,86.17,10.05,4.58,14.03,0.01,1.18
2016-07-01,Mogi das Cruzes,Alto Tiete,-23.5217,-46.186,17.09,22.84,13.17,89.36,11.17,5.0,15.25,0.07,1.31
2016-07-02,Mogi das Cruzes,Alto Tiete,-23.5217,-46.186,17.97,24.25,13.48,83.76,13.38,6.03,14.96,0.01,1.14
2016-07-03,Mogi das Cruzes,Alto Tiete,-23.5217,-46.186,17.99,25.18,12.64,83.27,13.8,6.26,14.71,0.03,1.24
2016-07-04,Mogi das Cruzes,Alto Tiete,-23.5217,-46.186,18.53,25.0,12.77,73.77,14.4,6.49,13.25,0.0,1.12
2016-07-05,Mogi das Cruzes,Alto Tiete,-23.5217,-46.186,18.44,24.84,12.55,72.7,14.78,6.63,13.08,0.02,1.68
2016-07-06,Mogi das Cruzes,Alto Tiete,-23.5217,-46.186,19.51,25.32,15.2,74.7,15.36,6.93,14.54,0.0,3.73
2016-07-07,Mogi das Cruzes,Alto Tiete,-23.5217,-46.186,15.14,20.71,9.18,75.45,16.93,7.28,9.89,0.02,1.46
2016-07-08,Mogi das Cruzes,Alto Tiete,-23.5217,-46.186,11.87,18.3,7.08,78.9,16.27,7.02,7.6,0.0,1.66
2016-07-09,Mogi das Cruzes,Alto Tiete,-23.5217,-46.186,14.85,23.92,8.39,75.61,16.06,6.98,9.95,0.0,1.43
2016-07-10,Mogi das Cruzes,Alto Tiete,-23.5217,-46.186,17.6,25.8,10.97,67.19,15.92,7.1,10.89,0.0,2.08
2016-07-11,Mogi das Cruzes,Alto Tiete,-23.5217,-46.186,19.61,27.06,14.67,70.38,16.17,7.23,13.68,0.0,2.69
2016-07-12,Mogi das Cruzes,Alto Tiete,-23.5217,-46.186,20.18,27.41,15.25,68.51,16.26,7.25,13.73,0.0,3.14
2016-07-13,Mogi das Cruzes,Alto Tiete,-23.5217,-46.186,19.99,26.62,14.56,67.98,11.1,5.03,13.46,0.48,1.08
2016-07-14,Mogi das Cruzes,Alto Tiete,-23.5217,-46.186,19.28,27.04,13.84,68.95,13.74,6.1,12.88,0.03,2.18
2016-07-15,Mogi das Cruzes,Alto Tiete,-23.5217,-46.186,20.07,27.13,14.85,61.0,15.03,6.7,11.93,0.0,3.34
2016-07-16,Mogi das Cruzes,Alto Tiete,-23.5217,-46.186,18.44,24.73,13.67,74.05,4.66,2.28,13.38,2.64,4.03
2016-07-17,Mogi das Cruzes,Alto Tiete,-23.5217,-46.186,13.03,19.05,7.65,78.06,16.96,7.28,8.67,0.3,1.73
2016-07-18,Mogi das Cruzes,Alto Tiete,-23.5217,-46.186,10.43,16.98,5.85,80.0,14.48,6.3,6.65,0.01,1.69
2016-07-19,Mogi das Cruzes,Alto Tiete,-23.5217,-46.186,12.94,20.15,8.69,77.61,7.86,3.61,8.59,0.03,1.35
2016-07-20,Mogi das Cruzes,Alto Tiete,-23.5217,-46.186,12.6,16.99,10.66,85.83,10.95,4.89,10.16,0.01,1.84
2016-07-21,Mogi das Cruzes,Alto Tiete,-23.5217,-46.186,12.75,17.06,10.58,85.74,7.87,3.54,10.29,0.0,1.58
2016-07-22,Mogi das Cruzes,Alto Tiete,-23.5217,-46.186,13.43,19.19,10.56,82.39,9.24,4.11,10.16,0.02,2.17
2016-07-23,Mogi das Cruzes,Alto Tiete,-23.5217,-46.186,15.81,24.11,10.29,81.81,15.06,6.66,12.19,0.03,1.36
2016-07-24,Mogi das Cruzes,Alto Tiete,-23.5217,-46.186,18.0,26.86,11.76,76.76,14.91,6.57,13.18,0.02,2.03
2016-07-25,Mogi das Cruzes,Alto Tiete,-23.5217,-46.186,17.22,24.14,12.94,81.25,15.15,6.71,13.58,0.0,1.67
2016-07-26,Mogi das Cruzes,Alto Tiete,-23.5217,-46.186,18.5,26.41,11.78,71.35,16.64,7.36,12.62,0.01,2.94
2016-07-27,Mogi das Cruzes,Alto Tiete,-23.5217,-46.186,18.07,26.43,10.55,68.47,15.95,7.09,11.69,0.01,3.65
2016-07-28,Mogi das Cruzes,Alto Tiete,-23.5217,-46.186,13.89,20.38,9.78,79.9,13.38,5.99,10.13,0.02,2.51
2016-07-29,Mogi das Cruzes,Alto Tiete,-23.5217,-46.186,15.18,21.16,12.05,84.27,8.15,3.73,12.23,0.01,2.45
2016-07-30,Mogi das Cruzes,Alto Tiete,-23.5217,-46.186,16.8,23.75,12.55,82.91,15.24,6.84,13.51,0.0,2.24
2016-07-31,Mogi das Cruzes,Alto Tiete,-23.5217,-46.186,17.53,24.68,12.28,78.96,14.84,6.61,13.3,0.01,1.37
2016-08-01,Mogi das Cruzes,Alto Tiete,-23.5217,-46.186,18.35,25.91,12.03,71.29,15.08,6.7,12.38,0.0,2.34
2016-08-02,Mogi das Cruzes,Alto Tiete,-23.5217,-46.186,16.54,22.11,13.01,82.73,7.27,3.4,13.42,0.02,2.85
2016-08-03,Mogi das Cruzes,Alto Tiete,-23.5217,-46.186,16.87,23.69,13.1,83.03,11.36,5.17,13.52,0.07,2.45
2016-08-04,Mogi das Cruzes,Alto Tiete,-23.5217,-46.186,17.93,25.42,13.57,79.45,15.45,6.89,13.57,0.06,2.01
2016-08-05,Mogi das Cruzes,Alto Tiete,-23.5217,-46.186,19.18,27.16,12.0,70.39,15.74,7.0,12.61,0.01,1.23
2016-08-06,Mogi das Cruzes,Alto Tiete,-23.5217,-46.186,20.59,28.41,14.88,60.93,17.69,7.88,12.04,0.0,2.62
2016-08-07,Mogi das Cruzes,Alto Tiete,-23.5217,-46.186,19.42,28.16,14.76,67.69,10.22,4.55,12.57,0.06,3.68
2016-08-08,Mogi das Cruzes,Alto Tiete,-23.5217,-46.186,18.23,27.95,13.56,79.26,7.88,3.61,13.86,0.09,2.48
2016-08-09,Mogi das Cruzes,Alto Tiete,-23.5217,-46.186,19.44,26.95,14.79,79.41,6.8,3.23,15.09,0.07,1.74
2016-08-10,Mogi das Cruzes,Alto Tiete,-23.5217,-46.186,15.02,18.58,10.39,81.72,8.16,3.79,11.71,0.06,2.94
2016-08-11,Mogi das Cruzes,Alto Tiete,-23.5217,-46.186,12.09,17.63,7.1,83.54,8.09,3.76,9.12,0.09,2.57
2016-08-12,Mogi das Cruzes,Alto Tiete,-23.5217,-46.186,14.18,20.79,10.12,80.26,15.51,6.9,10.26,0.04,2.1
2016-08-13,Mogi das Cruzes,Alto Tiete,-23.5217,-46.186,16.12,25.89,9.4,69.36,19.85,8.61,8.85,0.01,1.26
2016-08-14,Mogi das Cruzes,Alto Tiete,-23.5217,-46.186,19.17,30.02,9.86,48.4,19.62,8.61,6.87,0.0,2.08
2016-08-15,Mogi das Cruzes,Alto Tiete,-23.5217,-46.186,21.88,31.31,15.21,55.78,12.98,5.81,11.14,0.83,2.84
2016-08-16,Mogi das Cruzes,Alto Tiete,-23.5217,-46.186,19.91,26.1,15.75,76.17,12.46,5.62,15.16,1.01,2.09
2016-08-17,Mogi das Cruzes,Alto Tiete,-23.5217,-46.186,21.45,29.82,15.26,66.1,19.5,8.68,13.72,0.0,2.93
2016-08-18,Mogi das Cruzes,Alto Tiete,-23.5217,-46.186,18.72,25.29,15.92,83.15,10.43,4.67,15.56,3.38,2.98
2016-08-19,Mogi das Cruzes,Alto Tiete,-23.5217,-46.186,20.92,29.77,15.29,76.89,15.05,6.79,15.78,0.7,1.66
2016-08-20,Mogi das Cruzes,Alto Tiete,-23.5217,-46.186,21.49,26.96,16.93,74.65,4.45,2.21,16.34,6.91,2.79
2016-08-21,Mogi das Cruzes,Alto Tiete,-23.5217,-46.186,15.33,19.45,10.41,89.77,4.11,2.13,13.64,19.27,4.69
2016-08-22,Mogi das Cruzes,Alto Tiete,-23.5217,-46.186,11.85,15.69,9.73,83.15,10.26,4.67,8.9,1.58,3.48
2016-08-23,Mogi das Cruzes,Alto Tiete,-23.5217,-46.186,14.11,21.04,9.33,79.22,17.42,7.71,10.13,0.01,2.44
2016-08-24,Mogi das Cruzes,Alto Tiete,-23.5217,-46.186,16.48,24.84,11.4,78.32,18.59,8.27,11.91,0.03,2.5
2016-08-25,Mogi das Cruzes,Alto Tiete,-23.5217,-46.186,17.32,27.13,10.34,74.79,18.76,8.29,11.76,0.02,1.57
2016-08-26,Mogi das Cruzes,Alto Tiete,-23.5217,-46.186,17.78,26.7,11.74,69.07,20.77,9.08,10.88,0.01,1.46
2016-08-27,Mogi das Cruzes,Alto Tiete,-23.5217,-46.186,18.88,29.17,10.84,65.07,21.65,9.46,10.38,0.03,1.33
2016-08-28,Mogi das Cruzes,Alto Tiete,-23.5217,-46.186,21.87,30.55,13.11,52.24,21.76,9.6,10.72,0.01,2.07
2016-08-29,Mogi das Cruzes,Alto Tiete,-23.5217,-46.186,22.81,31.7,15.55,58.06,20.4,9.1,13.01,0.01,1.15
2016-08-30,Mogi das Cruzes,Alto Tiete,-23.5217,-46.186,22.57,30.19,17.12,59.92,15.16,6.9,13.71,1.31,1.79
2016-08-31,Mogi das Cruzes,Alto Tiete,-23.5217,-46.186,19.44,24.76,15.25,79.62,3.96,2.09,15.49,4.43,2.9
2016-09-01,Mogi das Cruzes,Alto Tiete,-23.5217,-46.186,17.73,24.63,12.31,77.35,20.02,8.77,12.97,0.19,2.25
2016-09-02,Mogi das Cruzes,Alto Tiete,-23.5217,-46.186,18.82,27.22,14.51,82.3,13.15,6.05,15.21,0.64,2.65
2016-09-03,Mogi das Cruzes,Alto Tiete,-23.5217,-46.186,19.56,25.62,16.31,84.14,11.73,5.48,16.44,0.23,2.03
2016-09-04,Mogi das Cruzes,Alto Tiete,-23.5217,-46.186,19.77,24.87,15.23,77.04,7.24,3.57,15.14,0.05,1.43
2016-09-05,Mogi das Cruzes,Alto Tiete,-23.5217,-46.186,19.39,25.91,15.11,80.26,12.77,5.89,15.47,2.17,1.58
2016-09-06,Mogi das Cruzes,Alto Tiete,-23.5217,-46.186,19.29,25.25,16.63,83.51,5.45,2.73,16.17,1.12,3.07
2016-09-07,Mogi das Cruzes,Alto Tiete,-23.5217,-46.186,19.47,26.24,14.39,76.1,8.8,4.16,14.52,0.19,3.54
2016-09-08,Mogi das Cruzes,Alto Tiete,-23.5217,-46.186,16.74,26.11,8.97,68.69,22.2,9.69,8.9,0.0,1.93
2016-09-09,Mogi das Cruzes,Alto Tiete,-23.5217,-46.186,17.4,24.89,12.69,78.21,15.76,7.12,12.95,0.05,2.92
2016-09-10,Mogi das Cruzes,Alto Tiete,-23.5217,-46.186,19.9,29.11,14.12,76.42,17.96,8.11,14.57,0.04,2.42
2016-09-11,Mogi das Cruzes,Alto Tiete,-23.5217,-46.186,21.35,30.36,15.51,74.62,18.9,8.55,15.46,0.02,1.87
2016-09-12,Mogi das Cruzes,Alto Tiete,-23.5217,-46.186,23.62,32.76,15.54,64.93,21.8,9.81,14.95,0.01,1.7
2016-09-13,Mogi das Cruzes,Alto Tiete,-23.5217,-46.186,25.51,33.37,19.56,45.39,19.44,8.66,11.69,0.0,4.17
2016-09-14,Mogi das Cruzes,Alto Tiete,-23.5217,-46.186,21.96,28.7,17.39,68.82,10.92,4.74,15.59,0.41,3.01
2016-09-15,Mogi das Cruzes,Alto Tiete,-23.5217,-46.186,17.7,25.75,12.24,70.35,22.07,9.58,11.42,0.01,2.58
2016-09-16,Mogi das Cruzes,Alto Tiete,-23.5217,-46.186,17.02,24.93,11.62,76.34,10.55,4.9,12.3,0.44,3.01
2016-09-17,Mogi das Cruzes,Alto Tiete,-23.5217,-46.186,20.78,29.9,14.72,74.71,16.35,7.35,15.21,0.19,2.09
2016-09-18,Mogi das Cruzes,Alto Tiete,-23.5217,-46.186,23.87,35.05,16.41,68.13,18.48,8.11,15.63,6.8,2.04
2016-09-19,Mogi das Cruzes,Alto Tiete,-23.5217,-46.186,21.04,28.72,16.02,78.43,16.12,7.23,16.6,4.89,2.2
2016-09-20,Mogi das Cruzes,Alto Tiete,-23.5217,-46.186,14.84,17.95,11.17,83.22,9.09,4.32,11.91,1.19,3.44
2016-09-21,Mogi das Cruzes,Alto Tiete,-23.5217,-46.186,15.29,20.91,11.18,81.16,16.54,7.48,11.69,0.72,3.64
2016-09-22,Mogi das Cruzes,Alto Tiete,-23.5217,-46.186,17.38,25.65,12.71,74.15,20.86,9.34,11.68,0.21,3.55
2016-09-23,Mogi das Cruzes,Alto Tiete,-23.5217,-46.186,19.27,30.05,12.14,70.53,24.21,10.74,12.16,0.03,2.36
2016-09-24,Mogi das Cruzes,Alto Tiete,-23.5217,-46.186,17.86,25.43,14.0,79.38,12.08,5.56,13.8,0.16,2.77
2016-09-25,Mogi das Cruzes,Alto Tiete,-23.5217,-46.186,15.27,19.98,12.55,82.87,5.59,2.85,12.21,0.43,3.32
2016-09-26,Mogi das Cruzes,Alto Tiete,-23.5217,-46.186,16.04,23.6,11.92,75.08,15.62,7.12,11.01,0.09,2.97
2016-09-27,Mogi das Cruzes,Alto Tiete,-23.5217,-46.186,16.34,24.84,10.81,69.92,22.91,10.1,9.74,0.01,2.77
2016-09-28,Mogi das Cruzes,Alto Tiete,-23.5217,-46.186,18.86,29.62,12.07,68.56,23.29,10.32,11.67,0.02,2.21
2016-09-29,Mogi das Cruzes,Alto Tiete,-23.5217,-46.186,18.75,26.94,13.28,72.8,24.57,10.85,12.5,0.1,3.04
2016-09-30,Mogi das Cruzes,Alto Tiete,-23.5217,-46.186,16.98,23.73,13.91,79.87,15.71,7.09,13.07,0.18,3.93
2016-10-01,Mogi das Cruzes,Alto Tiete,-23.5217,-46.186,17.02,23.97,13.62,78.94,11.24,5.29,12.92,0.12,4.08
2016-10-02,Mogi das Cruzes,Alto Tiete,-23.5217,-46.186,17.79,24.66,13.9,78.61,18.73,8.5,13.47,0.35,3.99
2016-10-03,Mogi das Cruzes,Alto Tiete,-23.5217,-46.186,17.8,24.77,14.44,82.63,5.95,3.05,14.41,12.04,2.74
2016-10-04,Mogi das Cruzes,Alto Tiete,-23.5217,-46.186,17.32,21.85,15.06,85.76,11.5,5.36,14.71,4.81,2.99
2016-10-05,Mogi das Cruzes,Alto Tiete,-23.5217,-46.186,17.54,23.45,13.98,80.63,16.64,7.52,13.7,0.49,2.93
2016-10-06,Mogi das Cruzes,Alto Tiete,-23.5217,-46.186,18.51,26.7,14.01,76.32,17.97,8.23,13.59,1.84,2.15
2016-10-07,Mogi das Cruzes,Alto Tiete,-23.5217,-46.186,16.96,23.55,11.54,76.77,16.56,7.52,12.27,1.34,2.3
2016-10-08,Mogi das Cruzes,Alto Tiete,-23.5217,-46.186,19.38,28.09,13.23,69.47,27.3,12.22,12.24,0.02,1.66
2016-10-09,Mogi das Cruzes,Alto Tiete,-23.5217,-46.186,18.4,26.03,12.7,78.1,19.64,8.89,13.93,0.76,3.03
2016-10-10,Mogi das Cruzes,Alto Tiete,-23.5217,-46.186,17.87,24.88,14.27,79.84,14.78,6.76,13.85,0.78,3.94
2016-10-11,Mogi das Cruzes,Alto Tiete,-23.5217,-46.186,20.05,29.77,14.11,76.28,14.91,6.82,14.93,3.41,2.45
2016-10-12,Mogi das Cruzes,Alto Tiete,-23.5217,-46.186,21.87,30.37,15.64,74.16,22.15,10.0,16.15,1.0,1.9
2016-10-13,Mogi das Cruzes,Alto Tiete,-23.5217,-46.186,21.96,29.06,18.75,81.43,16.25,7.67,18.16,10.73,2.52
2016-10-14,Mogi das Cruzes,Alto Tiete,-23.5217,-46.186,23.42,30.8,17.71,73.7,14.55,6.86,17.7,0.85,2.3
2016-10-15,Mogi das Cruzes,Alto Tiete,-23.5217,-46.186,23.31,30.88,18.86,74.71,17.23,8.01,17.71,4.61,1.21
2016-10-16,Mogi das Cruzes,Alto Tiete,-23.5217,-46.186,25.06,33.75,18.14,68.91,22.91,10.41,17.88,0.25,1.73
2016-10-17,Mogi das Cruzes,Alto Tiete,-23.5217,-46.186,26.55,35.53,20.21,65.77,24.83,11.36,18.54,3.43,1.86
2016-10-18,Mogi das Cruzes,Alto Tiete,-23.5217,-46.186,25.85,35.59,20.41,68.26,22.33,10.24,18.28,0.35,1.69
2016-10-19,Mogi das Cruzes,Alto Tiete,-23.5217,-46.186,26.88,36.48,20.01,67.44,24.37,11.27,18.95,2.77,1.09
2016-10-20,Mogi das Cruzes,Alto Tiete,-23.5217,-46.186,27.71,36.28,21.78,60.95,22.78,10.44,18.24,2.77,1.36
2016-10-21,Mogi das Cruzes,Alto Tiete,-23.5217,-46.186,21.04,25.89,17.45,84.89,11.34,5.46,18.24,8.28,3.29
2016-10-22,Mogi das Cruzes,Alto Tiete,-23.5217,-46.186,18.47,23.31,16.29,85.04,10.16,4.98,15.74,4.24,3.79
2016-10-23,Mogi das Cruzes,Alto Tiete,-23.5217,-46.186,21.11,29.21,16.21,79.22,18.85,8.79,16.81,1.86,2.71
2016-10-24,Mogi das Cruzes,Alto Tiete,-23.5217,-46.186,22.13,28.44,17.64,81.57,19.06,8.88,18.41,11.59,2.22
2016-10-25,Mogi das Cruzes,Alto Tiete,-23.5217,-46.186,21.2,25.11,18.79,88.39,7.58,3.88,19.09,8.52,2.13
2016-10-26,Mogi das Cruzes,Alto Tiete,-23.5217,-46.186,23.64,29.69,18.38,77.98,19.58,9.06,19.06,5.53,1.71
2016-10-27,Mogi das Cruzes,Alto Tiete,-23.5217,-46.186,23.54,28.18,18.46,74.5,15.63,7.45,18.45,4.13,4.59
2016-10-28,Mogi das Cruzes,Alto Tiete,-23.5217,-46.186,17.47,24.18,12.1,72.5,22.21,9.94,12.04,1.7,3.37
2016-10-29,Mogi das Cruzes,Alto Tiete,-23.5217,-46.186,16.36,22.74,11.16,77.32,25.82,11.59,11.92,1.48,3.53
2016-10-30,Mogi das Cruzes,Alto Tiete,-23.5217,-46.186,18.49,26.52,13.95,78.03,20.52,9.31,13.99,1.05,3.56
2016-10-31,Mogi das Cruzes,Alto Tiete,-23.5217,-46.186,21.32,30.0,14.27,71.84,23.56,10.82,15.19,0.65,2.48
2016-11-01,Mogi das Cruzes,Alto Tiete,-23.5217,-46.186,24.04,30.27,17.94,66.25,22.4,10.29,16.64,1.5,2.05
2016-11-02,Mogi das Cruzes,Alto Tiete,-23.5217,-46.186,25.14,31.65,19.1,64.29,21.21,9.89,17.12,2.41,2.97
2016-11-03,Mogi das Cruzes,Alto Tiete,-23.5217,-46.186,19.88,23.66,16.02,85.72,7.45,3.82,17.33,12.47,2.84
2016-11-04,Mogi das Cruzes,Alto Tiete,-23.5217,-46.186,18.42,23.92,15.72,84.69,9.26,4.56,15.57,3.74,3.21
2016-11-05,Mogi das Cruzes,Alto Tiete,-23.5217,-46.186,19.23,25.37,15.85,82.11,12.58,6.0,15.76,2.21,3.67
2016-11-06,Mogi das Cruzes,Alto Tiete,-23.5217,-46.186,20.91,27.5,16.1,78.21,17.14,8.06,16.36,3.87,2.41
2016-11-07,Mogi das Cruzes,Alto Tiete,-23.5217,-46.186,20.92,27.03,17.48,79.57,22.49,10.27,16.79,4.24,1.76
2016-11-08,Mogi das Cruzes,Alto Tiete,-23.5217,-46.186,22.17,29.13,16.56,74.64,24.04,10.9,16.56,1.44,1.83
2016-11-09,Mogi das Cruzes,Alto Tiete,-23.5217,-46.186,23.8,31.23,17.33,73.23,24.28,11.08,17.82,18.45,1.64
2016-11-10,Mogi das Cruzes,Alto Tiete,-23.5217,-46.186,23.77,30.37,18.78,76.52,25.25,11.55,18.86,4.97,3.27
2016-11-11,Mogi das Cruzes,Alto Tiete,-23.5217,-46.186,23.95,30.9,17.53,73.5,24.99,11.46,18.14,1.62,1.44
2016-11-12,Mogi das Cruzes,Alto Tiete,-23.5217,-46.186,19.19,21.75,16.76,90.02,12.45,6.13,17.47,22.9,4.59
2016-11-13,Mogi das Cruzes,Alto Tiete,-23.5217,-46.186,18.39,21.26,16.67,90.67,7.7,3.92,16.79,15.02,3.49
2016-11-14,Mogi das Cruzes,Alto Tiete,-23.5217,-46.186,18.73,21.11,17.32,91.86,9.81,4.96,17.35,10.33,3.23
2016-11-15,Mogi das Cruzes,Alto Tiete,-23.5217,-46.186,20.15,25.61,16.86,86.32,16.29,7.75,17.58,3.65,2.86
2016-11-16,Mogi das Cruzes,Alto Tiete,-23.5217,-46.186,21.77,28.01,16.68,80.21,24.74,11.43,17.75,6.89,2.06
2016-11-17,Mogi das Cruzes,Alto Tiete,-23.5217,-46.186,22.27,28.63,17.98,82.64,20.36,9.35,18.8,5.78,1.6
2016-11-18,Mogi das Cruzes,Alto Tiete,-23.5217,-46.186,17.79,21.76,12.69,84.43,10.15,5.03,14.99,1.97,4.5
2016-11-19,Mogi das Cruzes,Alto Tiete,-23.5217,-46.186,15.96,20.59,12.98,73.06,20.09,8.88,10.78,0.14,3.73
2016-11-20,Mogi das Cruzes,Alto Tiete,-23.5217,-46.186,17.04,24.67,10.42,72.82,28.37,12.58,11.64,0.01,2.35
2016-11-21,Mogi das Cruzes,Alto Tiete,-23.5217,-46.186,19.97,27.86,12.02,73.66,28.65,12.78,14.28,0.0,1.97
2016-11-22,Mogi das Cruzes,Alto Tiete,-23.5217,-46.186,19.44,24.24,16.69,82.77,18.77,8.66,16.19,0.52,2.46
2016-11-23,Mogi das Cruzes,Alto Tiete,-23.5217,-46.186,20.69,27.92,16.46,84.23,13.68,6.54,17.63,4.58,1.96
2016-11-24,Mogi das Cruzes,Alto Tiete,-23.5217,-46.186,21.05,27.01,17.38,81.67,20.46,9.31,17.44,0.71,2.85
2016-11-25,Mogi das Cruzes,Alto Tiete,-23.5217,-46.186,21.89,28.99,16.77,78.3,21.99,10.05,17.42,0.23,2.45
2016-11-26,Mogi das Cruzes,Alto Tiete,-23.5217,-46.186,22.33,28.82,17.86,79.93,20.77,9.62,18.28,0.38,1.99
2016-11-27,Mogi das Cruzes,Alto Tiete,-23.5217,-46.186,24.12,30.46,18.8,76.55,22.22,10.26,19.14,2.49,1.43
2016-11-28,Mogi das Cruzes,Alto Tiete,-23.5217,-46.186,24.12,29.62,20.03,80.55,19.55,9.24,20.17,11.18,1.51
2016-11-29,Mogi das Cruzes,Alto Tiete,-23.5217,-46.186,21.08,25.87,15.94,87.19,10.29,5.05,18.78,8.98,3.57
2016-11-30,Mogi das Cruzes,Alto Tiete,-23.5217,-46.186,17.75,21.85,15.42,82.25,10.91,5.37,14.47,2.1,4.27
2016-12-01,Mogi das Cruzes,Alto Tiete,-23.5217,-46.186,18.63,23.39,15.09,81.58,15.4,7.36,15.17,0.79,3.48
2016-12-02,Mogi das Cruzes,Alto Tiete,-23.5217,-46.186,21.29,28.76,15.45,78.35,20.86,9.7,16.95,0.08,2.25
2016-12-03,Mogi das Cruzes,Alto Tiete,-23.5217,-46.186,22.28,27.24,18.14,82.73,18.17,8.52,19.0,6.55,2.11
2016-12-04,Mogi das Cruzes,Alto Tiete,-23.5217,-46.186,22.54,30.23,15.94,75.91,20.64,9.62,17.4,4.63,4.67
2016-12-05,Mogi das Cruzes,Alto Tiete,-23.5217,-46.186,19.37,26.09,15.11,78.69,22.29,10.24,15.09,1.12,2.86
2016-12-06,Mogi das Cruzes,Alto Tiete,-23.5217,-46.186,21.27,30.27,14.81,69.22,32.13,14.43,14.24,0.01,1.97
2016-12-07,Mogi das Cruzes,Alto Tiete,-23.5217,-46.186,23.52,31.68,16.09,62.38,24.45,11.2,14.95,1.71,1.68
2016-12-08,Mogi das Cruzes,Alto Tiete,-23.5217,-46.186,23.78,28.99,18.31,77.26,26.59,12.3,19.11,4.79,1.21
2016-12-09,Mogi das Cruzes,Alto Tiete,-23.5217,-46.186,23.87,31.11,19.54,77.29,16.32,7.68,18.98,4.6,1.9
2016-12-10,Mogi das Cruzes,Alto Tiete,-23.5217,-46.186,23.78,28.72,19.77,81.43,19.73,9.25,20.09,11.33,1.42
2016-12-11,Mogi das Cruzes,Alto Tiete,-23.5217,-46.186,23.79,27.67,21.21,86.05,12.78,6.26,21.2,11.25,3.6
2016-12-12,Mogi das Cruzes,Alto Tiete,-23.5217,-46.186,22.26,27.24,18.68,87.73,7.31,3.85,20.01,16.34,3.06
2016-12-13,Mogi das Cruzes,Alto Tiete,-23.5217,-46.186,23.4,29.69,18.22,82.55,19.69,9.25,19.93,2.0,1.56
2016-12-14,Mogi das Cruzes,Alto Tiete,-23.5217,-46.186,21.78,26.5,17.21,85.26,14.47,6.93,19.07,4.09,3.45
2016-12-15,Mogi das Cruzes,Alto Tiete,-23.5217,-46.186,17.26,20.54,14.51,82.24,9.41,4.62,14.05,2.94,4.69
2016-12-16,Mogi das Cruzes,Alto Tiete,-23.5217,-46.186,18.39,23.89,14.42,80.5,17.88,8.35,14.7,0.87,4.17
2016-12-17,Mogi das Cruzes,Alto Tiete,-23.5217,-46.186,20.67,27.07,15.73,80.48,25.96,11.86,16.78,1.07,3.33
2016-12-18,Mogi das Cruzes,Alto Tiete,-23.5217,-46.186,22.18,28.03,16.58,78.12,24.89,11.44,17.61,1.5,1.95
2016-12-19,Mogi das Cruzes,Alto Tiete,-23.5217,-46.186,22.92,27.55,17.77,76.67,23.01,10.7,18.19,11.08,1.74
2016-12-20,Mogi das Cruzes,Alto Tiete,-23.5217,-46.186,23.54,29.08,18.44,74.28,22.26,10.36,18.32,5.74,1.74
2016-12-21,Mogi das Cruzes,Alto Tiete,-23.5217,-46.186,23.05,29.48,18.51,79.14,23.68,10.97,18.71,3.98,1.53
2016-12-22,Mogi das Cruzes,Alto Tiete,-23.5217,-46.186,23.23,26.63,19.94,78.9,22.74,10.52,19.13,3.45,1.53
2016-12-23,Mogi das Cruzes,Alto Tiete,-23.5217,-46.186,23.98,30.09,18.86,74.25,24.67,11.35,18.68,3.97,1.02
2016-12-24,Mogi das Cruzes,Alto Tiete,-23.5217,-46.186,24.5,29.78,20.18,72.33,27.56,12.83,18.59,4.17,1.75
2016-12-25,Mogi das Cruzes,Alto Tiete,-23.5217,-46.186,22.68,27.53,19.32,81.3,23.47,10.87,19.09,3.74,1.67
2016-12-26,Mogi das Cruzes,Alto Tiete,-23.5217,-46.186,26.12,32.91,18.21,69.12,31.05,14.31,19.08,0.25,1.36
2016-12-27,Mogi das Cruzes,Alto Tiete,-23.5217,-46.186,27.61,32.62,21.82,65.46,27.8,12.83,20.07,2.52,2.08
2016-12-28,Mogi das Cruzes,Alto Tiete,-23.5217,-46.186,26.12,31.42,21.68,72.87,25.4,11.72,20.38,3.72,1.48
2016-12-29,Mogi das Cruzes,Alto Tiete,-23.5217,-46.186,25.68,33.05,20.54,73.95,26.31,12.09,19.77,1.47,1.26
2016-12-30,Mogi das Cruzes,Alto Tiete,-23.5217,-46.186,25.19,29.97,20.84,76.31,26.43,12.24,20.28,2.85,1.53
2016-12-31,Mogi das Cruzes,Alto Tiete,-23.5217,-46.186,25.42,29.86,21.1,74.19,21.9,10.19,20.05,3.69,1.66
2017-01-01,Mogi das Cruzes,Alto Tiete,-23.5217,-46.186,25.46,31.03,21.25,72.95,26.46,12.26,19.63,2.72,2.32
2017-01-02,Mogi das Cruzes,Alto Tiete,-23.5217,-46.186,24.67,29.18,20.61,77.83,22.54,10.49,20.12,4.59,2.03
2017-01-03,Mogi das Cruzes,Alto Tiete,-23.5217,-46.186,23.58,26.81,21.15,86.48,24.59,11.46,21.07,15.67,1.26
2017-01-04,Mogi das Cruzes,Alto Tiete,-23.5217,-46.186,25.13,30.25,20.53,73.48,19.8,9.34,19.48,0.93,0.96
2017-01-05,Mogi das Cruzes,Alto Tiete,-23.5217,-46.186,24.84,29.19,21.3,76.37,22.31,10.4,20.02,2.1,2.57
2017-01-06,Mogi das Cruzes,Alto Tiete,-23.5217,-46.186,23.0,26.02,20.42,87.06,18.19,8.62,20.64,9.54,2.14
2017-01-07,Mogi das Cruzes,Alto Tiete,-23.5217,-46.186,23.39,27.62,20.38,86.0,18.56,8.69,20.7,9.44,1.27
2017-01-08,Mogi das Cruzes,Alto Tiete,-23.5217,-46.186,24.51,29.16,21.03,81.98,21.78,10.16,21.0,3.46,1.02
2017-01-09,Mogi das Cruzes,Alto Tiete,-23.5217,-46.186,25.0,29.08,21.02,79.84,20.46,9.64,21.05,9.32,2.15
2017-01-10,Mogi das Cruzes,Alto Tiete,-23.5217,-46.186,24.45,28.3,21.67,82.94,23.91,11.15,21.2,8.84,2.08
2017-01-11,Mogi das Cruzes,Alto Tiete,-23.5217,-46.186,23.4,26.84,20.88,88.32,17.68,8.39,21.25,11.29,1.83
2017-01-12,Mogi das Cruzes,Alto Tiete,-23.5217,-46.186,22.38,24.39,20.94,92.89,11.01,5.5,21.16,26.14,2.5
2017-01-13,Mogi das Cruzes,Alto Tiete,-23.5217,-46.186,22.04,25.4,19.83,89.88,16.98,8.08,20.22,7.29,2.08
2017-01-14,Mogi das Cruzes,Alto Tiete,-23.5217,-46.186,23.52,28.37,20.02,83.18,25.43,11.74,20.27,2.6,1.64
2017-01-15,Mogi das Cruzes,Alto Tiete,-23.5217,-46.186,23.85,30.02,18.93,79.22,21.77,10.09,19.48,6.03,1.89
2017-01-16,Mogi das Cruzes,Alto Tiete,-23.5217,-46.186,23.67,27.74,20.32,83.15,16.37,7.72,20.42,19.93,1.76
2017-01-17,Mogi das Cruzes,Alto Tiete,-23.5217,-46.186,22.78,25.78,20.36,87.82,9.01,4.5,20.59,22.25,2.45
2017-01-18,Mogi das Cruzes,Alto Tiete,-23.5217,-46.186,22.63,26.27,20.43,86.4,8.06,4.15,20.14,5.65,2.11
2017-01-19,Mogi das Cruzes,Alto Tiete,-23.5217,-46.186,21.2,23.5,19.21,90.75,9.89,4.96,19.6,37.03,1.32
2017-01-20,Mogi das Cruzes,Alto Tiete,-23.5217,-46.186,20.98,23.61,18.77,85.16,9.21,4.62,18.32,9.63,1.1
2017-01-21,Mogi das Cruzes,Alto Tiete,-23.5217,-46.186,20.15,22.05,18.74,91.95,7.09,3.61,18.78,28.25,1.35
2017-01-22,Mogi das Cruzes,Alto Tiete,-23.5217,-46.186,20.63,24.06,18.27,88.11,8.08,4.11,18.49,9.04,0.87
2017-01-23,Mogi das Cruzes,Alto Tiete,-23.5217,-46.186,21.61,25.63,17.98,86.11,12.41,6.06,19.02,6.04,1.63
2017-01-24,Mogi das Cruzes,Alto Tiete,-23.5217,-46.186,23.25,28.65,17.81,81.4,21.1,9.85,19.64,6.97,2.13
2017-01-25,Mogi das Cruzes,Alto Tiete,-23.5217,-46.186,23.72,28.0,20.53,85.05,20.26,9.5,20.9,2.79,3.2
2017-01-26,Mogi das Cruzes,Alto Tiete,-23.5217,-46.186,22.79,25.94,20.78,89.26,8.91,4.39,20.87,10.39,1.97
2017-01-27,Mogi das Cruzes,Alto Tiete,-23.5217,-46.186,22.41,26.01,20.01,88.92,11.03,5.43,20.38,11.54,1.85
2017-01-28,Mogi das Cruzes,Alto Tiete,-23.5217,-46.186,22.88,27.71,19.54,87.32,21.59,10.02,20.5,3.12,2.38
2017-01-29,Mogi das Cruzes,Alto Tiete,-23.5217,-46.186,23.9,28.86,20.42,83.5,25.04,11.41,20.57,0.78,2.09
2017-01-30,Mogi das Cruzes,Alto Tiete,-23.5217,-46.186,22.59,25.61,20.59,89.56,19.85,9.28,20.7,3.0,2.32
2017-01-31,Mogi das Cruzes,Alto Tiete,-23.5217,-46.186,21.87,25.27,19.73,89.25,19.27,9.04,19.9,4.03,1.8
2017-02-01,Mogi das Cruzes,Alto Tiete,-23.5217,-46.186,22.02,26.51,18.72,86.31,12.32,5.97,19.42,7.8,1.4
2017-02-02,Mogi das Cruzes,Alto Tiete,-23.5217,-46.186,22.9,27.07,18.94,85.58,17.4,8.18,20.19,10.44,1.66
2017-02-03,Mogi das Cruzes,Alto Tiete,-23.5217,-46.186,22.65,25.93,19.96,85.93,18.36,8.63,20.08,5.66,2.42
2017-02-04,Mogi das Cruzes,Alto Tiete,-23.5217,-46.186,23.64,28.01,19.45,81.67,18.36,8.66,20.12,7.17,2.12
2017-02-05,Mogi das Cruzes,Alto Tiete,-23.5217,-46.186,23.84,28.38,20.58,85.97,25.98,12.03,21.21,4.36,2.42
2017-02-06,Mogi das Cruzes,Alto Tiete,-23.5217,-46.186,23.69,28.42,18.93,84.78,23.24,10.7,20.72,6.71,1.7
2017-02-07,Mogi das Cruzes,Alto Tiete,-23.5217,-46.186,22.38,25.14,20.37,91.55,21.75,10.1,20.9,8.4,2.51
2017-02-08,Mogi das Cruzes,Alto Tiete,-23.5217,-46.186,22.36,26.81,19.37,86.96,24.28,11.25,19.93,1.95,3.14
2017-02-09,Mogi das Cruzes,Alto Tiete,-23.5217,-46.186,21.5,26.56,17.92,83.06,25.57,11.56,18.21,0.45,2.72
2017-02-10,Mogi das Cruzes,Alto Tiete,-23.5217,-46.186,22.24,27.88,17.69,85.48,20.17,9.22,19.46,0.57,2.78
2017-02-11,Mogi das Cruzes,Alto Tiete,-23.5217,-46.186,23.9,29.2,20.09,82.1,25.01,11.46,20.3,0.76,1.97
2017-02-12,Mogi das Cruzes,Alto Tiete,-23.5217,-46.186,24.58,30.22,20.29,79.35,25.36,11.68,20.36,0.77,1.58
2017-02-13,Mogi das Cruzes,Alto Tiete,-23.5217,-46.186,24.34,29.26,20.16,77.49,24.91,11.45,19.8,0.18,1.81
2017-02-14,Mogi das Cruzes,Alto Tiete,-23.5217,-46.186,24.34,30.3,19.33,74.3,26.8,12.28,18.96,0.02,2.1
2017-02-15,Mogi das Cruzes,Alto Tiete,-23.5217,-46.186,23.78,29.98,18.56,78.34,25.8,11.85,19.33,0.08,1.83
2017-02-16,Mogi das Cruzes,Alto Tiete,-23.5217,-46.186,23.67,30.27,18.42,81.8,24.32,11.14,20.02,0.09,1.72
2017-02-17,Mogi das Cruzes,Alto Tiete,-23.5217,-46.186,23.91,30.61,17.57,79.6,26.42,11.97,19.79,0.45,1.58
2017-02-18,Mogi das Cruzes,Alto Tiete,-23.5217,-46.186,24.26,31.06,18.59,78.99,28.14,12.67,19.79,0.26,1.52
2017-02-19,Mogi das Cruzes,Alto Tiete,-23.5217,-46.186,24.54,31.29,18.87,80.26,26.56,11.98,20.37,0.03,1.61
2017-02-20,Mogi das Cruzes,Alto Tiete,-23.5217,-46.186,23.96,29.82,19.56,82.76,23.81,10.66,20.49,0.04,2.54
2017-02-21,Mogi das Cruzes,Alto Tiete,-23.5217,-46.186,23.3,28.62,19.11,82.9,25.17,11.44,19.91,0.08,2.37
2017-02-22,Mogi das Cruzes,Alto Tiete,-23.5217,-46.186,23.49,27.88,19.42,79.51,22.67,10.44,19.42,0.52,1.3
2017-02-23,Mogi das Cruzes,Alto Tiete,-23.5217,-46.186,24.85,29.8,19.68,72.26,24.69,11.35,19.13,1.62,1.74
2017-02-24,Mogi das Cruzes,Alto Tiete,-23.5217,-46.186,22.61,25.15,20.22,84.4,19.53,9.07,19.8,14.49,1.36
2017-02-25,Mogi das Cruzes,Alto Tiete,-23.5217,-46.186,21.65,26.76,18.07,81.01,11.55,5.6,18.06,2.66,2.1
2017-02-26,Mogi das Cruzes,Alto Tiete,-23.5217,-46.186,21.76,27.03,17.52,85.13,16.11,7.59,18.94,7.05,1.48
2017-02-27,Mogi das Cruzes,Alto Tiete,-23.5217,-46.186,22.38,27.55,18.4,83.98,21.08,9.69,19.34,4.03,1.64
2017-02-28,Mogi das Cruzes,Alto Tiete,-23.5217,-46.186,23.57,28.95,18.34,80.33,22.01,10.18,19.67,2.68,1.55
2017-03-01,Mogi das Cruzes,Alto Tiete,-23.5217,-46.186,24.35,29.12,19.48,78.86,22.85,10.55,20.22,0.75,2.53
2017-03-02,Mogi das Cruzes,Alto Tiete,-23.5217,-46.186,23.15,25.4,21.27,90.0,17.03,8.06,21.4,15.67,1.25
2017-03-03,Mogi das Cruzes,Alto Tiete,-23.5217,-46.186,23.0,26.39,20.21,89.12,12.82,6.15,21.05,15.32,1.36
2017-03-04,Mogi das Cruzes,Alto Tiete,-23.5217,-46.186,23.97,28.54,20.54,83.0,18.14,8.56,20.66,2.43,3.08
2017-03-05,Mogi das Cruzes,Alto Tiete,-23.5217,-46.186,23.09,26.51,20.66,88.77,15.56,7.39,21.07,12.16,2.67
2017-03-06,Mogi das Cruzes,Alto Tiete,-23.5217,-46.186,23.0,26.06,20.78,90.43,12.37,5.95,21.29,29.94,0.8
2017-03-07,Mogi das Cruzes,Alto Tiete,-23.5217,-46.186,23.59,28.5,20.76,87.25,19.18,8.97,21.16,8.49,1.94
2017-03-08,Mogi das Cruzes,Alto Tiete,-23.5217,-46.186,22.93,27.8,20.32,88.85,16.78,7.93,20.87,14.97,3.11
2017-03-09,Mogi das Cruzes,Alto Tiete,-23.5217,-46.186,24.0,29.59,19.59,83.39,22.18,10.19,20.68,0.57,1.79
2017-03-10,Mogi das Cruzes,Alto Tiete,-23.5217,-46.186,25.26,30.79,20.63,79.03,21.66,10.03,21.11,2.09,2.17
2017-03-11,Mogi das Cruzes,Alto Tiete,-23.5217,-46.186,23.16,25.42,21.25,89.09,19.08,8.89,21.24,1.35,1.47
2017-03-12,Mogi das Cruzes,Alto Tiete,-23.5217,-46.186,24.54,30.2,19.42,81.89,24.17,11.19,20.92,1.17,1.95
2017-03-13,Mogi das Cruzes,Alto Tiete,-23.5217,-46.186,22.25,25.8,19.75,88.27,11.89,5.7,20.13,5.81,3.56
2017-03-14,Mogi das Cruzes,Alto Tiete,-23.5217,-46.186,21.0,24.53,19.29,91.39,11.43,5.56,19.49,10.91,2.71
2017-03-15,Mogi das Cruzes,Alto Tiete,-23.5217,-46.186,22.52,27.37,19.1,86.67,19.13,8.91,19.99,6.62,2.47
2017-03-16,Mogi das Cruzes,Alto Tiete,-23.5217,-46.186,23.76,29.62,17.68,75.22,23.15,10.65,18.69,0.49,1.5
2017-03-17,Mogi das Cruzes,Alto Tiete,-23.5217,-46.186,22.49,26.95,19.74,85.34,16.1,7.52,19.8,19.19,2.49
2017-03-18,Mogi das Cruzes,Alto Tiete,-23.5217,-46.186,19.7,21.41,18.01,94.31,9.47,4.75,18.76,17.94,3.78
2017-03-19,Mogi das Cruzes,Alto Tiete,-23.5217,-46.186,19.0,22.47,17.35,92.14,7.44,3.76,17.66,15.44,2.74
2017-03-20,Mogi das Cruzes,Alto Tiete,-23.5217,-46.186,19.03,23.32,16.52,89.37,19.14,8.81,17.14,1.83,2.88
2017-03-21,Mogi das Cruzes,Alto Tiete,-23.5217,-46.186,19.16,23.98,15.78,85.76,20.76,9.45,16.49,0.58,2.57
2017-03-22,Mogi das Cruzes,Alto Tiete,-23.5217,-46.186,19.91,24.87,16.23,86.4,23.57,10.62,17.36,0.6,2.73
2017-03-23,Mogi das Cruzes,Alto Tiete,-23.5217,-46.186,20.19,25.91,16.09,84.92,20.95,9.57,17.31,0.13,2.39
2017-03-24,Mogi das Cruzes,Alto Tiete,-23.5217,-46.186,20.86,26.47,16.49,84.1,21.28,9.74,17.77,0.31,1.63
2017-03-25,Mogi das Cruzes,Alto Tiete,-23.5217,-46.186,20.9,26.36,17.28,85.72,19.06,8.66,18.2,0.48,1.82
2017-03-26,Mogi das Cruzes,Alto Tiete,-23.5217,-46.186,19.94,24.56,17.17,87.57,20.84,9.52,17.66,0.26,1.9
2017-03-27,Mogi das Cruzes,Alto Tiete,-23.5217,-46.186,20.03,24.75,16.93,87.83,12.74,6.04,17.8,0.6,2.03
2017-03-28,Mogi das Cruzes,Alto Tiete,-23.5217,-46.186,19.88,24.17,17.31,87.71,17.81,8.22,17.63,1.88,2.98
2017-03-29,Mogi das Cruzes,Alto Tiete,-23.5217,-46.186,18.81,22.44,16.06,84.93,20.67,9.4,16.0,2.22,3.02
2017-03-30,Mogi das Cruzes,Alto Tiete,-23.5217,-46.186,18.65,23.42,15.33,85.99,18.61,8.48,16.07,1.4,2.16
2017-03-31,Mogi das Cruzes,Alto Tiete,-23.5217,-46.186,17.71,21.75,15.04,86.32,18.01,8.18,15.25,0.87,2.55
2017-04-01,Mogi das Cruzes,Alto Tiete,-23.5217,-46.186,18.06,22.27,15.14,87.45,17.84,8.11,15.8,2.27,2.8
2017-04-02,Mogi das Cruzes,Alto Tiete,-23.5217,-46.186,18.8,23.28,15.62,86.56,17.82,8.14,16.29,1.09,2.15
2017-04-03,Mogi das Cruzes,Alto Tiete,-23.5217,-46.186,19.73,25.57,15.37,84.87,20.6,9.4,16.76,0.13,1.76
2017-04-04,Mogi das Cruzes,Alto Tiete,-23.5217,-46.186,20.93,27.6,16.09,81.67,20.52,9.32,17.18,0.12,1.44
2017-04-05,Mogi das Cruzes,Alto Tiete,-23.5217,-46.186,22.51,29.14,16.18,72.38,20.91,9.59,16.82,0.89,1.79
2017-04-06,Mogi das Cruzes,Alto Tiete,-23.5217,-46.186,22.75,27.05,19.79,82.75,7.71,3.78,19.53,20.34,2.51
2017-04-07,Mogi das Cruzes,Alto Tiete,-23.5217,-46.186,22.27,27.12,19.13,89.95,7.2,3.63,20.43,21.36,1.77
2017-04-08,Mogi das Cruzes,Alto Tiete,-23.5217,-46.186,21.83,25.74,19.86,90.89,13.9,6.51,20.2,4.47,2.71
2017-04-09,Mogi das Cruzes,Alto Tiete,-23.5217,-46.186,21.71,25.81,19.41,90.52,15.31,7.12,19.99,3.3,2.34
2017-04-10,Mogi das Cruzes,Alto Tiete,-23.5217,-46.186,22.46,27.82,18.73,87.7,17.32,7.97,20.12,0.68,1.78
2017-04-11,Mogi das Cruzes,Alto Tiete,-23.5217,-46.186,23.23,28.51,19.35,85.61,17.51,8.03,20.47,0.59,1.53
2017-04-12,Mogi das Cruzes,Alto Tiete,-23.5217,-46.186,19.4,20.97,17.09,93.57,7.31,3.64,18.33,12.31,3.2
2017-04-13,Mogi das Cruzes,Alto Tiete,-23.5217,-46.186,18.79,22.7,16.7,88.93,10.2,4.84,16.83,2.16,2.98
2017-04-14,Mogi das Cruzes,Alto Tiete,-23.5217,-46.186,19.74,25.26,15.91,89.21,12.38,5.78,17.74,0.61,1.67
2017-04-15,Mogi das Cruzes,Alto Tiete,-23.5217,-46.186,20.42,26.01,16.52,87.61,18.22,8.29,18.11,0.14,1.53
2017-04-16,Mogi das Cruzes,Alto Tiete,-23.5217,-46.186,20.94,25.14,16.41,83.51,18.23,8.34,17.93,0.56,1.3
2017-04-17,Mogi das Cruzes,Alto Tiete,-23.5217,-46.186,19.43,23.98,16.26,89.3,9.74,4.7,17.57,10.27,2.41
2017-04-18,Mogi das Cruzes,Alto Tiete,-23.5217,-46.186,17.72,21.32,15.64,85.68,13.35,6.16,15.18,1.06,2.93
2017-04-19,Mogi das Cruzes,Alto Tiete,-23.5217,-46.186,17.89,22.06,14.82,85.87,15.56,7.12,15.36,0.06,2.67
2017-04-20,Mogi das Cruzes,Alto Tiete,-23.5217,-46.186,20.15,26.45,15.3,84.81,18.12,8.31,17.24,0.15,1.79
2017-04-21,Mogi das Cruzes,Alto Tiete,-23.5217,-46.186,20.75,25.67,17.0,84.63,9.05,4.41,17.89,14.88,2.55
2017-04-22,Mogi das Cruzes,Alto Tiete,-23.5217,-46.186,18.51,22.8,15.7,87.77,11.59,5.33,16.28,5.93,2.75
2017-04-23,Mogi das Cruzes,Alto Tiete,-23.5217,-46.186,17.85,21.9,15.71,89.67,10.67,4.99,16.04,2.92,2.96
2017-04-24,Mogi das Cruzes,Alto Tiete,-23.5217,-46.186,19.18,25.56,15.02,86.86,18.89,8.58,16.7,0.16,2.1
2017-04-25,Mogi das Cruzes,Alto Tiete,-23.5217,-46.186,21.33,27.37,15.92,83.07,17.76,8.11,18.06,0.23,1.81
2017-04-26,Mogi das Cruzes,Alto Tiete,-23.5217,-46.186,21.45,25.16,19.58,89.06,2.62,1.42,19.54,2.81,3.61
2017-04-27,Mogi das Cruzes,Alto Tiete,-23.5217,-46.186,17.59,20.03,13.69,89.93,5.74,2.89,15.91,14.09,2.6
2017-04-28,Mogi das Cruzes,Alto Tiete,-23.5217,-46.186,14.97,18.51,13.23,88.53,7.31,3.49,13.04,0.67,2.54
2017-04-29,Mogi das Cruzes,Alto Tiete,-23.5217,-46.186,16.03,20.24,13.51,89.74,8.01,3.83,14.27,0.61,2.74
2017-04-30,Mogi das Cruzes,Alto Tiete,-23.5217,-46.186,17.09,21.81,13.84,90.02,13.18,5.97,15.32,0.61,2.69
2017-05-01,Mogi das Cruzes,Alto Tiete,-23.5217,-46.186,17.85,23.18,14.28,88.01,17.12,7.75,15.7,0.12,2.23
2017-05-02,Mogi das Cruzes,Alto Tiete,-23.5217,-46.186,18.16,23.37,15.12,87.58,12.77,5.91,15.86,0.16,1.74
2017-05-03,Mogi das Cruzes,Alto Tiete,-23.5217,-46.186,18.05,23.91,14.53,87.71,16.2,7.37,15.82,0.16,1.34
2017-05-04,Mogi das Cruzes,Alto Tiete,-23.5217,-46.186,19.14,25.72,13.91,84.69,14.71,6.71,16.2,0.82,0.97
2017-05-05,Mogi das Cruzes,Alto Tiete,-23.5217,-46.186,19.55,23.83,17.08,88.18,4.73,2.36,17.47,17.1,1.2
2017-05-06,Mogi das Cruzes,Alto Tiete,-23.5217,-46.186,18.68,22.36,16.17,91.0,12.57,5.79,17.11,9.72,1.55
2017-05-07,Mogi das Cruzes,Alto Tiete,-23.5217,-46.186,17.58,21.84,14.97,91.35,12.53,5.77,16.06,1.1,1.94
2017-05-08,Mogi das Cruzes,Alto Tiete,-23.5217,-46.186,18.11,24.23,14.44,86.29,15.94,7.17,15.48,0.33,1.03
2017-05-09,Mogi das Cruzes,Alto Tiete,-23.5217,-46.186,18.66,24.15,12.43,77.8,17.8,7.94,14.37,0.05,1.68
2017-05-10,Mogi das Cruzes,Alto Tiete,-23.5217,-46.186,18.06,22.07,15.45,90.67,10.63,4.87,16.52,1.75,2.05
2017-05-11,Mogi das Cruzes,Alto Tiete,-23.5217,-46.186,16.47,19.45,14.59,91.73,10.54,4.8,15.08,1.27,2.59
2017-05-12,Mogi das Cruzes,Alto Tiete,-23.5217,-46.186,17.08,23.22,13.85,85.16,16.8,7.54,14.34,0.16,1.63
2017-05-13,Mogi das Cruzes,Alto Tiete,-23.5217,-46.186,19.05,25.85,13.27,82.73,16.79,7.58,15.78,0.16,1.84
2017-05-14,Mogi das Cruzes,Alto Tiete,-23.5217,-46.186,20.15,24.99,16.72,84.31,10.51,4.87,17.35,0.57,4.13
2017-05-15,Mogi das Cruzes,Alto Tiete,-23.5217,-46.186,17.27,21.6,14.39,88.98,14.67,6.59,15.37,0.22,1.84
2017-05-16,Mogi das Cruzes,Alto Tiete,-23.5217,-46.186,16.7,21.33,14.13,87.81,12.08,5.52,14.47,0.18,2.08
2017-05-17,Mogi das Cruzes,Alto Tiete,-23.5217,-46.186,16.76,20.74,14.04,88.72,10.07,4.66,14.78,0.59,2.4
2017-05-18,Mogi das Cruzes,Alto Tiete,-23.5217,-46.186,16.91,20.73,14.38,90.83,5.9,2.9,15.33,5.74,2.86
2017-05-19,Mogi das Cruzes,Alto Tiete,-23.5217,-46.186,16.97,20.19,15.36,94.82,2.18,1.14,16.14,39.91,2.48
2017-05-20,Mogi das Cruzes,Alto Tiete,-23.5217,-46.186,17.89,21.85,14.95,92.46,10.33,4.79,16.59,0.74,2.0
2017-05-21,Mogi das Cruzes,Alto Tiete,-23.5217,-46.186,19.81,23.84,17.16,92.56,3.44,1.75,18.53,23.98,1.74
2017-05-22,Mogi das Cruzes,Alto Tiete,-23.5217,-46.186,17.72,21.19,13.94,91.95,6.79,3.27,16.35,6.26,2.32
2017-05-23,Mogi das Cruzes,Alto Tiete,-23.5217,-46.186,15.85,20.86,12.55,87.58,12.98,5.81,13.7,0.22,1.19
2017-05-24,Mogi das Cruzes,Alto Tiete,-23.5217,-46.186,17.71,25.02,12.03,85.91,10.26,4.69,15.1,0.13,1.11
2017-05-25,Mogi das Cruzes,Alto Tiete,-23.5217,-46.186,20.38,26.32,15.18,80.34,14.66,6.75,16.73,0.13,1.19
2017-05-26,Mogi das Cruzes,Alto Tiete,-23.5217,-46.186,21.4,26.53,17.19,79.13,15.14,6.97,17.47,0.08,1.51
2017-05-27,Mogi das Cruzes,Alto Tiete,-23.5217,-46.186,19.83,24.46,16.95,88.27,9.9,4.62,17.72,0.22,1.6
2017-05-28,Mogi das Cruzes,Alto Tiete,-23.5217,-46.186,18.91,23.79,16.16,88.35,6.02,2.91,16.78,0.07,1.09
2017-05-29,Mogi das Cruzes,Alto Tiete,-23.5217,-46.186,19.2,24.62,13.87,81.37,13.56,6.16,15.76,0.0,1.5
2017-05-30,Mogi das Cruzes,Alto Tiete,-23.5217,-46.186,17.98,22.06,14.72,90.64,7.23,3.4,16.42,1.01,1.65
2017-05-31,Mogi das Cruzes,Alto Tiete,-23.5217,-46.186,18.76,24.15,14.62,84.74,13.43,6.03,15.9,0.45,0.96
2017-06-01,Mogi das Cruzes,Alto Tiete,-23.5217,-46.186,18.55,23.95,14.86,85.82,7.94,3.69,15.99,0.66,3.86
2017-06-02,Mogi das Cruzes,Alto Tiete,-23.5217,-46.186,14.58,20.2,10.35,83.74,16.26,7.2,11.52,0.07,2.56
2017-06-03,Mogi das Cruzes,Alto Tiete,-23.5217,-46.186,16.13,23.17,11.43,85.87,15.64,6.88,13.48,0.05,1.23
2017-06-04,Mogi das Cruzes,Alto Tiete,-23.5217,-46.186,19.2,26.26,12.55,83.52,13.84,6.33,16.25,0.08,1.69
2017-06-05,Mogi das Cruzes,Alto Tiete,-23.5217,-46.186,20.43,25.84,16.97,84.24,2.8,1.46,17.55,11.29,3.28
2017-06-06,Mogi das Cruzes,Alto Tiete,-23.5217,-46.186,20.4,25.77,16.62,84.75,4.4,2.17,17.66,19.65,3.53
2017-06-07,Mogi das Cruzes,Alto Tiete,-23.5217,-46.186,21.02,26.41,17.27,79.8,11.9,5.5,17.22,7.08,2.14
2017-06-08,Mogi das Cruzes,Alto Tiete,-23.5217,-46.186,20.51,26.02,15.96,76.9,12.77,5.73,16.16,0.01,3.53
2017-06-09,Mogi das Cruzes,Alto Tiete,-23.5217,-46.186,17.29,20.86,12.82,88.8,7.16,3.35,15.37,1.11,2.84
2017-06-10,Mogi das Cruzes,Alto Tiete,-23.5217,-46.186,13.1,17.68,8.37,73.78,16.7,7.19,8.15,0.0,1.03
2017-06-11,Mogi das Cruzes,Alto Tiete,-23.5217,-46.186,13.86,21.75,7.84,75.86,15.5,6.69,9.24,0.09,0.98
2017-06-12,Mogi das Cruzes,Alto Tiete,-23.5217,-46.186,15.36,22.24,9.78,79.87,8.9,4.08,11.53,1.22,1.3
2017-06-13,Mogi das Cruzes,Alto Tiete,-23.5217,-46.186,16.51,21.06,13.27,91.52,4.28,2.12,15.08,8.31,0.9
2017-06-14,Mogi das Cruzes,Alto Tiete,-23.5217,-46.186,16.54,20.95,14.25,91.97,9.2,4.21,15.15,2.54,1.54
2017-06-15,Mogi das Cruzes,Alto Tiete,-23.5217,-46.186,16.28,20.96,13.65,91.01,9.48,4.26,14.87,0.19,2.16
2017-06-16,Mogi das Cruzes,Alto Tiete,-23.5217,-46.186,16.57,22.73,11.59,80.49,13.85,6.12,13.05,0.06,1.3
2017-06-17,Mogi das Cruzes,Alto Tiete,-23.5217,-46.186,17.22,23.9,11.59,78.11,14.58,6.48,13.11,0.02,1.76
2017-06-18,Mogi das Cruzes,Alto Tiete,-23.5217,-46.186,17.44,23.91,12.77,77.27,12.99,5.82,13.17,0.02,2.25
2017-06-19,Mogi das Cruzes,Alto Tiete,-23.5217,-46.186,17.01,22.72,12.85,82.55,12.76,5.69,13.8,5.04,2.46
2017-06-20,Mogi das Cruzes,Alto Tiete,-23.5217,-46.186,15.01,17.44,13.7,94.37,4.95,2.45,14.09,11.4,2.92
2017-06-21,Mogi das Cruzes,Alto Tiete,-23.5217,-46.186,15.83,19.81,13.5,92.93,8.54,3.94,14.63,3.93,2.57
2017-06-22,Mogi das Cruzes,Alto Tiete,-23.5217,-46.186,16.88,21.97,13.54,90.25,14.24,6.43,15.14,0.59,2.48
2017-06-23,Mogi das Cruzes,Alto Tiete,-23.5217,-46.186,16.95,22.2,13.4,87.15,15.24,6.77,14.64,0.15,2.37
2017-06-24,Mogi das Cruzes,Alto Tiete,-23.5217,-46.186,17.01,22.17,13.71,88.74,13.67,6.2,15.1,0.22,1.96
2017-06-25,Mogi das Cruzes,Alto Tiete,-23.5217,-46.186,15.57,20.81,11.91,87.12,14.88,6.55,13.37,0.11,1.86
2017-06-26,Mogi das Cruzes,Alto Tiete,-23.5217,-46.186,15.05,22.1,8.76,86.36,15.26,6.75,12.66,0.09,1.61
2017-06-27,Mogi das Cruzes,Alto Tiete,-23.5217,-46.186,15.89,22.34,11.32,80.3,15.16,6.59,12.05,0.03,1.44
2017-06-28,Mogi das Cruzes,Alto Tiete,-23.5217,-46.186,16.26,23.8,10.45,84.99,14.66,6.55,13.77,0.06,1.2
2017-06-29,Mogi das Cruzes,Alto Tiete,-23.5217,-46.186,16.89,23.64,11.83,84.01,14.75,6.57,13.92,0.01,0.99
2017-06-30,Mogi das Cruzes,Alto Tiete,-23.5217,-46.186,17.06,23.62,11.85,73.8,14.1,6.3,11.96,0.01,1.71
2017-07-01,Mogi das Cruzes,Alto Tiete,-23.5217,-46.186,15.13,19.87,12.26,91.24,6.87,3.15,13.73,2.75,2.23
2017-07-02,Mogi das Cruzes,Alto Tiete,-23.5217,-46.186,13.38,16.36,11.45,88.02,8.2,3.75,11.37,2.03,2.97
2017-07-03,Mogi das Cruzes,Alto Tiete,-23.5217,-46.186,12.44,15.69,10.3,79.56,10.18,4.51,8.81,0.22,2.81
2017-07-04,Mogi das Cruzes,Alto Tiete,-23.5217,-46.186,12.31,18.08,8.39,85.42,14.58,6.4,9.74,0.19,2.62
2017-07-05,Mogi das Cruzes,Alto Tiete,-23.5217,-46.186,13.16,19.42,8.36,85.12,15.71,6.87,10.76,0.02,2.01
2017-07-06,Mogi das Cruzes,Alto Tiete,-23.5217,-46.186,14.38,20.84,8.84,83.61,15.07,6.65,11.52,0.02,1.86
2017-07-07,Mogi das Cruzes,Alto Tiete,-23.5217,-46.186,15.36,21.44,11.06,85.02,12.23,5.41,12.69,0.03,2.19
2017-07-08,Mogi das Cruzes,Alto Tiete,-23.5217,-46.186,15.26,21.59,10.22,83.23,14.81,6.56,12.07,0.01,1.91
2017-07-09,Mogi das Cruzes,Alto Tiete,-23.5217,-46.186,15.95,22.54,11.36,79.67,14.56,6.48,12.04,0.0,1.49
2017-07-10,Mogi das Cruzes,Alto Tiete,-23.5217,-46.186,16.12,23.18,10.77,81.84,13.94,6.3,12.6,0.0,1.54
2017-07-11,Mogi das Cruzes,Alto Tiete,-23.5217,-46.186,16.7,23.5,12.02,74.67,15.6,6.96,11.72,0.0,1.24
2017-07-12,Mogi das Cruzes,Alto Tiete,-23.5217,-46.186,15.6,22.1,10.85,81.26,15.29,6.76,12.08,0.01,1.64
2017-07-13,Mogi das Cruzes,Alto Tiete,-23.5217,-46.186,16.22,23.15,11.14,85.45,14.36,6.32,13.7,0.02,1.71
2017-07-14,Mogi das Cruzes,Alto Tiete,-23.5217,-46.186,16.2,24.0,10.48,82.69,16.21,7.19,12.97,0.02,1.45
2017-07-15,Mogi das Cruzes,Alto Tiete,-23.5217,-46.186,16.84,23.69,11.24,72.38,16.34,7.2,11.4,0.0,2.08
2017-07-16,Mogi das Cruzes,Alto Tiete,-23.5217,-46.186,16.81,23.66,11.58,68.6,15.6,6.91,10.71,0.01,3.04
2017-07-17,Mogi das Cruzes,Alto Tiete,-23.5217,-46.186,17.36,24.46,12.34,72.14,16.05,7.12,11.67,0.41,2.49
2017-07-18,Mogi das Cruzes,Alto Tiete,-23.5217,-46.186,11.24,14.5,8.93,94.6,3.63,1.84,10.41,4.78,3.3
2017-07-19,Mogi das Cruzes,Alto Tiete,-23.5217,-46.186,11.37,15.17,9.03,89.92,6.15,2.81,9.71,0.71,1.91
2017-07-20,Mogi das Cruzes,Alto Tiete,-23.5217,-46.186,15.35,22.49,10.94,83.69,13.94,6.26,12.2,0.19,1.35
2017-07-21,Mogi das Cruzes,Alto Tiete,-23.5217,-46.186,16.85,23.77,11.38,76.56,15.59,6.86,12.16,0.02,1.8
2017-07-22,Mogi das Cruzes,Alto Tiete,-23.5217,-46.186,15.02,20.97,10.56,86.85,15.67,6.78,12.73,0.1,1.51
2017-07-23,Mogi das Cruzes,Alto Tiete,-23.5217,-46.186,16.58,24.56,11.74,77.95,16.77,7.34,12.24,0.01,1.63
2017-07-24,Mogi das Cruzes,Alto Tiete,-23.5217,-46.186,16.91,24.08,10.37,65.03,17.59,7.68,9.69,0.0,1.67
2017-07-25,Mogi das Cruzes,Alto Tiete,-23.5217,-46.186,17.1,24.96,10.91,69.37,17.67,7.76,10.99,0.01,1.59
2017-07-26,Mogi das Cruzes,Alto Tiete,-23.5217,-46.186,16.37,23.95,10.93,78.04,17.58,7.78,12.0,0.11,1.55
2017-07-27,Mogi das Cruzes,Alto Tiete,-23.5217,-46.186,15.9,23.29,10.59,82.86,17.42,7.67,12.75,0.05,1.96
2017-07-28,Mogi das Cruzes,Alto Tiete,-23.5217,-46.186,15.61,22.66,11.38,80.68,17.64,7.76,11.65,0.07,2.28
2017-07-29,Mogi das Cruzes,Alto Tiete,-23.5217,-46.186,16.07,23.91,9.2,80.63,17.54,7.78,12.11,0.07,2.33
2017-07-30,Mogi das Cruzes,Alto Tiete,-23.5217,-46.186,16.69,23.73,11.4,80.83,16.15,7.25,12.94,0.04,1.36
2017-07-31,Mogi das Cruzes,Alto Tiete,-23.5217,-46.186,16.26,23.38,9.87,68.15,12.9,5.68,9.64,0.0,1.33
2017-08-01,Mogi das Cruzes,Alto Tiete,-23.5217,-46.186,16.5,23.34,10.06,64.23,12.85,5.7,9.16,0.05,1.82
2017-08-02,Mogi das Cruzes,Alto Tiete,-23.5217,-46.186,17.49,25.0,10.87,61.59,13.85,6.19,9.39,0.03,2.43
2017-08-03,Mogi das Cruzes,Alto Tiete,-23.5217,-46.186,17.37,23.28,13.31,69.27,9.14,4.19,11.33,0.8,4.49
2017-08-04,Mogi das Cruzes,Alto Tiete,-23.5217,-46.186,14.27,16.78,12.54,90.31,6.74,3.23,12.63,5.93,3.56
2017-08-05,Mogi das Cruzes,Alto Tiete,-23.5217,-46.186,13.94,17.7,10.67,84.78,10.72,4.79,11.21,1.72,3.08
2017-08-06,Mogi das Cruzes,Alto Tiete,-23.5217,-46.186,14.18,20.3,10.67,83.22,16.28,7.17,11.04,0.18,2.68
2017-08-07,Mogi das Cruzes,Alto Tiete,-23.5217,-46.186,16.34,25.49,9.02,74.16,18.35,8.06,11.04,0.05,1.41
2017-08-08,Mogi das Cruzes,Alto Tiete,-23.5217,-46.186,19.08,27.16,12.62,66.23,16.0,7.12,12.17,0.12,2.74
2017-08-09,Mogi das Cruzes,Alto Tiete,-23.5217,-46.186,21.13,28.8,16.4,66.91,17.64,7.76,13.98,0.07,3.32
2017-08-10,Mogi das Cruzes,Alto Tiete,-23.5217,-46.186,16.91,21.94,13.21,85.89,8.94,4.11,14.33,0.37,2.4
2017-08-11,Mogi das Cruzes,Alto Tiete,-23.5217,-46.186,15.94,22.23,12.15,82.38,17.07,7.63,12.54,0.46,2.75
2017-08-12,Mogi das Cruzes,Alto Tiete,-23.5217,-46.186,17.51,26.04,12.47,79.34,15.02,6.67,13.27,0.1,2.49
2017-08-13,Mogi das Cruzes,Alto Tiete,-23.5217,-46.186,20.46,29.86,12.94,67.34,16.48,7.3,13.2,0.01,1.85
2017-08-14,Mogi das Cruzes,Alto Tiete,-23.5217,-46.186,18.9,25.31,13.67,74.53,9.9,4.6,14.01,0.21,2.74
2017-08-15,Mogi das Cruzes,Alto Tiete,-23.5217,-46.186,16.13,21.74,13.49,87.01,4.28,2.17,13.78,2.85,2.26
2017-08-16,Mogi das Cruzes,Alto Tiete,-23.5217,-46.186,15.93,19.15,13.76,91.82,4.55,2.31,14.56,6.89,1.64
2017-08-17,Mogi das Cruzes,Alto Tiete,-23.5217,-46.186,15.79,17.88,14.35,93.77,3.65,1.91,14.77,7.56,2.04
2017-08-18,Mogi das Cruzes,Alto Tiete,-23.5217,-46.186,17.41,22.16,15.03,89.53,3.94,2.05,15.5,2.74,1.06
2017-08-19,Mogi das Cruzes,Alto Tiete,-23.5217,-46.186,19.22,24.04,15.21,81.41,3.82,1.96,15.62,5.52,1.51
2017-08-20,Mogi das Cruzes,Alto Tiete,-23.5217,-46.186,18.9,26.79,14.34,79.5,5.51,2.67,14.82,16.94,3.65
2017-08-21,Mogi das Cruzes,Alto Tiete,-23.5217,-46.186,13.34,16.6,11.5,87.09,7.76,3.71,11.14,5.74,4.31
2017-08-22,Mogi das Cruzes,Alto Tiete,-23.5217,-46.186,14.37,19.28,11.43,85.49,10.55,4.86,11.78,0.87,3.63
2017-08-23,Mogi das Cruzes,Alto Tiete,-23.5217,-46.186,16.74,24.62,11.38,82.01,15.97,7.26,13.17,0.13,2.33
2017-08-24,Mogi das Cruzes,Alto Tiete,-23.5217,-46.186,16.53,22.76,12.83,83.17,19.08,8.44,13.24,0.49,2.44
2017-08-25,Mogi das Cruzes,Alto Tiete,-23.5217,-46.186,16.94,25.39,11.91,79.42,19.8,8.82,12.63,0.24,2.11
2017-08-26,Mogi das Cruzes,Alto Tiete,-23.5217,-46.186,17.1,25.87,10.3,73.32,20.73,9.23,11.29,0.05,1.64
2017-08-27,Mogi das Cruzes,Alto Tiete,-23.5217,-46.186,17.75,26.8,11.73,70.8,21.37,9.43,11.37,0.12,1.32
2017-08-28,Mogi das Cruzes,Alto Tiete,-23.5217,-46.186,17.12,24.55,11.82,78.53,21.64,9.49,12.81,0.14,1.7
2017-08-29,Mogi das Cruzes,Alto Tiete,-23.5217,-46.186,18.22,27.25,12.02,76.66,18.96,8.48,13.16,0.02,1.31
2017-08-30,Mogi das Cruzes,Alto Tiete,-23.5217,-46.186,22.21,30.39,13.81,53.91,21.78,9.66,11.46,0.06,1.77
2017-08-31,Mogi das Cruzes,Alto Tiete,-23.5217,-46.186,16.85,20.6,14.46,86.29,7.77,3.74,14.39,1.46,3.63
2017-09-01,Mogi das Cruzes,Alto Tiete,-23.5217,-46.186,17.27,23.5,13.76,82.82,14.46,6.6,13.98,0.96,3.82
2017-09-02,Mogi das Cruzes,Alto Tiete,-23.5217,-46.186,17.22,25.52,12.61,76.81,20.51,9.15,12.44,0.06,2.84
2017-09-03,Mogi das Cruzes,Alto Tiete,-23.5217,-46.186,17.29,26.52,9.97,69.85,22.04,9.66,10.48,0.0,1.75
2017-09-04,Mogi das Cruzes,Alto Tiete,-23.5217,-46.186,19.34,28.67,11.23,56.02,23.23,10.14,9.11,0.03,1.63
2017-09-05,Mogi das Cruzes,Alto Tiete,-23.5217,-46.186,20.6,29.33,12.87,48.38,23.3,10.19,8.36,0.01,2.1
2017-09-06,Mogi das Cruzes,Alto Tiete,-23.5217,-46.186,18.87,26.87,12.89,68.81,21.04,9.28,12.0,0.01,1.67
2017-09-07,Mogi das Cruzes,Alto Tiete,-23.5217,-46.186,18.62,28.39,12.16,66.0,22.43,9.9,10.5,0.0,1.79
2017-09-08,Mogi das Cruzes,Alto Tiete,-23.5217,-46.186,19.3,29.39,11.15,66.15,23.14,10.19,11.11,0.0,1.74
2017-09-09,Mogi das Cruzes,Alto Tiete,-23.5217,-46.186,20.34,29.27,13.93,59.77,21.81,9.57,11.01,0.02,1.88
2017-09-10,Mogi das Cruzes,Alto Tiete,-23.5217,-46.186,21.22,30.65,14.05,57.53,22.89,10.03,11.12,0.01,2.03
2017-09-11,Mogi das Cruzes,Alto Tiete,-23.5217,-46.186,22.62,32.04,15.15,54.6,23.17,10.32,12.01,0.01,2.16
2017-09-12,Mogi das Cruzes,Alto Tiete,-23.5217,-46.186,22.01,29.85,16.33,57.29,22.82,10.13,12.12,0.0,2.08
2017-09-13,Mogi das Cruzes,Alto Tiete,-23.5217,-46.186,21.7,31.59,14.06,58.16,22.68,10.1,11.48,0.0,1.72
2017-09-14,Mogi das Cruzes,Alto Tiete,-23.5217,-46.186,24.08,34.07,15.86,43.68,24.64,10.72,9.41,0.01,2.81
2017-09-15,Mogi das Cruzes,Alto Tiete,-23.5217,-46.186,23.28,33.06,17.19,51.82,24.05,10.51,10.72,0.01,2.32
2017-09-16,Mogi das Cruzes,Alto Tiete,-23.5217,-46.186,22.31,32.23,16.28,64.99,22.96,10.16,13.29,0.0,1.65
2017-09-17,Mogi das Cruzes,Alto Tiete,-23.5217,-46.186,22.31,32.46,14.41,55.41,22.07,9.68,11.06,0.02,2.09
2017-09-18,Mogi das Cruzes,Alto Tiete,-23.5217,-46.186,20.93,30.35,15.31,72.57,18.05,8.0,14.46,0.05,1.66
2017-09-19,Mogi das Cruzes,Alto Tiete,-23.5217,-46.186,20.57,29.01,15.07,69.71,19.62,8.7,13.37,0.02,2.04
2017-09-20,Mogi das Cruzes,Alto Tiete,-23.5217,-46.186,20.29,28.75,13.48,71.55,20.81,9.25,13.7,0.0,2.27
2017-09-21,Mogi das Cruzes,Alto Tiete,-23.5217,-46.186,21.3,30.36,14.15,62.71,23.0,10.21,12.12,0.0,1.73
2017-09-22,Mogi das Cruzes,Alto Tiete,-23.5217,-46.186,22.74,31.57,14.42,48.93,21.97,9.64,9.77,0.0,1.68
2017-09-23,Mogi das Cruzes,Alto Tiete,-23.5217,-46.186,22.27,31.36,16.5,55.33,21.83,9.62,11.31,0.0,3.09
2017-09-24,Mogi das Cruzes,Alto Tiete,-23.5217,-46.186,19.97,26.41,16.4,75.23,16.79,7.6,14.83,0.02,3.07
2017-09-25,Mogi das Cruzes,Alto Tiete,-23.5217,-46.186,19.6,27.12,15.16,70.26,20.74,9.25,12.91,0.01,3.1
2017-09-26,Mogi das Cruzes,Alto Tiete,-23.5217,-46.186,20.9,29.84,14.67,66.49,20.96,9.39,12.89,0.0,2.2
2017-09-27,Mogi das Cruzes,Alto Tiete,-23.5217,-46.186,22.41,32.13,15.34,59.96,22.73,10.08,12.28,0.25,1.74
2017-09-28,Mogi das Cruzes,Alto Tiete,-23.5217,-46.186,21.82,30.09,16.4,63.49,17.85,8.01,13.59,0.38,2.42
2017-09-29,Mogi das Cruzes,Alto Tiete,-23.5217,-46.186,19.11,26.98,15.71,79.08,12.33,5.75,14.9,2.46,3.2
2017-09-30,Mogi das Cruzes,Alto Tiete,-23.5217,-46.186,20.56,25.38,16.32,79.09,8.41,4.21,16.42,25.55,3.55
2017-10-01,Mogi das Cruzes,Alto Tiete,-23.5217,-46.186,21.89,28.77,16.18,71.51,23.54,10.57,15.79,4.51,3.36
2017-10-02,Mogi das Cruzes,Alto Tiete,-23.5217,-46.186,23.03,30.18,17.53,69.19,7.42,3.59,16.59,0.97,4.16
2017-10-03,Mogi das Cruzes,Alto Tiete,-23.5217,-46.186,18.9,24.45,14.58,70.28,11.63,5.53,12.32,2.32,3.15
2017-10-04,Mogi das Cruzes,Alto Tiete,-23.5217,-46.186,18.41,25.77,13.63,69.03,19.64,8.75,11.4,0.04,2.27
2017-10-05,Mogi das Cruzes,Alto Tiete,-23.5217,-46.186,22.38,32.39,14.45,67.73,26.12,11.75,14.48,0.0,1.67
2017-10-06,Mogi das Cruzes,Alto Tiete,-23.5217,-46.186,25.07,33.3,17.86,60.61,24.44,11.15,15.86,1.61,2.04
2017-10-07,Mogi das Cruzes,Alto Tiete,-23.5217,-46.186,20.11,23.99,17.61,83.9,6.42,3.31,17.11,2.24,1.92
2017-10-08,Mogi das Cruzes,Alto Tiete,-23.5217,-46.186,22.2,30.36,16.42,76.1,14.19,6.59,17.05,2.43,1.47
2017-10-09,Mogi das Cruzes,Alto Tiete,-23.5217,-46.186,24.76,32.34,17.38,68.45,19.66,8.99,17.42,6.82,1.81
2017-10-10,Mogi das Cruzes,Alto Tiete,-23.5217,-46.186,24.94,33.45,19.07,66.05,23.58,10.74,17.26,2.77,1.58
2017-10-11,Mogi das Cruzes,Alto Tiete,-23.5217,-46.186,26.29,34.83,19.57,62.46,23.61,10.86,17.38,2.47,1.58
2017-10-12,Mogi das Cruzes,Alto Tiete,-23.5217,-46.186,25.86,35.4,19.47,61.57,24.18,11.05,16.5,4.97,2.02
2017-10-13,Mogi das Cruzes,Alto Tiete,-23.5217,-46.186,26.49,35.36,19.18,62.69,23.37,10.73,17.42,2.7,0.95
2017-10-14,Mogi das Cruzes,Alto Tiete,-23.5217,-46.186,23.9,31.45,17.8,73.56,19.34,8.92,18.3,3.71,2.52
2017-10-15,Mogi das Cruzes,Alto Tiete,-23.5217,-46.186,19.01,25.08,15.78,81.2,10.11,4.93,15.43,1.09,4.46
2017-10-16,Mogi das Cruzes,Alto Tiete,-23.5217,-46.186,19.29,26.65,15.3,77.05,17.21,7.9,14.64,0.4,4.16
2017-10-17,Mogi das Cruzes,Alto Tiete,-23.5217,-46.186,21.64,30.74,15.33,71.37,20.96,9.66,15.22,0.05,2.94
2017-10-18,Mogi das Cruzes,Alto Tiete,-23.5217,-46.186,24.42,33.39,16.3,59.01,26.48,12.0,14.22,0.01,1.8
2017-10-19,Mogi das Cruzes,Alto Tiete,-23.5217,-46.186,26.9,34.95,19.77,46.32,27.73,12.5,13.26,0.0,3.0
2017-10-20,Mogi das Cruzes,Alto Tiete,-23.5217,-46.186,21.23,28.53,17.59,76.39,13.55,6.38,16.44,0.19,2.8
2017-10-21,Mogi das Cruzes,Alto Tiete,-23.5217,-46.186,24.2,32.25,17.84,67.3,11.76,5.67,16.51,0.26,2.17
2017-10-22,Mogi das Cruzes,Alto Tiete,-23.5217,-46.186,21.9,26.35,18.84,76.98,6.26,3.19,17.31,3.66,2.41
2017-10-23,Mogi das Cruzes,Alto Tiete,-23.5217,-46.186,17.04,20.3,14.28,85.49,9.47,4.7,14.46,3.98,3.64
2017-10-24,Mogi das Cruzes,Alto Tiete,-23.5217,-46.186,18.6,25.74,14.23,79.08,13.45,6.36,14.47,0.33,3.12
2017-10-25,Mogi das Cruzes,Alto Tiete,-23.5217,-46.186,22.32,31.96,15.67,73.76,22.29,10.21,16.51,4.12,1.89
2017-10-26,Mogi das Cruzes,Alto Tiete,-23.5217,-46.186,22.75,29.38,18.65,78.76,17.02,7.86,18.32,21.06,2.07
2017-10-27,Mogi das Cruzes,Alto Tiete,-23.5217,-46.186,23.66,29.02,20.28,76.14,11.77,5.63,18.76,8.01,3.04
2017-10-28,Mogi das Cruzes,Alto Tiete,-23.5217,-46.186,23.97,29.35,19.78,72.82,22.14,10.15,18.39,0.1,4.11
2017-10-29,Mogi das Cruzes,Alto Tiete,-23.5217,-46.186,21.1,25.16,17.74,82.93,10.39,5.11,17.9,1.61,1.24
2017-10-30,Mogi das Cruzes,Alto Tiete,-23.5217,-46.186,21.85,27.72,17.67,79.91,9.47,4.73,17.75,5.6,1.44
2017-10-31,Mogi das Cruzes,Alto Tiete,-23.5217,-46.186,20.29,25.38,16.04,82.06,13.4,6.38,16.82,2.53,3.75
2017-11-01,Mogi das Cruzes,Alto Tiete,-23.5217,-46.186,17.9,24.18,14.08,70.88,23.33,10.48,11.81,0.17,3.93
2017-11-02,Mogi das Cruzes,Alto Tiete,-23.5217,-46.186,18.86,26.82,13.29,69.3,27.41,12.32,12.25,0.01,3.52
2017-11-03,Mogi das Cruzes,Alto Tiete,-23.5217,-46.186,22.91,32.48,14.18,63.84,27.87,12.73,14.27,0.09,1.87
2017-11-04,Mogi das Cruzes,Alto Tiete,-23.5217,-46.186,24.37,30.24,19.87,69.93,20.24,9.43,18.04,16.83,3.14
2017-11-05,Mogi das Cruzes,Alto Tiete,-23.5217,-46.186,20.0,22.0,16.45,87.81,7.64,3.89,17.86,4.23,4.01
2017-11-06,Mogi das Cruzes,Alto Tiete,-23.5217,-46.186,18.03,22.6,15.07,83.6,9.37,4.63,15.01,1.31,3.9
2017-11-07,Mogi das Cruzes,Alto Tiete,-23.5217,-46.186,17.98,23.74,14.43,78.78,17.69,8.22,13.9,0.13,3.63
2017-11-08,Mogi das Cruzes,Alto Tiete,-23.5217,-46.186,19.53,27.09,14.5,75.59,18.77,8.74,14.58,1.23,3.35
2017-11-09,Mogi das Cruzes,Alto Tiete,-23.5217,-46.186,20.41,25.8,16.34,82.26,15.65,7.48,16.99,2.88,1.34
2017-11-10,Mogi das Cruzes,Alto Tiete,-23.5217,-46.186,23.38,28.98,17.1,74.52,24.56,11.31,17.98,3.34,1.22
2017-11-11,Mogi das Cruzes,Alto Tiete,-23.5217,-46.186,18.96,21.91,12.6,84.15,9.05,4.54,16.09,18.67,3.24
2017-11-12,Mogi das Cruzes,Alto Tiete,-23.5217,-46.186,20.01,28.29,11.48,58.52,31.83,13.98,10.54,0.0,2.2
2017-11-13,Mogi das Cruzes,Alto Tiete,-23.5217,-46.186,18.74,26.06,13.55,74.99,30.52,13.56,13.51,0.01,2.38
2017-11-14,Mogi das Cruzes,Alto Tiete,-23.5217,-46.186,19.01,28.0,11.89,65.71,31.47,13.97,10.81,0.0,2.5
2017-11-15,Mogi das Cruzes,Alto Tiete,-23.5217,-46.186,22.97,33.09,12.85,64.48,29.02,13.22,14.52,0.03,1.94
2017-11-16,Mogi das Cruzes,Alto Tiete,-23.5217,-46.186,25.57,32.5,20.43,64.8,27.36,12.54,17.76,4.6,2.95
2017-11-17,Mogi das Cruzes,Alto Tiete,-23.5217,-46.186,23.64,30.04,19.47,70.7,17.16,8.13,17.4,5.76,2.07
2017-11-18,Mogi das Cruzes,Alto Tiete,-23.5217,-46.186,23.19,27.05,19.64,79.16,21.33,10.0,19.04,19.31,2.75
2017-11-19,Mogi das Cruzes,Alto Tiete,-23.5217,-46.186,21.44,26.57,18.15,84.12,11.64,5.77,18.5,6.09,3.01
2017-11-20,Mogi das Cruzes,Alto Tiete,-23.5217,-46.186,19.66,23.16,17.78,88.33,8.3,4.24,17.59,9.82,3.5
2017-11-21,Mogi das Cruzes,Alto Tiete,-23.5217,-46.186,21.67,26.15,17.86,84.12,17.11,8.07,18.72,16.27,1.46
2017-11-22,Mogi das Cruzes,Alto Tiete,-23.5217,-46.186,19.55,24.95,15.54,88.49,11.13,5.51,17.53,12.68,3.52
2017-11-23,Mogi das Cruzes,Alto Tiete,-23.5217,-46.186,18.3,23.89,14.39,82.66,15.66,7.34,15.06,1.78,2.99
2017-11-24,Mogi das Cruzes,Alto Tiete,-23.5217,-46.186,21.36,28.6,15.16,77.24,25.39,11.39,16.56,0.01,1.77
2017-11-25,Mogi das Cruzes,Alto Tiete,-23.5217,-46.186,23.12,30.53,15.8,75.81,26.31,11.94,17.95,1.29,1.48
2017-11-26,Mogi das Cruzes,Alto Tiete,-23.5217,-46.186,23.4,28.22,20.57,81.3,14.42,6.99,19.77,9.51,3.55
2017-11-27,Mogi das Cruzes,Alto Tiete,-23.5217,-46.186,20.98,24.96,17.29,87.0,14.76,7.17,18.64,15.32,2.44
2017-11-28,Mogi das Cruzes,Alto Tiete,-23.5217,-46.186,19.88,25.18,16.69,85.19,17.84,8.26,17.12,1.16,2.92
2017-11-29,Mogi das Cruzes,Alto Tiete,-23.5217,-46.186,19.18,24.91,15.06,77.62,29.64,13.36,14.69,0.1,2.82
2017-11-30,Mogi das Cruzes,Alto Tiete,-23.5217,-46.186,19.01,24.97,14.66,80.63,17.82,8.3,15.32,0.35,2.52
2017-12-01,Mogi das Cruzes,Alto Tiete,-23.5217,-46.186,19.64,25.19,16.83,85.37,15.69,7.48,16.88,1.96,2.71
2017-12-02,Mogi das Cruzes,Alto Tiete,-23.5217,-46.186,19.97,25.37,16.59,84.36,16.35,7.73,17.01,2.19,3.71
2017-12-03,Mogi das Cruzes,Alto Tiete,-23.5217,-46.186,21.4,28.19,17.5,81.97,18.64,8.67,17.87,0.33,2.89
2017-12-04,Mogi das Cruzes,Alto Tiete,-23.5217,-46.186,22.37,29.86,17.45,81.29,21.07,9.62,18.54,0.4,2.0
2017-12-05,Mogi das Cruzes,Alto Tiete,-23.5217,-46.186,22.49,28.79,18.65,80.99,21.47,9.94,18.68,0.65,2.71
2017-12-06,Mogi das Cruzes,Alto Tiete,-23.5217,-46.186,22.04,28.78,18.18,79.66,19.85,9.26,17.99,2.2,3.03
2017-12-07,Mogi das Cruzes,Alto Tiete,-23.5217,-46.186,23.06,29.82,18.07,78.95,13.37,6.46,18.74,2.8,1.45
2017-12-08,Mogi das Cruzes,Alto Tiete,-23.5217,-46.186,22.57,28.45,19.3,83.92,13.93,6.74,19.46,6.76,2.0
2017-12-09,Mogi das Cruzes,Alto Tiete,-23.5217,-46.186,21.98,27.79,18.23,80.02,21.1,9.73,17.87,2.3,2.47
2017-12-10,Mogi das Cruzes,Alto Tiete,-23.5217,-46.186,22.04,28.26,17.0,73.96,24.99,11.45,16.45,0.81,1.61
2017-12-11,Mogi das Cruzes,Alto Tiete,-23.5217,-46.186,22.51,30.97,16.99,72.33,23.18,10.65,16.11,9.27,3.29
2017-12-12,Mogi das Cruzes,Alto Tiete,-23.5217,-46.186,19.54,24.96,16.36,82.43,12.2,5.94,16.2,4.05,4.04
2017-12-13,Mogi das Cruzes,Alto Tiete,-23.5217,-46.186,20.73,27.74,15.81,79.17,20.37,9.44,16.54,1.89,3.1
2017-12-14,Mogi das Cruzes,Alto Tiete,-23.5217,-46.186,22.69,30.4,16.46,73.79,24.78,11.31,16.88,0.82,1.87
2017-12-15,Mogi das Cruzes,Alto Tiete,-23.5217,-46.186,22.82,30.61,16.96,73.98,25.65,11.71,17.11,0.3,2.06
2017-12-16,Mogi das Cruzes,Alto Tiete,-23.5217,-46.186,24.07,32.19,17.11,70.13,24.7,11.32,17.03,2.25,1.83
2017-12-17,Mogi das Cruzes,Alto Tiete,-23.5217,-46.186,25.84,32.31,19.44,70.12,28.25,13.09,19.13,6.67,1.98
2017-12-18,Mogi das Cruzes,Alto Tiete,-23.5217,-46.186,23.5,28.6,20.41,82.41,18.88,8.9,20.09,6.44,2.85
2017-12-19,Mogi das Cruzes,Alto Tiete,-23.5217,-46.186,23.56,29.63,19.84,81.8,19.91,9.32,19.87,1.68,2.65
2017-12-20,Mogi das Cruzes,Alto Tiete,-23.5217,-46.186,24.4,30.11,19.87,76.08,19.93,9.25,19.31,3.94,1.16
2017-12-21,Mogi das Cruzes,Alto Tiete,-23.5217,-46.186,21.52,24.84,19.4,83.51,7.46,3.82,18.48,7.23,1.72
2017-12-22,Mogi das Cruzes,Alto Tiete,-23.5217,-46.186,23.19,27.7,18.86,77.77,12.1,6.04,18.68,5.61,2.48
2017-12-23,Mogi das Cruzes,Alto Tiete,-23.5217,-46.186,24.43,30.36,19.35,74.43,21.33,9.98,18.98,1.84,3.28
2017-12-24,Mogi das Cruzes,Alto Tiete,-23.5217,-46.186,24.11,28.35,20.43,77.77,18.63,8.79,19.71,1.03,3.22
2017-12-25,Mogi das Cruzes,Alto Tiete,-23.5217,-46.186,22.05,25.7,19.46,89.07,15.61,7.46,20.09,15.7,2.19
2017-12-26,Mogi das Cruzes,Alto Tiete,-23.5217,-46.186,21.86,26.68,18.94,87.73,16.56,7.88,19.58,10.03,1.92
2017-12-27,Mogi das Cruzes,Alto Tiete,-23.5217,-46.186,22.52,26.93,19.95,86.37,19.21,9.1,19.97,3.61,1.61
2017-12-28,Mogi das Cruzes,Alto Tiete,-23.5217,-46.186,22.21,26.66,19.54,84.94,14.13,6.89,19.39,3.69,1.82
2017-12-29,Mogi das Cruzes,Alto Tiete,-23.5217,-46.186,22.19,26.48,19.19,82.75,9.1,4.61,18.9,2.88,1.51
2017-12-30,Mogi das Cruzes,Alto Tiete,-23.5217,-46.186,22.11,25.8,19.26,85.05,10.38,5.22,19.38,5.36,3.26
2017-12-31,Mogi das Cruzes,Alto Tiete,-23.5217,-46.186,23.75,28.58,19.95,79.2,15.95,7.78,19.73,8.45,5.08
2018-01-01,Mogi das Cruzes,Alto Tiete,-23.5217,-46.186,24.65,30.19,19.87,77.47,21.03,9.82,20.07,0.53,2.52
2018-01-02,Mogi das Cruzes,Alto Tiete,-23.5217,-46.186,23.38,26.4,21.27,84.75,18.63,8.89,20.56,5.45,3.54
2018-01-03,Mogi das Cruzes,Alto Tiete,-23.5217,-46.186,22.68,26.25,19.23,85.27,12.71,6.28,19.94,9.42,3.61
2018-01-04,Mogi das Cruzes,Alto Tiete,-23.5217,-46.186,21.67,27.41,17.85,73.28,29.93,13.63,15.9,0.56,2.84
2018-01-05,Mogi das Cruzes,Alto Tiete,-23.5217,-46.186,21.26,27.27,16.68,82.55,23.88,11.08,17.92,0.96,2.79
2018-01-06,Mogi das Cruzes,Alto Tiete,-23.5217,-46.186,22.65,26.87,19.39,84.74,15.01,7.27,19.68,6.39,1.58
2018-01-07,Mogi das Cruzes,Alto Tiete,-23.5217,-46.186,20.26,22.42,18.82,90.38,7.58,3.92,18.61,19.34,2.19
2018-01-08,Mogi das Cruzes,Alto Tiete,-23.5217,-46.186,20.47,23.91,18.44,90.78,9.69,4.86,18.84,8.55,1.49
2018-01-09,Mogi das Cruzes,Alto Tiete,-23.5217,-46.186,20.86,24.43,18.38,90.45,12.47,6.14,19.17,6.01,2.12
2018-01-10,Mogi das Cruzes,Alto Tiete,-23.5217,-46.186,22.99,28.14,19.12,83.62,21.83,10.06,19.74,1.72,2.26
2018-01-11,Mogi das Cruzes,Alto Tiete,-23.5217,-46.186,22.35,26.38,19.42,87.22,20.33,9.46,19.96,10.62,1.52
2018-01-12,Mogi das Cruzes,Alto Tiete,-23.5217,-46.186,21.5,25.61,18.93,82.87,13.68,6.65,18.25,4.88,2.45
2018-01-13,Mogi das Cruzes,Alto Tiete,-23.5217,-46.186,22.21,26.29,18.27,80.36,14.41,7.01,18.42,1.63,3.4
2018-01-14,Mogi das Cruzes,Alto Tiete,-23.5217,-46.186,22.8,26.71,19.87,80.46,20.08,9.5,19.05,7.54,2.59
2018-01-15,Mogi das Cruzes,Alto Tiete,-23.5217,-46.186,23.0,26.73,19.35,81.96,21.07,9.9,19.61,7.41,2.62
2018-01-16,Mogi das Cruzes,Alto Tiete,-23.5217,-46.186,23.64,27.9,20.13,77.42,18.47,8.69,19.15,1.11,1.53
2018-01-17,Mogi das Cruzes,Alto Tiete,-23.5217,-46.186,23.32,27.67,19.69,83.97,20.43,9.57,20.25,2.4,1.13
2018-01-18,Mogi das Cruzes,Alto Tiete,-23.5217,-46.186,24.17,27.95,20.99,83.35,23.27,10.93,21.03,1.63,1.76
2018-01-19,Mogi das Cruzes,Alto Tiete,-23.5217,-46.186,23.4,26.63,21.04,84.65,16.99,8.02,20.53,10.1,1.34
2018-01-20,Mogi das Cruzes,Alto Tiete,-23.5217,-46.186,23.2,27.54,20.54,84.06,16.94,8.03,20.1,10.56,0.95
2018-01-21,Mogi das Cruzes,Alto Tiete,-23.5217,-46.186,23.43,28.28,19.94,84.91,20.54,9.71,20.45,2.06,1.25
2018-01-22,Mogi das Cruzes,Alto Tiete,-23.5217,-46.186,25.41,30.31,20.52,73.36,23.39,10.94,19.8,2.48,0.79
2018-01-23,Mogi das Cruzes,Alto Tiete,-23.5217,-46.186,25.41,30.11,21.19,73.24,25.01,11.64,19.98,8.97,1.25
2018-01-24,Mogi das Cruzes,Alto Tiete,-23.5217,-46.186,24.96,29.53,21.38,78.65,23.2,10.89,20.75,3.88,1.56
2018-01-25,Mogi das Cruzes,Alto Tiete,-23.5217,-46.186,23.16,26.91,20.63,84.62,20.89,9.77,20.32,3.91,2.33
2018-01-26,Mogi das Cruzes,Alto Tiete,-23.5217,-46.186,22.1,26.25,19.32,87.5,14.12,6.86,19.8,5.52,3.57
2018-01-27,Mogi das Cruzes,Alto Tiete,-23.5217,-46.186,20.8,24.75,18.67,88.59,17.61,8.31,18.74,3.13,3.32
2018-01-28,Mogi das Cruzes,Alto Tiete,-23.5217,-46.186,22.68,28.72,18.31,84.93,20.8,9.78,19.76,5.78,1.47
2018-01-29,Mogi das Cruzes,Alto Tiete,-23.5217,-46.186,23.6,28.41,20.61,85.49,14.51,7.07,20.83,13.31,1.83
2018-01-30,Mogi das Cruzes,Alto Tiete,-23.5217,-46.186,20.73,24.26,17.69,89.02,6.63,3.54,18.79,25.16,3.23
2018-01-31,Mogi das Cruzes,Alto Tiete,-23.5217,-46.186,20.41,25.22,16.81,83.47,24.25,11.12,17.24,2.53,2.64
2018-02-01,Mogi das Cruzes,Alto Tiete,-23.5217,-46.186,20.66,25.61,16.95,83.91,26.52,12.07,17.58,0.66,2.4
2018-02-02,Mogi das Cruzes,Alto Tiete,-23.5217,-46.186,21.29,26.54,17.82,82.51,19.64,9.16,17.9,0.75,2.23
2018-02-03,Mogi das Cruzes,Alto Tiete,-23.5217,-46.186,20.46,25.73,16.57,82.96,21.07,9.77,17.27,0.64,3.21
2018-02-04,Mogi das Cruzes,Alto Tiete,-23.5217,-46.186,19.66,25.04,15.37,82.31,19.42,8.94,16.34,0.85,2.66
2018-02-05,Mogi das Cruzes,Alto Tiete,-23.5217,-46.186,19.34,22.68,17.17,88.8,19.99,9.25,17.36,1.06,2.6
2018-02-06,Mogi das Cruzes,Alto Tiete,-23.5217,-46.186,20.16,24.17,17.67,87.88,15.22,7.33,17.96,7.8,2.28
2018-02-07,Mogi das Cruzes,Alto Tiete,-23.5217,-46.186,21.4,28.05,16.95,78.29,25.41,11.58,16.83,0.62,1.68
2018-02-08,Mogi das Cruzes,Alto Tiete,-23.5217,-46.186,22.18,28.97,15.63,73.33,26.56,12.25,16.37,0.0,1.48
2018-02-09,Mogi das Cruzes,Alto Tiete,-23.5217,-46.186,24.12,31.31,16.96,72.36,27.29,12.56,18.07,0.0,1.65
2018-02-10,Mogi das Cruzes,Alto Tiete,-23.5217,-46.186,24.58,29.93,20.25,78.53,17.38,8.2,20.27,1.58,1.63
2018-02-11,Mogi das Cruzes,Alto Tiete,-23.5217,-46.186,25.02,29.65,20.9,77.03,21.13,9.92,20.34,0.62,0.96
2018-02-12,Mogi das Cruzes,Alto Tiete,-23.5217,-46.186,24.71,29.88,21.25,80.24,20.43,9.46,20.71,1.31,2.35
2018-02-13,Mogi das Cruzes,Alto Tiete,-23.5217,-46.186,21.05,24.69,19.02,87.86,10.41,5.22,18.85,2.97,4.46
2018-02-14,Mogi das Cruzes,Alto Tiete,-23.5217,-46.186,20.3,23.78,18.07,88.53,10.77,5.37,18.25,7.43,4.18
2018-02-15,Mogi das Cruzes,Alto Tiete,-23.5217,-46.186,21.12,25.74,17.99,89.25,11.18,5.52,19.17,2.95,3.8
2018-02-16,Mogi das Cruzes,Alto Tiete,-23.5217,-46.186,21.73,26.46,18.87,85.89,18.35,8.51,19.03,1.38,2.72
2018-02-17,Mogi das Cruzes,Alto Tiete,-23.5217,-46.186,21.34,26.06,18.42,86.67,18.15,8.46,18.82,0.66,2.07
2018-02-18,Mogi das Cruzes,Alto Tiete,-23.5217,-46.186,21.83,26.53,18.69,84.28,8.63,4.28,18.81,0.9,1.02
2018-02-19,Mogi das Cruzes,Alto Tiete,-23.5217,-46.186,22.96,28.74,19.07,79.24,17.06,8.01,18.72,7.63,1.57
2018-02-20,Mogi das Cruzes,Alto Tiete,-23.5217,-46.186,23.21,26.85,20.08,83.93,15.33,7.27,20.19,4.24,2.99
2018-02-21,Mogi das Cruzes,Alto Tiete,-23.5217,-46.186,23.87,29.06,20.49,81.17,21.73,10.04,20.13,9.3,3.34
2018-02-22,Mogi das Cruzes,Alto Tiete,-23.5217,-46.186,22.27,26.68,19.53,85.42,19.43,8.99,19.56,8.92,1.71
2018-02-23,Mogi das Cruzes,Alto Tiete,-23.5217,-46.186,21.23,25.8,18.49,83.45,21.45,9.92,18.08,2.43,3.12
2018-02-24,Mogi das Cruzes,Alto Tiete,-23.5217,-46.186,20.83,25.89,17.32,83.26,22.46,10.31,17.67,0.23,2.82
2018-02-25,Mogi das Cruzes,Alto Tiete,-23.5217,-46.186,20.87,26.06,16.87,83.19,19.76,9.12,17.7,0.41,2.59
2018-02-26,Mogi das Cruzes,Alto Tiete,-23.5217,-46.186,21.35,25.54,17.91,88.85,11.65,5.61,19.33,24.98,1.2
2018-02-27,Mogi das Cruzes,Alto Tiete,-23.5217,-46.186,22.1,26.61,19.2,85.69,16.13,7.69,19.39,6.72,1.54
2018-02-28,Mogi das Cruzes,Alto Tiete,-23.5217,-46.186,23.32,29.04,19.83,81.63,22.36,10.38,19.65,1.25,1.28
2018-03-01,Mogi das Cruzes,Alto Tiete,-23.5217,-46.186,23.37,28.26,19.61,84.81,19.43,9.12,20.43,5.5,1.41
2018-03-02,Mogi das Cruzes,Alto Tiete,-23.5217,-46.186,23.52,27.61,20.29,87.13,20.19,9.43,21.08,12.45,1.11
2018-03-03,Mogi das Cruzes,Alto Tiete,-23.5217,-46.186,22.35,25.0,20.59,91.76,17.23,8.14,20.91,2.88,1.62
2018-03-04,Mogi das Cruzes,Alto Tiete,-23.5217,-46.186,22.79,27.49,19.88,86.87,18.64,8.77,20.29,2.36,1.61
2018-03-05,Mogi das Cruzes,Alto Tiete,-23.5217,-46.186,23.31,28.07,20.1,84.33,20.66,9.62,20.32,5.02,1.47
2018-03-06,Mogi das Cruzes,Alto Tiete,-23.5217,-46.186,23.71,29.31,20.49,82.47,19.73,9.22,20.27,1.58,1.66
2018-03-07,Mogi das Cruzes,Alto Tiete,-23.5217,-46.186,22.77,27.89,19.29,85.51,14.84,7.09,20.02,4.36,2.09
2018-03-08,Mogi das Cruzes,Alto Tiete,-23.5217,-46.186,21.58,25.63,19.11,88.9,11.29,5.49,19.57,3.8,3.61
2018-03-09,Mogi das Cruzes,Alto Tiete,-23.5217,-46.186,21.82,27.33,18.35,85.06,17.56,8.2,18.96,0.43,2.59
2018-03-10,Mogi das Cruzes,Alto Tiete,-23.5217,-46.186,21.79,27.8,18.01,86.23,13.41,6.44,19.15,2.52,1.85
2018-03-11,Mogi das Cruzes,Alto Tiete,-23.5217,-46.186,22.91,29.16,18.4,77.75,23.66,10.92,18.23,0.08,1.5
2018-03-12,Mogi das Cruzes,Alto Tiete,-23.5217,-46.186,24.4,31.19,18.28,76.34,20.9,9.66,19.4,0.87,1.95
2018-03-13,Mogi das Cruzes,Alto Tiete,-23.5217,-46.186,23.24,29.02,20.07,84.26,17.05,7.97,20.12,1.55,2.21
2018-03-14,Mogi das Cruzes,Alto Tiete,-23.5217,-46.186,25.09,30.95,19.84,80.01,23.19,10.72,21.08,16.16,1.83
2018-03-15,Mogi das Cruzes,Alto Tiete,-23.5217,-46.186,25.61,30.93,21.73,81.08,19.97,9.31,21.86,1.64,2.31
2018-03-16,Mogi das Cruzes,Alto Tiete,-23.5217,-46.186,24.02,27.43,20.62,84.71,18.65,8.68,21.13,1.34,2.7
2018-03-17,Mogi das Cruzes,Alto Tiete,-23.5217,-46.186,22.78,28.17,19.19,85.37,19.62,9.15,19.96,0.36,2.09
2018-03-18,Mogi das Cruzes,Alto Tiete,-23.5217,-46.186,23.97,30.82,18.71,80.54,21.72,10.02,19.92,0.06,1.07
2018-03-19,Mogi das Cruzes,Alto Tiete,-23.5217,-46.186,25.63,31.55,19.91,75.93,18.93,8.88,20.67,2.24,1.9
2018-03-20,Mogi das Cruzes,Alto Tiete,-23.5217,-46.186,23.65,26.42,21.7,89.54,14.7,6.99,21.78,18.68,0.84
2018-03-21,Mogi das Cruzes,Alto Tiete,-23.5217,-46.186,22.01,25.6,19.66,90.23,14.51,6.81,20.28,14.06,2.05
2018-03-22,Mogi das Cruzes,Alto Tiete,-23.5217,-46.186,21.15,25.63,18.52,89.21,15.42,7.28,19.19,11.16,2.66
2018-03-23,Mogi das Cruzes,Alto Tiete,-23.5217,-46.186,22.81,28.53,18.29,85.36,19.06,8.93,19.92,0.66,2.1
2018-03-24,Mogi das Cruzes,Alto Tiete,-23.5217,-46.186,23.71,28.82,19.66,82.25,21.41,9.92,20.14,0.49,1.51
2018-03-25,Mogi das Cruzes,Alto Tiete,-23.5217,-46.186,24.03,29.59,18.53,74.76,21.58,9.99,18.89,0.05,1.79
2018-03-26,Mogi das Cruzes,Alto Tiete,-23.5217,-46.186,22.51,25.16,20.91,87.06,12.63,6.01,20.19,2.71,1.5
2018-03-27,Mogi das Cruzes,Alto Tiete,-23.5217,-46.186,21.85,24.46,19.77,89.97,14.79,7.0,20.07,13.04,1.41
2018-03-28,Mogi das Cruzes,Alto Tiete,-23.5217,-46.186,22.25,27.2,18.95,85.35,15.91,7.52,19.37,3.37,1.3
2018-03-29,Mogi das Cruzes,Alto Tiete,-23.5217,-46.186,21.67,25.78,19.07,88.55,16.15,7.57,19.55,1.02,1.61
2018-03-30,Mogi das Cruzes,Alto Tiete,-23.5217,-46.186,22.15,27.22,18.32,85.25,18.87,8.74,19.29,3.59,1.45
2018-03-31,Mogi das Cruzes,Alto Tiete,-23.5217,-46.186,22.72,27.58,19.09,83.92,14.9,7.03,19.59,4.45,1.2
2018-04-01,Mogi das Cruzes,Alto Tiete,-23.5217,-46.186,22.69,26.96,20.14,85.56,15.28,7.15,19.98,3.33,1.84
2018-04-02,Mogi das Cruzes,Alto Tiete,-23.5217,-46.186,22.66,27.71,18.81,80.86,11.89,5.71,18.96,2.79,2.71
2018-04-03,Mogi das Cruzes,Alto Tiete,-23.5217,-46.186,21.75,26.35,19.03,87.4,10.54,5.08,19.43,10.65,2.36
2018-04-04,Mogi das Cruzes,Alto Tiete,-23.5217,-46.186,21.07,25.43,18.42,87.63,17.27,7.97,18.77,1.82,1.88
2018-04-05,Mogi das Cruzes,Alto Tiete,-23.5217,-46.186,21.17,26.17,17.51,84.32,19.55,8.96,18.15,0.28,1.56
2018-04-06,Mogi das Cruzes,Alto Tiete,-23.5217,-46.186,20.89,25.79,17.41,85.51,19.1,8.73,18.11,0.75,1.8
2018-04-07,Mogi das Cruzes,Alto Tiete,-23.5217,-46.186,21.09,26.33,17.49,86.35,19.57,8.91,18.44,0.87,1.92
2018-04-08,Mogi das Cruzes,Alto Tiete,-23.5217,-46.186,21.35,26.39,17.96,87.12,18.79,8.61,18.91,0.59,2.28
2018-04-09,Mogi das Cruzes,Alto Tiete,-23.5217,-46.186,21.24,26.48,17.62,85.01,18.09,8.2,18.35,0.13,2.32
2018-04-10,Mogi das Cruzes,Alto Tiete,-23.5217,-46.186,20.8,26.54,16.8,84.27,20.19,9.19,17.71,0.12,2.15
2018-04-11,Mogi das Cruzes,Alto Tiete,-23.5217,-46.186,20.4,26.53,15.82,81.14,21.07,9.45,16.53,0.02,2.16
2018-04-12,Mogi das Cruzes,Alto Tiete,-23.5217,-46.186,21.37,27.64,14.76,78.15,17.82,8.16,16.91,0.06,1.31
2018-04-13,Mogi das Cruzes,Alto Tiete,-23.5217,-46.186,22.34,29.45,16.64,75.38,20.37,9.35,17.11,0.02,1.74
2018-04-14,Mogi das Cruzes,Alto Tiete,-23.5217,-46.186,21.05,25.0,18.72,87.13,15.02,6.92,18.66,8.46,2.91
2018-04-15,Mogi das Cruzes,Alto Tiete,-23.5217,-46.186,19.27,20.54,17.44,94.79,6.27,3.18,18.42,19.48,3.58
2018-04-16,Mogi das Cruzes,Alto Tiete,-23.5217,-46.186,18.24,21.85,16.47,89.76,10.31,4.93,16.45,6.19,3.63
2018-04-17,Mogi das Cruzes,Alto Tiete,-23.5217,-46.186,18.24,22.81,15.39,85.66,15.98,7.29,15.62,1.2,3.1
2018-04-18,Mogi das Cruzes,Alto Tiete,-23.5217,-46.186,17.95,23.94,13.64,82.21,20.33,9.09,14.55,0.06,2.07
2018-04-19,Mogi das Cruzes,Alto Tiete,-23.5217,-46.186,18.3,25.54,12.44,80.36,20.37,8.99,14.26,0.19,1.45
2018-04-20,Mogi das Cruzes,Alto Tiete,-23.5217,-46.186,18.26,24.52,13.74,79.32,19.19,8.45,14.0,0.06,1.61
2018-04-21,Mogi das Cruzes,Alto Tiete,-23.5217,-46.186,18.26,24.26,14.64,79.52,19.48,8.64,14.12,0.02,1.42
2018-04-22,Mogi das Cruzes,Alto Tiete,-23.5217,-46.186,19.11,24.7,14.97,85.02,16.8,7.62,16.35,0.02,2.03
2018-04-23,Mogi das Cruzes,Alto Tiete,-23.5217,-46.186,20.05,25.7,16.51,84.71,16.54,7.53,17.06,0.01,1.3
2018-04-24,Mogi das Cruzes,Alto Tiete,-23.5217,-46.186,20.34,26.43,15.93,83.34,17.67,8.0,17.0,0.06,1.6
2018-04-25,Mogi das Cruzes,Alto Tiete,-23.5217,-46.186,21.12,27.32,16.67,82.32,16.67,7.64,17.44,0.01,1.4
2018-04-26,Mogi das Cruzes,Alto Tiete,-23.5217,-46.186,21.7,28.22,17.28,81.91,15.91,7.34,17.94,0.0,1.46
2018-04-27,Mogi das Cruzes,Alto Tiete,-23.5217,-46.186,21.5,28.12,16.95,80.39,17.56,8.07,17.33,0.25,1.83
2018-04-28,Mogi das Cruzes,Alto Tiete,-23.5217,-46.186,21.74,28.27,17.59,81.61,16.75,7.66,17.83,0.69,1.3
2018-04-29,Mogi das Cruzes,Alto Tiete,-23.5217,-46.186,21.34,28.46,16.16,77.11,17.54,7.97,16.2,0.08,1.39
2018-04-30,Mogi das Cruzes,Alto Tiete,-23.5217,-46.186,21.14,28.98,15.22,73.14,18.37,8.32,15.2,0.01,1.6
2018-05-01,Mogi das Cruzes,Alto Tiete,-23.5217,-46.186,21.23,27.18,17.34,73.6,15.6,7.12,15.87,0.05,1.64
2018-05-02,Mogi das Cruzes,Alto Tiete,-23.5217,-46.186,21.03,27.49,15.89,79.18,15.09,6.93,16.57,0.06,1.93
2018-05-03,Mogi das Cruzes,Alto Tiete,-23.5217,-46.186,21.52,28.62,16.46,77.45,16.34,7.48,16.49,0.03,1.3
2018-05-04,Mogi das Cruzes,Alto Tiete,-23.5217,-46.186,21.93,29.81,15.48,70.48,18.07,8.13,15.12,0.0,1.12
2018-05-05,Mogi das Cruzes,Alto Tiete,-23.5217,-46.186,21.67,29.18,16.88,71.14,16.27,7.34,15.34,0.02,1.5
2018-05-06,Mogi das Cruzes,Alto Tiete,-23.5217,-46.186,20.47,26.87,16.35,80.18,15.87,7.16,16.34,1.16,1.76
2018-05-07,Mogi das Cruzes,Alto Tiete,-23.5217,-46.186,19.43,23.8,17.05,87.19,13.5,6.2,17.06,3.97,2.17
2018-05-08,Mogi das Cruzes,Alto Tiete,-23.5217,-46.186,19.13,23.94,16.38,86.68,11.36,5.29,16.62,2.33,2.89
2018-05-09,Mogi das Cruzes,Alto Tiete,-23.5217,-46.186,18.76,24.79,15.34,82.01,16.72,7.49,15.07,0.15,2.48
2018-05-10,Mogi das Cruzes,Alto Tiete,-23.5217,-46.186,19.22,26.98,13.01,76.45,16.49,7.39,14.13,0.01,1.18
2018-05-11,Mogi das Cruzes,Alto Tiete,-23.5217,-46.186,20.54,28.03,14.16,68.46,15.99,7.22,13.96,0.02,2.29
2018-05-12,Mogi das Cruzes,Alto Tiete,-23.5217,-46.186,19.52,25.09,16.58,78.55,10.39,4.85,15.44,0.54,2.8
2018-05-13,Mogi das Cruzes,Alto Tiete,-23.5217,-46.186,18.61,24.92,15.44,83.38,11.52,5.19,15.34,0.19,1.97
2018-05-14,Mogi das Cruzes,Alto Tiete,-23.5217,-46.186,19.64,26.88,14.89,81.19,13.76,6.2,15.77,0.04,2.1
2018-05-15,Mogi das Cruzes,Alto Tiete,-23.5217,-46.186,20.49,27.63,15.45,78.37,7.19,3.4,16.1,0.1,1.89
2018-05-16,Mogi das Cruzes,Alto Tiete,-23.5217,-46.186,20.6,26.42,16.74,76.69,12.14,5.52,15.89,2.92,2.76
2018-05-17,Mogi das Cruzes,Alto Tiete,-23.5217,-46.186,19.15,24.56,16.57,87.35,12.72,5.82,16.74,2.31,2.3
2018-05-18,Mogi das Cruzes,Alto Tiete,-23.5217,-46.186,21.25,28.08,15.6,76.98,14.26,6.54,16.46,0.62,1.78
2018-05-19,Mogi das Cruzes,Alto Tiete,-23.5217,-46.186,21.31,27.25,16.28,76.41,6.61,3.21,16.49,6.58,4.57
2018-05-20,Mogi das Cruzes,Alto Tiete,-23.5217,-46.186,13.79,20.19,9.11,69.93,16.94,7.45,7.38,0.07,3.89
2018-05-21,Mogi das Cruzes,Alto Tiete,-23.5217,-46.186,13.21,21.27,6.43,75.13,17.25,7.57,7.95,0.1,1.33
2018-05-22,Mogi das Cruzes,Alto Tiete,-23.5217,-46.186,15.94,25.14,10.56,70.39,17.14,7.44,9.07,0.03,1.12
2018-05-23,Mogi das Cruzes,Alto Tiete,-23.5217,-46.186,15.97,22.75,11.26,78.33,13.89,6.17,11.59,0.0,1.71
2018-05-24,Mogi das Cruzes,Alto Tiete,-23.5217,-46.186,17.02,24.34,12.51,81.13,13.51,6.06,13.13,0.0,2.2
2018-05-25,Mogi das Cruzes,Alto Tiete,-23.5217,-46.186,17.15,23.05,13.97,84.4,10.6,4.84,14.09,0.06,2.08
2018-05-26,Mogi das Cruzes,Alto Tiete,-23.5217,-46.186,17.56,23.83,13.37,82.5,13.68,6.17,14.08,0.07,1.75
2018-05-27,Mogi das Cruzes,Alto Tiete,-23.5217,-46.186,17.38,24.23,13.45,80.59,15.26,6.87,13.36,0.02,1.98
2018-05-28,Mogi das Cruzes,Alto Tiete,-23.5217,-46.186,17.02,24.35,12.49,77.7,16.11,7.15,12.19,0.04,2.31
2018-05-29,Mogi das Cruzes,Alto Tiete,-23.5217,-46.186,16.65,24.79,9.74,75.6,16.06,7.12,11.19,0.01,1.93
2018-05-30,Mogi das Cruzes,Alto Tiete,-23.5217,-46.186,17.14,24.97,10.83,72.27,15.85,7.0,11.02,0.02,1.61
2018-05-31,Mogi das Cruzes,Alto Tiete,-23.5217,-46.186,17.99,25.72,11.63,73.01,15.44,6.85,12.14,0.02,1.2
2018-06-01,Mogi das Cruzes,Alto Tiete,-23.5217,-46.186,19.37,26.75,12.3,59.27,15.85,7.07,10.09,0.01,1.94
2018-06-02,Mogi das Cruzes,Alto Tiete,-23.5217,-46.186,20.98,28.19,15.99,63.24,9.58,4.41,13.12,0.04,2.44
2018-06-03,Mogi das Cruzes,Alto Tiete,-23.5217,-46.186,16.27,18.52,13.29,90.83,5.11,2.48,14.74,3.58,3.06
2018-06-04,Mogi das Cruzes,Alto Tiete,-23.5217,-46.186,15.29,19.39,13.23,85.2,6.88,3.26,12.66,0.26,2.27
2018-06-05,Mogi das Cruzes,Alto Tiete,-23.5217,-46.186,17.31,23.44,13.84,84.14,5.53,2.66,14.32,1.31,1.33
2018-06-06,Mogi das Cruzes,Alto Tiete,-23.5217,-46.186,17.67,22.63,14.94,88.15,6.29,2.97,15.53,1.26,2.12
2018-06-07,Mogi das Cruzes,Alto Tiete,-23.5217,-46.186,18.41,23.71,15.05,88.06,6.8,3.22,16.23,6.29,1.53
2018-06-08,Mogi das Cruzes,Alto Tiete,-23.5217,-46.186,15.95,20.71,12.16,84.29,8.82,3.93,13.0,1.85,1.94
2018-06-09,Mogi das Cruzes,Alto Tiete,-23.5217,-46.186,17.29,25.79,11.6,80.42,10.2,4.48,13.26,0.02,1.13
2018-06-10,Mogi das Cruzes,Alto Tiete,-23.5217,-46.186,20.43,27.48,14.85,77.6,9.89,4.56,15.91,0.12,1.77
2018-06-11,Mogi das Cruzes,Alto Tiete,-23.5217,-46.186,21.76,28.12,18.31,73.42,12.36,5.63,16.45,0.02,2.42
2018-06-12,Mogi das Cruzes,Alto Tiete,-23.5217,-46.186,22.95,29.38,18.37,69.21,11.54,5.3,16.58,0.84,2.93
2018-06-13,Mogi das Cruzes,Alto Tiete,-23.5217,-46.186,21.2,26.75,18.12,80.42,8.59,4.05,17.4,3.18,2.53
2018-06-14,Mogi das Cruzes,Alto Tiete,-23.5217,-46.186,15.52,18.04,13.05,89.82,5.44,2.57,13.8,2.53,3.22
2018-06-15,Mogi das Cruzes,Alto Tiete,-23.5217,-46.186,14.03,16.54,12.53,92.3,5.03,2.44,12.78,4.09,2.78
2018-06-16,Mogi das Cruzes,Alto Tiete,-23.5217,-46.186,14.22,17.02,12.78,93.26,4.92,2.36,13.12,3.77,2.68
2018-06-17,Mogi das Cruzes,Alto Tiete,-23.5217,-46.186,15.85,21.0,13.25,89.81,8.93,4.1,14.0,0.98,2.08
2018-06-18,Mogi das Cruzes,Alto Tiete,-23.5217,-46.186,17.34,22.99,14.07,86.52,10.21,4.65,14.83,0.31,1.95
2018-06-19,Mogi das Cruzes,Alto Tiete,-23.5217,-46.186,17.7,23.75,14.13,83.75,12.05,5.41,14.51,0.08,1.97
2018-06-20,Mogi das Cruzes,Alto Tiete,-23.5217,-46.186,17.82,25.76,12.01,79.55,14.84,6.65,13.5,0.01,1.4
2018-06-21,Mogi das Cruzes,Alto Tiete,-23.5217,-46.186,18.62,26.38,12.09,70.19,14.13,6.3,12.21,0.02,1.71
2018-06-22,Mogi das Cruzes,Alto Tiete,-23.5217,-46.186,18.39,24.85,13.74,72.92,12.53,5.61,12.62,0.0,1.76
2018-06-23,Mogi das Cruzes,Alto Tiete,-23.5217,-46.186,19.57,27.15,12.51,66.62,13.33,5.98,12.08,0.0,1.46
2018-06-24,Mogi das Cruzes,Alto Tiete,-23.5217,-46.186,20.44,27.94,15.47,67.69,13.08,5.91,13.44,0.02,1.48
2018-06-25,Mogi das Cruzes,Alto Tiete,-23.5217,-46.186,21.12,28.48,15.77,63.31,14.08,6.3,12.88,0.03,1.72
2018-06-26,Mogi das Cruzes,Alto Tiete,-23.5217,-46.186,20.47,28.52,15.42,59.82,11.98,5.41,11.22,0.01,2.32
2018-06-27,Mogi das Cruzes,Alto Tiete,-23.5217,-46.186,19.33,28.14,13.44,67.87,11.97,5.35,12.06,0.01,1.7
2018-06-28,Mogi das Cruzes,Alto Tiete,-23.5217,-46.186,19.64,28.14,13.94,69.15,11.41,5.2,12.68,0.0,1.49
2018-06-29,Mogi das Cruzes,Alto Tiete,-23.5217,-46.186,19.34,27.15,13.46,67.38,14.82,6.66,12.25,0.0,1.41
2018-06-30,Mogi das Cruzes,Alto Tiete,-23.5217,-46.186,19.89,27.83,14.31,65.18,12.94,5.82,12.22,0.0,1.76
2018-07-01,Mogi das Cruzes,Alto Tiete,-23.5217,-46.186,18.75,26.13,14.09,78.04,13.54,6.07,14.07,0.02,1.21
2018-07-02,Mogi das Cruzes,Alto Tiete,-23.5217,-46.186,19.85,28.33,13.08,63.66,14.08,6.21,11.51,0.0,1.82
2018-07-03,Mogi das Cruzes,Alto Tiete,-23.5217,-46.186,18.22,24.4,15.07,76.3,10.8,4.88,13.64,0.89,2.84
2018-07-04,Mogi das Cruzes,Alto Tiete,-23.5217,-46.186,18.23,25.97,14.38,83.82,10.77,4.85,14.89,0.41,1.74
2018-07-05,Mogi das Cruzes,Alto Tiete,-23.5217,-46.186,20.13,28.27,14.39,71.55,13.36,5.93,13.71,0.01,1.18
2018-07-06,Mogi das Cruzes,Alto Tiete,-23.5217,-46.186,19.93,28.35,14.38,68.57,12.49,5.54,12.87,0.01,1.38
2018-07-07,Mogi das Cruzes,Alto Tiete,-23.5217,-46.186,19.58,27.77,13.6,70.8,12.73,5.63,13.01,0.0,1.61
2018-07-08,Mogi das Cruzes,Alto Tiete,-23.5217,-46.186,20.07,28.04,14.27,58.33,15.78,6.97,10.7,0.0,2.54
2018-07-09,Mogi das Cruzes,Alto Tiete,-23.5217,-46.186,17.52,24.24,12.84,78.13,10.77,4.8,13.19,0.32,2.09
2018-07-10,Mogi das Cruzes,Alto Tiete,-23.5217,-46.186,12.03,14.69,9.88,85.46,4.64,2.27,9.57,1.59,2.7
2018-07-11,Mogi das Cruzes,Alto Tiete,-23.5217,-46.186,11.93,16.92,9.49,82.33,10.04,4.5,8.7,0.63,2.44
2018-07-12,Mogi das Cruzes,Alto Tiete,-23.5217,-46.186,12.61,19.42,9.3,76.72,15.26,6.61,7.91,0.05,1.61
2018-07-13,Mogi das Cruzes,Alto Tiete,-23.5217,-46.186,15.35,24.17,8.39,65.39,15.16,6.68,6.95,0.01,1.39
2018-07-14,Mogi das Cruzes,Alto Tiete,-23.5217,-46.186,18.61,26.78,11.94,53.57,16.47,7.28,8.08,0.0,1.1
2018-07-15,Mogi das Cruzes,Alto Tiete,-23.5217,-46.186,20.09,28.95,12.79,52.91,16.84,7.41,9.11,0.0,1.55
2018-07-16,Mogi das Cruzes,Alto Tiete,-23.5217,-46.186,19.87,29.01,13.17,51.83,16.6,7.34,8.37,0.0,1.62
2018-07-17,Mogi das Cruzes,Alto Tiete,-23.5217,-46.186,18.65,26.82,13.82,61.25,16.21,7.21,9.62,0.01,1.68
2018-07-18,Mogi das Cruzes,Alto Tiete,-23.5217,-46.186,19.54,29.12,11.6,59.93,16.07,7.15,10.36,0.0,1.36
2018-07-19,Mogi das Cruzes,Alto Tiete,-23.5217,-46.186,20.37,29.58,14.34,62.52,16.71,7.44,11.95,0.0,1.86
2018-07-20,Mogi das Cruzes,Alto Tiete,-23.5217,-46.186,21.63,31.27,14.23,55.79,17.07,7.53,11.04,0.02,1.85
2018-07-21,Mogi das Cruzes,Alto Tiete,-23.5217,-46.186,19.67,28.23,14.85,63.56,12.8,5.7,11.51,0.27,3.49
2018-07-22,Mogi das Cruzes,Alto Tiete,-23.5217,-46.186,17.97,24.61,14.66,82.18,9.84,4.45,14.41,0.33,2.89
2018-07-23,Mogi das Cruzes,Alto Tiete,-23.5217,-46.186,19.01,26.19,14.18,77.15,12.2,5.46,14.05,0.01,1.47
2018-07-24,Mogi das Cruzes,Alto Tiete,-23.5217,-46.186,17.29,23.56,13.27,82.12,8.86,4.04,13.72,0.47,2.2
2018-07-25,Mogi das Cruzes,Alto Tiete,-23.5217,-46.186,18.03,24.12,14.49,82.29,11.51,5.2,14.43,0.35,1.98
2018-07-26,Mogi das Cruzes,Alto Tiete,-23.5217,-46.186,19.3,27.5,14.37,70.57,14.54,6.57,12.41,0.0,1.41
2018-07-27,Mogi das Cruzes,Alto Tiete,-23.5217,-46.186,19.89,28.38,12.96,60.14,16.2,7.21,10.54,0.0,1.26
2018-07-28,Mogi das Cruzes,Alto Tiete,-23.5217,-46.186,21.11,29.55,14.27,52.09,16.72,7.43,9.64,0.0,1.26
2018-07-29,Mogi das Cruzes,Alto Tiete,-23.5217,-46.186,22.25,29.87,16.6,48.68,15.16,6.77,10.02,0.0,2.7
2018-07-30,Mogi das Cruzes,Alto Tiete,-23.5217,-46.186,19.54,27.27,16.04,67.55,9.94,4.56,12.61,3.15,1.96
2018-07-31,Mogi das Cruzes,Alto Tiete,-23.5217,-46.186,15.65,19.3,12.77,90.43,7.43,3.5,14.02,9.03,2.38
2018-08-01,Mogi das Cruzes,Alto Tiete,-23.5217,-46.186,13.97,17.34,12.1,89.15,4.11,2.08,12.1,4.7,2.85
2018-08-02,Mogi das Cruzes,Alto Tiete,-23.5217,-46.186,15.53,19.79,13.05,88.47,7.28,3.42,13.48,1.67,2.41
2018-08-03,Mogi das Cruzes,Alto Tiete,-23.5217,-46.186,16.58,21.65,13.83,88.31,2.21,1.18,14.47,9.84,1.35
2018-08-04,Mogi das Cruzes,Alto Tiete,-23.5217,-46.186,18.12,24.14,14.35,81.48,9.92,4.56,14.45,2.3,1.11
2018-08-05,Mogi das Cruzes,Alto Tiete,-23.5217,-46.186,17.43,23.2,14.05,82.22,5.63,2.73,13.98,1.15,1.78
2018-08-06,Mogi das Cruzes,Alto Tiete,-23.5217,-46.186,14.3,16.02,12.34,93.14,3.6,1.83,13.2,13.96,1.71
2018-08-07,Mogi das Cruzes,Alto Tiete,-23.5217,-46.186,14.85,20.47,11.9,87.38,9.03,4.16,12.56,1.27,2.35
2018-08-08,Mogi das Cruzes,Alto Tiete,-23.5217,-46.186,18.45,27.05,12.64,76.5,15.19,6.74,13.29,1.99,1.13
2018-08-09,Mogi das Cruzes,Alto Tiete,-23.5217,-46.186,20.43,27.91,13.77,69.4,14.76,6.76,13.89,0.88,3.83
2018-08-10,Mogi das Cruzes,Alto Tiete,-23.5217,-46.186,14.15,21.78,8.34,65.23,19.69,8.41,6.54,0.02,3.73
2018-08-11,Mogi das Cruzes,Alto Tiete,-23.5217,-46.186,13.52,22.27,7.42,67.86,19.74,8.55,6.39,0.0,2.68
2018-08-12,Mogi das Cruzes,Alto Tiete,-23.5217,-46.186,13.37,20.32,8.36,83.22,13.36,5.94,10.19,0.08,1.87
2018-08-13,Mogi das Cruzes,Alto Tiete,-23.5217,-46.186,15.36,22.22,11.33,81.57,16.53,7.37,11.61,0.1,2.1
2018-08-14,Mogi das Cruzes,Alto Tiete,-23.5217,-46.186,17.3,27.81,11.18,73.77,19.27,8.47,10.88,0.01,1.55
2018-08-15,Mogi das Cruzes,Alto Tiete,-23.5217,-46.186,15.9,22.05,11.51,82.28,10.24,4.57,12.55,0.5,2.37
2018-08-16,Mogi das Cruzes,Alto Tiete,-23.5217,-46.186,15.38,19.47,13.37,88.18,7.94,3.71,13.25,0.8,2.62
2018-08-17,Mogi das Cruzes,Alto Tiete,-23.5217,-46.186,16.14,21.41,13.16,86.66,9.29,4.35,13.61,1.1,2.81
2018-08-18,Mogi das Cruzes,Alto Tiete,-23.5217,-46.186,17.0,23.74,13.47,81.52,15.74,7.1,13.23,0.31,2.62
2018-08-19,Mogi das Cruzes,Alto Tiete,-23.5217,-46.186,18.17,27.1,11.89,73.87,18.95,8.45,12.01,0.04,1.26
2018-08-20,Mogi das Cruzes,Alto Tiete,-23.5217,-46.186,19.4,28.88,12.42,65.55,19.53,8.67,11.0,0.0,1.54
2018-08-21,Mogi das Cruzes,Alto Tiete,-23.5217,-46.186,19.54,28.49,13.32,66.18,17.96,7.99,11.57,0.04,1.55
2018-08-22,Mogi das Cruzes,Alto Tiete,-23.5217,-46.186,19.46,28.45,14.45,68.23,14.2,6.48,11.95,0.05,1.28
2018-08-23,Mogi das Cruzes,Alto Tiete,-23.5217,-46.186,20.5,28.86,14.24,63.89,16.8,7.57,12.22,0.0,1.65
2018-08-24,Mogi das Cruzes,Alto Tiete,-23.5217,-46.186,22.48,31.08,15.63,59.63,14.41,6.6,13.06,1.18,2.37
2018-08-25,Mogi das Cruzes,Alto Tiete,-23.5217,-46.186,19.48,24.86,13.53,75.47,8.85,4.21,14.81,2.5,3.52
2018-08-26,Mogi das Cruzes,Alto Tiete,-23.5217,-46.186,12.86,14.66,11.19,87.09,6.12,2.93,10.74,0.9,3.18
2018-08-27,Mogi das Cruzes,Alto Tiete,-23.5217,-46.186,13.9,19.4,10.92,85.73,10.84,4.98,11.33,0.58,3.09
2018-08-28,Mogi das Cruzes,Alto Tiete,-23.5217,-46.186,17.82,26.88,12.24,76.68,18.83,8.39,12.66,0.08,2.53
2018-08-29,Mogi das Cruzes,Alto Tiete,-23.5217,-46.186,18.91,28.33,11.3,70.84,20.14,8.96,12.15,0.01,1.67
2018-08-30,Mogi das Cruzes,Alto Tiete,-23.5217,-46.186,21.67,30.15,13.57,61.82,20.71,9.28,12.77,0.01,1.83
2018-08-31,Mogi das Cruzes,Alto Tiete,-23.5217,-46.186,23.24,31.51,16.27,50.5,21.46,9.47,11.12,0.0,2.26
2018-09-01,Mogi das Cruzes,Alto Tiete,-23.5217,-46.186,22.81,31.57,15.9,54.18,20.23,9.17,11.67,0.0,1.39
2018-09-02,Mogi das Cruzes,Alto Tiete,-23.5217,-46.186,24.36,33.36,16.38,51.8,18.29,8.28,12.33,0.02,1.72
2018-09-03,Mogi das Cruzes,Alto Tiete,-23.5217,-46.186,20.19,27.21,13.4,69.34,13.28,6.14,14.03,2.78,3.88
2018-09-04,Mogi das Cruzes,Alto Tiete,-23.5217,-46.186,14.28,19.48,10.82,78.3,8.89,4.24,10.25,6.59,4.51
2018-09-05,Mogi das Cruzes,Alto Tiete,-23.5217,-46.186,14.07,19.08,11.11,77.49,13.2,5.97,9.74,1.33,3.2
2018-09-06,Mogi das Cruzes,Alto Tiete,-23.5217,-46.186,15.43,24.76,8.74,70.64,21.28,9.34,8.91,0.06,2.74
2018-09-07,Mogi das Cruzes,Alto Tiete,-23.5217,-46.186,17.98,29.46,10.87,70.48,22.98,10.03,10.48,0.06,2.16
2018-09-08,Mogi das Cruzes,Alto Tiete,-23.5217,-46.186,17.74,26.92,12.27,74.31,20.73,9.17,11.99,0.01,2.39
2018-09-09,Mogi das Cruzes,Alto Tiete,-23.5217,-46.186,17.94,26.67,12.26,75.2,19.31,8.57,12.54,0.03,2.7
2018-09-10,Mogi das Cruzes,Alto Tiete,-23.5217,-46.186,17.76,25.47,13.08,73.72,21.42,9.54,12.19,0.01,2.9
2018-09-11,Mogi das Cruzes,Alto Tiete,-23.5217,-46.186,17.54,24.71,13.07,76.04,18.95,8.53,12.62,0.0,3.33
2018-09-12,Mogi das Cruzes,Alto Tiete,-23.5217,-46.186,17.52,24.83,13.79,77.29,17.67,7.92,12.91,0.03,4.1
2018-09-13,Mogi das Cruzes,Alto Tiete,-23.5217,-46.186,18.99,28.18,13.12,74.44,18.54,8.34,13.4,2.06,2.75
2018-09-14,Mogi das Cruzes,Alto Tiete,-23.5217,-46.186,20.25,29.3,14.92,77.78,2.25,1.14,15.33,6.46,1.91
2018-09-15,Mogi das Cruzes,Alto Tiete,-23.5217,-46.186,19.23,25.77,15.04,80.22,11.19,5.07,15.19,7.77,2.34
2018-09-16,Mogi das Cruzes,Alto Tiete,-23.5217,-46.186,17.67,24.65,13.38,78.02,17.94,8.02,13.12,0.21,2.51
2018-09-17,Mogi das Cruzes,Alto Tiete,-23.5217,-46.186,17.65,20.68,13.91,83.01,6.45,3.2,14.62,3.41,1.23
2018-09-18,Mogi das Cruzes,Alto Tiete,-23.5217,-46.186,20.83,25.62,17.63,80.77,12.04,5.62,17.08,1.49,3.17
2018-09-19,Mogi das Cruzes,Alto Tiete,-23.5217,-46.186,22.79,28.86,18.17,72.32,19.94,9.01,16.93,0.49,2.22
2018-09-20,Mogi das Cruzes,Alto Tiete,-23.5217,-46.186,21.48,26.13,18.12,80.32,6.19,3.1,17.69,3.23,1.68
2018-09-21,Mogi das Cruzes,Alto Tiete,-23.5217,-46.186,20.79,27.34,16.91,78.13,17.14,7.87,16.29,3.84,1.87
2018-09-22,Mogi das Cruzes,Alto Tiete,-23.5217,-46.186,20.81,29.55,15.48,73.77,24.15,10.75,14.65,0.05,2.13
2018-09-23,Mogi das Cruzes,Alto Tiete,-23.5217,-46.186,22.34,33.02,14.74,66.42,25.17,11.18,13.65,0.01,1.85
2018-09-24,Mogi das Cruzes,Alto Tiete,-23.5217,-46.186,22.76,33.3,15.48,57.42,24.09,10.72,11.54,0.01,1.66
2018-09-25,Mogi das Cruzes,Alto Tiete,-23.5217,-46.186,21.05,30.55,15.02,73.4,19.0,8.64,15.04,0.14,2.2
2018-09-26,Mogi das Cruzes,Alto Tiete,-23.5217,-46.186,23.78,33.32,17.63,70.35,18.83,8.69,16.8,0.33,1.55
2018-09-27,Mogi das Cruzes,Alto Tiete,-23.5217,-46.186,23.32,30.3,19.89,78.2,11.68,5.52,18.74,5.08,2.51
2018-09-28,Mogi das Cruzes,Alto Tiete,-23.5217,-46.186,21.21,26.39,18.82,85.45,6.87,3.43,18.41,1.98,2.7
2018-09-29,Mogi das Cruzes,Alto Tiete,-23.5217,-46.186,21.28,26.54,18.3,83.52,16.6,7.59,18.07,0.31,2.49
2018-09-30,Mogi das Cruzes,Alto Tiete,-23.5217,-46.186,21.97,26.08,18.68,85.81,12.09,5.67,19.29,16.74,0.93
2018-10-01,Mogi das Cruzes,Alto Tiete,-23.5217,-46.186,21.82,25.21,19.38,83.96,11.0,5.3,18.8,2.85,2.4
2018-10-02,Mogi das Cruzes,Alto Tiete,-23.5217,-46.186,24.62,32.8,18.38,67.57,21.78,9.96,17.13,0.17,1.99
2018-10-03,Mogi das Cruzes,Alto Tiete,-23.5217,-46.186,24.52,31.75,19.26,71.37,18.81,8.74,18.16,2.91,2.04
2018-10-04,Mogi das Cruzes,Alto Tiete,-23.5217,-46.186,20.5,25.41,16.62,83.96,12.69,5.95,17.44,7.74,3.75
2018-10-05,Mogi das Cruzes,Alto Tiete,-23.5217,-46.186,17.81,23.61,14.64,81.57,8.81,4.32,14.36,3.01,3.94
2018-10-06,Mogi das Cruzes,Alto Tiete,-23.5217,-46.186,17.0,22.58,14.16,83.13,5.93,3.07,13.89,2.58,3.63
2018-10-07,Mogi das Cruzes,Alto Tiete,-23.5217,-46.186,19.77,27.98,14.7,81.62,7.22,3.68,16.12,6.05,2.19
2018-10-08,Mogi das Cruzes,Alto Tiete,-23.5217,-46.186,20.73,25.01,18.04,89.38,6.85,3.56,18.82,12.53,1.61
2018-10-09,Mogi das Cruzes,Alto Tiete,-23.5217,-46.186,23.06,28.57,19.25,82.13,16.49,7.73,19.57,11.41,2.38
2018-10-10,Mogi das Cruzes,Alto Tiete,-23.5217,-46.186,22.94,28.67,19.38,82.05,13.11,6.22,19.32,5.24,2.07
2018-10-11,Mogi das Cruzes,Alto Tiete,-23.5217,-46.186,20.19,24.21,17.87,89.13,6.65,3.44,18.24,13.19,3.72
2018-10-12,Mogi das Cruzes,Alto Tiete,-23.5217,-46.186,21.52,28.04,17.48,83.95,17.59,8.12,18.36,1.87,2.66
2018-10-13,Mogi das Cruzes,Alto Tiete,-23.5217,-46.186,23.99,30.13,19.45,81.39,16.02,7.52,20.24,7.98,2.68
2018-10-14,Mogi das Cruzes,Alto Tiete,-23.5217,-46.186,19.56,24.21,16.55,86.84,9.43,4.63,17.17,7.26,3.03
2018-10-15,Mogi das Cruzes,Alto Tiete,-23.5217,-46.186,18.4,23.72,16.01,87.89,9.68,4.71,16.25,13.06,2.73
2018-10-16,Mogi das Cruzes,Alto Tiete,-23.5217,-46.186,20.38,26.24,16.21,84.4,14.36,6.83,17.43,0.84,2.63
2018-10-17,Mogi das Cruzes,Alto Tiete,-23.5217,-46.186,22.71,29.56,18.05,83.1,15.91,7.54,19.38,15.9,1.72
2018-10-18,Mogi das Cruzes,Alto Tiete,-23.5217,-46.186,22.87,26.77,20.2,86.36,20.74,9.57,20.32,6.86,1.58
2018-10-19,Mogi das Cruzes,Alto Tiete,-23.5217,-46.186,19.76,22.63,16.25,90.05,9.88,4.84,18.02,3.97,3.84
2018-10-20,Mogi das Cruzes,Alto Tiete,-23.5217,-46.186,16.54,21.04,13.89,77.31,23.5,10.45,12.27,0.44,4.03
2018-10-21,Mogi das Cruzes,Alto Tiete,-23.5217,-46.186,16.6,21.6,13.54,79.08,22.11,9.93,12.63,0.2,3.35
2018-10-22,Mogi das Cruzes,Alto Tiete,-23.5217,-46.186,19.23,27.36,13.06,78.21,24.83,11.34,14.77,0.09,2.09
2018-10-23,Mogi das Cruzes,Alto Tiete,-23.5217,-46.186,21.31,29.11,15.25,79.1,22.0,10.13,16.97,0.64,2.45
2018-10-24,Mogi das Cruzes,Alto Tiete,-23.5217,-46.186,18.62,21.68,17.15,90.29,4.86,2.53,16.95,11.85,3.59
2018-10-25,Mogi das Cruzes,Alto Tiete,-23.5217,-46.186,19.56,22.99,17.02,89.74,7.18,3.71,17.75,6.91,2.34
2018-10-26,Mogi das Cruzes,Alto Tiete,-23.5217,-46.186,21.19,26.62,17.62,86.12,11.49,5.68,18.56,1.22,2.03
2018-10-27,Mogi das Cruzes,Alto Tiete,-23.5217,-46.186,22.53,27.77,17.76,82.97,14.32,6.86,19.22,4.99,3.94
2018-10-28,Mogi das Cruzes,Alto Tiete,-23.5217,-46.186,17.03,21.02,13.63,81.5,16.67,7.62,13.59,1.15,3.62
2018-10-29,Mogi das Cruzes,Alto Tiete,-23.5217,-46.186,17.27,23.54,13.31,80.37,15.33,7.19,13.54,0.11,2.65
2018-10-30,Mogi das Cruzes,Alto Tiete,-23.5217,-46.186,19.84,27.93,13.23,79.05,24.5,11.09,15.48,0.05,2.33
2018-10-31,Mogi das Cruzes,Alto Tiete,-23.5217,-46.186,23.23,31.51,15.96,81.02,23.03,10.56,19.17,2.05,2.12
2018-11-01,Mogi das Cruzes,Alto Tiete,-23.5217,-46.186,23.2,28.02,19.78,83.19,18.76,8.64,19.86,2.51,1.98
2018-11-02,Mogi das Cruzes,Alto Tiete,-23.5217,-46.186,21.39,27.21,18.38,83.79,17.54,8.23,18.25,1.76,3.11
2018-11-03,Mogi das Cruzes,Alto Tiete,-23.5217,-46.186,24.65,31.97,17.44,74.28,23.86,11.05,19.08,8.87,2.78
2018-11-04,Mogi das Cruzes,Alto Tiete,-23.5217,-46.186,18.73,21.58,15.73,86.69,13.59,6.5,16.4,2.06,3.37
2018-11-05,Mogi das Cruzes,Alto Tiete,-23.5217,-46.186,18.16,22.82,15.17,82.39,12.06,5.76,14.91,0.39,3.92
2018-11-06,Mogi das Cruzes,Alto Tiete,-23.5217,-46.186,19.07,24.31,15.69,83.44,13.5,6.47,16.0,0.35,2.84
2018-11-07,Mogi das Cruzes,Alto Tiete,-23.5217,-46.186,18.37,21.08,16.71,91.17,12.95,6.29,16.88,7.05,3.95
2018-11-08,Mogi das Cruzes,Alto Tiete,-23.5217,-46.186,17.69,20.65,16.14,89.25,10.0,5.02,15.82,6.96,4.42
2018-11-09,Mogi das Cruzes,Alto Tiete,-23.5217,-46.186,19.8,25.48,15.73,83.74,15.68,7.45,16.65,1.38,3.33
2018-11-10,Mogi das Cruzes,Alto Tiete,-23.5217,-46.186,20.82,27.28,16.56,83.41,15.32,7.31,17.55,2.46,2.22
2018-11-11,Mogi das Cruzes,Alto Tiete,-23.5217,-46.186,22.29,29.16,18.64,81.99,19.85,9.31,18.64,1.46,1.78
2018-11-12,Mogi das Cruzes,Alto Tiete,-23.5217,-46.186,22.67,29.9,17.21,79.76,22.15,10.25,18.43,0.4,2.26
2018-11-13,Mogi das Cruzes,Alto Tiete,-23.5217,-46.186,24.95,32.34,18.14,73.9,25.74,11.86,19.16,0.35,1.65
2018-11-14,Mogi das Cruzes,Alto Tiete,-23.5217,-46.186,26.1,31.93,21.7,71.69,22.47,10.44,20.15,0.47,2.94
2018-11-15,Mogi das Cruzes,Alto Tiete,-23.5217,-46.186,24.27,30.05,18.87,78.96,16.52,7.84,19.98,2.85,2.66
2018-11-16,Mogi das Cruzes,Alto Tiete,-23.5217,-46.186,20.47,27.39,16.89,80.76,17.78,8.29,16.75,2.18,3.68
2018-11-17,Mogi das Cruzes,Alto Tiete,-23.5217,-46.186,21.39,27.71,16.5,78.28,22.38,10.19,17.02,0.31,3.1
2018-11-18,Mogi das Cruzes,Alto Tiete,-23.5217,-46.186,24.17,31.98,18.35,75.53,16.63,7.87,18.8,4.46,3.18
2018-11-19,Mogi das Cruzes,Alto Tiete,-23.5217,-46.186,17.9,21.63,14.24,88.32,8.58,4.39,15.91,28.19,3.79
2018-11-20,Mogi das Cruzes,Alto Tiete,-23.5217,-46.186,17.24,21.91,13.93,82.82,10.71,5.29,14.13,0.96,3.65
2018-11-21,Mogi das Cruzes,Alto Tiete,-23.5217,-46.186,19.4,24.89,14.98,83.72,10.72,5.29,16.34,0.88,3.22
2018-11-22,Mogi das Cruzes,Alto Tiete,-23.5217,-46.186,22.22,28.68,16.94,78.36,22.46,10.42,17.73,1.17,1.33
2018-11-23,Mogi das Cruzes,Alto Tiete,-23.5217,-46.186,23.49,29.74,18.11,76.21,21.97,10.21,18.54,12.33,1.97
2018-11-24,Mogi das Cruzes,Alto Tiete,-23.5217,-46.186,22.0,26.15,18.73,81.3,15.47,7.43,18.48,4.91,4.29
2018-11-25,Mogi das Cruzes,Alto Tiete,-23.5217,-46.186,20.45,24.08,17.81,88.25,14.59,7.02,18.37,14.42,3.43
2018-11-26,Mogi das Cruzes,Alto Tiete,-23.5217,-46.186,18.47,21.99,15.21,83.08,20.1,9.36,15.35,1.53,3.81
2018-11-27,Mogi das Cruzes,Alto Tiete,-23.5217,-46.186,19.11,24.56,14.65,82.6,23.72,10.87,15.86,0.43,2.62
2018-11-28,Mogi das Cruzes,Alto Tiete,-23.5217,-46.186,21.48,27.91,16.73,82.17,22.68,10.4,17.87,1.84,2.13
2018-11-29,Mogi das Cruzes,Alto Tiete,-23.5217,-46.186,22.83,28.59,18.09,78.23,22.53,10.44,18.36,3.55,1.34
2018-11-30,Mogi das Cruzes,Alto Tiete,-23.5217,-46.186,24.12,29.77,19.53,74.56,21.81,10.27,18.84,18.87,1.58
2018-12-01,Mogi das Cruzes,Alto Tiete,-23.5217,-46.186,22.61,26.82,19.67,86.63,16.44,7.86,20.12,29.62,2.46
2018-12-02,Mogi das Cruzes,Alto Tiete,-23.5217,-46.186,20.89,24.76,17.94,86.92,20.91,9.73,18.48,5.86,3.15
2018-12-03,Mogi das Cruzes,Alto Tiete,-23.5217,-46.186,19.75,24.6,16.66,85.02,17.08,7.92,16.96,3.22,3.51
2018-12-04,Mogi das Cruzes,Alto Tiete,-23.5217,-46.186,22.13,28.23,15.75,78.06,26.16,12.05,17.64,0.07,1.61
2018-12-05,Mogi das Cruzes,Alto Tiete,-23.5217,-46.186,22.84,28.84,17.5,76.3,25.94,11.91,18.06,1.01,2.78
2018-12-06,Mogi das Cruzes,Alto Tiete,-23.5217,-46.186,20.68,27.63,15.57,80.53,23.99,10.98,16.82,0.38,2.44
2018-12-07,Mogi das Cruzes,Alto Tiete,-23.5217,-46.186,19.23,24.61,16.1,84.81,14.74,7.06,16.41,6.57,3.24
2018-12-08,Mogi das Cruzes,Alto Tiete,-23.5217,-46.186,16.74,20.75,13.99,80.22,16.7,7.74,13.12,4.98,4.27
2018-12-09,Mogi das Cruzes,Alto Tiete,-23.5217,-46.186,18.69,26.37,12.01,72.59,31.08,13.9,12.95,0.01,2.6
2018-12-10,Mogi das Cruzes,Alto Tiete,-23.5217,-46.186,21.79,29.37,14.4,70.42,28.55,12.97,15.21,0.0,1.93
2018-12-11,Mogi das Cruzes,Alto Tiete,-23.5217,-46.186,23.82,30.85,16.89,64.77,26.51,12.1,15.94,0.0,1.74
2018-12-12,Mogi das Cruzes,Alto Tiete,-23.5217,-46.186,25.3,32.88,18.12,62.64,28.35,13.03,16.61,0.62,1.83
2018-12-13,Mogi das Cruzes,Alto Tiete,-23.5217,-46.186,25.4,33.25,18.93,65.82,25.67,11.75,17.42,1.9,1.81
2018-12-14,Mogi das Cruzes,Alto Tiete,-23.5217,-46.186,25.87,33.39,18.89,65.18,29.85,13.73,17.82,0.64,1.53
2018-12-15,Mogi das Cruzes,Alto Tiete,-23.5217,-46.186,26.54,33.92,20.81,67.07,26.79,12.39,19.0,1.59,2.08
2018-12-16,Mogi das Cruzes,Alto Tiete,-23.5217,-46.186,26.46,33.49,21.33,70.19,23.51,10.94,19.62,2.44,1.47
2018-12-17,Mogi das Cruzes,Alto Tiete,-23.5217,-46.186,26.63,33.57,21.19,73.59,27.4,12.72,20.8,8.4,1.17
2018-12-18,Mogi das Cruzes,Alto Tiete,-23.5217,-46.186,25.77,32.29,21.63,78.14,24.56,11.47,21.16,7.14,2.75
2018-12-19,Mogi das Cruzes,Alto Tiete,-23.5217,-46.186,24.89,31.21,20.78,79.05,14.93,7.25,20.46,2.99,1.22
2018-12-20,Mogi das Cruzes,Alto Tiete,-23.5217,-46.186,25.66,30.38,21.07,76.26,26.45,12.41,20.77,0.87,1.17
2018-12-21,Mogi das Cruzes,Alto Tiete,-23.5217,-46.186,26.23,31.06,22.04,73.22,19.27,9.07,20.7,0.81,1.92
2018-12-22,Mogi das Cruzes,Alto Tiete,-23.5217,-46.186,25.81,30.55,22.08,72.18,23.41,10.84,20.05,3.1,1.93
2018-12-23,Mogi das Cruzes,Alto Tiete,-23.5217,-46.186,23.58,26.98,21.17,84.16,17.71,8.49,20.54,6.38,1.55
2018-12-24,Mogi das Cruzes,Alto Tiete,-23.5217,-46.186,22.21,26.29,19.25,87.7,11.74,5.85,19.94,14.9,2.66
2018-12-25,Mogi das Cruzes,Alto Tiete,-23.5217,-46.186,21.08,25.73,18.53,83.56,12.81,6.33,17.99,2.28,2.85
2018-12-26,Mogi das Cruzes,Alto Tiete,-23.5217,-46.186,21.04,24.9,17.69,84.69,20.48,9.57,18.2,1.93,2.39
2018-12-27,Mogi das Cruzes,Alto Tiete,-23.5217,-46.186,21.99,27.0,17.57,82.37,21.91,10.16,18.53,1.78,2.12
2018-12-28,Mogi das Cruzes,Alto Tiete,-23.5217,-46.186,23.23,29.2,18.58,80.64,22.67,10.61,19.23,5.47,1.69
2018-12-29,Mogi das Cruzes,Alto Tiete,-23.5217,-46.186,23.72,30.29,19.4,75.82,25.84,11.88,18.51,1.03,1.7
2018-12-30,Mogi das Cruzes,Alto Tiete,-23.5217,-46.186,24.35,31.68,18.83,75.85,26.97,12.3,19.03,0.14,1.97
2018-12-31,Mogi das Cruzes,Alto Tiete,-23.5217,-46.186,24.83,32.26,19.72,73.62,28.44,12.92,18.69,0.45,2.13
2019-01-01,Mogi das Cruzes,Alto Tiete,-23.5217,-46.186,24.82,32.14,19.68,76.68,18.5,8.8,19.73,2.76,1.83
2019-01-02,Mogi das Cruzes,Alto Tiete,-23.5217,-46.186,26.16,32.2,21.13,74.76,22.94,10.79,20.78,2.13,1.17
2019-01-03,Mogi das Cruzes,Alto Tiete,-23.5217,-46.186,26.82,31.84,22.02,70.42,21.35,10.13,20.44,3.28,3.7
2019-01-04,Mogi das Cruzes,Alto Tiete,-23.5217,-46.186,24.4,27.47,22.45,88.42,16.68,8.02,22.29,25.97,2.93
2019-01-05,Mogi das Cruzes,Alto Tiete,-23.5217,-46.186,22.82,25.84,20.5,88.05,8.82,4.57,20.63,28.46,1.4
2019-01-06,Mogi das Cruzes,Alto Tiete,-23.5217,-46.186,24.04,28.72,20.56,83.68,20.01,9.55,20.88,7.94,1.72
2019-01-07,Mogi das Cruzes,Alto Tiete,-23.5217,-46.186,26.34,31.97,20.58,74.21,28.55,13.13,20.89,1.8,2.5
2019-01-08,Mogi das Cruzes,Alto Tiete,-23.5217,-46.186,25.71,30.37,22.4,76.4,21.91,10.21,21.01,2.31,2.0
2019-01-09,Mogi das Cruzes,Alto Tiete,-23.5217,-46.186,25.69,32.03,20.84,72.96,28.92,13.33,19.81,0.6,1.68
2019-01-10,Mogi das Cruzes,Alto Tiete,-23.5217,-46.186,26.23,32.27,20.29,70.23,28.65,13.18,19.52,1.16,1.79
2019-01-11,Mogi das Cruzes,Alto Tiete,-23.5217,-46.186,25.33,30.64,21.25,75.66,25.67,11.87,20.18,7.65,1.59
2019-01-12,Mogi das Cruzes,Alto Tiete,-23.5217,-46.186,24.19,29.22,20.65,81.46,25.75,11.91,20.5,3.54,1.76
2019-01-13,Mogi das Cruzes,Alto Tiete,-23.5217,-46.186,24.7,30.64,19.99,78.52,22.95,10.7,20.23,0.85,1.56
2019-01-14,Mogi das Cruzes,Alto Tiete,-23.5217,-46.186,25.43,30.12,20.52,74.88,23.39,10.93,20.15,2.59,1.51
2019-01-15,Mogi das Cruzes,Alto Tiete,-23.5217,-46.186,25.51,30.17,21.79,77.67,24.21,11.27,21.05,3.76,1.94
2019-01-16,Mogi das Cruzes,Alto Tiete,-23.5217,-46.186,25.11,29.8,22.13,80.58,20.82,9.74,21.33,11.41,2.55
2019-01-17,Mogi das Cruzes,Alto Tiete,-23.5217,-46.186,25.85,31.94,20.78,71.18,25.73,11.99,19.69,1.29,1.6
2019-01-18,Mogi das Cruzes,Alto Tiete,-23.5217,-46.186,25.94,32.68,21.34,76.07,23.77,11.14,20.82,4.47,1.44
2019-01-19,Mogi das Cruzes,Alto Tiete,-23.5217,-46.186,26.37,31.98,21.23,75.43,26.55,12.25,21.06,4.52,1.86
2019-01-20,Mogi das Cruzes,Alto Tiete,-23.5217,-46.186,24.79,29.44,21.93,83.78,21.5,10.05,21.59,6.58,1.61
2019-01-21,Mogi das Cruzes,Alto Tiete,-23.5217,-46.186,26.55,31.76,21.75,74.51,26.02,12.2,21.14,2.33,1.43
2019-01-22,Mogi das Cruzes,Alto Tiete,-23.5217,-46.186,24.74,27.79,21.72,81.41,18.52,8.8,21.22,3.58,1.57
2019-01-23,Mogi das Cruzes,Alto Tiete,-23.5217,-46.186,25.19,31.11,20.72,80.9,23.18,10.85,21.28,6.95,2.03
2019-01-24,Mogi das Cruzes,Alto Tiete,-23.5217,-46.186,24.7,29.84,21.16,82.68,17.6,8.31,21.22,10.55,1.47
2019-01-25,Mogi das Cruzes,Alto Tiete,-23.5217,-46.186,23.13,28.22,19.79,85.98,11.42,5.6,20.49,32.05,1.77
2019-01-26,Mogi das Cruzes,Alto Tiete,-23.5217,-46.186,22.95,28.06,19.4,81.14,24.72,11.32,19.26,4.66,1.19
2019-01-27,Mogi das Cruzes,Alto Tiete,-23.5217,-46.186,24.68,30.47,18.87,75.66,25.1,11.66,19.5,3.34,1.27
2019-01-28,Mogi das Cruzes,Alto Tiete,-23.5217,-46.186,25.88,32.03,20.43,70.97,29.91,13.54,19.45,0.39,1.16
2019-01-29,Mogi das Cruzes,Alto Tiete,-23.5217,-46.186,26.05,32.25,20.7,72.18,27.21,12.53,20.03,2.75,1.35
2019-01-30,Mogi das Cruzes,Alto Tiete,-23.5217,-46.186,25.8,32.97,19.49,69.84,27.88,12.74,19.18,7.03,1.71
2019-01-31,Mogi das Cruzes,Alto Tiete,-23.5217,-46.186,26.22,33.54,19.75,64.2,29.62,13.49,18.07,0.0,1.78
2019-02-01,Mogi das Cruzes,Alto Tiete,-23.5217,-46.186,25.97,33.99,20.04,60.94,29.42,13.35,16.8,0.0,1.55
2019-02-02,Mogi das Cruzes,Alto Tiete,-23.5217,-46.186,25.34,31.74,19.65,67.53,29.49,13.46,18.16,0.64,1.38
2019-02-03,Mogi das Cruzes,Alto Tiete,-23.5217,-46.186,23.94,29.81,19.68,78.19,23.9,11.12,19.3,3.29,2.27
2019-02-04,Mogi das Cruzes,Alto Tiete,-23.5217,-46.186,21.58,24.14,18.82,89.65,10.96,5.42,19.74,16.51,4.16
2019-02-05,Mogi das Cruzes,Alto Tiete,-23.5217,-46.186,20.72,25.22,18.49,85.96,13.76,6.63,18.15,11.48,3.45
2019-02-06,Mogi das Cruzes,Alto Tiete,-23.5217,-46.186,19.72,23.34,17.81,91.6,3.64,2.08,18.29,30.02,2.36
2019-02-07,Mogi das Cruzes,Alto Tiete,-23.5217,-46.186,21.21,27.07,17.15,83.68,21.27,9.77,18.02,1.06,1.71
2019-02-08,Mogi das Cruzes,Alto Tiete,-23.5217,-46.186,22.17,28.87,17.33,78.46,27.31,12.37,17.63,0.02,1.82
2019-02-09,Mogi das Cruzes,Alto Tiete,-23.5217,-46.186,22.82,29.92,17.07,75.96,29.62,13.42,17.48,0.0,1.84
2019-02-10,Mogi das Cruzes,Alto Tiete,-23.5217,-46.186,24.51,31.52,17.84,75.63,26.64,12.12,19.17,2.54,1.51
2019-02-11,Mogi das Cruzes,Alto Tiete,-23.5217,-46.186,25.8,31.25,20.36,74.83,24.27,11.21,20.57,3.08,2.18
2019-02-12,Mogi das Cruzes,Alto Tiete,-23.5217,-46.186,24.92,29.19,21.81,81.69,15.12,7.23,21.27,12.38,2.61
2019-02-13,Mogi das Cruzes,Alto Tiete,-23.5217,-46.186,20.36,24.0,16.91,86.1,8.65,4.41,17.85,6.09,4.72
2019-02-14,Mogi das Cruzes,Alto Tiete,-23.5217,-46.186,19.71,24.89,16.1,81.33,14.7,7.04,16.22,0.39,2.86
2019-02-15,Mogi das Cruzes,Alto Tiete,-23.5217,-46.186,21.28,27.01,16.63,85.98,7.15,3.64,18.66,28.4,1.03
2019-02-16,Mogi das Cruzes,Alto Tiete,-23.5217,-46.186,22.29,25.85,19.98,90.51,10.12,5.03,20.6,23.89,2.74
2019-02-17,Mogi das Cruzes,Alto Tiete,-23.5217,-46.186,22.97,27.0,19.28,85.13,12.13,5.93,20.18,2.13,1.15
2019-02-18,Mogi das Cruzes,Alto Tiete,-23.5217,-46.186,23.1,27.84,19.31,84.11,19.02,8.93,20.05,1.57,1.35
2019-02-19,Mogi das Cruzes,Alto Tiete,-23.5217,-46.186,24.16,29.39,19.56,79.01,25.22,11.6,19.96,0.91,2.77
2019-02-20,Mogi das Cruzes,Alto Tiete,-23.5217,-46.186,23.38,28.71,19.45,81.47,19.39,9.14,19.78,3.73,2.23
2019-02-21,Mogi das Cruzes,Alto Tiete,-23.5217,-46.186,22.81,27.1,20.27,87.12,17.12,8.18,20.41,13.99,1.05
2019-02-22,Mogi das Cruzes,Alto Tiete,-23.5217,-46.186,24.28,29.29,20.72,82.55,16.86,8.08,20.85,14.03,1.67
2019-02-23,Mogi das Cruzes,Alto Tiete,-23.5217,-46.186,25.0,30.22,20.41,78.4,23.36,10.87,20.71,1.86,2.27
2019-02-24,Mogi das Cruzes,Alto Tiete,-23.5217,-46.186,25.11,29.38,21.22,80.52,25.09,11.65,21.39,3.02,2.75
2019-02-25,Mogi das Cruzes,Alto Tiete,-23.5217,-46.186,25.03,28.7,21.83,80.67,22.17,10.4,21.35,23.06,2.57
2019-02-26,Mogi das Cruzes,Alto Tiete,-23.5217,-46.186,22.81,25.36,20.56,88.53,12.59,6.1,20.74,11.94,1.69
2019-02-27,Mogi das Cruzes,Alto Tiete,-23.5217,-46.186,22.11,26.21,18.82,86.86,15.5,7.44,19.66,11.18,1.99
2019-02-28,Mogi das Cruzes,Alto Tiete,-23.5217,-46.186,21.61,24.27,19.99,92.04,6.59,3.46,20.23,16.38,1.42
2019-03-01,Mogi das Cruzes,Alto Tiete,-23.5217,-46.186,22.84,26.69,19.96,85.96,9.39,4.75,20.21,19.22,1.77
2019-03-02,Mogi das Cruzes,Alto Tiete,-23.5217,-46.186,22.21,25.42,19.86,90.18,15.66,7.44,20.48,24.11,1.27
2019-03-03,Mogi das Cruzes,Alto Tiete,-23.5217,-46.186,22.08,26.14,19.43,86.33,15.76,7.54,19.56,10.78,1.48
2019-03-04,Mogi das Cruzes,Alto Tiete,-23.5217,-46.186,22.35,26.8,19.07,84.6,16.5,7.79,19.41,1.37,1.16
2019-03-05,Mogi das Cruzes,Alto Tiete,-23.5217,-46.186,23.23,28.83,18.5,80.85,19.39,9.03,19.36,2.82,1.42
2019-03-06,Mogi das Cruzes,Alto Tiete,-23.5217,-46.186,24.02,29.03,19.28,81.41,21.56,10.03,20.29,3.24,1.09
2019-03-07,Mogi das Cruzes,Alto Tiete,-23.5217,-46.186,23.92,27.86,20.89,82.74,15.75,7.47,20.62,5.71,1.73
2019-03-08,Mogi das Cruzes,Alto Tiete,-23.5217,-46.186,25.01,29.73,20.79,78.22,23.54,11.0,20.67,0.28,2.09
2019-03-09,Mogi das Cruzes,Alto Tiete,-23.5217,-46.186,23.83,27.27,21.17,86.5,22.05,10.33,21.38,6.15,1.36
2019-03-10,Mogi das Cruzes,Alto Tiete,-23.5217,-46.186,22.31,25.94,20.23,90.6,17.28,8.17,20.64,19.37,2.55
2019-03-11,Mogi das Cruzes,Alto Tiete,-23.5217,-46.186,21.52,25.46,19.71,90.77,13.06,6.36,19.88,17.09,3.36
2019-03-12,Mogi das Cruzes,Alto Tiete,-23.5217,-46.186,22.58,26.45,19.56,88.54,20.1,9.38,20.47,10.07,1.54
2019-03-13,Mogi das Cruzes,Alto Tiete,-23.5217,-46.186,23.55,28.18,20.05,84.0,20.71,9.69,20.51,5.25,2.13
2019-03-14,Mogi das Cruzes,Alto Tiete,-23.5217,-46.186,23.51,26.35,21.32,87.89,16.06,7.59,21.3,6.59,2.48
2019-03-15,Mogi das Cruzes,Alto Tiete,-23.5217,-46.186,22.78,26.39,20.67,89.42,15.5,7.4,20.84,4.43,1.83
2019-03-16,Mogi das Cruzes,Alto Tiete,-23.5217,-46.186,22.6,26.29,19.88,89.69,16.3,7.78,20.73,4.36,2.63
2019-03-17,Mogi das Cruzes,Alto Tiete,-23.5217,-46.186,23.34,27.48,20.86,90.17,13.52,6.57,21.53,9.92,2.15
2019-03-18,Mogi das Cruzes,Alto Tiete,-23.5217,-46.186,23.88,28.11,20.56,88.34,18.72,8.73,21.71,5.0,1.28
2019-03-19,Mogi das Cruzes,Alto Tiete,-23.5217,-46.186,24.23,28.69,20.94,87.14,18.62,8.64,21.79,6.49,2.67
2019-03-20,Mogi das Cruzes,Alto Tiete,-23.5217,-46.186,21.63,25.29,19.81,88.9,15.17,7.12,19.62,8.01,2.61
2019-03-21,Mogi das Cruzes,Alto Tiete,-23.5217,-46.186,19.36,21.58,17.94,90.6,6.73,3.46,17.73,5.72,4.08
2019-03-22,Mogi das Cruzes,Alto Tiete,-23.5217,-46.186,19.2,22.61,17.46,88.86,10.82,5.2,17.23,1.7,3.84
2019-03-23,Mogi das Cruzes,Alto Tiete,-23.5217,-46.186,20.84,26.84,16.55,83.11,22.64,10.35,17.57,0.14,1.89
2019-03-24,Mogi das Cruzes,Alto Tiete,-23.5217,-46.186,21.51,26.78,17.73,86.26,20.49,9.34,18.85,0.53,1.55
2019-03-25,Mogi das Cruzes,Alto Tiete,-23.5217,-46.186,22.57,28.99,16.98,80.06,22.12,10.11,18.38,0.03,1.54
2019-03-26,Mogi das Cruzes,Alto Tiete,-23.5217,-46.186,22.28,28.03,17.97,84.92,20.92,9.47,19.31,0.13,2.06
2019-03-27,Mogi das Cruzes,Alto Tiete,-23.5217,-46.186,21.61,26.86,17.43,84.03,18.1,8.29,18.48,1.37,2.29
2019-03-28,Mogi das Cruzes,Alto Tiete,-23.5217,-46.186,20.75,25.34,18.35,89.86,12.56,6.0,18.91,11.41,2.95
2019-03-29,Mogi das Cruzes,Alto Tiete,-23.5217,-46.186,19.8,24.23,17.39,88.53,18.26,8.5,17.74,3.68,3.26
2019-03-30,Mogi das Cruzes,Alto Tiete,-23.5217,-46.186,19.96,25.01,16.59,86.72,20.79,9.42,17.49,0.54,2.17
2019-03-31,Mogi das Cruzes,Alto Tiete,-23.5217,-46.186,20.57,26.42,16.69,84.91,21.78,9.89,17.67,0.04,1.89
2019-04-01,Mogi das Cruzes,Alto Tiete,-23.5217,-46.186,20.13,25.07,17.06,85.38,20.36,9.35,17.43,0.02,2.1
2019-04-02,Mogi das Cruzes,Alto Tiete,-23.5217,-46.186,20.17,25.96,15.87,82.43,21.01,9.5,16.78,0.0,1.52
2019-04-03,Mogi das Cruzes,Alto Tiete,-23.5217,-46.186,21.42,27.71,16.4,81.46,19.6,8.98,17.66,0.01,1.26
2019-04-04,Mogi das Cruzes,Alto Tiete,-23.5217,-46.186,23.49,30.15,17.08,75.14,21.7,9.96,18.27,0.0,0.98
2019-04-05,Mogi das Cruzes,Alto Tiete,-23.5217,-46.186,24.36,28.83,21.02,81.07,17.45,8.16,20.77,0.86,2.82
2019-04-06,Mogi das Cruzes,Alto Tiete,-23.5217,-46.186,23.04,26.91,20.75,90.48,12.59,6.0,21.35,9.24,1.93
2019-04-07,Mogi das Cruzes,Alto Tiete,-23.5217,-46.186,23.23,26.64,21.21,90.45,11.35,5.52,21.5,8.7,1.14
2019-04-08,Mogi das Cruzes,Alto Tiete,-23.5217,-46.186,20.89,22.68,18.79,93.01,4.95,2.58,19.71,21.48,3.23
2019-04-09,Mogi das Cruzes,Alto Tiete,-23.5217,-46.186,19.9,23.59,18.11,91.5,7.2,3.58,18.41,9.54,3.92
2019-04-10,Mogi das Cruzes,Alto Tiete,-23.5217,-46.186,19.68,23.87,17.06,89.96,13.41,6.24,17.88,3.31,2.82
2019-04-11,Mogi das Cruzes,Alto Tiete,-23.5217,-46.186,20.99,26.45,17.43,88.11,16.47,7.58,18.72,0.61,1.45
2019-04-12,Mogi das Cruzes,Alto Tiete,-23.5217,-46.186,21.58,27.42,17.3,83.82,17.82,8.15,18.27,0.03,1.16
2019-04-13,Mogi das Cruzes,Alto Tiete,-23.5217,-46.186,21.91,26.62,18.41,87.83,16.45,7.65,19.62,0.47,1.62
2019-04-14,Mogi das Cruzes,Alto Tiete,-23.5217,-46.186,20.62,23.59,18.04,91.27,6.0,3.04,19.12,6.51,2.14
2019-04-15,Mogi das Cruzes,Alto Tiete,-23.5217,-46.186,21.26,26.43,17.49,88.03,15.44,7.18,19.05,0.41,2.61
2019-04-16,Mogi das Cruzes,Alto Tiete,-23.5217,-46.186,22.42,27.85,18.51,88.26,15.44,7.17,20.21,4.91,1.25
2019-04-17,Mogi das Cruzes,Alto Tiete,-23.5217,-46.186,21.25,26.13,17.8,87.5,15.9,7.27,18.91,0.42,2.15
2019-04-18,Mogi das Cruzes,Alto Tiete,-23.5217,-46.186,19.73,24.95,16.24,85.66,20.73,9.26,16.97,0.06,1.84
2019-04-19,Mogi das Cruzes,Alto Tiete,-23.5217,-46.186,19.39,25.09,15.27,80.72,21.56,9.56,15.63,0.01,0.93
2019-04-20,Mogi das Cruzes,Alto Tiete,-23.5217,-46.186,20.79,26.66,14.25,71.86,19.77,8.97,15.15,0.03,1.63
2019-04-21,Mogi das Cruzes,Alto Tiete,-23.5217,-46.186,23.01,28.36,17.04,69.56,18.27,8.36,16.95,0.04,1.09
2019-04-22,Mogi das Cruzes,Alto Tiete,-23.5217,-46.186,22.37,28.09,18.58,78.98,14.56,6.67,18.25,0.1,1.28
2019-04-23,Mogi das Cruzes,Alto Tiete,-23.5217,-46.186,22.12,27.2,19.28,87.09,12.38,5.83,19.68,8.75,1.45
2019-04-24,Mogi das Cruzes,Alto Tiete,-23.5217,-46.186,22.07,26.67,18.84,88.89,14.79,6.92,19.99,0.76,1.56
2019-04-25,Mogi das Cruzes,Alto Tiete,-23.5217,-46.186,22.33,27.28,19.06,88.93,14.1,6.56,20.27,2.31,1.53
2019-04-26,Mogi das Cruzes,Alto Tiete,-23.5217,-46.186,22.36,27.14,18.87,87.95,13.04,6.11,20.1,1.95,1.17
2019-04-27,Mogi das Cruzes,Alto Tiete,-23.5217,-46.186,23.23,28.09,19.49,82.27,16.98,7.86,19.79,0.17,1.76
2019-04-28,Mogi das Cruzes,Alto Tiete,-23.5217,-46.186,22.96,28.07,19.29,80.59,15.35,7.05,19.23,10.73,3.95
2019-04-29,Mogi das Cruzes,Alto Tiete,-23.5217,-46.186,19.22,23.81,16.05,88.62,13.98,6.46,17.16,1.41,1.71
2019-04-30,Mogi das Cruzes,Alto Tiete,-23.5217,-46.186,19.85,24.99,16.44,86.79,17.29,7.78,17.3,0.39,1.42
2019-05-01,Mogi das Cruzes,Alto Tiete,-23.5217,-46.186,20.48,25.95,16.51,81.4,16.11,7.31,16.81,0.01,1.24
2019-05-02,Mogi das Cruzes,Alto Tiete,-23.5217,-46.186,21.96,27.51,17.23,74.14,12.09,5.62,16.84,0.02,0.95
2019-05-03,Mogi das Cruzes,Alto Tiete,-23.5217,-46.186,22.83,27.96,18.51,79.95,15.3,7.01,18.95,0.03,0.97
2019-05-04,Mogi das Cruzes,Alto Tiete,-23.5217,-46.186,22.64,28.09,18.63,82.17,14.08,6.44,19.19,0.07,1.55
2019-05-05,Mogi das Cruzes,Alto Tiete,-23.5217,-46.186,21.82,26.73,17.89,87.68,15.38,6.99,19.7,0.77,1.47
2019-05-06,Mogi das Cruzes,Alto Tiete,-23.5217,-46.186,22.65,27.3,18.61,81.39,15.46,7.14,19.14,0.97,1.63
2019-05-07,Mogi das Cruzes,Alto Tiete,-23.5217,-46.186,20.58,24.97,17.75,90.31,8.85,4.26,18.89,6.41,2.23
2019-05-08,Mogi das Cruzes,Alto Tiete,-23.5217,-46.186,18.54,22.44,16.39,90.5,9.94,4.63,16.88,1.72,2.74
2019-05-09,Mogi das Cruzes,Alto Tiete,-23.5217,-46.186,19.07,24.62,15.84,89.24,12.33,5.65,17.12,0.28,2.06
2019-05-10,Mogi das Cruzes,Alto Tiete,-23.5217,-46.186,21.08,26.2,16.62,86.71,13.24,6.14,18.61,0.01,1.15
2019-05-11,Mogi das Cruzes,Alto Tiete,-23.5217,-46.186,22.75,27.72,18.56,81.24,12.71,5.9,19.2,0.07,1.54
2019-05-12,Mogi das Cruzes,Alto Tiete,-23.5217,-46.186,22.59,27.16,19.42,85.82,11.75,5.47,19.96,6.93,1.61
2019-05-13,Mogi das Cruzes,Alto Tiete,-23.5217,-46.186,21.06,24.28,19.48,93.48,12.72,5.92,19.93,4.08,1.53
2019-05-14,Mogi das Cruzes,Alto Tiete,-23.5217,-46.186,20.8,26.14,16.5,89.65,12.2,5.62,18.92,3.06,2.1
2019-05-15,Mogi das Cruzes,Alto Tiete,-23.5217,-46.186,18.46,21.61,15.96,92.71,11.52,5.32,17.22,9.52,2.78
2019-05-16,Mogi das Cruzes,Alto Tiete,-23.5217,-46.186,18.18,20.4,17.09,94.0,8.71,4.18,17.19,18.4,3.62
2019-05-17,Mogi das Cruzes,Alto Tiete,-23.5217,-46.186,18.07,20.42,16.98,94.12,6.72,3.32,17.09,19.8,3.23
2019-05-18,Mogi das Cruzes,Alto Tiete,-23.5217,-46.186,18.12,20.88,16.54,94.44,7.35,3.57,17.2,6.03,2.51
2019-05-19,Mogi das Cruzes,Alto Tiete,-23.5217,-46.186,18.94,24.14,15.05,83.79,11.05,5.07,15.94,2.05,1.13
2019-05-20,Mogi das Cruzes,Alto Tiete,-23.5217,-46.186,18.23,23.77,13.85,86.34,13.09,5.95,15.67,0.35,1.5
2019-05-21,Mogi das Cruzes,Alto Tiete,-23.5217,-46.186,18.48,24.78,13.27,79.05,14.97,6.75,14.45,0.01,1.7
2019-05-22,Mogi das Cruzes,Alto Tiete,-23.5217,-46.186,19.08,24.78,13.78,72.33,16.52,7.43,13.73,0.04,1.67
2019-05-23,Mogi das Cruzes,Alto Tiete,-23.5217,-46.186,19.98,25.32,15.04,67.35,14.26,6.5,13.46,0.01,1.54
2019-05-24,Mogi das Cruzes,Alto Tiete,-23.5217,-46.186,18.5,21.17,16.19,84.12,5.8,2.83,15.74,0.88,2.85
2019-05-25,Mogi das Cruzes,Alto Tiete,-23.5217,-46.186,15.36,20.04,11.51,85.05,14.4,6.38,12.65,0.07,3.35
2019-05-26,Mogi das Cruzes,Alto Tiete,-23.5217,-46.186,15.99,21.28,12.63,87.74,15.21,6.8,13.9,0.04,1.4
2019-05-27,Mogi das Cruzes,Alto Tiete,-23.5217,-46.186,17.69,24.73,10.39,70.03,16.91,7.48,11.58,0.02,1.25
2019-05-28,Mogi das Cruzes,Alto Tiete,-23.5217,-46.186,19.09,26.23,13.12,69.29,15.12,6.84,13.12,1.78,2.67
2019-05-29,Mogi das Cruzes,Alto Tiete,-23.5217,-46.186,19.48,24.6,16.26,87.65,12.65,5.84,17.28,4.65,2.37
2019-05-30,Mogi das Cruzes,Alto Tiete,-23.5217,-46.186,20.93,26.79,16.49,86.24,9.62,4.5,18.41,0.5,2.03
2019-05-31,Mogi das Cruzes,Alto Tiete,-23.5217,-46.186,21.3,26.59,17.65,78.41,11.58,5.27,17.24,0.3,4.12
2019-06-01,Mogi das Cruzes,Alto Tiete,-23.5217,-46.186,20.26,24.98,17.79,90.08,8.56,4.03,18.49,8.71,1.19
2019-06-02,Mogi das Cruzes,Alto Tiete,-23.5217,-46.186,18.8,20.47,17.16,94.96,3.91,1.98,17.98,12.51,1.75
2019-06-03,Mogi das Cruzes,Alto Tiete,-23.5217,-46.186,17.34,19.91,14.73,94.74,5.81,2.79,16.49,11.37,2.24
2019-06-04,Mogi das Cruzes,Alto Tiete,-23.5217,-46.186,14.77,17.65,11.78,85.96,11.96,5.36,12.25,2.01,3.12
2019-06-05,Mogi das Cruzes,Alto Tiete,-23.5217,-46.186,14.6,18.62,11.92,89.34,10.27,4.68,12.75,0.59,2.49
2019-06-06,Mogi das Cruzes,Alto Tiete,-23.5217,-46.186,15.31,20.5,11.66,88.54,11.24,5.06,13.39,0.27,2.07
2019-06-07,Mogi das Cruzes,Alto Tiete,-23.5217,-46.186,15.47,22.65,9.65,77.7,15.77,6.96,11.34,0.0,2.06
2019-06-08,Mogi das Cruzes,Alto Tiete,-23.5217,-46.186,15.71,21.71,11.86,79.3,12.65,5.59,11.91,0.0,1.4
2019-06-09,Mogi das Cruzes,Alto Tiete,-23.5217,-46.186,15.03,20.56,10.38,86.62,15.32,6.77,12.7,0.01,1.78
2019-06-10,Mogi das Cruzes,Alto Tiete,-23.5217,-46.186,16.24,22.3,11.79,85.63,15.46,6.8,13.83,0.0,1.54
2019-06-11,Mogi das Cruzes,Alto Tiete,-23.5217,-46.186,16.64,23.45,11.47,78.39,14.58,6.52,12.45,0.0,1.38
2019-06-12,Mogi das Cruzes,Alto Tiete,-23.5217,-46.186,18.0,24.78,11.74,76.35,13.18,5.91,13.43,0.0,1.3
2019-06-13,Mogi das Cruzes,Alto Tiete,-23.5217,-46.186,19.34,25.41,14.33,76.22,14.2,6.38,14.78,0.0,1.39
2019-06-14,Mogi das Cruzes,Alto Tiete,-23.5217,-46.186,19.49,26.2,14.57,77.16,14.64,6.63,15.09,0.0,1.26
2019-06-15,Mogi das Cruzes,Alto Tiete,-23.5217,-46.186,19.16,25.6,14.13,80.73,14.42,6.47,15.35,0.0,1.13
2019-06-16,Mogi das Cruzes,Alto Tiete,-23.5217,-46.186,18.92,24.95,14.83,81.7,13.55,6.1,15.4,0.0,1.16
2019-06-17,Mogi das Cruzes,Alto Tiete,-23.5217,-46.186,17.75,22.85,14.13,87.27,12.45,5.57,15.53,0.24,1.5
2019-06-18,Mogi das Cruzes,Alto Tiete,-23.5217,-46.186,17.79,24.09,12.47,84.53,11.23,5.02,14.78,0.04,1.1
2019-06-19,Mogi das Cruzes,Alto Tiete,-23.5217,-46.186,18.21,24.25,13.58,77.59,12.24,5.49,13.92,0.0,1.99
2019-06-20,Mogi das Cruzes,Alto Tiete,-23.5217,-46.186,17.88,22.54,14.35,84.92,11.59,5.27,15.19,0.79,2.08
2019-06-21,Mogi das Cruzes,Alto Tiete,-23.5217,-46.186,17.03,21.52,14.39,90.07,11.34,5.14,15.25,0.26,2.19
2019-06-22,Mogi das Cruzes,Alto Tiete,-23.5217,-46.186,17.78,24.25,13.44,86.31,13.41,6.01,15.23,0.02,1.28
2019-06-23,Mogi das Cruzes,Alto Tiete,-23.5217,-46.186,17.96,24.19,12.72,75.54,15.21,6.74,13.19,0.01,1.5
2019-06-24,Mogi das Cruzes,Alto Tiete,-23.5217,-46.186,18.05,24.66,12.82,74.33,15.82,6.99,13.02,0.0,2.28
2019-06-25,Mogi das Cruzes,Alto Tiete,-23.5217,-46.186,19.12,25.78,13.41,75.57,15.48,6.88,14.36,0.0,2.74
2019-06-26,Mogi das Cruzes,Alto Tiete,-23.5217,-46.186,20.41,26.55,15.93,75.96,14.16,6.32,15.56,0.06,2.59
2019-06-27,Mogi das Cruzes,Alto Tiete,-23.5217,-46.186,19.69,25.34,16.4,85.3,10.56,4.79,16.79,0.27,1.18
2019-06-28,Mogi das Cruzes,Alto Tiete,-23.5217,-46.186,19.93,26.38,15.81,83.37,14.12,6.39,16.83,0.03,1.33
2019-06-29,Mogi das Cruzes,Alto Tiete,-23.5217,-46.186,20.25,26.73,15.59,69.53,15.49,6.97,14.11,0.0,2.16
2019-06-30,Mogi das Cruzes,Alto Tiete,-23.5217,-46.186,19.89,26.57,15.27,71.89,15.67,7.09,14.39,0.0,3.0
2019-07-01,Mogi das Cruzes,Alto Tiete,-23.5217,-46.186,20.08,26.48,15.72,73.41,14.05,6.33,14.77,0.0,2.9
2019-07-02,Mogi das Cruzes,Alto Tiete,-23.5217,-46.186,19.32,25.97,14.06,72.85,12.1,5.41,13.85,0.01,2.36
2019-07-03,Mogi das Cruzes,Alto Tiete,-23.5217,-46.186,19.91,26.66,14.99,69.45,12.31,5.48,13.72,0.35,3.71
2019-07-04,Mogi das Cruzes,Alto Tiete,-23.5217,-46.186,16.12,17.67,14.25,93.65,2.53,1.33,15.09,52.54,1.73
2019-07-05,Mogi das Cruzes,Alto Tiete,-23.5217,-46.186,12.8,14.02,10.48,93.69,3.84,1.92,11.81,18.29,2.6
2019-07-06,Mogi das Cruzes,Alto Tiete,-23.5217,-46.186,9.89,13.93,5.9,79.28,15.01,6.42,6.01,0.05,2.24
2019-07-07,Mogi das Cruzes,Alto Tiete,-23.5217,-46.186,9.21,14.08,5.29,84.67,13.11,5.74,6.61,0.1,2.0
2019-07-08,Mogi das Cruzes,Alto Tiete,-23.5217,-46.186,11.94,19.01,7.35,81.23,16.35,7.08,8.38,0.04,1.76
2019-07-09,Mogi das Cruzes,Alto Tiete,-23.5217,-46.186,12.82,20.59,6.73,82.78,15.54,6.77,9.84,0.05,1.52
2019-07-10,Mogi das Cruzes,Alto Tiete,-23.5217,-46.186,14.5,22.08,7.34,76.19,15.63,6.74,10.02,0.05,1.27
2019-07-11,Mogi das Cruzes,Alto Tiete,-23.5217,-46.186,15.0,22.51,8.94,68.99,16.51,7.12,8.89,0.04,1.89
2019-07-12,Mogi das Cruzes,Alto Tiete,-23.5217,-46.186,15.8,23.67,9.12,67.59,16.84,7.28,9.3,0.03,1.45
2019-07-13,Mogi das Cruzes,Alto Tiete,-23.5217,-46.186,17.53,24.83,11.48,65.99,16.07,7.01,10.81,0.0,2.06
2019-07-14,Mogi das Cruzes,Alto Tiete,-23.5217,-46.186,18.28,25.38,12.64,70.05,15.87,7.0,12.4,0.0,2.06
2019-07-15,Mogi das Cruzes,Alto Tiete,-23.5217,-46.186,18.38,25.39,14.01,77.2,13.11,5.85,13.79,0.59,1.17
2019-07-16,Mogi das Cruzes,Alto Tiete,-23.5217,-46.186,13.93,17.21,7.84,87.34,6.34,2.87,11.75,3.56,2.82
2019-07-17,Mogi das Cruzes,Alto Tiete,-23.5217,-46.186,12.73,16.74,8.9,82.63,11.61,5.2,9.64,0.15,2.36
2019-07-18,Mogi das Cruzes,Alto Tiete,-23.5217,-46.186,14.0,19.17,10.5,87.13,15.08,6.7,11.72,0.04,2.94
2019-07-19,Mogi das Cruzes,Alto Tiete,-23.5217,-46.186,15.33,22.33,10.19,78.7,15.29,6.73,11.27,0.01,1.58
2019-07-20,Mogi das Cruzes,Alto Tiete,-23.5217,-46.186,15.61,22.44,10.64,77.29,15.2,6.74,11.21,0.0,1.53
2019-07-21,Mogi das Cruzes,Alto Tiete,-23.5217,-46.186,16.29,23.26,10.34,77.81,15.51,6.83,12.01,0.0,1.88
2019-07-22,Mogi das Cruzes,Alto Tiete,-23.5217,-46.186,18.47,24.88,13.57,71.68,16.0,7.2,12.89,0.0,2.25
2019-07-23,Mogi das Cruzes,Alto Tiete,-23.5217,-46.186,19.08,25.49,13.56,66.7,16.95,7.57,12.4,0.0,1.71
2019-07-24,Mogi das Cruzes,Alto Tiete,-23.5217,-46.186,18.49,25.89,13.0,69.26,17.24,7.63,12.34,0.0,1.66
2019-07-25,Mogi das Cruzes,Alto Tiete,-23.5217,-46.186,18.04,23.92,14.33,76.56,13.78,6.18,13.49,0.04,1.58
2019-07-26,Mogi das Cruzes,Alto Tiete,-23.5217,-46.186,18.92,25.97,13.13,77.75,15.22,6.81,14.46,0.02,1.26
2019-07-27,Mogi das Cruzes,Alto Tiete,-23.5217,-46.186,18.77,26.42,13.53,73.6,15.5,6.91,13.16,0.0,1.78
2019-07-28,Mogi das Cruzes,Alto Tiete,-23.5217,-46.186,17.51,22.14,14.95,87.89,14.19,6.41,15.47,0.02,2.33
2019-07-29,Mogi das Cruzes,Alto Tiete,-23.5217,-46.186,17.55,24.3,13.25,81.35,15.7,7.02,13.83,0.0,1.77
2019-07-30,Mogi das Cruzes,Alto Tiete,-23.5217,-46.186,18.12,25.19,12.0,71.74,14.18,6.38,12.3,3.1,1.85
2019-07-31,Mogi das Cruzes,Alto Tiete,-23.5217,-46.186,17.82,24.5,14.05,74.44,17.35,7.69,12.59,0.04,1.34
2019-08-01,Mogi das Cruzes,Alto Tiete,-23.5217,-46.186,19.13,27.61,11.63,70.41,17.66,7.83,12.69,0.01,1.89
2019-08-02,Mogi das Cruzes,Alto Tiete,-23.5217,-46.186,19.55,28.41,13.12,68.53,14.98,6.7,12.84,0.73,3.71
2019-08-03,Mogi das Cruzes,Alto Tiete,-23.5217,-46.186,12.16,13.91,10.89,88.51,4.65,2.3,10.27,5.0,3.31
2019-08-04,Mogi das Cruzes,Alto Tiete,-23.5217,-46.186,11.42,12.57,10.71,88.5,3.51,1.81,9.57,1.94,3.26
2019-08-05,Mogi das Cruzes,Alto Tiete,-23.5217,-46.186,13.81,18.78,10.47,86.01,11.77,5.41,11.32,0.53,3.0
2019-08-06,Mogi das Cruzes,Alto Tiete,-23.5217,-46.186,17.31,25.5,10.98,81.86,16.37,7.31,13.71,0.02,1.73
2019-08-07,Mogi das Cruzes,Alto Tiete,-23.5217,-46.186,19.32,26.44,12.58,77.23,16.34,7.41,14.78,0.01,1.46
2019-08-08,Mogi das Cruzes,Alto Tiete,-23.5217,-46.186,20.19,27.4,14.62,72.08,17.66,8.03,14.45,0.01,1.35
2019-08-09,Mogi das Cruzes,Alto Tiete,-23.5217,-46.186,20.76,28.53,14.17,65.94,18.74,8.44,13.33,0.0,1.32
2019-08-10,Mogi das Cruzes,Alto Tiete,-23.5217,-46.186,21.37,29.05,15.74,60.26,18.01,8.04,12.76,0.01,2.64
2019-08-11,Mogi das Cruzes,Alto Tiete,-23.5217,-46.186,18.89,24.92,14.12,81.54,13.95,6.28,15.42,0.39,2.33
2019-08-12,Mogi das Cruzes,Alto Tiete,-23.5217,-46.186,22.21,30.38,14.75,66.8,18.17,8.18,14.61,0.02,1.74
2019-08-13,Mogi das Cruzes,Alto Tiete,-23.5217,-46.186,17.88,22.56,12.71,78.34,9.37,4.33,13.92,2.07,3.6
2019-08-14,Mogi das Cruzes,Alto Tiete,-23.5217,-46.186,12.01,14.09,10.66,84.65,5.08,2.51,9.43,1.62,3.96
2019-08-15,Mogi das Cruzes,Alto Tiete,-23.5217,-46.186,14.53,21.46,10.65,76.43,18.29,8.1,9.83,0.17,3.05
2019-08-16,Mogi das Cruzes,Alto Tiete,-23.5217,-46.186,15.6,24.88,8.63,74.55,18.82,8.26,10.06,0.07,1.46
2019-08-17,Mogi das Cruzes,Alto Tiete,-23.5217,-46.186,18.21,27.46,10.29,61.63,19.85,8.72,9.85,0.02,2.25
2019-08-18,Mogi das Cruzes,Alto Tiete,-23.5217,-46.186,21.25,29.0,14.24,57.7,16.28,7.18,11.7,0.06,2.99
2019-08-19,Mogi das Cruzes,Alto Tiete,-23.5217,-46.186,16.31,20.19,13.86,89.23,4.38,2.02,14.42,7.16,3.33
2019-08-20,Mogi das Cruzes,Alto Tiete,-23.5217,-46.186,15.13,18.22,13.68,91.55,6.05,2.91,13.71,7.68,3.07
2019-08-21,Mogi das Cruzes,Alto Tiete,-23.5217,-46.186,15.84,21.74,13.07,87.23,9.17,4.28,13.49,0.78,2.72
2019-08-22,Mogi das Cruzes,Alto Tiete,-23.5217,-46.186,15.04,20.03,12.57,86.85,12.2,5.57,12.66,1.14,3.2
2019-08-23,Mogi das Cruzes,Alto Tiete,-23.5217,-46.186,15.1,21.19,11.47,84.62,13.58,6.19,12.16,0.58,2.04
2019-08-24,Mogi das Cruzes,Alto Tiete,-23.5217,-46.186,14.6,20.32,11.35,85.39,13.23,5.95,11.89,0.81,2.6
2019-08-25,Mogi das Cruzes,Alto Tiete,-23.5217,-46.186,15.36,21.66,11.69,81.76,16.66,7.43,11.84,0.22,3.28
2019-08-26,Mogi das Cruzes,Alto Tiete,-23.5217,-46.186,17.23,25.53,11.74,78.59,19.71,8.76,12.7,0.01,2.64
2019-08-27,Mogi das Cruzes,Alto Tiete,-23.5217,-46.186,18.03,25.47,12.93,80.42,17.53,7.74,13.99,0.17,2.3
2019-08-28,Mogi das Cruzes,Alto Tiete,-23.5217,-46.186,17.56,23.56,14.34,81.58,13.57,6.11,13.97,0.17,2.51
2019-08-29,Mogi das Cruzes,Alto Tiete,-23.5217,-46.186,18.85,28.2,11.7,70.23,18.96,8.4,11.88,0.0,1.39
2019-08-30,Mogi das Cruzes,Alto Tiete,-23.5217,-46.186,20.91,29.68,13.46,60.37,21.23,9.48,11.89,0.0,1.48
2019-08-31,Mogi das Cruzes,Alto Tiete,-23.5217,-46.186,24.28,32.23,16.56,54.11,19.09,8.63,13.49,0.33,2.29
2019-09-01,Mogi das Cruzes,Alto Tiete,-23.5217,-46.186,20.49,29.41,15.65,79.0,4.57,2.25,16.06,15.45,2.15
2019-09-02,Mogi das Cruzes,Alto Tiete,-23.5217,-46.186,17.35,23.41,14.02,86.28,8.4,3.98,14.82,12.35,2.32
2019-09-03,Mogi das Cruzes,Alto Tiete,-23.5217,-46.186,19.57,27.61,15.19,84.83,9.93,4.58,16.6,3.16,1.72
2019-09-04,Mogi das Cruzes,Alto Tiete,-23.5217,-46.186,18.13,23.89,15.35,88.8,9.03,4.21,16.1,2.88,2.39
2019-09-05,Mogi das Cruzes,Alto Tiete,-23.5217,-46.186,14.47,16.17,12.8,90.99,6.22,3.09,12.99,7.0,4.0
2019-09-06,Mogi das Cruzes,Alto Tiete,-23.5217,-46.186,16.14,22.02,12.81,85.6,6.97,3.45,13.5,2.55,3.54
2019-09-07,Mogi das Cruzes,Alto Tiete,-23.5217,-46.186,21.03,30.36,13.33,76.65,19.83,9.03,16.04,0.09,1.5
2019-09-08,Mogi das Cruzes,Alto Tiete,-23.5217,-46.186,23.66,31.7,17.78,67.62,19.81,8.94,16.51,0.0,1.41
2019-09-09,Mogi das Cruzes,Alto Tiete,-23.5217,-46.186,23.84,32.75,17.16,58.46,22.29,10.02,14.16,0.0,1.99
2019-09-10,Mogi das Cruzes,Alto Tiete,-23.5217,-46.186,24.64,32.85,17.24,52.87,22.52,10.13,13.76,0.0,2.15
2019-09-11,Mogi das Cruzes,Alto Tiete,-23.5217,-46.186,24.81,33.46,19.13,57.53,20.62,9.23,14.9,0.0,1.19
2019-09-12,Mogi das Cruzes,Alto Tiete,-23.5217,-46.186,26.02,35.47,19.13,52.38,21.06,9.3,14.18,0.0,2.37
2019-09-13,Mogi das Cruzes,Alto Tiete,-23.5217,-46.186,19.81,26.19,16.06,82.37,10.59,4.9,16.4,0.26,3.76
2019-09-14,Mogi das Cruzes,Alto Tiete,-23.5217,-46.186,20.1,28.12,15.95,80.7,15.45,6.98,16.13,0.37,2.95
2019-09-15,Mogi das Cruzes,Alto Tiete,-23.5217,-46.186,22.98,33.32,16.61,72.06,20.32,9.14,16.44,0.17,2.32
2019-09-16,Mogi das Cruzes,Alto Tiete,-23.5217,-46.186,25.18,34.97,17.6,57.97,22.16,9.82,14.51,0.0,1.62
2019-09-17,Mogi das Cruzes,Alto Tiete,-23.5217,-46.186,25.38,35.24,19.75,56.48,22.05,9.77,14.65,0.1,2.11
2019-09-18,Mogi das Cruzes,Alto Tiete,-23.5217,-46.186,24.97,36.04,18.38,54.83,20.53,8.96,13.06,0.01,3.62
2019-09-19,Mogi das Cruzes,Alto Tiete,-23.5217,-46.186,24.12,33.22,17.16,63.53,13.58,5.7,15.43,0.5,1.15
2019-09-20,Mogi das Cruzes,Alto Tiete,-23.5217,-46.186,24.13,34.37,18.57,59.89,9.02,3.86,14.45,1.89,2.93
2019-09-21,Mogi das Cruzes,Alto Tiete,-23.5217,-46.186,18.69,23.55,15.7,86.86,7.41,3.44,16.31,2.24,3.19
2019-09-22,Mogi das Cruzes,Alto Tiete,-23.5217,-46.186,16.34,19.3,13.91,88.65,5.48,2.73,14.39,7.33,4.44
2019-09-23,Mogi das Cruzes,Alto Tiete,-23.5217,-46.186,15.36,20.51,12.5,76.31,11.96,5.53,10.81,0.42,4.55
2019-09-24,Mogi das Cruzes,Alto Tiete,-23.5217,-46.186,17.27,25.38,12.31,77.8,17.01,7.83,12.83,1.98,2.68
2019-09-25,Mogi das Cruzes,Alto Tiete,-23.5217,-46.186,17.45,24.28,14.4,84.01,5.82,2.94,14.41,2.12,2.86
2019-09-26,Mogi das Cruzes,Alto Tiete,-23.5217,-46.186,18.21,23.67,15.58,87.74,4.58,2.34,15.94,4.99,2.1
2019-09-27,Mogi das Cruzes,Alto Tiete,-23.5217,-46.186,17.76,24.62,13.7,82.32,17.0,7.67,14.24,1.43,2.64
2019-09-28,Mogi das Cruzes,Alto Tiete,-23.5217,-46.186,16.42,22.03,13.33,82.34,12.66,5.82,13.06,0.69,3.32
2019-09-29,Mogi das Cruzes,Alto Tiete,-23.5217,-46.186,17.95,26.43,12.2,76.13,23.71,10.62,12.71,0.06,2.65
2019-09-30,Mogi das Cruzes,Alto Tiete,-23.5217,-46.186,19.27,28.75,12.86,73.09,25.83,11.5,12.93,0.04,3.07
2019-10-01,Mogi das Cruzes,Alto Tiete,-23.5217,-46.186,21.98,33.06,14.23,66.77,26.23,11.72,13.42,0.01,2.24
2019-10-02,Mogi das Cruzes,Alto Tiete,-23.5217,-46.186,23.99,34.71,15.26,57.28,26.15,11.63,12.99,0.0,2.01
2019-10-03,Mogi das Cruzes,Alto Tiete,-23.5217,-46.186,21.6,29.22,16.9,61.79,25.08,11.07,12.89,0.04,2.86
2019-10-04,Mogi das Cruzes,Alto Tiete,-23.5217,-46.186,21.87,31.79,14.99,71.04,25.63,11.54,14.74,0.0,2.18
2019-10-05,Mogi das Cruzes,Alto Tiete,-23.5217,-46.186,23.88,34.46,15.45,65.08,25.97,11.71,14.68,0.0,1.91
2019-10-06,Mogi das Cruzes,Alto Tiete,-23.5217,-46.186,21.13,28.94,17.31,79.8,15.1,7.0,16.95,1.2,3.07
2019-10-07,Mogi das Cruzes,Alto Tiete,-23.5217,-46.186,18.65,23.17,16.83,87.52,9.19,4.51,16.38,4.54,2.94
2019-10-08,Mogi das Cruzes,Alto Tiete,-23.5217,-46.186,18.59,22.57,16.7,89.19,6.52,3.36,16.67,11.25,2.5
2019-10-09,Mogi das Cruzes,Alto Tiete,-23.5217,-46.186,19.08,25.4,15.78,79.43,9.68,4.76,14.91,4.44,2.78
2019-10-10,Mogi das Cruzes,Alto Tiete,-23.5217,-46.186,20.32,28.44,15.0,77.9,21.69,9.89,15.69,0.15,2.71
2019-10-11,Mogi das Cruzes,Alto Tiete,-23.5217,-46.186,23.4,31.69,16.89,73.52,24.1,10.91,17.43,0.04,1.6
2019-10-12,Mogi das Cruzes,Alto Tiete,-23.5217,-46.186,24.97,33.57,18.31,63.34,25.44,11.62,16.32,0.07,1.8
2019-10-13,Mogi das Cruzes,Alto Tiete,-23.5217,-46.186,26.46,35.54,18.79,55.91,25.81,11.76,15.48,0.01,1.84
2019-10-14,Mogi das Cruzes,Alto Tiete,-23.5217,-46.186,24.62,31.87,19.32,62.12,26.15,11.91,15.79,0.01,2.68
2019-10-15,Mogi das Cruzes,Alto Tiete,-23.5217,-46.186,21.59,27.23,18.09,79.92,12.66,6.11,17.5,0.08,3.19
2019-10-16,Mogi das Cruzes,Alto Tiete,-23.5217,-46.186,21.39,28.2,17.2,76.79,20.1,9.23,16.49,0.41,3.11
2019-10-17,Mogi das Cruzes,Alto Tiete,-23.5217,-46.186,23.46,32.61,17.67,73.04,19.99,9.0,17.23,0.71,2.58
2019-10-18,Mogi das Cruzes,Alto Tiete,-23.5217,-46.186,24.32,33.92,19.15,70.97,21.75,10.04,17.48,2.52,2.08
2019-10-19,Mogi das Cruzes,Alto Tiete,-23.5217,-46.186,21.8,29.57,17.25,79.79,18.41,8.52,17.62,2.05,3.01
2019-10-20,Mogi das Cruzes,Alto Tiete,-23.5217,-46.186,18.15,24.14,14.22,74.3,14.58,6.78,13.04,0.37,3.63
2019-10-21,Mogi das Cruzes,Alto Tiete,-23.5217,-46.186,17.11,21.85,13.96,76.34,10.48,5.16,12.68,0.26,1.9
2019-10-22,Mogi das Cruzes,Alto Tiete,-23.5217,-46.186,19.28,25.26,15.87,79.96,16.51,7.63,15.46,0.7,2.28
2019-10-23,Mogi das Cruzes,Alto Tiete,-23.5217,-46.186,19.79,25.51,16.07,79.58,20.65,9.42,15.74,0.39,3.28
2019-10-24,Mogi das Cruzes,Alto Tiete,-23.5217,-46.186,21.91,30.79,16.03,73.5,18.93,8.87,16.05,1.42,2.47
2019-10-25,Mogi das Cruzes,Alto Tiete,-23.5217,-46.186,22.66,31.72,16.95,73.42,23.92,10.83,16.53,0.19,2.52
2019-10-26,Mogi das Cruzes,Alto Tiete,-23.5217,-46.186,22.92,30.51,17.86,76.45,20.96,9.59,17.79,0.43,2.96
2019-10-27,Mogi das Cruzes,Alto Tiete,-23.5217,-46.186,26.14,35.99,18.02,63.59,27.22,12.27,16.37,2.66,2.11
2019-10-28,Mogi das Cruzes,Alto Tiete,-23.5217,-46.186,24.96,29.62,21.19,67.5,24.09,11.05,18.19,6.49,3.07
2019-10-29,Mogi das Cruzes,Alto Tiete,-23.5217,-46.186,25.22,31.07,19.71,62.61,17.56,8.2,16.91,1.48,2.11
2019-10-30,Mogi das Cruzes,Alto Tiete,-23.5217,-46.186,25.71,34.56,19.2,62.41,26.7,12.24,16.89,0.77,1.73
2019-10-31,Mogi das Cruzes,Alto Tiete,-23.5217,-46.186,24.43,32.26,18.81,69.85,20.15,9.23,17.61,0.13,2.57
2019-11-01,Mogi das Cruzes,Alto Tiete,-23.5217,-46.186,22.58,29.42,18.11,75.29,19.79,9.06,17.38,0.46,3.35
2019-11-02,Mogi das Cruzes,Alto Tiete,-23.5217,-46.186,24.21,33.41,18.45,70.49,25.23,11.48,17.13,0.24,2.93
2019-11-03,Mogi das Cruzes,Alto Tiete,-23.5217,-46.186,26.74,35.85,18.82,61.3,26.86,12.12,16.73,0.01,2.39
2019-11-04,Mogi das Cruzes,Alto Tiete,-23.5217,-46.186,26.74,35.07,20.48,63.2,23.45,10.74,17.86,0.99,1.54
2019-11-05,Mogi das Cruzes,Alto Tiete,-23.5217,-46.186,26.56,31.27,21.41,70.33,15.81,7.56,20.09,10.82,2.84
2019-11-06,Mogi das Cruzes,Alto Tiete,-23.5217,-46.186,20.48,24.65,17.14,81.41,11.0,5.43,16.98,11.91,4.09
2019-11-07,Mogi das Cruzes,Alto Tiete,-23.5217,-46.186,21.82,30.44,16.87,77.75,11.02,5.46,17.25,0.68,2.33
2019-11-08,Mogi das Cruzes,Alto Tiete,-23.5217,-46.186,21.46,26.09,18.93,85.62,7.46,3.81,18.78,9.34,2.35
2019-11-09,Mogi das Cruzes,Alto Tiete,-23.5217,-46.186,22.24,28.09,19.02,82.77,14.98,7.15,18.86,1.15,2.43
2019-11-10,Mogi das Cruzes,Alto Tiete,-23.5217,-46.186,22.66,27.13,19.47,82.6,8.76,4.46,19.28,4.09,1.74
2019-11-11,Mogi das Cruzes,Alto Tiete,-23.5217,-46.186,21.52,26.81,17.69,85.09,11.27,5.54,18.69,5.51,3.15
2019-11-12,Mogi das Cruzes,Alto Tiete,-23.5217,-46.186,19.55,23.98,16.75,82.59,17.56,8.14,16.28,1.28,4.51
2019-11-13,Mogi das Cruzes,Alto Tiete,-23.5217,-46.186,21.11,29.29,16.59,79.6,20.09,9.39,16.92,32.82,3.14
2019-11-14,Mogi das Cruzes,Alto Tiete,-23.5217,-46.186,22.23,25.44,18.97,88.51,11.67,5.76,20.18,33.97,2.82
2019-11-15,Mogi das Cruzes,Alto Tiete,-23.5217,-46.186,20.1,22.6,16.49,86.16,7.95,4.1,17.64,9.84,3.14
2019-11-16,Mogi das Cruzes,Alto Tiete,-23.5217,-46.186,18.25,23.39,14.09,80.83,24.27,10.98,14.62,1.52,2.5
2019-11-17,Mogi das Cruzes,Alto Tiete,-23.5217,-46.186,18.37,24.2,14.11,79.36,26.39,11.87,14.43,0.04,2.55
2019-11-18,Mogi das Cruzes,Alto Tiete,-23.5217,-46.186,19.74,27.46,14.89,81.75,16.66,7.8,16.16,0.79,2.95
2019-11-19,Mogi das Cruzes,Alto Tiete,-23.5217,-46.186,20.91,27.32,16.61,82.13,18.09,8.41,17.39,1.04,3.09
2019-11-20,Mogi das Cruzes,Alto Tiete,-23.5217,-46.186,21.8,28.25,17.17,79.75,19.72,9.1,17.67,0.59,3.14
2019-11-21,Mogi das Cruzes,Alto Tiete,-23.5217,-46.186,22.83,29.94,17.55,77.04,24.19,11.11,17.94,0.69,2.63
2019-11-22,Mogi das Cruzes,Alto Tiete,-23.5217,-46.186,24.57,30.95,18.51,73.54,24.62,11.42,18.75,0.92,1.54
2019-11-23,Mogi das Cruzes,Alto Tiete,-23.5217,-46.186,23.25,29.62,18.44,78.69,18.95,8.88,18.91,5.88,3.87
2019-11-24,Mogi das Cruzes,Alto Tiete,-23.5217,-46.186,17.31,20.93,13.78,77.61,12.96,6.29,13.09,1.65,4.24
2019-11-25,Mogi das Cruzes,Alto Tiete,-23.5217,-46.186,18.39,25.95,13.34,69.39,20.84,9.38,12.19,0.01,3.1
2019-11-26,Mogi das Cruzes,Alto Tiete,-23.5217,-46.186,21.65,30.88,14.14,69.7,25.37,11.6,15.1,0.07,2.81
2019-11-27,Mogi das Cruzes,Alto Tiete,-23.5217,-46.186,23.31,27.99,18.48,79.53,11.63,5.79,19.32,16.64,3.03
2019-11-28,Mogi das Cruzes,Alto Tiete,-23.5217,-46.186,19.54,22.28,15.32,88.33,7.84,4.09,17.49,7.29,3.9
2019-11-29,Mogi das Cruzes,Alto Tiete,-23.5217,-46.186,19.33,26.15,14.38,77.29,21.73,10.01,14.87,0.21,3.1
2019-11-30,Mogi das Cruzes,Alto Tiete,-23.5217,-46.186,22.0,29.12,16.76,81.28,23.36,10.8,18.25,8.3,1.91
2019-12-01,Mogi das Cruzes,Alto Tiete,-23.5217,-46.186,23.37,31.52,18.44,76.21,17.3,8.26,18.11,0.77,1.94
2019-12-02,Mogi das Cruzes,Alto Tiete,-23.5217,-46.186,19.0,22.22,14.75,83.82,12.56,6.13,16.05,3.77,3.53
2019-12-03,Mogi das Cruzes,Alto Tiete,-23.5217,-46.186,19.21,26.22,13.88,76.84,15.76,7.32,14.62,0.08,3.05
2019-12-04,Mogi das Cruzes,Alto Tiete,-23.5217,-46.186,22.53,30.1,16.34,77.68,20.23,9.51,17.94,1.56,1.97
2019-12-05,Mogi das Cruzes,Alto Tiete,-23.5217,-46.186,24.3,29.4,20.41,80.9,13.77,6.64,20.49,2.93,3.03
2019-12-06,Mogi das Cruzes,Alto Tiete,-23.5217,-46.186,20.59,25.12,16.34,84.55,11.29,5.55,17.72,14.6,3.2
2019-12-07,Mogi das Cruzes,Alto Tiete,-23.5217,-46.186,20.07,26.98,14.5,72.16,28.88,12.99,14.07,0.16,2.58
2019-12-08,Mogi das Cruzes,Alto Tiete,-23.5217,-46.186,20.22,28.71,12.16,65.37,30.73,13.78,12.0,0.0,2.39
2019-12-09,Mogi das Cruzes,Alto Tiete,-23.5217,-46.186,21.57,29.72,15.63,80.01,16.6,7.91,17.51,1.69,1.71
2019-12-10,Mogi das Cruzes,Alto Tiete,-23.5217,-46.186,22.26,27.58,19.21,87.11,9.74,4.82,19.84,18.08,1.97
2019-12-11,Mogi das Cruzes,Alto Tiete,-23.5217,-46.186,21.47,24.97,19.41,90.69,11.39,5.63,19.82,12.27,1.12
2019-12-12,Mogi das Cruzes,Alto Tiete,-23.5217,-46.186,23.34,28.18,19.27,79.72,19.55,9.14,19.32,1.21,1.6
2019-12-13,Mogi das Cruzes,Alto Tiete,-23.5217,-46.186,22.91,27.9,19.45,81.59,19.63,9.23,19.33,2.02,2.98
2019-12-14,Mogi das Cruzes,Alto Tiete,-23.5217,-46.186,22.43,27.77,19.59,84.83,17.64,8.41,19.49,6.42,2.85
2019-12-15,Mogi das Cruzes,Alto Tiete,-23.5217,-46.186,24.85,31.11,19.67,76.91,21.15,9.88,20.01,1.12,1.31
2019-12-16,Mogi das Cruzes,Alto Tiete,-23.5217,-46.186,26.44,33.11,20.15,65.85,27.45,12.66,18.73,0.2,2.65
2019-12-17,Mogi das Cruzes,Alto Tiete,-23.5217,-46.186,24.15,30.59,20.13,78.5,20.51,9.65,19.72,7.28,1.68
2019-12-18,Mogi das Cruzes,Alto Tiete,-23.5217,-46.186,21.37,25.42,18.85,87.24,10.37,5.23,19.03,6.74,2.74
2019-12-19,Mogi das Cruzes,Alto Tiete,-23.5217,-46.186,21.1,26.1,18.3,85.34,15.7,7.55,18.34,1.37,1.95
2019-12-20,Mogi das Cruzes,Alto Tiete,-23.5217,-46.186,23.28,28.37,18.58,79.44,17.02,8.09,19.11,0.27,1.0
2019-12-21,Mogi das Cruzes,Alto Tiete,-23.5217,-46.186,24.45,29.2,20.73,73.44,24.03,11.22,18.96,0.61,3.96
2019-12-22,Mogi das Cruzes,Alto Tiete,-23.5217,-46.186,23.52,27.2,20.56,81.21,16.92,8.1,19.96,8.68,2.86
2019-12-23,Mogi das Cruzes,Alto Tiete,-23.5217,-46.186,22.06,25.77,19.73,89.19,11.98,5.88,20.11,25.55,2.67
2019-12-24,Mogi das Cruzes,Alto Tiete,-23.5217,-46.186,21.77,26.33,18.4,83.92,25.2,11.48,18.66,2.94,2.67
2019-12-25,Mogi das Cruzes,Alto Tiete,-23.5217,-46.186,23.21,30.07,17.43,77.7,29.76,13.47,18.45,0.05,2.25
2019-12-26,Mogi das Cruzes,Alto Tiete,-23.5217,-46.186,23.25,30.02,18.23,79.52,27.51,12.47,18.94,0.16,2.48
2019-12-27,Mogi das Cruzes,Alto Tiete,-23.5217,-46.186,23.15,28.85,19.14,80.8,23.36,10.71,19.27,0.13,3.09
2019-12-28,Mogi das Cruzes,Alto Tiete,-23.5217,-46.186,23.96,30.64,18.98,77.42,24.77,11.32,19.18,0.06,2.44
2019-12-29,Mogi das Cruzes,Alto Tiete,-23.5217,-46.186,24.05,30.68,19.27,75.51,23.38,10.64,18.82,0.14,2.66
2019-12-30,Mogi das Cruzes,Alto Tiete,-23.5217,-46.186,23.99,31.48,18.65,72.39,27.02,12.4,17.75,0.68,2.68
2019-12-31,Mogi das Cruzes,Alto Tiete,-23.5217,-46.186,25.03,32.17,19.55,72.44,26.36,12.16,18.79,3.8,1.88
2020-01-01,Mogi das Cruzes,Alto Tiete,-23.5217,-46.186,25.77,32.47,19.77,71.62,27.13,12.61,19.58,5.1,2.02
2020-01-02,Mogi das Cruzes,Alto Tiete,-23.5217,-46.186,23.19,26.24,20.71,83.49,12.79,6.35,20.12,15.19,1.55
2020-01-03,Mogi das Cruzes,Alto Tiete,-23.5217,-46.186,21.47,24.17,19.64,88.92,17.28,8.29,19.5,9.55,2.75
2020-01-04,Mogi das Cruzes,Alto Tiete,-23.5217,-46.186,20.98,23.47,18.65,89.26,14.07,6.91,19.08,8.22,2.68
2020-01-05,Mogi das Cruzes,Alto Tiete,-23.5217,-46.186,22.14,27.39,17.93,83.36,13.0,6.42,18.97,11.92,1.28
2020-01-06,Mogi das Cruzes,Alto Tiete,-23.5217,-46.186,24.0,29.55,19.25,79.74,25.18,11.63,19.91,3.92,2.36
2020-01-07,Mogi das Cruzes,Alto Tiete,-23.5217,-46.186,26.05,32.05,20.07,71.47,27.62,12.78,19.99,6.85,2.62
2020-01-08,Mogi das Cruzes,Alto Tiete,-23.5217,-46.186,25.0,28.91,21.62,83.2,18.03,8.55,21.75,16.87,2.37
2020-01-09,Mogi das Cruzes,Alto Tiete,-23.5217,-46.186,24.81,29.42,21.92,85.62,17.02,8.16,22.1,11.72,1.96
2020-01-10,Mogi das Cruzes,Alto Tiete,-23.5217,-46.186,25.28,29.05,21.54,83.51,20.64,9.7,22.09,0.92,1.2
2020-01-11,Mogi das Cruzes,Alto Tiete,-23.5217,-46.186,25.1,28.2,22.39,85.02,22.55,10.63,22.3,6.03,2.38
2020-01-12,Mogi das Cruzes,Alto Tiete,-23.5217,-46.186,23.46,26.29,20.96,90.33,11.06,5.57,21.74,13.83,2.44
2020-01-13,Mogi das Cruzes,Alto Tiete,-23.5217,-46.186,21.97,26.23,19.06,88.17,13.1,6.48,19.84,9.92,3.42
2020-01-14,Mogi das Cruzes,Alto Tiete,-23.5217,-46.186,21.53,26.36,18.38,83.23,18.43,8.64,18.43,0.25,2.67
2020-01-15,Mogi das Cruzes,Alto Tiete,-23.5217,-46.186,24.02,30.34,18.67,80.04,25.02,11.66,20.0,0.02,1.6
2020-01-16,Mogi das Cruzes,Alto Tiete,-23.5217,-46.186,25.67,31.38,21.09,79.5,21.89,10.29,21.54,13.57,3.09
2020-01-17,Mogi das Cruzes,Alto Tiete,-23.5217,-46.186,20.17,23.54,17.48,88.19,10.36,5.29,18.08,10.37,4.07
2020-01-18,Mogi das Cruzes,Alto Tiete,-23.5217,-46.186,20.33,25.11,17.18,85.16,15.54,7.53,17.6,1.06,3.49
2020-01-19,Mogi das Cruzes,Alto Tiete,-23.5217,-46.186,20.75,25.63,18.16,87.59,14.26,6.78,18.51,0.9,2.8
2020-01-20,Mogi das Cruzes,Alto Tiete,-23.5217,-46.186,21.19,26.83,17.85,85.47,15.71,7.4,18.46,0.84,2.99
2020-01-21,Mogi das Cruzes,Alto Tiete,-23.5217,-46.186,21.1,27.13,16.88,81.57,25.13,11.39,17.48,0.25,2.78
2020-01-22,Mogi das Cruzes,Alto Tiete,-23.5217,-46.186,20.32,24.57,16.81,85.93,14.56,6.98,17.72,1.37,2.78
2020-01-23,Mogi das Cruzes,Alto Tiete,-23.5217,-46.186,20.02,23.16,18.13,88.98,7.26,3.76,18.09,7.01,2.61
2020-01-24,Mogi das Cruzes,Alto Tiete,-23.5217,-46.186,20.65,24.85,18.03,85.58,13.93,6.7,17.96,2.08,2.81
2020-01-25,Mogi das Cruzes,Alto Tiete,-23.5217,-46.186,20.71,26.36,16.91,80.89,24.92,11.25,16.88,0.5,2.16
2020-01-26,Mogi das Cruzes,Alto Tiete,-23.5217,-46.186,20.81,28.52,14.75,68.89,31.16,13.78,13.24,0.0,1.54
2020-01-27,Mogi das Cruzes,Alto Tiete,-23.5217,-46.186,22.92,31.6,14.62,70.25,30.66,13.72,15.95,0.0,1.77
2020-01-28,Mogi das Cruzes,Alto Tiete,-23.5217,-46.186,23.72,31.77,16.88,73.7,23.99,10.99,17.6,1.76,1.9
2020-01-29,Mogi das Cruzes,Alto Tiete,-23.5217,-46.186,25.4,32.38,19.26,75.51,25.53,11.87,20.05,3.02,1.32
2020-01-30,Mogi das Cruzes,Alto Tiete,-23.5217,-46.186,25.26,29.72,21.95,78.96,19.52,9.24,21.06,5.43,4.29
2020-01-31,Mogi das Cruzes,Alto Tiete,-23.5217,-46.186,24.42,28.55,21.6,80.84,18.5,8.84,20.69,2.98,4.01
2020-02-01,Mogi das Cruzes,Alto Tiete,-23.5217,-46.186,23.72,28.26,21.16,85.5,12.3,6.04,20.97,15.31,2.64
2020-02-02,Mogi das Cruzes,Alto Tiete,-23.5217,-46.186,22.4,26.08,20.16,89.23,12.79,6.23,20.44,26.56,1.66
2020-02-03,Mogi das Cruzes,Alto Tiete,-23.5217,-46.186,21.33,23.7,19.6,91.67,12.0,5.9,19.89,19.11,2.23
2020-02-04,Mogi das Cruzes,Alto Tiete,-23.5217,-46.186,21.46,25.83,18.8,88.34,14.6,7.06,19.35,8.1,1.51
2020-02-05,Mogi das Cruzes,Alto Tiete,-23.5217,-46.186,22.73,27.2,19.59,86.78,16.23,7.84,20.25,4.56,0.99
2020-02-06,Mogi das Cruzes,Alto Tiete,-23.5217,-46.186,23.07,27.35,20.43,83.49,15.75,7.6,19.85,7.6,1.73
2020-02-07,Mogi das Cruzes,Alto Tiete,-23.5217,-46.186,22.74,27.54,19.05,83.8,19.58,9.26,19.57,4.41,1.69
2020-02-08,Mogi das Cruzes,Alto Tiete,-23.5217,-46.186,24.41,29.88,19.77,77.98,24.49,11.43,19.8,1.42,1.25
2020-02-09,Mogi das Cruzes,Alto Tiete,-23.5217,-46.186,23.79,27.96,19.47,80.55,21.43,10.12,20.01,6.75,4.05
2020-02-10,Mogi das Cruzes,Alto Tiete,-23.5217,-46.186,20.24,21.87,17.77,91.58,7.23,3.73,18.81,62.61,3.37
2020-02-11,Mogi das Cruzes,Alto Tiete,-23.5217,-46.186,18.71,21.93,17.13,89.83,14.68,7.06,16.95,6.84,3.83
2020-02-12,Mogi das Cruzes,Alto Tiete,-23.5217,-46.186,18.8,21.79,16.76,90.06,17.33,8.19,17.08,2.37,3.43
2020-02-13,Mogi das Cruzes,Alto Tiete,-23.5217,-46.186,20.77,25.12,18.09,88.33,19.74,9.22,18.63,1.69,3.22
2020-02-14,Mogi das Cruzes,Alto Tiete,-23.5217,-46.186,21.65,27.6,17.62,85.71,22.93,10.5,18.88,2.12,2.18
2020-02-15,Mogi das Cruzes,Alto Tiete,-23.5217,-46.186,23.17,29.72,17.96,81.84,24.6,11.32,19.47,0.45,1.71
2020-02-16,Mogi das Cruzes,Alto Tiete,-23.5217,-46.186,23.81,30.24,19.07,81.56,20.08,9.35,19.96,1.81,1.45
2020-02-17,Mogi das Cruzes,Alto Tiete,-23.5217,-46.186,24.26,29.55,20.47,82.24,21.58,10.09,20.71,1.23,1.35
2020-02-18,Mogi das Cruzes,Alto Tiete,-23.5217,-46.186,25.38,30.5,20.21,78.34,23.88,11.12,20.93,4.76,1.94
2020-02-19,Mogi das Cruzes,Alto Tiete,-23.5217,-46.186,25.59,30.84,21.28,80.2,21.57,10.12,21.61,3.46,2.47
2020-02-20,Mogi das Cruzes,Alto Tiete,-23.5217,-46.186,24.91,29.17,21.95,84.39,18.27,8.64,21.9,15.18,1.7
2020-02-21,Mogi das Cruzes,Alto Tiete,-23.5217,-46.186,22.4,26.48,19.06,90.46,8.49,4.36,20.69,28.51,2.56
2020-02-22,Mogi das Cruzes,Alto Tiete,-23.5217,-46.186,19.17,21.57,16.49,90.48,8.76,4.42,17.53,4.57,3.68
2020-02-23,Mogi das Cruzes,Alto Tiete,-23.5217,-46.186,18.97,23.86,15.6,84.19,16.62,7.82,16.08,0.37,3.02
2020-02-24,Mogi das Cruzes,Alto Tiete,-23.5217,-46.186,21.05,26.94,16.13,86.27,15.79,7.5,18.48,7.94,1.96
2020-02-25,Mogi das Cruzes,Alto Tiete,-23.5217,-46.186,23.51,28.99,18.9,86.22,19.29,9.07,20.88,16.6,1.74
2020-02-26,Mogi das Cruzes,Alto Tiete,-23.5217,-46.186,23.72,27.45,20.04,86.93,7.26,3.75,21.29,12.64,4.3
2020-02-27,Mogi das Cruzes,Alto Tiete,-23.5217,-46.186,18.95,21.32,16.35,89.23,11.21,5.48,17.07,15.83,3.73
2020-02-28,Mogi das Cruzes,Alto Tiete,-23.5217,-46.186,19.01,22.76,16.04,89.39,7.7,3.9,17.15,2.8,3.21
2020-02-29,Mogi das Cruzes,Alto Tiete,-23.5217,-46.186,20.68,26.4,17.78,90.01,13.75,6.56,18.86,4.57,3.21
2020-03-01,Mogi das Cruzes,Alto Tiete,-23.5217,-46.186,19.64,23.22,17.92,90.69,14.14,6.77,18.01,4.65,4.43
2020-03-02,Mogi das Cruzes,Alto Tiete,-23.5217,-46.186,19.82,22.75,17.92,92.14,15.78,7.49,18.47,9.23,3.77
2020-03-03,Mogi das Cruzes,Alto Tiete,-23.5217,-46.186,20.29,25.31,16.97,87.44,15.68,7.47,17.98,9.64,1.74
2020-03-04,Mogi das Cruzes,Alto Tiete,-23.5217,-46.186,20.22,25.17,17.23,86.79,18.83,8.66,17.74,1.54,1.93
2020-03-05,Mogi das Cruzes,Alto Tiete,-23.5217,-46.186,19.14,23.97,15.92,85.31,23.96,10.93,16.44,1.25,2.3
2020-03-06,Mogi das Cruzes,Alto Tiete,-23.5217,-46.186,18.67,23.73,15.07,83.25,25.33,11.41,15.53,0.43,2.39
2020-03-07,Mogi das Cruzes,Alto Tiete,-23.5217,-46.186,19.13,25.11,14.73,84.79,22.93,10.33,16.25,1.29,2.32
2020-03-08,Mogi das Cruzes,Alto Tiete,-23.5217,-46.186,19.81,25.52,15.23,86.72,17.25,8.04,17.34,7.14,2.11
2020-03-09,Mogi das Cruzes,Alto Tiete,-23.5217,-46.186,21.11,26.63,17.67,87.39,22.94,10.54,18.76,1.97,2.73
2020-03-10,Mogi das Cruzes,Alto Tiete,-23.5217,-46.186,21.58,27.43,17.52,86.0,23.89,10.95,18.92,0.23,2.23
2020-03-11,Mogi das Cruzes,Alto Tiete,-23.5217,-46.186,21.61,27.19,17.45,85.09,24.08,10.98,18.75,0.04,2.38
2020-03-12,Mogi das Cruzes,Alto Tiete,-23.5217,-46.186,21.58,27.23,17.46,85.13,23.48,10.74,18.71,0.01,2.24
2020-03-13,Mogi das Cruzes,Alto Tiete,-23.5217,-46.186,22.18,28.66,17.26,85.24,21.7,9.79,19.32,0.4,1.74
2020-03-14,Mogi das Cruzes,Alto Tiete,-23.5217,-46.186,22.92,28.5,19.06,85.63,22.74,10.42,20.07,0.33,1.95
2020-03-15,Mogi das Cruzes,Alto Tiete,-23.5217,-46.186,23.92,29.62,19.06,82.55,21.54,9.93,20.45,4.32,1.4
2020-03-16,Mogi das Cruzes,Alto Tiete,-23.5217,-46.186,24.36,29.19,20.44,80.82,21.56,10.0,20.6,7.52,1.42
2020-03-17,Mogi das Cruzes,Alto Tiete,-23.5217,-46.186,22.94,27.77,19.69,85.51,18.61,8.65,20.23,2.76,1.45
2020-03-18,Mogi das Cruzes,Alto Tiete,-23.5217,-46.186,22.88,28.82,18.79,84.85,22.37,10.33,19.91,0.55,1.54
2020-03-19,Mogi das Cruzes,Alto Tiete,-23.5217,-46.186,23.85,28.13,19.6,81.78,14.16,6.83,20.34,4.39,2.01
2020-03-20,Mogi das Cruzes,Alto Tiete,-23.5217,-46.186,22.71,26.34,20.34,88.95,11.88,5.74,20.73,7.46,2.47
2020-03-21,Mogi das Cruzes,Alto Tiete,-23.5217,-46.186,19.93,23.15,17.56,90.62,11.63,5.56,18.3,6.03,3.49
2020-03-22,Mogi das Cruzes,Alto Tiete,-23.5217,-46.186,19.22,23.84,16.35,84.63,22.5,10.21,16.39,1.41,2.9
2020-03-23,Mogi das Cruzes,Alto Tiete,-23.5217,-46.186,18.69,23.98,15.51,83.61,24.28,10.9,15.56,1.38,3.12
2020-03-24,Mogi das Cruzes,Alto Tiete,-23.5217,-46.186,18.56,24.0,14.95,83.71,23.03,10.41,15.46,0.22,2.9
2020-03-25,Mogi das Cruzes,Alto Tiete,-23.5217,-46.186,18.46,24.48,14.29,81.51,23.54,10.6,14.9,0.08,2.29
2020-03-26,Mogi das Cruzes,Alto Tiete,-23.5217,-46.186,19.28,25.48,14.64,81.83,23.86,10.65,15.7,0.13,2.44
2020-03-27,Mogi das Cruzes,Alto Tiete,-23.5217,-46.186,19.91,25.61,15.92,84.33,22.14,9.99,16.86,0.42,2.63
2020-03-28,Mogi das Cruzes,Alto Tiete,-23.5217,-46.186,20.97,27.14,16.89,85.4,19.66,9.11,18.13,0.65,1.76
2020-03-29,Mogi das Cruzes,Alto Tiete,-23.5217,-46.186,21.89,27.64,18.03,87.38,13.83,6.57,19.45,26.99,1.63
2020-03-30,Mogi das Cruzes,Alto Tiete,-23.5217,-46.186,21.58,26.56,18.99,89.18,18.8,8.71,19.57,1.63,1.86
2020-03-31,Mogi das Cruzes,Alto Tiete,-23.5217,-46.186,21.28,27.08,17.11,86.41,18.09,8.32,18.64,0.41,1.85
2020-04-01,Mogi das Cruzes,Alto Tiete,-23.5217,-46.186,21.37,26.71,17.66,86.68,20.45,9.45,18.82,0.19,2.31
2020-04-02,Mogi das Cruzes,Alto Tiete,-23.5217,-46.186,23.23,29.13,18.04,81.86,20.31,9.3,19.63,0.57,2.95
2020-04-03,Mogi das Cruzes,Alto Tiete,-23.5217,-46.186,21.06,27.44,14.01,80.2,13.97,6.59,17.35,4.31,3.89
2020-04-04,Mogi das Cruzes,Alto Tiete,-23.5217,-46.186,18.28,24.56,13.65,81.62,21.86,9.82,14.67,0.14,1.68
2020-04-05,Mogi das Cruzes,Alto Tiete,-23.5217,-46.186,19.17,25.83,15.2,81.17,22.82,10.22,15.4,0.15,1.78
2020-04-06,Mogi das Cruzes,Alto Tiete,-23.5217,-46.186,21.61,29.2,14.59,74.61,21.95,10.09,16.26,0.01,1.43
2020-04-07,Mogi das Cruzes,Alto Tiete,-23.5217,-46.186,20.07,24.68,17.71,86.5,9.92,4.8,17.7,2.33,2.41
2020-04-08,Mogi das Cruzes,Alto Tiete,-23.5217,-46.186,17.73,21.5,14.71,88.19,9.66,4.59,15.66,3.99,2.81
2020-04-09,Mogi das Cruzes,Alto Tiete,-23.5217,-46.186,16.79,22.41,13.24,80.74,21.47,9.64,13.13,0.7,2.1
2020-04-10,Mogi das Cruzes,Alto Tiete,-23.5217,-46.186,17.31,23.54,13.16,80.21,22.09,9.98,13.52,0.23,1.71
2020-04-11,Mogi das Cruzes,Alto Tiete,-23.5217,-46.186,17.38,22.82,14.51,85.23,16.27,7.46,14.68,0.7,2.04
2020-04-12,Mogi das Cruzes,Alto Tiete,-23.5217,-46.186,17.55,23.26,13.97,82.59,18.96,8.54,14.27,0.12,2.3
2020-04-13,Mogi das Cruzes,Alto Tiete,-23.5217,-46.186,18.63,25.48,14.09,84.41,20.06,9.0,15.63,0.18,1.85
2020-04-14,Mogi das Cruzes,Alto Tiete,-23.5217,-46.186,20.18,26.44,14.79,83.73,11.33,5.37,17.07,0.16,2.53
2020-04-15,Mogi das Cruzes,Alto Tiete,-23.5217,-46.186,20.04,25.04,16.67,84.69,14.73,6.77,17.14,0.23,1.77
2020-04-16,Mogi das Cruzes,Alto Tiete,-23.5217,-46.186,19.71,26.04,16.13,80.77,14.44,6.48,15.96,0.14,1.37
2020-04-17,Mogi das Cruzes,Alto Tiete,-23.5217,-46.186,17.75,22.81,15.15,82.09,13.26,6.01,14.39,0.14,2.4
2020-04-18,Mogi das Cruzes,Alto Tiete,-23.5217,-46.186,17.94,22.88,15.31,86.87,15.2,6.9,15.51,1.84,2.6
2020-04-19,Mogi das Cruzes,Alto Tiete,-23.5217,-46.186,18.63,24.25,15.57,85.53,17.57,7.99,15.87,1.03,2.5
2020-04-20,Mogi das Cruzes,Alto Tiete,-23.5217,-46.186,18.72,24.49,15.26,83.93,18.44,8.33,15.61,0.14,1.88
2020-04-21,Mogi das Cruzes,Alto Tiete,-23.5217,-46.186,18.8,25.22,14.58,80.02,19.25,8.57,14.64,0.11,1.61
2020-04-22,Mogi das Cruzes,Alto Tiete,-23.5217,-46.186,18.86,25.47,14.62,81.42,17.89,7.97,14.95,0.73,1.64
2020-04-23,Mogi das Cruzes,Alto Tiete,-23.5217,-46.186,18.88,25.01,15.02,84.29,18.15,8.05,15.75,1.25,1.98
2020-04-24,Mogi das Cruzes,Alto Tiete,-23.5217,-46.186,19.7,26.67,15.75,83.17,18.23,8.24,16.34,0.3,2.15
2020-04-25,Mogi das Cruzes,Alto Tiete,-23.5217,-46.186,20.18,28.1,14.86,79.05,19.07,8.61,15.78,0.32,1.57
2020-04-26,Mogi das Cruzes,Alto Tiete,-23.5217,-46.186,19.54,26.84,14.48,78.51,19.87,8.72,15.01,0.36,1.68
2020-04-27,Mogi das Cruzes,Alto Tiete,-23.5217,-46.186,18.93,24.64,15.52,82.7,19.02,8.54,15.49,1.66,2.45
2020-04-28,Mogi das Cruzes,Alto Tiete,-23.5217,-46.186,19.05,25.64,14.68,80.91,17.95,8.14,15.1,1.15,1.96
2020-04-29,Mogi das Cruzes,Alto Tiete,-23.5217,-46.186,19.67,26.66,13.46,69.15,19.25,8.71,13.08,0.01,1.49
2020-04-30,Mogi das Cruzes,Alto Tiete,-23.5217,-46.186,20.43,27.41,15.24,69.45,15.88,7.16,14.18,0.3,2.02
2020-05-01,Mogi das Cruzes,Alto Tiete,-23.5217,-46.186,20.48,26.36,16.8,80.57,15.74,7.14,16.61,0.41,1.12
2020-05-02,Mogi das Cruzes,Alto Tiete,-23.5217,-46.186,19.18,25.76,15.39,82.33,13.38,6.14,15.72,2.17,2.68
2020-05-03,Mogi das Cruzes,Alto Tiete,-23.5217,-46.186,16.35,20.97,13.73,82.24,15.55,6.98,13.07,0.45,2.47
2020-05-04,Mogi das Cruzes,Alto Tiete,-23.5217,-46.186,17.23,24.83,12.9,80.66,17.03,7.53,13.32,0.16,1.53
2020-05-05,Mogi das Cruzes,Alto Tiete,-23.5217,-46.186,18.75,26.52,12.46,70.39,17.23,7.5,12.36,0.01,2.59
2020-05-06,Mogi das Cruzes,Alto Tiete,-23.5217,-46.186,19.27,26.99,15.14,71.0,12.0,5.49,13.19,5.87,3.19
2020-05-07,Mogi das Cruzes,Alto Tiete,-23.5217,-46.186,15.12,18.33,13.28,86.72,6.23,2.99,12.82,5.17,3.27
2020-05-08,Mogi das Cruzes,Alto Tiete,-23.5217,-46.186,15.48,20.93,12.32,82.9,14.07,6.32,12.25,1.66,2.12
2020-05-09,Mogi das Cruzes,Alto Tiete,-23.5217,-46.186,16.58,24.09,12.32,80.22,18.84,8.31,12.44,0.25,1.72
2020-05-10,Mogi das Cruzes,Alto Tiete,-23.5217,-46.186,16.66,24.9,10.55,75.18,18.32,8.1,11.23,0.08,1.71
2020-05-11,Mogi das Cruzes,Alto Tiete,-23.5217,-46.186,17.9,25.68,11.79,69.66,18.73,8.24,11.53,0.53,2.01
2020-05-12,Mogi das Cruzes,Alto Tiete,-23.5217,-46.186,18.67,26.64,12.74,67.1,17.18,7.52,11.62,0.51,2.14
2020-05-13,Mogi das Cruzes,Alto Tiete,-23.5217,-46.186,19.41,26.39,14.08,71.52,10.14,4.67,13.6,0.33,2.8
2020-05-14,Mogi das Cruzes,Alto Tiete,-23.5217,-46.186,17.59,20.51,15.69,90.1,7.39,3.49,15.93,4.8,2.39
2020-05-15,Mogi das Cruzes,Alto Tiete,-23.5217,-46.186,16.08,19.47,14.1,91.13,6.8,3.26,14.57,5.11,2.41
2020-05-16,Mogi das Cruzes,Alto Tiete,-23.5217,-46.186,17.18,23.75,13.51,84.52,16.26,7.26,14.1,0.32,1.36
2020-05-17,Mogi das Cruzes,Alto Tiete,-23.5217,-46.186,17.22,24.95,12.53,75.23,17.7,7.72,11.5,0.21,0.98
2020-05-18,Mogi das Cruzes,Alto Tiete,-23.5217,-46.186,16.47,24.36,11.11,82.67,16.31,7.18,12.83,0.29,1.56
2020-05-19,Mogi das Cruzes,Alto Tiete,-23.5217,-46.186,18.52,25.49,14.07,84.06,16.35,7.3,15.58,0.18,2.22
2020-05-20,Mogi das Cruzes,Alto Tiete,-23.5217,-46.186,19.1,26.44,14.27,79.56,16.23,7.31,14.95,0.04,1.67
2020-05-21,Mogi das Cruzes,Alto Tiete,-23.5217,-46.186,19.08,26.35,13.28,76.7,15.52,6.99,14.28,0.09,1.43
2020-05-22,Mogi das Cruzes,Alto Tiete,-23.5217,-46.186,20.46,27.57,15.35,70.43,11.05,5.06,14.37,0.01,3.35
2020-05-23,Mogi das Cruzes,Alto Tiete,-23.5217,-46.186,20.35,25.4,15.43,81.63,4.54,2.26,17.03,3.16,4.36
2020-05-24,Mogi das Cruzes,Alto Tiete,-23.5217,-46.186,13.76,17.75,10.08,76.23,7.43,3.51,9.35,0.0,3.55
2020-05-25,Mogi das Cruzes,Alto Tiete,-23.5217,-46.186,13.48,20.02,8.78,69.51,16.6,7.21,7.19,0.02,4.31
2020-05-26,Mogi das Cruzes,Alto Tiete,-23.5217,-46.186,13.09,20.02,7.66,65.16,17.52,7.6,5.92,0.01,3.24
2020-05-27,Mogi das Cruzes,Alto Tiete,-23.5217,-46.186,12.66,20.45,6.39,73.18,17.43,7.57,7.37,0.02,2.42
2020-05-28,Mogi das Cruzes,Alto Tiete,-23.5217,-46.186,14.06,21.65,9.75,81.01,16.57,7.2,10.39,0.21,1.5
2020-05-29,Mogi das Cruzes,Alto Tiete,-23.5217,-46.186,15.73,26.51,7.93,73.1,16.8,7.25,9.67,0.09,1.21
2020-05-30,Mogi das Cruzes,Alto Tiete,-23.5217,-46.186,16.55,25.4,9.62,64.24,17.03,7.34,8.81,0.69,1.9
2020-05-31,Mogi das Cruzes,Alto Tiete,-23.5217,-46.186,16.44,24.46,11.18,65.46,16.67,7.23,9.19,0.3,2.62
2020-06-01,Mogi das Cruzes,Alto Tiete,-23.5217,-46.186,17.62,25.83,11.74,67.11,15.92,7.15,10.73,0.37,2.22
2020-06-02,Mogi das Cruzes,Alto Tiete,-23.5217,-46.186,15.6,19.11,12.07,85.11,6.01,2.86,13.0,4.85,1.72
2020-06-03,Mogi das Cruzes,Alto Tiete,-23.5217,-46.186,16.76,20.97,14.29,91.94,8.6,3.95,15.36,7.64,1.57
2020-06-04,Mogi das Cruzes,Alto Tiete,-23.5217,-46.186,17.62,22.53,14.93,92.0,8.18,3.8,16.21,4.62,2.09
2020-06-05,Mogi das Cruzes,Alto Tiete,-23.5217,-46.186,18.51,23.93,15.8,89.89,7.67,3.62,16.66,2.12,1.55
2020-06-06,Mogi das Cruzes,Alto Tiete,-23.5217,-46.186,20.04,26.2,15.65,83.12,8.54,3.98,16.78,8.84,2.06
2020-06-07,Mogi das Cruzes,Alto Tiete,-23.5217,-46.186,19.7,25.04,16.26,84.53,13.13,5.97,16.79,19.71,1.5
2020-06-08,Mogi das Cruzes,Alto Tiete,-23.5217,-46.186,19.28,25.64,14.7,81.74,13.32,6.01,15.83,0.62,1.61
2020-06-09,Mogi das Cruzes,Alto Tiete,-23.5217,-46.186,20.87,26.58,16.64,79.65,9.09,4.25,17.02,2.75,1.88
2020-06-10,Mogi das Cruzes,Alto Tiete,-23.5217,-46.186,21.63,27.5,18.21,82.27,9.13,4.26,18.22,3.05,2.87
2020-06-11,Mogi das Cruzes,Alto Tiete,-23.5217,-46.186,21.45,27.73,17.56,73.28,13.9,6.34,16.15,0.12,3.44
2020-06-12,Mogi das Cruzes,Alto Tiete,-23.5217,-46.186,21.95,28.31,16.63,70.97,13.83,6.21,16.09,0.16,1.49
2020-06-13,Mogi das Cruzes,Alto Tiete,-23.5217,-46.186,21.61,28.02,17.17,70.7,14.84,6.67,15.6,0.25,2.47
2020-06-14,Mogi das Cruzes,Alto Tiete,-23.5217,-46.186,16.52,18.41,14.29,89.52,5.24,2.55,14.73,2.72,3.49
2020-06-15,Mogi das Cruzes,Alto Tiete,-23.5217,-46.186,16.79,21.88,14.07,87.53,10.25,4.7,14.51,1.41,2.57
2020-06-16,Mogi das Cruzes,Alto Tiete,-23.5217,-46.186,17.65,23.87,13.79,86.25,11.75,5.29,14.96,0.22,2.1
2020-06-17,Mogi das Cruzes,Alto Tiete,-23.5217,-46.186,18.03,24.87,13.71,81.79,13.66,6.04,14.46,0.15,1.66
2020-06-18,Mogi das Cruzes,Alto Tiete,-23.5217,-46.186,17.74,24.72,12.6,73.32,14.92,6.53,12.36,0.1,2.44
2020-06-19,Mogi das Cruzes,Alto Tiete,-23.5217,-46.186,19.1,25.9,14.31,69.46,15.87,7.04,12.93,0.08,2.59
2020-06-20,Mogi das Cruzes,Alto Tiete,-23.5217,-46.186,19.54,26.82,13.51,66.54,16.12,7.05,12.62,0.02,2.12
2020-06-21,Mogi das Cruzes,Alto Tiete,-23.5217,-46.186,20.46,27.63,15.5,72.61,14.46,6.52,14.9,0.08,2.29
2020-06-22,Mogi das Cruzes,Alto Tiete,-23.5217,-46.186,19.63,27.13,14.39,67.07,15.13,6.64,12.64,0.01,1.38
2020-06-23,Mogi das Cruzes,Alto Tiete,-23.5217,-46.186,19.13,26.07,13.68,67.46,13.68,6.07,12.33,0.05,1.3
2020-06-24,Mogi das Cruzes,Alto Tiete,-23.5217,-46.186,19.13,26.54,13.49,67.0,14.88,6.51,12.18,0.0,2.38
2020-06-25,Mogi das Cruzes,Alto Tiete,-23.5217,-46.186,20.19,27.02,14.91,69.16,13.16,5.91,13.92,0.04,3.35
2020-06-26,Mogi das Cruzes,Alto Tiete,-23.5217,-46.186,17.23,18.86,15.54,90.95,5.06,2.5,15.72,21.3,2.33
2020-06-27,Mogi das Cruzes,Alto Tiete,-23.5217,-46.186,14.34,17.54,12.38,91.55,2.54,1.33,12.97,16.03,2.79
2020-06-28,Mogi das Cruzes,Alto Tiete,-23.5217,-46.186,14.3,18.16,12.11,89.59,7.5,3.5,12.5,1.11,2.62
2020-06-29,Mogi das Cruzes,Alto Tiete,-23.5217,-46.186,16.18,21.7,12.96,88.01,11.79,5.29,13.95,0.32,2.12
2020-06-30,Mogi das Cruzes,Alto Tiete,-23.5217,-46.186,18.93,24.34,13.83,72.93,12.07,5.45,13.54,0.02,4.59
2020-07-01,Mogi das Cruzes,Alto Tiete,-23.5217,-46.186,17.1,21.06,10.49,68.28,11.98,5.42,10.8,1.62,4.82
2020-07-02,Mogi das Cruzes,Alto Tiete,-23.5217,-46.186,13.61,19.26,10.59,81.85,14.34,6.42,10.21,1.03,1.18
2020-07-03,Mogi das Cruzes,Alto Tiete,-23.5217,-46.186,13.46,18.32,11.12,83.75,11.96,5.32,10.52,0.39,1.56
2020-07-04,Mogi das Cruzes,Alto Tiete,-23.5217,-46.186,15.79,24.54,9.48,81.54,16.09,7.06,11.91,0.25,1.32
2020-07-05,Mogi das Cruzes,Alto Tiete,-23.5217,-46.186,17.83,26.41,11.35,75.25,14.09,6.29,12.77,0.09,2.41
2020-07-06,Mogi das Cruzes,Alto Tiete,-23.5217,-46.186,18.95,25.09,15.71,77.59,13.44,6.08,14.59,0.36,2.45
2020-07-07,Mogi das Cruzes,Alto Tiete,-23.5217,-46.186,20.01,28.21,14.6,73.15,15.0,6.69,14.17,0.17,1.6
2020-07-08,Mogi das Cruzes,Alto Tiete,-23.5217,-46.186,19.79,27.11,14.91,61.05,15.04,6.7,11.64,0.01,3.73
2020-07-09,Mogi das Cruzes,Alto Tiete,-23.5217,-46.186,16.99,22.73,11.96,76.92,13.04,5.77,12.56,0.45,2.36
2020-07-10,Mogi das Cruzes,Alto Tiete,-23.5217,-46.186,16.25,24.64,11.25,81.62,15.33,6.71,12.62,0.04,1.65
2020-07-11,Mogi das Cruzes,Alto Tiete,-23.5217,-46.186,19.82,27.46,14.21,73.97,14.92,6.72,14.43,0.0,2.48
2020-07-12,Mogi das Cruzes,Alto Tiete,-23.5217,-46.186,20.6,27.76,15.69,65.58,15.27,6.82,13.42,0.0,3.39
2020-07-13,Mogi das Cruzes,Alto Tiete,-23.5217,-46.186,20.88,27.58,15.7,66.57,13.89,6.24,13.97,0.1,2.14
2020-07-14,Mogi das Cruzes,Alto Tiete,-23.5217,-46.186,16.87,20.54,13.51,86.07,6.33,3.03,14.43,2.6,2.75
2020-07-15,Mogi das Cruzes,Alto Tiete,-23.5217,-46.186,14.23,18.14,12.44,88.66,5.9,2.8,12.29,1.84,2.7
2020-07-16,Mogi das Cruzes,Alto Tiete,-23.5217,-46.186,15.82,22.34,12.15,85.72,9.5,4.35,13.15,0.72,1.88
2020-07-17,Mogi das Cruzes,Alto Tiete,-23.5217,-46.186,18.06,25.83,13.07,84.19,10.91,4.97,14.89,0.14,1.69
2020-07-18,Mogi das Cruzes,Alto Tiete,-23.5217,-46.186,18.23,26.03,13.35,79.46,14.59,6.62,13.92,0.02,1.81
2020-07-19,Mogi das Cruzes,Alto Tiete,-23.5217,-46.186,17.27,25.28,11.18,79.88,15.84,7.1,13.23,0.01,1.52
2020-07-20,Mogi das Cruzes,Alto Tiete,-23.5217,-46.186,17.98,26.44,11.43,67.86,17.27,7.54,11.12,0.0,1.73
2020-07-21,Mogi das Cruzes,Alto Tiete,-23.5217,-46.186,18.97,27.13,12.97,65.56,17.11,7.57,11.66,0.0,1.92
2020-07-22,Mogi das Cruzes,Alto Tiete,-23.5217,-46.186,18.67,26.6,12.88,67.94,17.11,7.54,11.98,0.01,1.69
2020-07-23,Mogi das Cruzes,Alto Tiete,-23.5217,-46.186,18.46,27.53,12.46,71.97,16.9,7.46,12.39,0.89,1.44
2020-07-24,Mogi das Cruzes,Alto Tiete,-23.5217,-46.186,18.82,27.22,11.98,65.66,16.91,7.41,11.1,0.05,1.5
2020-07-25,Mogi das Cruzes,Alto Tiete,-23.5217,-46.186,19.55,27.9,13.92,65.61,17.61,7.74,12.05,0.36,3.24
2020-07-26,Mogi das Cruzes,Alto Tiete,-23.5217,-46.186,17.46,22.75,14.9,85.77,10.25,4.59,14.76,0.83,2.66
2020-07-27,Mogi das Cruzes,Alto Tiete,-23.5217,-46.186,19.44,27.64,13.46,73.23,17.28,7.73,13.59,0.26,1.91
2020-07-28,Mogi das Cruzes,Alto Tiete,-23.5217,-46.186,21.6,28.98,15.97,63.68,16.8,7.5,13.72,0.11,2.74
2020-07-29,Mogi das Cruzes,Alto Tiete,-23.5217,-46.186,15.77,19.12,13.33,88.2,6.37,2.99,13.73,4.29,3.58
2020-07-30,Mogi das Cruzes,Alto Tiete,-23.5217,-46.186,14.04,16.94,12.26,89.93,7.06,3.29,12.35,8.02,3.62
2020-07-31,Mogi das Cruzes,Alto Tiete,-23.5217,-46.186,16.08,22.31,13.09,84.85,12.28,5.59,13.17,1.02,3.14
2020-08-01,Mogi das Cruzes,Alto Tiete,-23.5217,-46.186,16.99,24.02,12.85,81.58,14.11,6.32,13.24,0.1,2.14
2020-08-02,Mogi das Cruzes,Alto Tiete,-23.5217,-46.186,16.4,23.63,12.16,79.25,16.61,7.33,12.11,0.03,2.1
2020-08-03,Mogi das Cruzes,Alto Tiete,-23.5217,-46.186,16.18,24.11,11.09,79.99,16.24,7.2,11.98,0.02,1.7
2020-08-04,Mogi das Cruzes,Alto Tiete,-23.5217,-46.186,16.26,24.46,10.58,78.14,17.8,7.75,11.56,0.04,1.92
2020-08-05,Mogi das Cruzes,Alto Tiete,-23.5217,-46.186,16.12,24.58,10.47,77.02,18.7,8.09,11.16,0.04,2.06
2020-08-06,Mogi das Cruzes,Alto Tiete,-23.5217,-46.186,15.86,24.67,9.33,76.56,18.53,8.05,10.76,0.01,1.9
2020-08-07,Mogi das Cruzes,Alto Tiete,-23.5217,-46.186,16.27,25.64,8.99,72.35,18.93,8.25,9.89,0.0,1.63
2020-08-08,Mogi das Cruzes,Alto Tiete,-23.5217,-46.186,17.35,25.73,11.78,76.68,17.95,7.87,12.21,0.02,1.58
2020-08-09,Mogi das Cruzes,Alto Tiete,-23.5217,-46.186,18.24,26.11,12.32,74.81,15.72,6.94,12.7,0.03,1.42
2020-08-10,Mogi das Cruzes,Alto Tiete,-23.5217,-46.186,19.18,27.7,12.31,59.98,18.73,8.16,9.94,0.0,1.71
2020-08-11,Mogi das Cruzes,Alto Tiete,-23.5217,-46.186,20.86,28.24,14.3,55.88,16.07,7.15,11.04,0.02,2.3
2020-08-12,Mogi das Cruzes,Alto Tiete,-23.5217,-46.186,20.28,29.26,14.14,67.31,17.99,7.97,12.49,0.06,1.02
2020-08-13,Mogi das Cruzes,Alto Tiete,-23.5217,-46.186,22.57,30.67,16.63,59.93,15.27,6.83,13.51,0.48,2.58
2020-08-14,Mogi das Cruzes,Alto Tiete,-23.5217,-46.186,22.03,29.22,16.47,68.73,14.06,6.36,15.52,0.54,1.75
2020-08-15,Mogi das Cruzes,Alto Tiete,-23.5217,-46.186,22.68,28.99,19.06,67.75,8.35,4.0,15.88,1.67,2.64
2020-08-16,Mogi das Cruzes,Alto Tiete,-23.5217,-46.186,17.63,18.52,16.29,90.73,5.29,2.67,16.07,9.53,2.19
2020-08-17,Mogi das Cruzes,Alto Tiete,-23.5217,-46.186,19.66,26.36,15.83,83.3,5.29,2.58,16.33,7.03,1.42
2020-08-18,Mogi das Cruzes,Alto Tiete,-23.5217,-46.186,19.94,25.79,16.81,85.49,3.68,1.91,17.1,6.22,1.84
2020-08-19,Mogi das Cruzes,Alto Tiete,-23.5217,-46.186,21.36,30.52,16.84,79.62,13.03,5.84,17.04,1.12,2.45
2020-08-20,Mogi das Cruzes,Alto Tiete,-23.5217,-46.186,15.44,18.47,13.07,89.31,2.67,1.4,13.63,6.42,3.92
2020-08-21,Mogi das Cruzes,Alto Tiete,-23.5217,-46.186,11.73,13.19,10.02,89.22,2.75,1.42,9.99,10.33,3.65
2020-08-22,Mogi das Cruzes,Alto Tiete,-23.5217,-46.186,11.9,14.4,10.18,89.35,9.33,4.39,10.16,3.26,3.4
2020-08-23,Mogi das Cruzes,Alto Tiete,-23.5217,-46.186,13.94,19.99,10.28,80.41,18.32,8.12,10.11,0.1,3.0
2020-08-24,Mogi das Cruzes,Alto Tiete,-23.5217,-46.186,14.45,21.13,10.43,76.9,20.11,8.77,9.73,0.04,2.89
2020-08-25,Mogi das Cruzes,Alto Tiete,-23.5217,-46.186,14.03,20.43,10.35,79.19,18.81,8.28,9.99,0.05,2.75
2020-08-26,Mogi das Cruzes,Alto Tiete,-23.5217,-46.186,14.72,23.36,8.09,75.72,22.08,9.52,9.6,0.02,2.35
2020-08-27,Mogi das Cruzes,Alto Tiete,-23.5217,-46.186,17.41,27.82,9.58,76.04,21.71,9.5,11.97,0.02,1.85
2020-08-28,Mogi das Cruzes,Alto Tiete,-23.5217,-46.186,19.49,29.0,11.94,74.59,21.64,9.49,13.58,0.01,1.62
2020-08-29,Mogi das Cruzes,Alto Tiete,-23.5217,-46.186,21.33,30.34,14.37,65.91,21.63,9.51,13.63,0.0,1.6
2020-08-30,Mogi das Cruzes,Alto Tiete,-23.5217,-46.186,22.17,31.48,16.83,61.66,21.63,9.62,13.19,0.0,2.57
2020-08-31,Mogi das Cruzes,Alto Tiete,-23.5217,-46.186,19.57,25.25,16.66,83.63,15.86,7.17,16.41,0.05,2.92
2020-09-01,Mogi das Cruzes,Alto Tiete,-23.5217,-46.186,19.31,25.3,16.32,83.58,12.22,5.51,16.11,0.04,3.52
2020-09-02,Mogi das Cruzes,Alto Tiete,-23.5217,-46.186,19.9,27.09,15.64,79.12,17.46,7.83,15.5,0.01,2.86
2020-09-03,Mogi das Cruzes,Alto Tiete,-23.5217,-46.186,22.34,30.5,15.33,62.61,22.12,9.86,13.44,0.0,2.14
2020-09-04,Mogi das Cruzes,Alto Tiete,-23.5217,-46.186,22.44,32.12,16.92,62.0,19.87,8.88,13.45,0.01,2.84
2020-09-05,Mogi das Cruzes,Alto Tiete,-23.5217,-46.186,21.72,30.25,16.69,75.36,20.77,9.23,16.01,0.01,1.89
2020-09-06,Mogi das Cruzes,Alto Tiete,-23.5217,-46.186,22.55,32.69,14.62,59.13,22.09,9.75,12.43,0.0,1.88
2020-09-07,Mogi das Cruzes,Alto Tiete,-23.5217,-46.186,21.27,30.18,16.42,76.32,19.33,8.51,15.93,0.01,1.97
2020-09-08,Mogi das Cruzes,Alto Tiete,-23.5217,-46.186,21.22,31.16,16.0,74.84,16.71,7.28,15.27,0.0,1.64
2020-09-09,Mogi das Cruzes,Alto Tiete,-23.5217,-46.186,21.56,31.09,15.61,75.55,16.46,7.2,15.94,0.01,1.95
2020-09-10,Mogi das Cruzes,Alto Tiete,-23.5217,-46.186,24.21,34.81,17.18,66.68,21.12,9.32,15.49,0.01,2.27
2020-09-11,Mogi das Cruzes,Alto Tiete,-23.5217,-46.186,23.78,32.64,17.89,66.63,18.24,8.13,15.54,0.01,1.06
2020-09-12,Mogi das Cruzes,Alto Tiete,-23.5217,-46.186,26.48,35.77,19.5,47.88,19.8,8.65,12.75,0.02,1.9
2020-09-13,Mogi das Cruzes,Alto Tiete,-23.5217,-46.186,24.96,34.19,18.69,49.63,20.98,9.18,12.17,0.0,1.58
2020-09-14,Mogi das Cruzes,Alto Tiete,-23.5217,-46.186,24.16,34.16,18.17,50.69,21.25,9.11,11.17,0.25,3.53
2020-09-15,Mogi das Cruzes,Alto Tiete,-23.5217,-46.186,18.81,25.23,15.82,79.16,11.01,4.97,14.68,0.9,4.07
2020-09-16,Mogi das Cruzes,Alto Tiete,-23.5217,-46.186,22.59,32.81,15.67,68.38,19.57,8.58,14.81,0.03,1.89
2020-09-17,Mogi das Cruzes,Alto Tiete,-23.5217,-46.186,23.95,34.6,18.4,59.92,19.11,8.38,13.67,0.02,2.85
2020-09-18,Mogi das Cruzes,Alto Tiete,-23.5217,-46.186,23.07,32.2,16.27,65.78,8.5,3.86,14.87,0.02,1.69
2020-09-19,Mogi das Cruzes,Alto Tiete,-23.5217,-46.186,24.36,32.26,19.82,59.02,15.4,6.44,14.68,0.11,2.06
2020-09-20,Mogi das Cruzes,Alto Tiete,-23.5217,-46.186,19.29,24.52,15.74,83.78,5.51,2.67,16.24,2.74,3.63
2020-09-21,Mogi das Cruzes,Alto Tiete,-23.5217,-46.186,16.89,21.47,14.59,86.15,5.34,2.58,14.4,5.06,3.91
2020-09-22,Mogi das Cruzes,Alto Tiete,-23.5217,-46.186,15.79,19.64,14.28,87.58,6.66,3.36,13.62,12.59,4.03
2020-09-23,Mogi das Cruzes,Alto Tiete,-23.5217,-46.186,18.29,24.55,14.47,80.71,13.27,6.14,14.47,0.55,3.05
2020-09-24,Mogi das Cruzes,Alto Tiete,-23.5217,-46.186,20.21,28.8,14.67,77.11,21.39,9.61,15.18,0.06,2.19
2020-09-25,Mogi das Cruzes,Alto Tiete,-23.5217,-46.186,21.33,30.36,15.51,75.23,22.79,10.07,15.67,0.03,1.9
2020-09-26,Mogi das Cruzes,Alto Tiete,-23.5217,-46.186,23.4,33.21,16.41,68.92,24.2,10.86,15.87,0.01,1.47
2020-09-27,Mogi das Cruzes,Alto Tiete,-23.5217,-46.186,26.72,36.22,18.21,50.52,24.34,10.82,13.75,0.08,2.46
2020-09-28,Mogi das Cruzes,Alto Tiete,-23.5217,-46.186,25.49,34.27,20.37,61.38,12.57,5.85,16.34,0.42,2.56
2020-09-29,Mogi das Cruzes,Alto Tiete,-23.5217,-46.186,22.13,28.76,18.62,78.78,15.01,6.86,17.73,0.55,2.98
2020-09-30,Mogi das Cruzes,Alto Tiete,-23.5217,-46.186,26.66,38.16,18.0,65.7,22.5,10.09,17.12,0.34,1.52
2020-10-01,Mogi das Cruzes,Alto Tiete,-23.5217,-46.186,28.74,38.62,20.24,59.22,23.35,10.3,17.59,0.37,1.73
2020-10-02,Mogi das Cruzes,Alto Tiete,-23.5217,-46.186,30.75,38.7,23.67,43.93,22.34,9.74,15.76,0.21,2.39
2020-10-03,Mogi das Cruzes,Alto Tiete,-23.5217,-46.186,23.01,28.85,19.08,77.27,11.04,5.08,18.46,2.65,3.82
2020-10-04,Mogi das Cruzes,Alto Tiete,-23.5217,-46.186,21.16,28.89,18.06,80.66,12.63,5.88,17.25,2.11,4.23
2020-10-05,Mogi das Cruzes,Alto Tiete,-23.5217,-46.186,24.81,36.48,17.28,67.95,22.33,10.05,16.94,0.13,2.3
2020-10-06,Mogi das Cruzes,Alto Tiete,-23.5217,-46.186,26.75,36.76,20.17,60.63,21.43,9.51,17.05,0.39,2.52
2020-10-07,Mogi das Cruzes,Alto Tiete,-23.5217,-46.186,26.56,38.85,19.36,62.57,19.91,8.83,16.96,1.22,1.88
2020-10-08,Mogi das Cruzes,Alto Tiete,-23.5217,-46.186,24.16,34.79,19.21,71.07,9.59,4.39,17.64,9.61,3.14
2020-10-09,Mogi das Cruzes,Alto Tiete,-23.5217,-46.186,20.2,25.76,16.46,85.2,2.59,1.27,17.48,12.47,2.92
2020-10-10,Mogi das Cruzes,Alto Tiete,-23.5217,-46.186,18.71,25.23,13.83,74.03,22.99,10.15,13.35,0.09,3.15
2020-10-11,Mogi das Cruzes,Alto Tiete,-23.5217,-46.186,17.7,25.89,12.01,68.48,27.4,12.1,10.92,0.2,3.21
2020-10-12,Mogi das Cruzes,Alto Tiete,-23.5217,-46.186,19.81,29.13,13.3,72.3,26.81,11.77,13.63,0.18,2.25
2020-10-13,Mogi das Cruzes,Alto Tiete,-23.5217,-46.186,23.15,33.61,13.93,64.02,24.96,11.08,13.62,0.12,1.57
2020-10-14,Mogi das Cruzes,Alto Tiete,-23.5217,-46.186,23.09,32.52,17.4,72.02,21.75,9.65,16.75,1.18,2.32
2020-10-15,Mogi das Cruzes,Alto Tiete,-23.5217,-46.186,19.59,25.83,15.26,80.54,5.24,2.59,15.83,2.98,3.08
2020-10-16,Mogi das Cruzes,Alto Tiete,-23.5217,-46.186,17.8,23.04,14.79,79.57,7.82,3.93,13.88,1.24,3.54
2020-10-17,Mogi das Cruzes,Alto Tiete,-23.5217,-46.186,18.01,25.06,12.71,68.29,14.48,6.58,11.33,0.16,3.31
2020-10-18,Mogi das Cruzes,Alto Tiete,-23.5217,-46.186,19.55,26.8,14.68,76.26,20.14,9.23,14.7,0.18,3.01
2020-10-19,Mogi das Cruzes,Alto Tiete,-23.5217,-46.186,21.42,27.78,17.22,77.86,17.85,8.3,16.87,3.65,1.59
2020-10-20,Mogi das Cruzes,Alto Tiete,-23.5217,-46.186,22.31,29.22,17.84,78.92,17.74,8.23,17.92,7.64,1.43
2020-10-21,Mogi das Cruzes,Alto Tiete,-23.5217,-46.186,21.5,27.53,17.86,80.38,19.49,8.93,17.51,1.14,2.84
2020-10-22,Mogi das Cruzes,Alto Tiete,-23.5217,-46.186,20.71,27.97,16.89,76.99,21.89,9.95,15.9,0.74,4.07
2020-10-23,Mogi das Cruzes,Alto Tiete,-23.5217,-46.186,21.42,30.38,16.2,70.29,26.35,12.0,14.72,0.29,3.35
2020-10-24,Mogi das Cruzes,Alto Tiete,-23.5217,-46.186,21.21,26.09,17.52,78.4,11.07,5.45,16.9,2.73,1.53
2020-10-25,Mogi das Cruzes,Alto Tiete,-23.5217,-46.186,21.8,28.41,17.91,78.01,16.96,7.96,17.18,2.66,1.94
2020-10-26,Mogi das Cruzes,Alto Tiete,-23.5217,-46.186,21.73,29.03,16.89,75.43,21.27,9.65,16.43,1.47,2.65
2020-10-27,Mogi das Cruzes,Alto Tiete,-23.5217,-46.186,24.37,32.84,16.83,67.41,23.3,10.64,16.58,0.02,2.24
2020-10-28,Mogi das Cruzes,Alto Tiete,-23.5217,-46.186,24.77,34.41,17.46,56.24,30.44,13.38,12.86,0.0,2.44
2020-10-29,Mogi das Cruzes,Alto Tiete,-23.5217,-46.186,23.58,33.8,17.76,65.48,22.82,10.33,15.03,1.95,1.94
2020-10-30,Mogi das Cruzes,Alto Tiete,-23.5217,-46.186,18.86,22.13,15.51,87.17,5.07,2.69,16.59,17.03,4.48
2020-10-31,Mogi das Cruzes,Alto Tiete,-23.5217,-46.186,17.44,21.79,14.82,82.61,9.93,4.86,14.23,4.09,4.36
2020-11-01,Mogi das Cruzes,Alto Tiete,-23.5217,-46.186,16.43,21.06,13.4,77.67,12.57,6.0,12.23,1.15,3.84
2020-11-02,Mogi das Cruzes,Alto Tiete,-23.5217,-46.186,16.48,22.53,12.31,67.82,22.11,9.93,9.99,0.03,3.03
2020-11-03,Mogi das Cruzes,Alto Tiete,-23.5217,-46.186,16.42,22.17,11.69,77.09,20.47,9.31,12.09,0.53,2.16
2020-11-04,Mogi das Cruzes,Alto Tiete,-23.5217,-46.186,17.83,25.22,12.94,74.66,23.74,10.67,12.46,2.47,2.57
2020-11-05,Mogi das Cruzes,Alto Tiete,-23.5217,-46.186,17.07,22.25,13.78,80.59,19.89,9.09,13.29,2.09,2.42
2020-11-06,Mogi das Cruzes,Alto Tiete,-23.5217,-46.186,18.02,25.42,12.98,73.03,27.7,12.25,12.24,0.18,2.55
2020-11-07,Mogi das Cruzes,Alto Tiete,-23.5217,-46.186,19.89,30.87,12.95,67.82,27.96,12.34,12.37,0.07,2.03
2020-11-08,Mogi das Cruzes,Alto Tiete,-23.5217,-46.186,20.84,30.81,13.36,67.6,28.8,12.8,12.84,0.01,2.12
2020-11-09,Mogi das Cruzes,Alto Tiete,-23.5217,-46.186,21.85,32.28,15.86,77.26,22.71,10.11,16.73,4.26,2.66
2020-11-10,Mogi das Cruzes,Alto Tiete,-23.5217,-46.186,21.67,27.36,18.1,83.11,14.7,7.01,18.33,5.48,1.49
2020-11-11,Mogi das Cruzes,Alto Tiete,-23.5217,-46.186,22.48,29.54,18.86,80.31,17.93,8.33,18.34,4.48,1.35
2020-11-12,Mogi das Cruzes,Alto Tiete,-23.5217,-46.186,21.7,25.67,18.94,84.32,17.62,8.24,18.72,5.83,1.32
2020-11-13,Mogi das Cruzes,Alto Tiete,-23.5217,-46.186,21.65,26.35,18.84,84.09,17.9,8.35,18.61,2.86,1.09
2020-11-14,Mogi das Cruzes,Alto Tiete,-23.5217,-46.186,22.62,28.71,18.62,78.48,22.58,10.44,18.11,0.62,1.32
2020-11-15,Mogi das Cruzes,Alto Tiete,-23.5217,-46.186,25.08,32.82,18.02,67.53,28.1,12.7,17.4,0.28,2.03
2020-11-16,Mogi das Cruzes,Alto Tiete,-23.5217,-46.186,25.31,31.88,19.83,70.6,19.29,9.1,18.92,5.39,2.14
2020-11-17,Mogi das Cruzes,Alto Tiete,-23.5217,-46.186,22.11,27.51,17.57,82.55,10.72,5.23,18.82,9.25,2.91
2020-11-18,Mogi das Cruzes,Alto Tiete,-23.5217,-46.186,18.39,25.13,15.91,85.41,11.69,5.81,15.74,19.13,3.06
2020-11-19,Mogi das Cruzes,Alto Tiete,-23.5217,-46.186,17.86,21.03,15.22,87.41,10.11,5.02,15.64,4.71,3.16
2020-11-20,Mogi das Cruzes,Alto Tiete,-23.5217,-46.186,17.9,23.33,14.48,81.36,20.31,9.34,14.33,1.18,3.08
2020-11-21,Mogi das Cruzes,Alto Tiete,-23.5217,-46.186,19.09,26.08,13.98,74.75,27.28,12.27,13.89,0.06,2.55
2020-11-22,Mogi das Cruzes,Alto Tiete,-23.5217,-46.186,19.89,26.64,14.61,75.65,24.77,11.13,14.82,0.12,2.7
2020-11-23,Mogi das Cruzes,Alto Tiete,-23.5217,-46.186,20.57,27.56,16.07,77.47,25.64,11.37,15.87,0.27,3.57
2020-11-24,Mogi das Cruzes,Alto Tiete,-23.5217,-46.186,22.18,29.55,16.89,75.96,25.77,11.72,16.98,0.26,2.98
2020-11-25,Mogi das Cruzes,Alto Tiete,-23.5217,-46.186,24.08,32.18,17.15,69.61,28.61,12.91,16.97,0.09,2.25
2020-11-26,Mogi das Cruzes,Alto Tiete,-23.5217,-46.186,25.64,33.14,18.76,68.27,25.53,11.72,18.17,3.77,1.43
2020-11-27,Mogi das Cruzes,Alto Tiete,-23.5217,-46.186,24.33,32.32,18.51,72.19,24.94,11.29,17.94,0.73,2.48
2020-11-28,Mogi das Cruzes,Alto Tiete,-23.5217,-46.186,23.6,30.89,19.17,72.26,27.85,12.71,17.27,0.49,2.29
2020-11-29,Mogi das Cruzes,Alto Tiete,-23.5217,-46.186,25.6,33.19,18.99,69.2,26.82,12.37,18.3,2.55,1.65
2020-11-30,Mogi das Cruzes,Alto Tiete,-23.5217,-46.186,25.72,33.74,19.96,73.57,21.47,10.03,19.63,8.23,2.05
2020-12-01,Mogi das Cruzes,Alto Tiete,-23.5217,-46.186,22.92,28.13,19.6,81.33,20.46,9.61,19.25,7.96,1.85
2020-12-02,Mogi das Cruzes,Alto Tiete,-23.5217,-46.186,23.46,28.76,19.3,78.64,18.17,8.53,19.07,0.92,1.53
2020-12-03,Mogi das Cruzes,Alto Tiete,-23.5217,-46.186,26.06,33.64,19.8,69.13,20.57,9.6,19.04,1.16,2.81
2020-12-04,Mogi das Cruzes,Alto Tiete,-23.5217,-46.186,24.28,30.32,20.67,78.06,22.54,10.47,19.74,1.31,3.01
2020-12-05,Mogi das Cruzes,Alto Tiete,-23.5217,-46.186,21.92,27.96,18.73,82.35,14.2,6.87,18.48,4.79,3.49
2020-12-06,Mogi das Cruzes,Alto Tiete,-23.5217,-46.186,20.71,25.72,18.36,86.43,11.27,5.56,18.2,10.83,3.34
2020-12-07,Mogi das Cruzes,Alto Tiete,-23.5217,-46.186,21.61,27.06,18.58,85.83,12.77,6.28,18.93,13.33,2.71
2020-12-08,Mogi das Cruzes,Alto Tiete,-23.5217,-46.186,22.4,27.87,19.24,84.23,18.85,8.76,19.31,5.34,1.86
2020-12-09,Mogi das Cruzes,Alto Tiete,-23.5217,-46.186,21.25,25.92,18.03,81.11,22.73,10.53,17.52,2.04,2.01
2020-12-10,Mogi das Cruzes,Alto Tiete,-23.5217,-46.186,21.69,28.07,16.89,76.56,23.14,10.59,16.87,0.24,2.13
2020-12-11,Mogi das Cruzes,Alto Tiete,-23.5217,-46.186,22.2,28.16,18.12,76.94,13.67,6.53,17.53,19.99,1.55
2020-12-12,Mogi das Cruzes,Alto Tiete,-23.5217,-46.186,23.1,28.09,18.5,79.66,19.03,8.98,19.02,13.61,1.85
2020-12-13,Mogi das Cruzes,Alto Tiete,-23.5217,-46.186,23.73,28.1,20.48,81.79,20.13,9.48,20.16,10.35,2.73
2020-12-14,Mogi das Cruzes,Alto Tiete,-23.5217,-46.186,25.23,30.62,20.6,75.65,26.06,12.15,20.16,1.53,2.64
2020-12-15,Mogi das Cruzes,Alto Tiete,-23.5217,-46.186,24.43,29.02,20.94,83.68,17.35,8.23,21.24,10.0,1.33
2020-12-16,Mogi das Cruzes,Alto Tiete,-23.5217,-46.186,24.26,29.15,20.64,82.32,22.45,10.28,20.72,5.71,1.75
2020-12-17,Mogi das Cruzes,Alto Tiete,-23.5217,-46.186,23.4,27.22,20.8,85.17,18.78,8.83,20.59,15.34,1.07
2020-12-18,Mogi das Cruzes,Alto Tiete,-23.5217,-46.186,23.35,28.38,20.12,84.29,23.92,11.12,20.3,10.52,1.63
2020-12-19,Mogi das Cruzes,Alto Tiete,-23.5217,-46.186,25.16,30.95,20.08,78.7,26.72,12.21,20.77,1.96,1.22
2020-12-20,Mogi das Cruzes,Alto Tiete,-23.5217,-46.186,25.64,31.4,21.89,78.4,26.3,12.21,21.11,4.0,1.7
2020-12-21,Mogi das Cruzes,Alto Tiete,-23.5217,-46.186,24.91,30.59,21.06,81.04,22.36,10.48,21.03,3.83,1.96
2020-12-22,Mogi das Cruzes,Alto Tiete,-23.5217,-46.186,21.44,23.83,18.31,90.62,11.36,5.56,19.81,11.88,3.9
2020-12-23,Mogi das Cruzes,Alto Tiete,-23.5217,-46.186,20.66,25.55,17.51,85.06,15.52,7.42,17.9,0.66,3.24
2020-12-24,Mogi das Cruzes,Alto Tiete,-23.5217,-46.186,20.26,25.61,17.11,83.76,16.17,7.67,17.21,0.5,3.41
2020-12-25,Mogi das Cruzes,Alto Tiete,-23.5217,-46.186,20.02,25.36,17.06,85.67,16.52,7.88,17.36,1.59,2.93
2020-12-26,Mogi das Cruzes,Alto Tiete,-23.5217,-46.186,21.05,26.52,17.2,85.22,18.57,8.63,18.2,3.63,2.31
2020-12-27,Mogi das Cruzes,Alto Tiete,-23.5217,-46.186,21.33,24.12,19.08,88.39,12.7,6.25,19.25,17.21,1.29
2020-12-28,Mogi das Cruzes,Alto Tiete,-23.5217,-46.186,22.99,28.14,18.47,82.95,17.95,8.52,19.61,18.68,1.55
2020-12-29,Mogi das Cruzes,Alto Tiete,-23.5217,-46.186,23.2,27.03,19.45,83.17,21.39,9.96,19.97,15.13,1.62
2020-12-30,Mogi das Cruzes,Alto Tiete,-23.5217,-46.186,24.36,30.16,19.1,75.61,27.81,12.85,19.36,4.74,3.03
2020-12-31,Mogi das Cruzes,Alto Tiete,-23.5217,-46.186,24.66,29.59,20.71,77.37,18.88,8.98,20.12,2.78,3.63
2021-01-01,Mogi das Cruzes,Alto Tiete,-23.5217,-46.186,22.32,25.38,19.93,86.75,15.72,7.55,19.87,9.63,2.42
2021-01-02,Mogi das Cruzes,Alto Tiete,-23.5217,-46.186,20.57,24.51,18.18,90.46,15.5,7.41,18.88,5.37,2.95
2021-01-03,Mogi das Cruzes,Alto Tiete,-23.5217,-46.186,20.36,25.43,17.39,85.27,22.42,10.44,17.64,0.49,3.08
2021-01-04,Mogi das Cruzes,Alto Tiete,-23.5217,-46.186,21.62,27.79,17.7,82.53,23.18,10.79,18.21,4.43,1.9
2021-01-05,Mogi das Cruzes,Alto Tiete,-23.5217,-46.186,24.6,31.13,18.32,75.68,22.23,10.3,19.39,0.34,1.11
2021-01-06,Mogi das Cruzes,Alto Tiete,-23.5217,-46.186,25.18,29.75,20.86,76.79,22.29,10.41,20.45,10.37,2.3
2021-01-07,Mogi das Cruzes,Alto Tiete,-23.5217,-46.186,24.78,29.15,21.13,80.69,22.86,10.71,20.94,7.22,2.79
2021-01-08,Mogi das Cruzes,Alto Tiete,-23.5217,-46.186,23.64,28.48,20.48,84.73,16.55,7.9,20.68,2.51,2.29
2021-01-09,Mogi das Cruzes,Alto Tiete,-23.5217,-46.186,23.37,28.63,20.3,87.24,14.74,7.12,20.95,4.84,2.27
2021-01-10,Mogi das Cruzes,Alto Tiete,-23.5217,-46.186,23.51,28.07,20.74,88.78,14.45,6.84,21.42,7.86,2.22
2021-01-11,Mogi das Cruzes,Alto Tiete,-23.5217,-46.186,24.05,29.21,20.88,85.63,19.43,9.1,21.26,3.44,2.11
2021-01-12,Mogi das Cruzes,Alto Tiete,-23.5217,-46.186,24.07,27.88,21.19,87.74,17.46,8.27,21.78,7.48,1.54
2021-01-13,Mogi das Cruzes,Alto Tiete,-23.5217,-46.186,23.37,27.68,20.47,88.22,16.37,7.69,21.2,9.32,3.12
2021-01-14,Mogi das Cruzes,Alto Tiete,-23.5217,-46.186,22.67,27.95,19.51,84.97,16.57,7.93,19.8,8.63,2.66
2021-01-15,Mogi das Cruzes,Alto Tiete,-23.5217,-46.186,23.11,28.26,19.92,85.87,13.57,6.53,20.36,7.62,1.77
2021-01-16,Mogi das Cruzes,Alto Tiete,-23.5217,-46.186,24.16,29.26,19.85,81.02,21.27,10.0,20.37,4.07,1.16
2021-01-17,Mogi das Cruzes,Alto Tiete,-23.5217,-46.186,23.96,27.85,21.12,80.27,21.04,9.76,20.09,2.52,2.55
2021-01-18,Mogi das Cruzes,Alto Tiete,-23.5217,-46.186,24.79,29.84,21.17,80.45,21.89,10.11,20.85,1.9,2.21
2021-01-19,Mogi das Cruzes,Alto Tiete,-23.5217,-46.186,23.31,27.56,20.75,86.35,15.88,7.52,20.73,3.11,1.7
2021-01-20,Mogi das Cruzes,Alto Tiete,-23.5217,-46.186,23.83,30.15,19.68,80.04,21.86,10.05,19.78,0.44,1.71
2021-01-21,Mogi das Cruzes,Alto Tiete,-23.5217,-46.186,22.94,28.81,18.94,83.06,20.18,9.37,19.63,0.11,2.24
2021-01-22,Mogi das Cruzes,Alto Tiete,-23.5217,-46.186,22.69,27.49,19.92,84.24,21.57,9.97,19.68,0.1,2.29
2021-01-23,Mogi das Cruzes,Alto Tiete,-23.5217,-46.186,22.29,26.51,20.04,85.35,20.25,9.42,19.53,3.11,1.66
2021-01-24,Mogi das Cruzes,Alto Tiete,-23.5217,-46.186,22.22,26.16,19.47,85.85,16.99,7.99,19.58,4.07,1.51
2021-01-25,Mogi das Cruzes,Alto Tiete,-23.5217,-46.186,23.37,28.6,19.43,80.0,23.32,10.63,19.36,10.48,1.18
2021-01-26,Mogi das Cruzes,Alto Tiete,-23.5217,-46.186,24.39,29.92,19.86,78.04,19.28,8.94,19.87,2.8,1.23
2021-01-27,Mogi das Cruzes,Alto Tiete,-23.5217,-46.186,24.22,28.56,20.36,77.42,25.99,11.92,19.81,2.39,2.42
2021-01-28,Mogi das Cruzes,Alto Tiete,-23.5217,-46.186,25.53,31.2,19.6,70.1,24.13,11.06,19.29,0.76,1.81
2021-01-29,Mogi das Cruzes,Alto Tiete,-23.5217,-46.186,25.85,31.72,19.42,62.3,23.59,10.85,17.37,0.14,1.64
2021-01-30,Mogi das Cruzes,Alto Tiete,-23.5217,-46.186,25.78,32.83,20.02,67.49,25.71,11.71,18.63,0.22,1.33
2021-01-31,Mogi das Cruzes,Alto Tiete,-23.5217,-46.186,26.31,32.29,21.12,73.91,20.61,9.56,20.58,6.07,1.43
2021-02-01,Mogi das Cruzes,Alto Tiete,-23.5217,-46.186,23.83,27.21,21.32,83.3,16.32,7.71,20.67,3.68,1.59
2021-02-02,Mogi das Cruzes,Alto Tiete,-23.5217,-46.186,23.99,27.83,20.71,78.08,22.01,10.23,19.73,3.17,1.33
2021-02-03,Mogi das Cruzes,Alto Tiete,-23.5217,-46.186,24.71,31.9,19.45,78.22,25.44,11.55,20.05,0.68,1.47
2021-02-04,Mogi das Cruzes,Alto Tiete,-23.5217,-46.186,25.84,31.82,20.74,75.94,23.58,10.85,20.76,2.2,2.67
2021-02-05,Mogi das Cruzes,Alto Tiete,-23.5217,-46.186,22.53,26.95,19.47,86.64,13.54,6.59,20.1,13.84,2.61
2021-02-06,Mogi das Cruzes,Alto Tiete,-23.5217,-46.186,20.88,25.79,18.22,82.53,21.75,10.03,17.55,1.11,2.47
2021-02-07,Mogi das Cruzes,Alto Tiete,-23.5217,-46.186,20.56,25.91,17.08,81.25,22.44,10.15,16.93,0.63,2.58
2021-02-08,Mogi das Cruzes,Alto Tiete,-23.5217,-46.186,20.27,25.66,15.69,76.32,23.23,10.51,15.54,0.23,2.63
2021-02-09,Mogi das Cruzes,Alto Tiete,-23.5217,-46.186,20.76,26.4,16.62,79.31,21.9,9.97,16.69,0.79,2.52
2021-02-10,Mogi das Cruzes,Alto Tiete,-23.5217,-46.186,21.4,26.97,17.37,81.9,21.77,10.06,17.85,1.32,2.6
2021-02-11,Mogi das Cruzes,Alto Tiete,-23.5217,-46.186,21.62,26.58,18.35,85.91,11.17,5.41,18.95,11.58,1.75
2021-02-12,Mogi das Cruzes,Alto Tiete,-23.5217,-46.186,21.58,24.66,19.14,88.38,12.55,6.12,19.48,22.39,0.79
2021-02-13,Mogi das Cruzes,Alto Tiete,-23.5217,-46.186,22.11,26.39,19.42,85.78,8.03,3.99,19.45,10.74,1.91
2021-02-14,Mogi das Cruzes,Alto Tiete,-23.5217,-46.186,22.35,27.06,18.36,82.0,21.79,10.06,18.9,1.22,2.56
2021-02-15,Mogi das Cruzes,Alto Tiete,-23.5217,-46.186,23.29,28.59,18.93,77.02,24.53,11.26,18.67,2.05,2.33
2021-02-16,Mogi das Cruzes,Alto Tiete,-23.5217,-46.186,23.79,29.64,18.58,76.31,23.26,10.72,18.82,3.86,2.37
2021-02-17,Mogi das Cruzes,Alto Tiete,-23.5217,-46.186,23.61,29.07,19.39,79.84,16.16,7.61,19.51,15.01,1.74
2021-02-18,Mogi das Cruzes,Alto Tiete,-23.5217,-46.186,23.56,29.51,18.43,79.05,25.01,11.47,19.27,6.74,1.63
2021-02-19,Mogi das Cruzes,Alto Tiete,-23.5217,-46.186,22.91,28.11,19.42,82.85,23.7,10.72,19.49,3.32,1.71
2021-02-20,Mogi das Cruzes,Alto Tiete,-23.5217,-46.186,22.73,28.37,18.87,82.85,24.45,11.09,19.35,0.89,2.31
2021-02-21,Mogi das Cruzes,Alto Tiete,-23.5217,-46.186,22.44,27.87,19.05,85.05,21.54,9.89,19.55,1.82,2.54
2021-02-22,Mogi das Cruzes,Alto Tiete,-23.5217,-46.186,22.41,27.51,19.1,84.6,24.17,10.9,19.43,0.27,2.7
2021-02-23,Mogi das Cruzes,Alto Tiete,-23.5217,-46.186,23.71,31.37,16.67,75.64,28.43,12.82,18.32,0.02,1.54
2021-02-24,Mogi das Cruzes,Alto Tiete,-23.5217,-46.186,23.19,29.28,18.73,78.97,18.79,8.77,18.94,8.73,2.3
2021-02-25,Mogi das Cruzes,Alto Tiete,-23.5217,-46.186,22.32,27.75,18.53,86.97,12.28,5.99,19.83,9.71,2.34
2021-02-26,Mogi das Cruzes,Alto Tiete,-23.5217,-46.186,20.57,25.48,17.87,88.91,10.43,5.16,18.55,12.22,2.18
2021-02-27,Mogi das Cruzes,Alto Tiete,-23.5217,-46.186,21.79,27.08,18.42,86.62,15.27,7.29,19.24,6.75,2.3
2021-02-28,Mogi das Cruzes,Alto Tiete,-23.5217,-46.186,21.81,25.57,19.4,88.29,17.03,7.95,19.64,7.44,1.87
2021-03-01,Mogi das Cruzes,Alto Tiete,-23.5217,-46.186,22.36,27.08,19.76,87.87,20.03,9.28,20.07,6.53,1.71
2021-03-02,Mogi das Cruzes,Alto Tiete,-23.5217,-46.186,23.15,27.81,20.16,80.99,21.49,9.87,19.36,2.31,1.19
2021-03-03,Mogi das Cruzes,Alto Tiete,-23.5217,-46.186,23.91,29.78,19.98,76.87,21.92,10.06,19.12,1.49,1.43
2021-03-04,Mogi das Cruzes,Alto Tiete,-23.5217,-46.186,23.63,28.72,19.29,78.77,17.47,8.18,19.38,6.54,2.09
2021-03-05,Mogi das Cruzes,Alto Tiete,-23.5217,-46.186,22.64,27.03,19.6,83.69,10.78,5.32,19.54,8.48,4.17
2021-03-06,Mogi das Cruzes,Alto Tiete,-23.5217,-46.186,21.56,24.07,19.89,89.87,9.68,4.8,19.78,9.37,2.29
2021-03-07,Mogi das Cruzes,Alto Tiete,-23.5217,-46.186,21.02,24.05,19.14,90.9,11.86,5.7,19.43,15.71,1.58
2021-03-08,Mogi das Cruzes,Alto Tiete,-23.5217,-46.186,20.74,24.36,18.45,90.22,17.86,8.28,19.01,3.63,1.47
2021-03-09,Mogi das Cruzes,Alto Tiete,-23.5217,-46.186,21.9,27.88,16.99,81.14,22.55,10.29,18.05,3.9,1.32
2021-03-10,Mogi das Cruzes,Alto Tiete,-23.5217,-46.186,21.32,26.69,18.4,83.15,23.44,10.64,18.01,1.07,1.75
2021-03-11,Mogi das Cruzes,Alto Tiete,-23.5217,-46.186,22.14,27.78,17.28,82.28,18.13,8.45,18.66,3.56,1.58
2021-03-12,Mogi das Cruzes,Alto Tiete,-23.5217,-46.186,23.03,28.54,19.04,83.1,21.43,9.87,19.65,1.16,1.61
2021-03-13,Mogi das Cruzes,Alto Tiete,-23.5217,-46.186,23.01,28.63,19.15,84.44,22.21,10.13,19.9,0.39,1.87
2021-03-14,Mogi das Cruzes,Alto Tiete,-23.5217,-46.186,23.11,29.43,18.78,84.05,21.54,9.95,19.87,9.8,1.66
2021-03-15,Mogi das Cruzes,Alto Tiete,-23.5217,-46.186,22.71,27.89,18.68,84.54,21.87,9.98,19.64,1.37,1.66
2021-03-16,Mogi das Cruzes,Alto Tiete,-23.5217,-46.186,23.13,29.38,18.93,83.06,22.66,10.34,19.62,0.58,1.42
2021-03-17,Mogi das Cruzes,Alto Tiete,-23.5217,-46.186,24.29,30.13,18.32,76.72,20.84,9.58,19.4,4.36,1.09
2021-03-18,Mogi das Cruzes,Alto Tiete,-23.5217,-46.186,22.79,26.33,20.08,84.4,12.17,5.81,19.89,4.4,1.51
2021-03-19,Mogi das Cruzes,Alto Tiete,-23.5217,-46.186,22.61,27.26,19.79,87.46,16.71,7.83,20.22,6.31,1.36
2021-03-20,Mogi das Cruzes,Alto Tiete,-23.5217,-46.186,23.27,28.7,19.93,84.76,20.22,9.36,20.24,1.26,1.6
2021-03-21,Mogi das Cruzes,Alto Tiete,-23.5217,-46.186,23.58,30.04,18.25,78.11,23.24,10.6,18.98,0.11,1.37
2021-03-22,Mogi das Cruzes,Alto Tiete,-23.5217,-46.186,23.3,29.43,18.46,78.81,22.29,10.11,19.03,0.01,1.91
2021-03-23,Mogi das Cruzes,Alto Tiete,-23.5217,-46.186,23.03,29.43,18.38,79.28,23.56,10.6,18.65,0.07,1.34
2021-03-24,Mogi das Cruzes,Alto Tiete,-23.5217,-46.186,23.08,29.7,18.58,79.74,22.27,10.23,18.84,0.15,1.52
2021-03-25,Mogi das Cruzes,Alto Tiete,-23.5217,-46.186,23.2,28.86,20.02,80.74,22.21,10.21,19.28,0.13,1.59
2021-03-26,Mogi das Cruzes,Alto Tiete,-23.5217,-46.186,23.9,30.51,19.99,75.81,21.95,10.05,18.67,0.4,1.17
2021-03-27,Mogi das Cruzes,Alto Tiete,-23.5217,-46.186,23.98,31.19,18.78,78.54,21.69,9.94,19.18,1.48,1.49
2021-03-28,Mogi das Cruzes,Alto Tiete,-23.5217,-46.186,24.68,30.65,20.55,76.04,19.32,8.84,19.64,3.88,0.74
2021-03-29,Mogi das Cruzes,Alto Tiete,-23.5217,-46.186,24.38,30.19,19.83,76.47,20.91,9.68,19.4,7.4,1.7
2021-03-30,Mogi das Cruzes,Alto Tiete,-23.5217,-46.186,23.02,29.1,19.17,82.29,19.15,8.82,19.39,10.09,2.17
2021-03-31,Mogi das Cruzes,Alto Tiete,-23.5217,-46.186,19.88,24.42,16.13,84.5,15.73,7.26,16.98,4.41,2.55
2021-04-01,Mogi das Cruzes,Alto Tiete,-23.5217,-46.186,19.0,24.41,14.67,80.23,21.88,9.73,15.06,0.41,2.31
2021-04-02,Mogi das Cruzes,Alto Tiete,-23.5217,-46.186,19.54,24.6,16.21,83.1,18.54,8.31,16.29,0.65,2.16
2021-04-03,Mogi das Cruzes,Alto Tiete,-23.5217,-46.186,20.32,26.93,16.11,81.77,18.25,8.15,16.69,0.09,1.87
2021-04-04,Mogi das Cruzes,Alto Tiete,-23.5217,-46.186,20.13,24.87,17.17,85.37,19.0,8.54,17.35,0.8,2.77
2021-04-05,Mogi das Cruzes,Alto Tiete,-23.5217,-46.186,20.19,25.45,16.99,83.59,18.94,8.56,17.05,0.4,2.69
2021-04-06,Mogi das Cruzes,Alto Tiete,-23.5217,-46.186,20.25,25.16,17.21,86.54,10.41,4.97,17.71,3.62,2.25
2021-04-07,Mogi das Cruzes,Alto Tiete,-23.5217,-46.186,20.15,25.25,17.52,85.52,17.46,7.98,17.4,1.5,3.12
2021-04-08,Mogi das Cruzes,Alto Tiete,-23.5217,-46.186,20.35,26.33,16.62,81.57,22.48,10.12,16.64,0.21,3.17
2021-04-09,Mogi das Cruzes,Alto Tiete,-23.5217,-46.186,20.6,27.32,15.59,78.8,21.25,9.59,16.04,0.02,1.75
2021-04-10,Mogi das Cruzes,Alto Tiete,-23.5217,-46.186,20.84,28.91,14.51,72.54,22.37,10.01,14.46,0.01,1.47
2021-04-11,Mogi das Cruzes,Alto Tiete,-23.5217,-46.186,21.59,29.85,14.33,64.43,22.41,9.9,13.38,0.0,1.68
2021-04-12,Mogi das Cruzes,Alto Tiete,-23.5217,-46.186,21.89,29.64,16.79,67.3,18.99,8.58,14.7,0.59,3.33
2021-04-13,Mogi das Cruzes,Alto Tiete,-23.5217,-46.186,19.31,23.98,15.72,84.73,9.67,4.6,16.45,1.01,2.96
2021-04-14,Mogi das Cruzes,Alto Tiete,-23.5217,-46.186,18.64,23.92,14.74,77.41,16.94,7.62,14.19,0.08,2.47
2021-04-15,Mogi das Cruzes,Alto Tiete,-23.5217,-46.186,19.82,25.96,15.87,79.91,17.67,8.05,15.84,0.02,2.44
2021-04-16,Mogi das Cruzes,Alto Tiete,-23.5217,-46.186,20.62,27.53,15.63,78.25,16.46,7.57,15.99,0.59,1.62
2021-04-17,Mogi das Cruzes,Alto Tiete,-23.5217,-46.186,20.72,27.61,15.71,79.13,11.92,5.56,16.35,4.1,1.28
2021-04-18,Mogi das Cruzes,Alto Tiete,-23.5217,-46.186,20.04,25.69,17.14,85.11,12.57,5.83,17.18,3.96,1.69
2021-04-19,Mogi das Cruzes,Alto Tiete,-23.5217,-46.186,18.71,23.41,15.85,87.1,12.73,5.93,16.31,4.24,3.02
2021-04-20,Mogi das Cruzes,Alto Tiete,-23.5217,-46.186,18.43,22.71,15.91,85.63,14.18,6.6,15.74,2.14,3.2
2021-04-21,Mogi das Cruzes,Alto Tiete,-23.5217,-46.186,18.5,22.71,15.66,88.78,13.55,6.26,16.43,4.82,2.94
2021-04-22,Mogi das Cruzes,Alto Tiete,-23.5217,-46.186,17.86,21.86,15.23,87.39,12.59,5.82,15.56,2.31,2.76
2021-04-23,Mogi das Cruzes,Alto Tiete,-23.5217,-46.186,18.4,24.5,14.59,83.56,18.73,8.38,15.11,0.09,1.83
2021-04-24,Mogi das Cruzes,Alto Tiete,-23.5217,-46.186,19.46,25.93,15.58,79.81,18.29,8.2,15.2,0.02,1.23
2021-04-25,Mogi das Cruzes,Alto Tiete,-23.5217,-46.186,20.27,28.3,13.95,72.7,18.45,8.42,14.14,0.0,1.33
2021-04-26,Mogi das Cruzes,Alto Tiete,-23.5217,-46.186,20.21,26.32,16.41,78.42,13.23,6.06,15.91,0.85,1.52
2021-04-27,Mogi das Cruzes,Alto Tiete,-23.5217,-46.186,19.22,24.49,16.31,86.59,11.39,5.25,16.66,1.06,2.18
2021-04-28,Mogi das Cruzes,Alto Tiete,-23.5217,-46.186,18.44,24.63,15.19,82.77,16.7,7.45,14.99,0.32,2.18
2021-04-29,Mogi das Cruzes,Alto Tiete,-23.5217,-46.186,17.37,21.85,14.54,83.95,15.88,7.15,14.34,0.82,2.7
2021-04-30,Mogi das Cruzes,Alto Tiete,-23.5217,-46.186,17.69,23.6,14.53,81.2,16.67,7.47,13.99,0.42,2.72
2021-05-01,Mogi das Cruzes,Alto Tiete,-23.5217,-46.186,17.56,23.37,14.26,81.49,17.88,8.02,13.95,0.0,2.18
2021-05-02,Mogi das Cruzes,Alto Tiete,-23.5217,-46.186,18.2,26.31,11.67,76.13,17.88,7.95,12.84,0.01,1.49
2021-05-03,Mogi das Cruzes,Alto Tiete,-23.5217,-46.186,18.94,27.16,12.75,76.47,17.77,7.92,13.55,0.02,1.38
2021-05-04,Mogi das Cruzes,Alto Tiete,-23.5217,-46.186,19.62,28.75,12.32,72.67,18.71,8.3,13.25,0.01,1.46
2021-05-05,Mogi das Cruzes,Alto Tiete,-23.5217,-46.186,19.84,27.91,13.67,67.83,18.13,8.04,12.32,0.02,1.53
2021-05-06,Mogi das Cruzes,Alto Tiete,-23.5217,-46.186,20.4,29.34,13.23,68.6,17.79,7.93,12.75,0.04,1.85
2021-05-07,Mogi das Cruzes,Alto Tiete,-23.5217,-46.186,17.19,19.78,15.23,89.58,7.18,3.48,15.4,0.85,2.83
2021-05-08,Mogi das Cruzes,Alto Tiete,-23.5217,-46.186,17.05,22.14,14.46,84.41,12.97,5.92,14.14,0.29,2.77
2021-05-09,Mogi das Cruzes,Alto Tiete,-23.5217,-46.186,17.94,24.56,14.35,82.49,15.76,7.06,14.44,0.07,2.63
2021-05-10,Mogi das Cruzes,Alto Tiete,-23.5217,-46.186,18.53,26.01,13.89,78.32,15.5,6.96,13.89,0.01,1.78
2021-05-11,Mogi das Cruzes,Alto Tiete,-23.5217,-46.186,18.91,27.23,12.66,75.69,14.98,6.68,13.48,0.0,1.97
2021-05-12,Mogi das Cruzes,Alto Tiete,-23.5217,-46.186,17.93,24.19,14.82,83.36,7.3,3.43,14.73,18.86,1.88
2021-05-13,Mogi das Cruzes,Alto Tiete,-23.5217,-46.186,15.98,20.34,13.88,87.33,10.53,4.82,13.7,2.92,2.75
2021-05-14,Mogi das Cruzes,Alto Tiete,-23.5217,-46.186,16.82,22.03,13.54,83.2,13.95,6.32,13.69,0.16,2.16
2021-05-15,Mogi das Cruzes,Alto Tiete,-23.5217,-46.186,17.59,23.43,13.98,84.76,9.49,4.4,14.66,0.38,1.62
2021-05-16,Mogi das Cruzes,Alto Tiete,-23.5217,-46.186,18.12,24.3,14.45,83.4,12.38,5.6,14.86,0.06,1.44
2021-05-17,Mogi das Cruzes,Alto Tiete,-23.5217,-46.186,18.37,25.43,13.84,77.58,15.14,6.76,13.61,0.0,1.33
2021-05-18,Mogi das Cruzes,Alto Tiete,-23.5217,-46.186,17.07,22.7,14.08,83.66,10.76,4.9,14.05,0.12,1.86
2021-05-19,Mogi das Cruzes,Alto Tiete,-23.5217,-46.186,17.28,25.84,13.09,73.86,17.38,7.55,11.36,0.03,1.27
2021-05-20,Mogi das Cruzes,Alto Tiete,-23.5217,-46.186,17.3,26.89,10.58,67.4,17.04,7.38,9.52,0.5,1.74
2021-05-21,Mogi das Cruzes,Alto Tiete,-23.5217,-46.186,19.03,28.0,11.19,61.8,15.84,6.93,10.33,0.12,1.64
2021-05-22,Mogi das Cruzes,Alto Tiete,-23.5217,-46.186,19.06,24.13,15.74,71.81,3.37,1.72,13.75,1.77,3.35
2021-05-23,Mogi das Cruzes,Alto Tiete,-23.5217,-46.186,20.14,24.79,16.83,81.77,9.36,4.35,16.83,2.78,4.09
2021-05-24,Mogi das Cruzes,Alto Tiete,-23.5217,-46.186,15.88,22.81,10.65,57.98,17.03,7.32,5.97,0.01,2.63
2021-05-25,Mogi das Cruzes,Alto Tiete,-23.5217,-46.186,15.75,24.31,11.57,59.04,17.38,7.49,6.55,0.01,1.04
2021-05-26,Mogi das Cruzes,Alto Tiete,-23.5217,-46.186,16.44,26.29,10.44,64.79,16.18,7.11,7.87,0.03,1.43
2021-05-27,Mogi das Cruzes,Alto Tiete,-23.5217,-46.186,18.61,27.56,12.27,65.35,14.7,6.61,11.13,0.0,1.49
2021-05-28,Mogi das Cruzes,Alto Tiete,-23.5217,-46.186,21.63,30.27,14.34,65.43,14.21,6.48,14.17,0.02,2.21
2021-05-29,Mogi das Cruzes,Alto Tiete,-23.5217,-46.186,22.5,28.99,18.49,66.99,11.14,5.1,15.54,0.71,3.88
2021-05-30,Mogi das Cruzes,Alto Tiete,-23.5217,-46.186,18.95,23.1,16.61,89.16,5.66,2.73,17.0,2.91,1.42
2021-05-31,Mogi das Cruzes,Alto Tiete,-23.5217,-46.186,17.44,21.99,14.82,90.01,8.8,4.08,15.65,3.8,1.53
2021-06-01,Mogi das Cruzes,Alto Tiete,-23.5217,-46.186,17.93,25.28,14.19,79.39,13.35,5.94,13.65,0.07,1.06
2021-06-02,Mogi das Cruzes,Alto Tiete,-23.5217,-46.186,19.09,27.51,11.53,66.56,16.0,7.08,11.71,0.02,1.81
2021-06-03,Mogi das Cruzes,Alto Tiete,-23.5217,-46.186,19.66,27.78,14.55,69.78,14.55,6.6,13.17,0.03,1.97
2021-06-04,Mogi das Cruzes,Alto Tiete,-23.5217,-46.186,19.69,27.97,14.73,78.85,15.15,6.84,14.99,0.04,1.53
2021-06-05,Mogi das Cruzes,Alto Tiete,-23.5217,-46.186,19.85,27.94,13.1,69.48,15.89,7.08,13.01,0.01,1.68
2021-06-06,Mogi das Cruzes,Alto Tiete,-23.5217,-46.186,19.25,26.24,14.92,69.57,11.45,5.12,12.84,0.02,1.97
2021-06-07,Mogi das Cruzes,Alto Tiete,-23.5217,-46.186,18.63,24.5,15.35,83.66,5.63,2.7,15.42,2.01,0.89
2021-06-08,Mogi das Cruzes,Alto Tiete,-23.5217,-46.186,18.38,23.33,15.91,88.27,7.24,3.42,16.19,1.78,1.55
2021-06-09,Mogi das Cruzes,Alto Tiete,-23.5217,-46.186,18.59,22.81,16.0,89.24,11.14,5.03,16.64,0.2,1.6
2021-06-10,Mogi das Cruzes,Alto Tiete,-23.5217,-46.186,20.32,27.47,15.87,81.19,5.98,2.89,16.44,2.39,1.49
2021-06-11,Mogi das Cruzes,Alto Tiete,-23.5217,-46.186,17.72,22.15,14.5,87.6,6.17,2.94,15.46,0.78,2.33
2021-06-12,Mogi das Cruzes,Alto Tiete,-23.5217,-46.186,16.16,22.1,13.02,82.04,13.42,5.94,12.58,0.19,1.66
2021-06-13,Mogi das Cruzes,Alto Tiete,-23.5217,-46.186,14.87,20.61,11.73,78.24,13.17,5.81,10.66,0.05,2.11
2021-06-14,Mogi das Cruzes,Alto Tiete,-23.5217,-46.186,15.76,23.45,10.59,78.87,14.81,6.52,11.38,0.01,1.65
2021-06-15,Mogi das Cruzes,Alto Tiete,-23.5217,-46.186,16.72,25.13,11.72,76.75,14.01,6.12,11.69,0.01,1.38
2021-06-16,Mogi das Cruzes,Alto Tiete,-23.5217,-46.186,15.59,20.36,13.1,83.89,10.43,4.64,12.52,0.45,2.23
2021-06-17,Mogi das Cruzes,Alto Tiete,-23.5217,-46.186,14.66,18.7,12.59,87.01,10.38,4.7,12.31,0.55,1.91
2021-06-18,Mogi das Cruzes,Alto Tiete,-23.5217,-46.186,15.76,21.36,12.55,82.66,12.28,5.5,12.4,0.11,1.88
2021-06-19,Mogi das Cruzes,Alto Tiete,-23.5217,-46.186,17.73,24.71,13.8,79.69,7.22,3.36,13.65,0.99,1.96
2021-06-20,Mogi das Cruzes,Alto Tiete,-23.5217,-46.186,17.64,24.69,13.52,78.42,11.34,5.05,13.25,0.72,3.27
2021-06-21,Mogi das Cruzes,Alto Tiete,-23.5217,-46.186,15.77,21.57,12.7,83.66,11.43,5.11,12.58,0.56,1.52
2021-06-22,Mogi das Cruzes,Alto Tiete,-23.5217,-46.186,15.02,19.66,12.81,90.38,5.79,2.78,13.39,7.5,1.26
2021-06-23,Mogi das Cruzes,Alto Tiete,-23.5217,-46.186,15.48,20.69,12.4,85.8,10.34,4.63,12.88,0.32,2.28
2021-06-24,Mogi das Cruzes,Alto Tiete,-23.5217,-46.186,17.79,25.44,11.17,76.71,14.4,6.36,12.99,0.03,2.09
2021-06-25,Mogi das Cruzes,Alto Tiete,-23.5217,-46.186,19.97,28.4,15.05,72.92,11.93,5.38,14.13,0.03,2.34
2021-06-26,Mogi das Cruzes,Alto Tiete,-23.5217,-46.186,20.2,28.3,14.75,73.47,14.07,6.26,14.42,0.03,1.48
2021-06-27,Mogi das Cruzes,Alto Tiete,-23.5217,-46.186,20.33,28.08,15.2,61.54,15.06,6.67,11.8,0.0,2.59
2021-06-28,Mogi das Cruzes,Alto Tiete,-23.5217,-46.186,18.21,25.8,13.12,69.21,12.4,5.48,11.57,0.14,2.58
2021-06-29,Mogi das Cruzes,Alto Tiete,-23.5217,-46.186,13.17,15.62,9.46,85.26,4.07,1.95,10.67,0.3,1.89
2021-06-30,Mogi das Cruzes,Alto Tiete,-23.5217,-46.186,10.02,15.63,5.8,68.27,14.77,6.34,3.61,0.07,1.85
2021-07-01,Mogi das Cruzes,Alto Tiete,-23.5217,-46.186,12.99,19.65,8.78,81.6,14.7,6.43,9.29,0.31,2.23
2021-07-02,Mogi das Cruzes,Alto Tiete,-23.5217,-46.186,15.69,24.95,8.74,73.02,16.18,7.07,9.76,0.01,1.49
2021-07-03,Mogi das Cruzes,Alto Tiete,-23.5217,-46.186,16.1,24.82,9.91,70.32,13.95,6.06,9.45,0.03,1.8
2021-07-04,Mogi das Cruzes,Alto Tiete,-23.5217,-46.186,15.15,20.47,12.16,84.56,11.05,4.86,12.2,0.81,2.14
2021-07-05,Mogi das Cruzes,Alto Tiete,-23.5217,-46.186,15.5,21.83,11.76,83.45,11.34,5.0,12.2,0.14,1.87
2021-07-06,Mogi das Cruzes,Alto Tiete,-23.5217,-46.186,15.25,19.79,12.87,86.39,11.23,4.96,12.72,0.03,2.21
2021-07-07,Mogi das Cruzes,Alto Tiete,-23.5217,-46.186,15.74,22.2,11.84,79.8,13.31,5.93,11.47,0.01,2.01
2021-07-08,Mogi das Cruzes,Alto Tiete,-23.5217,-46.186,16.41,24.41,12.07,74.87,14.83,6.53,10.59,0.01,1.19
2021-07-09,Mogi das Cruzes,Alto Tiete,-23.5217,-46.186,16.46,24.04,11.82,78.04,14.87,6.55,11.66,0.0,1.97
2021-07-10,Mogi das Cruzes,Alto Tiete,-23.5217,-46.186,16.44,25.85,9.33,72.38,15.74,6.88,10.06,0.01,1.24
2021-07-11,Mogi das Cruzes,Alto Tiete,-23.5217,-46.186,17.28,26.16,11.17,66.67,15.56,6.69,9.67,0.02,1.47
2021-07-12,Mogi das Cruzes,Alto Tiete,-23.5217,-46.186,17.2,26.3,10.92,72.53,15.79,6.91,10.77,0.02,1.64
2021-07-13,Mogi das Cruzes,Alto Tiete,-23.5217,-46.186,17.76,26.77,10.63,59.62,16.39,7.23,8.49,0.0,1.59
2021-07-14,Mogi das Cruzes,Alto Tiete,-23.5217,-46.186,18.2,25.98,12.13,56.78,15.35,6.74,8.66,0.01,1.99
2021-07-15,Mogi das Cruzes,Alto Tiete,-23.5217,-46.186,19.59,28.05,13.63,54.89,15.2,6.62,9.24,0.01,3.14
2021-07-16,Mogi das Cruzes,Alto Tiete,-23.5217,-46.186,17.55,23.2,13.35,72.71,9.47,4.31,12.05,1.08,1.83
2021-07-17,Mogi das Cruzes,Alto Tiete,-23.5217,-46.186,17.92,23.75,14.9,81.42,9.08,4.14,14.27,0.89,1.53
2021-07-18,Mogi das Cruzes,Alto Tiete,-23.5217,-46.186,16.93,24.62,10.97,72.55,15.01,6.56,10.8,0.02,2.16
2021-07-19,Mogi das Cruzes,Alto Tiete,-23.5217,-46.186,12.15,20.9,5.81,56.56,17.78,7.5,0.53,0.0,2.11
2021-07-20,Mogi das Cruzes,Alto Tiete,-23.5217,-46.186,11.92,19.16,5.85,62.19,16.4,7.03,4.03,0.0,1.88
2021-07-21,Mogi das Cruzes,Alto Tiete,-23.5217,-46.186,12.78,20.17,8.4,76.49,15.18,6.49,7.52,0.01,1.24
2021-07-22,Mogi das Cruzes,Alto Tiete,-23.5217,-46.186,14.43,23.21,9.28,78.47,17.28,7.41,9.84,0.05,2.09
2021-07-23,Mogi das Cruzes,Alto Tiete,-23.5217,-46.186,16.59,27.35,10.51,70.75,17.75,7.67,9.33,0.02,1.9
2021-07-24,Mogi das Cruzes,Alto Tiete,-23.5217,-46.186,16.66,28.0,8.81,57.93,17.77,7.65,6.6,0.0,1.55
2021-07-25,Mogi das Cruzes,Alto Tiete,-23.5217,-46.186,18.44,28.87,11.03,48.85,18.02,7.74,5.82,0.01,1.83
2021-07-26,Mogi das Cruzes,Alto Tiete,-23.5217,-46.186,19.34,29.04,12.28,42.49,17.85,7.75,5.13,0.01,2.67
2021-07-27,Mogi das Cruzes,Alto Tiete,-23.5217,-46.186,20.86,29.87,15.25,48.68,15.87,7.0,8.3,0.76,4.16
2021-07-28,Mogi das Cruzes,Alto Tiete,-23.5217,-46.186,12.71,15.07,8.87,90.32,3.03,1.55,11.15,20.37,2.74
2021-07-29,Mogi das Cruzes,Alto Tiete,-23.5217,-46.186,8.37,14.92,3.81,69.32,18.54,7.81,1.74,0.01,2.16
2021-07-30,Mogi das Cruzes,Alto Tiete,-23.5217,-46.186,8.5,14.81,3.34,79.19,16.05,6.9,4.64,0.35,2.29
2021-07-31,Mogi das Cruzes,Alto Tiete,-23.5217,-46.186,12.3,18.82,8.22,76.14,16.0,6.97,7.68,0.08,2.94
2021-08-01,Mogi das Cruzes,Alto Tiete,-23.5217,-46.186,14.14,21.21,9.44,78.88,13.33,5.98,9.75,0.08,2.09
2021-08-02,Mogi das Cruzes,Alto Tiete,-23.5217,-46.186,15.22,23.2,9.95,77.43,16.14,7.09,10.33,0.08,1.7
2021-08-03,Mogi das Cruzes,Alto Tiete,-23.5217,-46.186,13.96,18.48,11.39,84.37,10.26,4.6,11.1,0.1,2.5
2021-08-04,Mogi das Cruzes,Alto Tiete,-23.5217,-46.186,14.57,20.69,11.04,80.81,15.77,6.94,10.76,0.01,2.47
2021-08-05,Mogi das Cruzes,Alto Tiete,-23.5217,-46.186,15.6,23.09,10.44,78.27,14.27,6.34,11.08,0.01,2.48
2021-08-06,Mogi das Cruzes,Alto Tiete,-23.5217,-46.186,16.67,23.32,12.8,81.02,14.25,6.49,12.85,0.01,2.31
2021-08-07,Mogi das Cruzes,Alto Tiete,-23.5217,-46.186,17.28,25.57,11.22,74.74,14.02,6.3,11.78,0.01,1.87
2021-08-08,Mogi das Cruzes,Alto Tiete,-23.5217,-46.186,17.48,26.13,11.19,63.84,16.32,7.25,9.35,0.0,1.73
2021-08-09,Mogi das Cruzes,Alto Tiete,-23.5217,-46.186,18.8,27.97,11.53,60.24,17.38,7.74,9.46,0.0,1.64
2021-08-10,Mogi das Cruzes,Alto Tiete,-23.5217,-46.186,20.44,29.17,13.1,48.96,18.82,8.21,7.75,0.0,2.15
2021-08-11,Mogi das Cruzes,Alto Tiete,-23.5217,-46.186,16.26,21.84,12.62,77.81,10.98,4.95,12.09,0.48,3.09
2021-08-12,Mogi das Cruzes,Alto Tiete,-23.5217,-46.186,14.96,19.28,13.15,87.91,7.99,3.78,12.82,0.81,3.04
2021-08-13,Mogi das Cruzes,Alto Tiete,-23.5217,-46.186,15.42,19.97,13.55,89.47,6.87,3.26,13.57,1.22,3.07
2021-08-14,Mogi das Cruzes,Alto Tiete,-23.5217,-46.186,16.46,23.79,13.03,84.3,9.63,4.49,13.41,0.44,2.28
2021-08-15,Mogi das Cruzes,Alto Tiete,-23.5217,-46.186,18.79,28.5,12.37,74.31,15.67,7.05,12.74,0.04,1.61
2021-08-16,Mogi das Cruzes,Alto Tiete,-23.5217,-46.186,18.74,28.88,13.94,80.54,9.35,4.37,14.37,2.4,1.8
2021-08-17,Mogi das Cruzes,Alto Tiete,-23.5217,-46.186,20.68,30.83,13.45,68.22,18.52,8.18,12.92,0.08,1.55
2021-08-18,Mogi das Cruzes,Alto Tiete,-23.5217,-46.186,22.75,32.45,15.85,53.73,19.64,8.7,11.19,0.0,1.44
2021-08-19,Mogi das Cruzes,Alto Tiete,-23.5217,-46.186,22.32,32.4,15.0,47.95,20.05,8.86,8.83,0.02,1.6
2021-08-20,Mogi das Cruzes,Alto Tiete,-23.5217,-46.186,22.77,31.87,16.06,47.47,20.4,8.95,9.58,0.26,2.14
2021-08-21,Mogi das Cruzes,Alto Tiete,-23.5217,-46.186,21.35,29.81,15.95,53.18,18.96,8.28,10.28,0.23,1.94
2021-08-22,Mogi das Cruzes,Alto Tiete,-23.5217,-46.186,21.88,31.89,13.34,46.03,20.54,9.08,7.77,0.01,1.75
2021-08-23,Mogi das Cruzes,Alto Tiete,-23.5217,-46.186,23.25,32.17,16.04,41.39,19.63,8.54,8.2,0.0,2.15
2021-08-24,Mogi das Cruzes,Alto Tiete,-23.5217,-46.186,23.61,33.36,15.42,41.37,17.95,7.52,7.94,0.0,1.25
2021-08-25,Mogi das Cruzes,Alto Tiete,-23.5217,-46.186,24.93,34.38,17.84,36.4,17.51,7.37,7.54,0.0,2.27
2021-08-26,Mogi das Cruzes,Alto Tiete,-23.5217,-46.186,23.72,33.59,17.35,49.73,17.74,7.7,10.8,0.06,3.89
2021-08-27,Mogi das Cruzes,Alto Tiete,-23.5217,-46.186,17.4,22.96,15.38,84.6,7.22,3.53,14.55,4.0,3.77
2021-08-28,Mogi das Cruzes,Alto Tiete,-23.5217,-46.186,16.46,18.24,15.64,92.58,3.76,1.98,15.24,10.87,2.85
2021-08-29,Mogi das Cruzes,Alto Tiete,-23.5217,-46.186,16.78,20.03,15.11,91.38,9.37,4.48,15.3,7.98,3.21
2021-08-30,Mogi das Cruzes,Alto Tiete,-23.5217,-46.186,17.87,23.82,14.85,82.98,14.42,6.53,14.5,1.9,3.63
2021-08-31,Mogi das Cruzes,Alto Tiete,-23.5217,-46.186,17.84,24.35,14.18,80.87,18.09,8.16,13.95,0.88,3.72
2021-09-01,Mogi das Cruzes,Alto Tiete,-23.5217,-46.186,18.64,26.82,13.85,74.53,21.56,9.53,12.64,0.09,3.2
2021-09-02,Mogi das Cruzes,Alto Tiete,-23.5217,-46.186,20.27,29.26,13.64,70.35,20.91,9.32,13.07,0.01,1.75
2021-09-03,Mogi das Cruzes,Alto Tiete,-23.5217,-46.186,22.34,30.79,14.94,60.41,20.19,9.03,12.89,0.0,1.71
2021-09-04,Mogi das Cruzes,Alto Tiete,-23.5217,-46.186,21.67,29.48,16.18,66.05,18.82,8.41,14.15,0.02,2.01
2021-09-05,Mogi das Cruzes,Alto Tiete,-23.5217,-46.186,21.61,32.13,15.55,70.0,17.73,7.91,14.06,0.01,1.62
2021-09-06,Mogi das Cruzes,Alto Tiete,-23.5217,-46.186,20.0,27.61,16.05,80.43,16.65,7.43,15.94,0.17,2.67
2021-09-07,Mogi das Cruzes,Alto Tiete,-23.5217,-46.186,20.73,31.17,15.35,74.57,17.48,7.85,14.71,0.13,2.89
2021-09-08,Mogi das Cruzes,Alto Tiete,-23.5217,-46.186,24.31,35.3,15.42,61.68,17.93,7.87,14.49,0.15,2.01
2021-09-09,Mogi das Cruzes,Alto Tiete,-23.5217,-46.186,22.9,31.83,18.21,67.48,10.59,4.72,15.72,6.68,1.79
2021-09-10,Mogi das Cruzes,Alto Tiete,-23.5217,-46.186,21.05,26.26,17.77,76.35,10.34,4.86,16.25,3.75,1.81
2021-09-11,Mogi das Cruzes,Alto Tiete,-23.5217,-46.186,19.94,24.14,17.6,80.44,15.39,6.95,16.26,0.34,0.94
2021-09-12,Mogi das Cruzes,Alto Tiete,-23.5217,-46.186,22.23,31.52,16.05,73.65,20.45,9.18,16.04,0.06,1.87
2021-09-13,Mogi das Cruzes,Alto Tiete,-23.5217,-46.186,25.79,36.19,16.42,57.99,18.74,8.39,14.52,0.0,2.08
2021-09-14,Mogi das Cruzes,Alto Tiete,-23.5217,-46.186,27.33,36.11,21.01,43.63,15.02,6.58,12.44,0.0,3.95
2021-09-15,Mogi das Cruzes,Alto Tiete,-23.5217,-46.186,22.07,27.33,17.23,70.76,6.95,3.25,16.06,1.17,2.69
2021-09-16,Mogi das Cruzes,Alto Tiete,-23.5217,-46.186,18.33,23.82,15.46,85.53,8.46,4.07,15.69,1.77,4.08
2021-09-17,Mogi das Cruzes,Alto Tiete,-23.5217,-46.186,20.34,30.16,15.19,75.93,13.23,6.09,15.19,0.33,2.83
2021-09-18,Mogi das Cruzes,Alto Tiete,-23.5217,-46.186,22.47,32.63,15.87,72.26,19.15,8.56,16.09,0.02,1.98
2021-09-19,Mogi das Cruzes,Alto Tiete,-23.5217,-46.186,22.86,31.42,17.14,74.9,20.21,9.07,17.32,0.01,2.3
2021-09-20,Mogi das Cruzes,Alto Tiete,-23.5217,-46.186,25.58,36.15,17.76,61.28,22.08,10.0,15.42,0.0,1.86
2021-09-21,Mogi das Cruzes,Alto Tiete,-23.5217,-46.186,23.48,35.16,14.74,62.35,17.19,7.7,14.54,1.4,4.05
2021-09-22,Mogi das Cruzes,Alto Tiete,-23.5217,-46.186,15.69,21.03,13.07,70.7,13.54,6.18,10.1,0.73,4.73
2021-09-23,Mogi das Cruzes,Alto Tiete,-23.5217,-46.186,16.27,24.15,11.55,65.47,20.76,9.24,9.15,0.15,3.61
2021-09-24,Mogi das Cruzes,Alto Tiete,-23.5217,-46.186,18.91,29.65,11.82,66.09,22.58,9.98,11.12,0.04,2.63
2021-09-25,Mogi das Cruzes,Alto Tiete,-23.5217,-46.186,19.56,28.9,14.95,73.57,13.39,6.21,13.92,3.88,2.3
2021-09-26,Mogi das Cruzes,Alto Tiete,-23.5217,-46.186,21.26,30.77,15.41,73.59,19.68,8.84,15.26,0.83,1.79
2021-09-27,Mogi das Cruzes,Alto Tiete,-23.5217,-46.186,21.45,29.82,16.4,71.13,24.19,10.8,14.83,0.08,2.16
2021-09-28,Mogi das Cruzes,Alto Tiete,-23.5217,-46.186,23.05,32.55,15.17,63.55,24.71,11.01,13.87,0.0,1.88
2021-09-29,Mogi das Cruzes,Alto Tiete,-23.5217,-46.186,22.91,31.79,16.86,62.2,19.75,8.89,14.12,0.15,2.95
2021-09-30,Mogi das Cruzes,Alto Tiete,-23.5217,-46.186,19.52,27.03,14.93,75.23,19.7,8.97,14.32,0.46,2.92
2021-10-01,Mogi das Cruzes,Alto Tiete,-23.5217,-46.186,23.48,35.29,16.26,66.12,10.71,5.02,15.13,0.28,3.0
2021-10-02,Mogi das Cruzes,Alto Tiete,-23.5217,-46.186,23.29,29.71,19.49,70.42,11.28,5.3,16.97,3.68,2.3
2021-10-03,Mogi das Cruzes,Alto Tiete,-23.5217,-46.186,24.68,32.94,19.12,68.3,12.69,5.83,17.24,12.24,2.28
2021-10-04,Mogi das Cruzes,Alto Tiete,-23.5217,-46.186,22.57,30.6,17.56,74.2,10.58,4.83,17.15,4.28,3.1
2021-10-05,Mogi das Cruzes,Alto Tiete,-23.5217,-46.186,18.72,24.32,15.38,82.39,9.07,4.35,15.35,2.68,3.36
2021-10-06,Mogi das Cruzes,Alto Tiete,-23.5217,-46.186,21.66,33.63,15.13,74.31,21.2,9.66,15.65,2.42,2.31
2021-10-07,Mogi das Cruzes,Alto Tiete,-23.5217,-46.186,19.07,25.21,14.64,83.22,6.63,3.35,15.95,2.01,3.3
2021-10-08,Mogi das Cruzes,Alto Tiete,-23.5217,-46.186,18.04,25.46,13.63,75.39,19.06,8.81,13.07,0.31,3.31
2021-10-09,Mogi das Cruzes,Alto Tiete,-23.5217,-46.186,18.43,26.96,14.42,78.51,8.35,4.15,14.14,4.94,3.93
2021-10-10,Mogi das Cruzes,Alto Tiete,-23.5217,-46.186,16.92,20.85,14.8,86.31,6.84,3.48,14.5,9.34,3.74
2021-10-11,Mogi das Cruzes,Alto Tiete,-23.5217,-46.186,18.05,23.53,15.2,83.52,7.56,3.88,14.94,6.07,3.97
2021-10-12,Mogi das Cruzes,Alto Tiete,-23.5217,-46.186,20.05,27.14,14.98,76.03,18.22,8.49,14.97,1.48,2.3
2021-10-13,Mogi das Cruzes,Alto Tiete,-23.5217,-46.186,21.32,30.02,15.39,73.52,19.3,8.8,15.19,0.32,1.98
2021-10-14,Mogi das Cruzes,Alto Tiete,-23.5217,-46.186,24.11,32.59,16.82,67.55,16.96,7.9,16.47,1.92,2.73
2021-10-15,Mogi das Cruzes,Alto Tiete,-23.5217,-46.186,24.99,31.33,20.18,74.24,19.87,9.12,19.46,11.11,2.76
2021-10-16,Mogi das Cruzes,Alto Tiete,-23.5217,-46.186,22.01,29.08,16.88,81.41,14.11,6.54,18.34,2.35,3.49
2021-10-17,Mogi das Cruzes,Alto Tiete,-23.5217,-46.186,19.19,25.44,15.79,81.66,8.34,4.14,15.66,4.89,3.45
2021-10-18,Mogi das Cruzes,Alto Tiete,-23.5217,-46.186,16.79,18.67,15.13,89.83,6.35,3.33,15.07,16.65,3.6
2021-10-19,Mogi das Cruzes,Alto Tiete,-23.5217,-46.186,16.45,20.47,13.55,87.93,6.31,3.25,14.34,4.99,3.97
2021-10-20,Mogi das Cruzes,Alto Tiete,-23.5217,-46.186,15.14,20.41,11.77,82.27,11.84,5.66,11.87,3.95,4.02
2021-10-21,Mogi das Cruzes,Alto Tiete,-23.5217,-46.186,16.57,23.4,11.9,79.72,21.43,9.69,12.54,0.51,2.7
2021-10-22,Mogi das Cruzes,Alto Tiete,-23.5217,-46.186,18.88,27.74,12.1,71.16,27.61,12.28,12.1,0.04,2.1
2021-10-23,Mogi das Cruzes,Alto Tiete,-23.5217,-46.186,23.3,32.87,12.96,59.78,27.81,12.35,13.27,0.18,2.64
2021-10-24,Mogi das Cruzes,Alto Tiete,-23.5217,-46.186,20.31,27.07,15.16,78.58,9.95,4.83,16.27,15.58,4.32
2021-10-25,Mogi das Cruzes,Alto Tiete,-23.5217,-46.186,18.48,26.21,13.79,78.96,13.99,6.62,14.32,0.82,3.13
2021-10-26,Mogi das Cruzes,Alto Tiete,-23.5217,-46.186,19.41,25.52,15.51,83.86,15.85,7.43,16.33,1.02,2.12
2021-10-27,Mogi das Cruzes,Alto Tiete,-23.5217,-46.186,19.43,22.94,17.3,90.61,11.14,5.5,17.8,9.15,3.04
2021-10-28,Mogi das Cruzes,Alto Tiete,-23.5217,-46.186,19.87,23.07,18.14,92.35,10.59,5.3,18.57,7.62,2.65
2021-10-29,Mogi das Cruzes,Alto Tiete,-23.5217,-46.186,20.09,25.5,16.94,84.32,16.92,7.91,17.11,0.71,3.18
2021-10-30,Mogi das Cruzes,Alto Tiete,-23.5217,-46.186,19.62,24.65,16.44,83.4,18.96,8.79,16.5,0.58,3.15
2021-10-31,Mogi das Cruzes,Alto Tiete,-23.5217,-46.186,18.85,21.9,16.57,90.02,6.83,3.54,17.14,12.85,2.8
2021-11-01,Mogi das Cruzes,Alto Tiete,-23.5217,-46.186,19.67,23.24,17.48,88.32,14.95,7.19,17.58,3.43,3.15
2021-11-02,Mogi das Cruzes,Alto Tiete,-23.5217,-46.186,19.78,25.39,15.99,84.71,18.0,8.39,16.85,2.42,3.06
2021-11-03,Mogi das Cruzes,Alto Tiete,-23.5217,-46.186,19.94,26.09,15.84,80.4,22.13,10.09,16.0,0.66,2.82
2021-11-04,Mogi das Cruzes,Alto Tiete,-23.5217,-46.186,20.9,28.06,15.16,77.18,25.93,11.88,16.04,0.09,2.25
2021-11-05,Mogi das Cruzes,Alto Tiete,-23.5217,-46.186,21.07,28.08,16.33,74.97,26.55,12.13,15.74,0.03,2.3
2021-11-06,Mogi das Cruzes,Alto Tiete,-23.5217,-46.186,20.64,28.7,15.0,72.52,29.18,13.36,14.57,0.01,2.64
2021-11-07,Mogi das Cruzes,Alto Tiete,-23.5217,-46.186,19.92,27.31,15.67,76.02,28.67,13.25,15.07,0.01,2.94
2021-11-08,Mogi das Cruzes,Alto Tiete,-23.5217,-46.186,20.42,28.19,15.56,75.59,23.56,10.83,15.37,0.08,2.78
2021-11-09,Mogi das Cruzes,Alto Tiete,-23.5217,-46.186,20.18,27.89,16.17,79.79,12.57,5.95,16.08,0.98,3.11
2021-11-10,Mogi das Cruzes,Alto Tiete,-23.5217,-46.186,19.92,27.48,15.53,77.89,19.03,8.86,15.42,0.29,3.49
2021-11-11,Mogi das Cruzes,Alto Tiete,-23.5217,-46.186,18.49,24.15,15.7,82.92,6.45,3.28,15.29,4.26,3.82
2021-11-12,Mogi das Cruzes,Alto Tiete,-23.5217,-46.186,17.06,22.47,13.11,80.6,13.32,6.33,13.38,1.25,4.12
2021-11-13,Mogi das Cruzes,Alto Tiete,-23.5217,-46.186,16.64,23.26,12.27,74.41,27.3,12.18,11.42,0.25,3.36
2021-11-14,Mogi das Cruzes,Alto Tiete,-23.5217,-46.186,18.92,27.79,13.03,73.37,27.65,12.46,13.14,0.1,3.11
2021-11-15,Mogi das Cruzes,Alto Tiete,-23.5217,-46.186,20.7,29.83,13.96,70.98,25.76,11.66,14.16,0.03,2.88
2021-11-16,Mogi das Cruzes,Alto Tiete,-23.5217,-46.186,22.59,30.74,16.18,69.42,27.22,12.37,15.55,0.03,2.16
2021-11-17,Mogi das Cruzes,Alto Tiete,-23.5217,-46.186,24.35,33.11,16.99,61.71,26.5,12.13,14.89,0.01,2.06
2021-11-18,Mogi das Cruzes,Alto Tiete,-23.5217,-46.186,22.39,26.1,19.7,79.72,8.27,4.21,18.52,23.16,1.83
2021-11-19,Mogi das Cruzes,Alto Tiete,-23.5217,-46.186,20.81,25.35,17.22,88.05,9.5,4.8,18.67,8.23,3.42
2021-11-20,Mogi das Cruzes,Alto Tiete,-23.5217,-46.186,18.47,23.33,14.39,84.66,15.05,7.12,15.64,3.08,3.77
2021-11-21,Mogi das Cruzes,Alto Tiete,-23.5217,-46.186,17.67,24.35,13.37,79.31,22.0,9.87,13.61,0.57,2.66
2021-11-22,Mogi das Cruzes,Alto Tiete,-23.5217,-46.186,19.47,28.76,12.94,71.88,29.56,13.07,12.94,0.18,1.88
2021-11-23,Mogi das Cruzes,Alto Tiete,-23.5217,-46.186,23.27,33.01,13.91,56.12,29.56,13.39,12.28,0.02,2.29
2021-11-24,Mogi das Cruzes,Alto Tiete,-23.5217,-46.186,21.32,27.78,17.02,78.45,20.09,9.25,16.96,0.32,2.97
2021-11-25,Mogi das Cruzes,Alto Tiete,-23.5217,-46.186,24.01,32.86,17.26,69.96,25.82,11.78,16.91,0.22,2.14
2021-11-26,Mogi das Cruzes,Alto Tiete,-23.5217,-46.186,23.96,30.98,20.54,71.49,10.93,5.41,18.01,3.51,5.26
2021-11-27,Mogi das Cruzes,Alto Tiete,-23.5217,-46.186,24.03,31.05,19.46,72.31,26.47,12.2,17.86,0.82,3.03
2021-11-28,Mogi das Cruzes,Alto Tiete,-23.5217,-46.186,24.06,30.8,18.39,69.43,24.06,11.0,17.14,0.04,1.73
2021-11-29,Mogi das Cruzes,Alto Tiete,-23.5217,-46.186,26.74,34.65,19.48,60.41,24.63,11.31,16.93,0.95,2.4
2021-11-30,Mogi das Cruzes,Alto Tiete,-23.5217,-46.186,24.13,28.64,20.38,77.1,17.29,8.15,19.56,10.56,3.33
2021-12-01,Mogi das Cruzes,Alto Tiete,-23.5217,-46.186,23.09,29.77,18.65,76.36,22.19,10.15,18.06,0.81,2.57
2021-12-02,Mogi das Cruzes,Alto Tiete,-23.5217,-46.186,21.59,28.81,17.41,78.63,19.59,9.08,17.15,3.0,3.05
2021-12-03,Mogi das Cruzes,Alto Tiete,-23.5217,-46.186,20.21,26.29,16.57,79.67,18.09,8.46,16.14,1.76,3.5
2021-12-04,Mogi das Cruzes,Alto Tiete,-23.5217,-46.186,21.22,29.57,16.27,75.82,24.62,11.09,15.97,0.43,3.0
2021-12-05,Mogi das Cruzes,Alto Tiete,-23.5217,-46.186,22.45,30.05,17.32,75.21,23.52,10.6,16.98,2.23,2.35
2021-12-06,Mogi das Cruzes,Alto Tiete,-23.5217,-46.186,21.25,27.56,17.76,80.29,18.02,8.47,17.2,5.13,2.79
2021-12-07,Mogi das Cruzes,Alto Tiete,-23.5217,-46.186,18.65,22.72,15.63,83.24,12.8,6.23,15.52,10.65,4.59
2021-12-08,Mogi das Cruzes,Alto Tiete,-23.5217,-46.186,17.94,22.94,14.84,82.42,17.73,8.21,14.62,5.55,3.71
2021-12-09,Mogi das Cruzes,Alto Tiete,-23.5217,-46.186,18.82,25.39,14.45,74.23,23.4,10.51,13.37,0.44,2.66
2021-12-10,Mogi das Cruzes,Alto Tiete,-23.5217,-46.186,19.8,27.55,14.48,71.82,29.99,13.3,13.5,0.25,2.05
2021-12-11,Mogi das Cruzes,Alto Tiete,-23.5217,-46.186,23.03,32.54,13.81,61.16,30.68,13.81,12.84,0.03,1.5
2021-12-12,Mogi das Cruzes,Alto Tiete,-23.5217,-46.186,24.94,33.57,18.61,61.72,22.99,10.27,15.84,4.23,2.32
2021-12-13,Mogi das Cruzes,Alto Tiete,-23.5217,-46.186,24.77,30.78,19.85,72.89,15.0,7.01,18.83,4.47,0.83
2021-12-14,Mogi das Cruzes,Alto Tiete,-23.5217,-46.186,24.31,29.9,21.04,79.12,13.9,6.72,19.97,8.49,1.54
2021-12-15,Mogi das Cruzes,Alto Tiete,-23.5217,-46.186,23.61,26.77,21.1,86.27,10.76,5.39,21.02,11.38,1.14
2021-12-16,Mogi das Cruzes,Alto Tiete,-23.5217,-46.186,24.31,29.29,21.19,82.14,16.96,8.12,20.77,13.86,1.81
2021-12-17,Mogi das Cruzes,Alto Tiete,-23.5217,-46.186,22.98,27.33,19.76,85.95,13.64,6.68,20.3,9.92,3.32
2021-12-18,Mogi das Cruzes,Alto Tiete,-23.5217,-46.186,21.22,26.11,17.26,84.49,18.37,8.59,18.29,4.52,3.95
2021-12-19,Mogi das Cruzes,Alto Tiete,-23.5217,-46.186,19.43,24.87,15.95,80.03,20.89,9.48,15.52,1.05,3.54
2021-12-20,Mogi das Cruzes,Alto Tiete,-23.5217,-46.186,20.54,27.47,15.21,77.55,28.44,12.82,15.93,0.65,2.7
2021-12-21,Mogi das Cruzes,Alto Tiete,-23.5217,-46.186,23.34,31.26,17.06,73.02,27.42,12.3,17.18,0.08,1.62
2021-12-22,Mogi das Cruzes,Alto Tiete,-23.5217,-46.186,24.6,31.92,18.38,70.69,21.47,9.99,17.93,4.16,2.95
2021-12-23,Mogi das Cruzes,Alto Tiete,-23.5217,-46.186,20.21,25.43,16.15,79.63,16.32,7.62,16.23,3.6,4.01
2021-12-24,Mogi das Cruzes,Alto Tiete,-23.5217,-46.186,19.69,25.58,15.98,78.26,20.79,9.55,15.31,1.84,3.78
2021-12-25,Mogi das Cruzes,Alto Tiete,-23.5217,-46.186,20.2,27.83,14.84,73.66,27.04,12.19,14.64,0.25,2.45
2021-12-26,Mogi das Cruzes,Alto Tiete,-23.5217,-46.186,23.04,31.54,15.4,65.65,30.01,13.49,14.53,0.53,1.97
2021-12-27,Mogi das Cruzes,Alto Tiete,-23.5217,-46.186,23.97,30.97,18.59,69.26,19.25,9.04,17.09,5.91,1.66
2021-12-28,Mogi das Cruzes,Alto Tiete,-23.5217,-46.186,22.66,30.24,18.54,77.15,14.88,7.07,17.9,6.99,1.6
2021-12-29,Mogi das Cruzes,Alto Tiete,-23.5217,-46.186,21.72,27.84,18.52,83.36,21.47,9.87,18.43,3.27,2.15
2021-12-30,Mogi das Cruzes,Alto Tiete,-23.5217,-46.186,20.71,24.4,18.05,86.99,9.98,5.02,18.34,12.51,2.27
2021-12-31,Mogi das Cruzes,Alto Tiete,-23.5217,-46.186,21.64,24.95,18.65,86.87,12.22,6.04,19.21,17.98,1.53
2022-01-01,Mogi das Cruzes,Alto Tiete,-23.5217,-46.186,22.54,27.63,18.46,81.69,15.63,7.61,18.96,6.43,2.01
2022-01-02,Mogi das Cruzes,Alto Tiete,-23.5217,-46.186,23.69,27.87,20.35,79.04,19.53,9.28,19.55,3.48,1.9
2022-01-03,Mogi das Cruzes,Alto Tiete,-23.5217,-46.186,23.11,27.9,20.02,83.56,16.37,7.84,19.99,10.86,1.66
2022-01-04,Mogi das Cruzes,Alto Tiete,-23.5217,-46.186,23.51,27.82,20.11,85.98,12.6,6.17,20.86,10.01,1.73
2022-01-05,Mogi das Cruzes,Alto Tiete,-23.5217,-46.186,23.44,27.65,20.4,83.77,14.21,6.94,20.35,5.55,3.95
2022-01-06,Mogi das Cruzes,Alto Tiete,-23.5217,-46.186,21.5,23.51,19.71,92.7,14.2,6.94,20.26,18.85,4.6
2022-01-07,Mogi das Cruzes,Alto Tiete,-23.5217,-46.186,20.29,23.57,18.62,89.02,11.08,5.56,18.33,7.9,3.98
2022-01-08,Mogi das Cruzes,Alto Tiete,-23.5217,-46.186,19.91,24.14,17.08,87.23,12.33,6.07,17.59,5.7,4.27
2022-01-09,Mogi das Cruzes,Alto Tiete,-23.5217,-46.186,18.5,21.33,16.49,88.49,8.87,4.57,16.48,5.5,3.26
2022-01-10,Mogi das Cruzes,Alto Tiete,-23.5217,-46.186,20.11,24.49,17.08,89.52,13.51,6.61,18.24,3.76,1.93
2022-01-11,Mogi das Cruzes,Alto Tiete,-23.5217,-46.186,21.33,24.88,18.26,86.49,11.5,5.74,18.82,8.33,1.14
2022-01-12,Mogi das Cruzes,Alto Tiete,-23.5217,-46.186,22.09,25.75,19.13,84.15,14.61,6.98,19.07,2.79,1.15
2022-01-13,Mogi das Cruzes,Alto Tiete,-23.5217,-46.186,22.69,27.72,19.39,86.66,17.7,8.47,20.15,9.31,1.57
2022-01-14,Mogi das Cruzes,Alto Tiete,-23.5217,-46.186,22.6,25.63,20.17,90.68,17.81,8.53,20.93,1.37,1.58
2022-01-15,Mogi das Cruzes,Alto Tiete,-23.5217,-46.186,22.46,26.13,20.06,89.2,13.95,6.86,20.51,1.8,1.32
2022-01-16,Mogi das Cruzes,Alto Tiete,-23.5217,-46.186,23.75,28.77,19.13,79.25,22.05,10.39,19.62,3.29,1.28
2022-01-17,Mogi das Cruzes,Alto Tiete,-23.5217,-46.186,24.5,29.7,19.37,75.57,23.82,11.16,19.5,1.87,2.17
2022-01-18,Mogi das Cruzes,Alto Tiete,-23.5217,-46.186,25.39,31.44,19.79,74.79,26.62,12.33,20.05,3.11,1.35
2022-01-19,Mogi das Cruzes,Alto Tiete,-23.5217,-46.186,25.07,29.84,21.11,78.21,26.21,12.12,20.56,3.59,0.83
2022-01-20,Mogi das Cruzes,Alto Tiete,-23.5217,-46.186,24.69,30.97,20.25,77.21,26.18,12.06,19.75,5.26,1.44
2022-01-21,Mogi das Cruzes,Alto Tiete,-23.5217,-46.186,23.8,30.0,19.6,79.29,28.54,13.09,19.52,0.92,2.11
2022-01-22,Mogi das Cruzes,Alto Tiete,-23.5217,-46.186,23.51,30.22,18.28,77.01,28.17,12.82,18.51,0.19,1.77
2022-01-23,Mogi das Cruzes,Alto Tiete,-23.5217,-46.186,25.29,31.94,20.13,79.26,24.63,11.19,20.9,0.42,1.89
2022-01-24,Mogi das Cruzes,Alto Tiete,-23.5217,-46.186,24.92,31.72,20.02,79.17,22.59,10.34,20.54,0.79,2.31
2022-01-25,Mogi das Cruzes,Alto Tiete,-23.5217,-46.186,25.25,31.87,20.54,78.27,24.73,11.37,20.59,1.56,1.77
2022-01-26,Mogi das Cruzes,Alto Tiete,-23.5217,-46.186,24.95,29.69,20.95,77.91,26.35,12.14,20.43,3.54,2.43
2022-01-27,Mogi das Cruzes,Alto Tiete,-23.5217,-46.186,26.04,31.93,20.82,72.21,26.63,12.19,20.04,5.22,3.34
2022-01-28,Mogi das Cruzes,Alto Tiete,-23.5217,-46.186,22.48,26.01,19.82,87.02,12.58,6.1,20.1,17.39,3.0
2022-01-29,Mogi das Cruzes,Alto Tiete,-23.5217,-46.186,21.55,25.41,19.42,89.19,8.95,4.58,19.59,42.69,1.57
2022-01-30,Mogi das Cruzes,Alto Tiete,-23.5217,-46.186,22.53,27.05,19.94,85.06,8.99,4.54,19.74,16.64,2.03
2022-01-31,Mogi das Cruzes,Alto Tiete,-23.5217,-46.186,22.47,26.85,19.37,85.27,10.87,5.41,19.72,8.11,3.52
2022-02-01,Mogi das Cruzes,Alto Tiete,-23.5217,-46.186,22.97,27.88,20.04,85.3,14.09,6.78,20.15,9.06,2.8
2022-02-02,Mogi das Cruzes,Alto Tiete,-23.5217,-46.186,21.59,24.5,19.57,89.29,10.84,5.3,19.67,14.09,1.52
2022-02-03,Mogi das Cruzes,Alto Tiete,-23.5217,-46.186,22.63,27.34,18.79,84.94,16.02,7.65,19.75,4.63,1.16
2022-02-04,Mogi das Cruzes,Alto Tiete,-23.5217,-46.186,23.36,27.25,19.86,83.8,15.14,7.28,20.29,2.14,1.84
2022-02-05,Mogi das Cruzes,Alto Tiete,-23.5217,-46.186,24.03,28.53,20.45,83.47,20.88,9.88,20.88,2.59,2.76
2022-02-06,Mogi das Cruzes,Alto Tiete,-23.5217,-46.186,23.4,27.0,21.01,88.07,15.5,7.37,21.21,15.0,3.2
2022-02-07,Mogi das Cruzes,Alto Tiete,-23.5217,-46.186,21.27,24.57,18.52,90.39,9.7,4.84,19.58,8.86,3.83
2022-02-08,Mogi das Cruzes,Alto Tiete,-23.5217,-46.186,20.23,24.64,16.03,85.5,19.75,9.1,17.6,1.89,3.33
2022-02-09,Mogi das Cruzes,Alto Tiete,-23.5217,-46.186,19.02,23.53,15.18,84.4,24.15,11.0,16.17,0.17,2.61
2022-02-10,Mogi das Cruzes,Alto Tiete,-23.5217,-46.186,20.0,24.85,16.1,84.95,24.06,10.89,17.22,0.19,2.56
2022-02-11,Mogi das Cruzes,Alto Tiete,-23.5217,-46.186,20.57,25.42,17.13,87.08,18.32,8.52,18.2,0.48,2.65
2022-02-12,Mogi das Cruzes,Alto Tiete,-23.5217,-46.186,21.03,26.39,17.8,86.96,21.39,9.89,18.59,0.52,2.75
2022-02-13,Mogi das Cruzes,Alto Tiete,-23.5217,-46.186,21.95,28.21,17.42,83.58,22.07,10.13,18.73,0.33,1.75
2022-02-14,Mogi das Cruzes,Alto Tiete,-23.5217,-46.186,23.25,30.0,16.87,79.04,26.86,12.3,18.86,0.25,1.92
2022-02-15,Mogi das Cruzes,Alto Tiete,-23.5217,-46.186,21.55,25.03,18.7,87.64,21.67,10.03,19.34,1.35,2.58
2022-02-16,Mogi das Cruzes,Alto Tiete,-23.5217,-46.186,21.64,27.4,17.55,80.86,23.22,10.52,17.91,0.4,2.18
2022-02-17,Mogi das Cruzes,Alto Tiete,-23.5217,-46.186,22.17,28.18,17.53,82.25,17.33,8.05,18.55,5.59,1.72
2022-02-18,Mogi das Cruzes,Alto Tiete,-23.5217,-46.186,20.64,25.69,18.23,85.4,17.61,8.14,17.88,2.88,1.99
2022-02-19,Mogi das Cruzes,Alto Tiete,-23.5217,-46.186,21.89,27.61,17.36,80.62,22.32,10.17,17.96,1.15,1.4
2022-02-20,Mogi das Cruzes,Alto Tiete,-23.5217,-46.186,23.09,28.54,18.65,79.07,22.88,10.48,18.81,2.99,1.81
2022-02-21,Mogi das Cruzes,Alto Tiete,-23.5217,-46.186,23.95,30.34,18.52,77.52,26.06,11.94,19.26,1.3,1.7
2022-02-22,Mogi das Cruzes,Alto Tiete,-23.5217,-46.186,24.13,31.03,18.93,71.77,24.46,11.2,17.74,0.43,1.53
2022-02-23,Mogi das Cruzes,Alto Tiete,-23.5217,-46.186,23.55,30.96,17.12,78.45,20.16,9.3,19.03,2.8,1.84
2022-02-24,Mogi das Cruzes,Alto Tiete,-23.5217,-46.186,23.58,29.93,19.42,80.55,23.95,11.04,19.62,0.8,1.95
2022-02-25,Mogi das Cruzes,Alto Tiete,-23.5217,-46.186,23.93,30.99,18.81,77.64,24.71,11.2,19.07,0.29,2.31
2022-02-26,Mogi das Cruzes,Alto Tiete,-23.5217,-46.186,23.46,30.39,18.04,78.01,25.84,11.61,18.56,0.91,2.15
2022-02-27,Mogi das Cruzes,Alto Tiete,-23.5217,-46.186,24.05,30.58,19.24,79.72,23.85,10.88,19.71,0.88,1.82
2022-02-28,Mogi das Cruzes,Alto Tiete,-23.5217,-46.186,25.54,31.43,19.72,72.09,25.22,11.49,19.41,0.14,1.82
2022-03-01,Mogi das Cruzes,Alto Tiete,-23.5217,-46.186,25.09,30.95,21.4,74.91,20.05,9.35,19.89,9.28,2.0
2022-03-02,Mogi das Cruzes,Alto Tiete,-23.5217,-46.186,25.8,31.62,20.96,72.6,24.33,11.19,19.78,7.6,1.31
2022-03-03,Mogi das Cruzes,Alto Tiete,-23.5217,-46.186,25.12,30.72,20.74,74.99,23.19,10.63,19.83,1.92,1.47
2022-03-04,Mogi das Cruzes,Alto Tiete,-23.5217,-46.186,23.56,28.1,20.35,82.48,18.14,8.43,20.1,5.56,1.32
2022-03-05,Mogi das Cruzes,Alto Tiete,-23.5217,-46.186,24.21,30.07,19.3,77.78,22.27,10.32,19.55,2.98,1.29
2022-03-06,Mogi das Cruzes,Alto Tiete,-23.5217,-46.186,24.86,29.92,20.6,76.47,23.43,10.8,19.97,1.93,1.6
2022-03-07,Mogi das Cruzes,Alto Tiete,-23.5217,-46.186,25.52,31.7,20.31,74.35,22.42,10.38,20.04,3.29,1.3
2022-03-08,Mogi das Cruzes,Alto Tiete,-23.5217,-46.186,25.13,32.18,20.08,74.69,23.44,10.84,19.5,0.27,1.85
2022-03-09,Mogi das Cruzes,Alto Tiete,-23.5217,-46.186,24.32,31.34,19.1,77.73,21.91,10.0,19.43,2.07,1.63
2022-03-10,Mogi das Cruzes,Alto Tiete,-23.5217,-46.186,24.29,29.48,20.1,76.59,21.2,9.8,19.5,7.1,1.69
2022-03-11,Mogi das Cruzes,Alto Tiete,-23.5217,-46.186,24.14,28.67,20.57,79.72,15.53,7.39,20.1,10.02,2.21
2022-03-12,Mogi das Cruzes,Alto Tiete,-23.5217,-46.186,22.94,26.3,20.66,84.27,16.32,7.78,19.95,13.09,1.62
2022-03-13,Mogi das Cruzes,Alto Tiete,-23.5217,-46.186,22.52,25.81,20.38,87.03,13.79,6.61,20.12,4.48,1.1
2022-03-14,Mogi das Cruzes,Alto Tiete,-23.5217,-46.186,22.82,26.87,20.43,87.04,11.54,5.63,20.37,10.24,1.19
2022-03-15,Mogi das Cruzes,Alto Tiete,-23.5217,-46.186,22.35,26.11,19.85,90.96,14.73,7.04,20.73,10.87,1.88
2022-03-16,Mogi das Cruzes,Alto Tiete,-23.5217,-46.186,24.19,29.44,20.76,83.76,15.79,7.52,20.94,15.14,1.5
2022-03-17,Mogi das Cruzes,Alto Tiete,-23.5217,-46.186,24.67,29.72,20.47,80.43,19.78,9.25,20.75,2.74,1.48
2022-03-18,Mogi das Cruzes,Alto Tiete,-23.5217,-46.186,25.27,30.51,20.82,78.33,19.55,9.16,20.9,1.17,1.35
2022-03-19,Mogi das Cruzes,Alto Tiete,-23.5217,-46.186,23.24,29.31,20.26,84.06,16.46,7.69,20.17,4.67,2.78
2022-03-20,Mogi das Cruzes,Alto Tiete,-23.5217,-46.186,20.81,23.69,17.94,91.43,6.8,3.49,19.32,9.83,4.43
2022-03-21,Mogi das Cruzes,Alto Tiete,-23.5217,-46.186,18.82,22.72,16.37,84.58,14.38,6.71,16.03,1.64,4.22
2022-03-22,Mogi das Cruzes,Alto Tiete,-23.5217,-46.186,19.31,25.06,15.41,81.72,24.44,11.12,15.84,0.08,3.15
2022-03-23,Mogi das Cruzes,Alto Tiete,-23.5217,-46.186,21.87,28.74,16.05,79.0,22.37,10.3,17.56,0.01,1.59
2022-03-24,Mogi das Cruzes,Alto Tiete,-23.5217,-46.186,23.89,30.29,17.92,76.8,22.5,10.4,19.1,0.03,2.42
2022-03-25,Mogi das Cruzes,Alto Tiete,-23.5217,-46.186,25.01,30.36,20.75,74.8,18.98,8.81,19.91,1.41,2.69
2022-03-26,Mogi das Cruzes,Alto Tiete,-23.5217,-46.186,24.13,28.61,20.45,81.14,16.34,7.68,20.44,4.13,2.18
2022-03-27,Mogi das Cruzes,Alto Tiete,-23.5217,-46.186,22.87,26.42,20.51,87.18,10.19,4.94,20.49,5.37,1.65
2022-03-28,Mogi das Cruzes,Alto Tiete,-23.5217,-46.186,21.83,25.59,20.09,90.38,15.14,7.05,20.1,5.12,2.33
2022-03-29,Mogi das Cruzes,Alto Tiete,-23.5217,-46.186,22.12,27.47,19.51,87.84,17.5,8.13,19.82,4.13,2.4
2022-03-30,Mogi das Cruzes,Alto Tiete,-23.5217,-46.186,23.95,29.89,18.43,78.75,20.99,9.61,19.64,0.03,2.1
2022-03-31,Mogi das Cruzes,Alto Tiete,-23.5217,-46.186,20.15,22.71,16.9,88.58,9.16,4.51,18.16,5.82,3.99
2022-04-01,Mogi das Cruzes,Alto Tiete,-23.5217,-46.186,18.53,22.69,16.61,89.48,7.92,3.96,16.67,6.84,3.86
2022-04-02,Mogi das Cruzes,Alto Tiete,-23.5217,-46.186,19.76,22.85,17.51,91.79,10.18,5.0,18.33,5.98,3.96
2022-04-03,Mogi das Cruzes,Alto Tiete,-23.5217,-46.186,21.8,27.15,18.66,87.62,17.35,8.07,19.45,1.51,3.03
2022-04-04,Mogi das Cruzes,Alto Tiete,-23.5217,-46.186,23.52,29.74,18.82,81.88,20.04,9.29,19.85,0.7,1.45
2022-04-05,Mogi das Cruzes,Alto Tiete,-23.5217,-46.186,22.17,27.19,19.09,87.42,10.5,5.03,19.83,2.32,1.89
2022-04-06,Mogi das Cruzes,Alto Tiete,-23.5217,-46.186,20.68,25.86,17.8,87.09,18.34,8.47,18.25,1.08,2.03
2022-04-07,Mogi das Cruzes,Alto Tiete,-23.5217,-46.186,20.36,25.98,16.95,86.11,17.77,8.16,17.71,0.49,2.09
2022-04-08,Mogi das Cruzes,Alto Tiete,-23.5217,-46.186,22.44,29.12,17.61,84.38,17.32,8.07,19.3,9.65,1.58
2022-04-09,Mogi das Cruzes,Alto Tiete,-23.5217,-46.186,23.3,28.76,19.92,84.9,17.62,8.21,20.32,3.32,1.32
2022-04-10,Mogi das Cruzes,Alto Tiete,-23.5217,-46.186,21.37,26.24,18.55,84.71,18.37,8.35,18.41,0.84,1.74
2022-04-11,Mogi das Cruzes,Alto Tiete,-23.5217,-46.186,21.65,27.87,17.74,83.33,17.72,8.14,18.33,0.1,1.53
2022-04-12,Mogi das Cruzes,Alto Tiete,-23.5217,-46.186,23.11,28.44,18.67,80.57,13.86,6.55,19.24,5.28,1.45
2022-04-13,Mogi das Cruzes,Alto Tiete,-23.5217,-46.186,22.64,27.89,19.43,84.91,11.1,5.31,19.74,0.82,2.21
2022-04-14,Mogi das Cruzes,Alto Tiete,-23.5217,-46.186,20.23,24.34,16.3,89.98,11.05,5.32,18.44,5.51,3.32
2022-04-15,Mogi das Cruzes,Alto Tiete,-23.5217,-46.186,16.4,21.13,13.24,76.96,18.72,8.34,12.05,0.15,3.13
2022-04-16,Mogi das Cruzes,Alto Tiete,-23.5217,-46.186,16.89,21.24,13.71,81.49,18.19,8.2,13.4,2.69,2.38
2022-04-17,Mogi das Cruzes,Alto Tiete,-23.5217,-46.186,16.84,21.98,13.16,81.94,16.53,7.49,13.46,1.64,2.08
2022-04-18,Mogi das Cruzes,Alto Tiete,-23.5217,-46.186,17.66,23.09,14.0,83.65,16.99,7.75,14.58,0.29,2.24
2022-04-19,Mogi das Cruzes,Alto Tiete,-23.5217,-46.186,18.99,25.62,14.22,82.08,17.77,8.06,15.41,0.04,1.52
2022-04-20,Mogi das Cruzes,Alto Tiete,-23.5217,-46.186,19.19,24.81,16.03,82.98,16.33,7.47,15.89,1.36,1.59
2022-04-21,Mogi das Cruzes,Alto Tiete,-23.5217,-46.186,19.41,26.04,15.63,79.72,18.35,8.23,15.22,0.95,1.15
2022-04-22,Mogi das Cruzes,Alto Tiete,-23.5217,-46.186,20.71,27.46,14.72,71.16,17.91,8.12,14.74,0.23,1.91
2022-04-23,Mogi das Cruzes,Alto Tiete,-23.5217,-46.186,21.86,28.36,16.96,71.73,16.0,7.34,15.93,0.5,4.39
2022-04-24,Mogi das Cruzes,Alto Tiete,-23.5217,-46.186,20.66,26.49,17.14,84.05,18.46,8.34,17.51,0.23,2.04
2022-04-25,Mogi das Cruzes,Alto Tiete,-23.5217,-46.186,21.34,28.78,16.81,82.84,18.12,8.23,17.79,3.41,1.87
2022-04-26,Mogi das Cruzes,Alto Tiete,-23.5217,-46.186,21.84,28.78,17.28,81.49,17.86,8.08,17.89,2.2,1.2
2022-04-27,Mogi das Cruzes,Alto Tiete,-23.5217,-46.186,22.47,29.87,15.99,73.99,18.91,8.56,16.81,0.02,1.58
2022-04-28,Mogi das Cruzes,Alto Tiete,-23.5217,-46.186,23.26,29.92,18.16,65.67,18.92,8.53,15.72,0.01,2.18
2022-04-29,Mogi das Cruzes,Alto Tiete,-23.5217,-46.186,20.63,26.08,17.75,80.6,8.83,4.24,17.01,4.09,2.95
2022-04-30,Mogi das Cruzes,Alto Tiete,-23.5217,-46.186,19.31,23.85,17.0,86.93,8.3,4.02,16.9,2.05,2.74
2022-05-01,Mogi das Cruzes,Alto Tiete,-23.5217,-46.186,22.01,28.37,17.64,76.88,16.85,7.7,17.23,1.32,1.98
2022-05-02,Mogi das Cruzes,Alto Tiete,-23.5217,-46.186,21.86,27.82,17.36,77.98,13.7,6.3,17.38,2.11,1.54
2022-05-03,Mogi das Cruzes,Alto Tiete,-23.5217,-46.186,22.09,29.03,16.88,75.65,15.22,6.96,16.89,1.2,2.17
2022-05-04,Mogi das Cruzes,Alto Tiete,-23.5217,-46.186,18.63,24.06,13.04,79.0,5.75,2.86,14.79,5.15,4.82
2022-05-05,Mogi das Cruzes,Alto Tiete,-23.5217,-46.186,16.28,22.75,11.35,82.34,9.65,4.49,12.98,1.27,3.88
2022-05-06,Mogi das Cruzes,Alto Tiete,-23.5217,-46.186,16.39,21.61,13.03,81.15,12.81,5.79,12.73,0.16,2.2
2022-05-07,Mogi das Cruzes,Alto Tiete,-23.5217,-46.186,15.9,22.26,12.19,79.44,9.34,4.33,11.99,0.1,2.08
2022-05-08,Mogi das Cruzes,Alto Tiete,-23.5217,-46.186,17.32,23.83,13.23,82.83,10.98,5.08,14.06,0.11,2.3
2022-05-09,Mogi das Cruzes,Alto Tiete,-23.5217,-46.186,18.27,24.23,14.59,83.86,14.91,6.76,15.24,0.03,2.27
2022-05-10,Mogi das Cruzes,Alto Tiete,-23.5217,-46.186,17.89,24.95,13.26,79.54,16.39,7.34,13.58,0.03,1.41
2022-05-11,Mogi das Cruzes,Alto Tiete,-23.5217,-46.186,19.13,26.14,13.66,78.5,11.33,5.24,14.8,1.86,2.28
2022-05-12,Mogi das Cruzes,Alto Tiete,-23.5217,-46.186,17.84,23.21,15.05,85.64,11.71,5.37,15.06,2.62,1.85
2022-05-13,Mogi das Cruzes,Alto Tiete,-23.5217,-46.186,17.93,24.72,14.32,82.46,14.49,6.55,14.33,0.29,1.62
2022-05-14,Mogi das Cruzes,Alto Tiete,-23.5217,-46.186,18.79,26.28,13.69,82.56,14.65,6.65,15.21,3.01,1.57
2022-05-15,Mogi das Cruzes,Alto Tiete,-23.5217,-46.186,19.4,26.05,14.71,83.66,9.93,4.62,16.16,0.87,2.61
2022-05-16,Mogi das Cruzes,Alto Tiete,-23.5217,-46.186,17.16,20.98,14.36,87.59,10.49,4.86,14.99,0.2,1.68
2022-05-17,Mogi das Cruzes,Alto Tiete,-23.5217,-46.186,13.77,20.04,8.52,64.55,16.61,7.24,6.07,0.1,3.73
2022-05-18,Mogi das Cruzes,Alto Tiete,-23.5217,-46.186,10.53,16.65,5.55,64.64,12.11,5.42,3.78,0.03,6.65
2022-05-19,Mogi das Cruzes,Alto Tiete,-23.5217,-46.186,10.55,15.74,7.14,84.57,7.65,3.61,8.03,0.78,3.71
2022-05-20,Mogi das Cruzes,Alto Tiete,-23.5217,-46.186,13.22,18.8,9.25,83.4,14.25,6.35,10.16,0.02,1.58
2022-05-21,Mogi das Cruzes,Alto Tiete,-23.5217,-46.186,14.81,22.58,9.62,76.7,15.42,6.76,9.62,0.01,1.2
2022-05-22,Mogi das Cruzes,Alto Tiete,-23.5217,-46.186,15.71,23.97,9.18,75.39,16.37,7.18,10.25,0.01,1.24
2022-05-23,Mogi das Cruzes,Alto Tiete,-23.5217,-46.186,16.3,24.25,10.01,73.14,15.09,6.69,10.52,0.02,1.31
2022-05-24,Mogi das Cruzes,Alto Tiete,-23.5217,-46.186,16.88,25.59,10.36,74.67,16.2,7.14,11.18,0.0,1.44
2022-05-25,Mogi das Cruzes,Alto Tiete,-23.5217,-46.186,17.57,25.69,10.56,71.89,16.38,7.24,11.48,0.01,1.42
2022-05-26,Mogi das Cruzes,Alto Tiete,-23.5217,-46.186,18.04,25.75,11.81,71.83,15.01,6.71,12.02,0.01,1.68
2022-05-27,Mogi das Cruzes,Alto Tiete,-23.5217,-46.186,18.51,25.92,12.69,71.69,15.6,6.97,12.51,0.01,2.04
2022-05-28,Mogi das Cruzes,Alto Tiete,-23.5217,-46.186,19.08,26.56,14.09,68.05,13.85,6.22,12.08,0.0,2.36
2022-05-29,Mogi das Cruzes,Alto Tiete,-23.5217,-46.186,19.76,27.56,14.03,64.41,16.13,7.17,11.96,0.02,3.7
2022-05-30,Mogi das Cruzes,Alto Tiete,-23.5217,-46.186,20.53,28.33,15.58,70.02,6.74,3.22,14.36,4.12,2.86
2022-05-31,Mogi das Cruzes,Alto Tiete,-23.5217,-46.186,17.13,19.35,15.71,92.68,3.98,2.0,15.91,17.73,2.75
2022-06-01,Mogi das Cruzes,Alto Tiete,-23.5217,-46.186,18.48,22.93,15.48,90.4,7.79,3.71,16.81,2.46,1.03
2022-06-02,Mogi das Cruzes,Alto Tiete,-23.5217,-46.186,19.57,25.94,16.08,85.9,7.21,3.35,16.92,0.5,1.85
2022-06-03,Mogi das Cruzes,Alto Tiete,-23.5217,-46.186,16.23,19.79,14.04,90.63,7.51,3.54,14.61,1.93,2.46
2022-06-04,Mogi das Cruzes,Alto Tiete,-23.5217,-46.186,15.86,20.93,13.56,87.27,10.59,4.87,13.51,1.13,2.71
2022-06-05,Mogi das Cruzes,Alto Tiete,-23.5217,-46.186,16.6,23.75,12.24,83.55,14.73,6.61,13.31,0.07,1.85
2022-06-06,Mogi das Cruzes,Alto Tiete,-23.5217,-46.186,18.32,25.17,12.16,76.82,12.03,5.54,13.69,0.04,1.94
2022-06-07,Mogi das Cruzes,Alto Tiete,-23.5217,-46.186,19.69,26.3,15.61,75.0,9.66,4.46,14.61,3.23,2.38
2022-06-08,Mogi das Cruzes,Alto Tiete,-23.5217,-46.186,17.9,22.43,15.48,89.76,5.74,2.74,16.07,2.71,1.55
2022-06-09,Mogi das Cruzes,Alto Tiete,-23.5217,-46.186,17.85,23.32,14.65,87.79,6.56,3.12,15.52,4.26,1.17
2022-06-10,Mogi das Cruzes,Alto Tiete,-23.5217,-46.186,17.32,22.32,14.31,91.17,8.03,3.76,15.79,3.53,2.38
2022-06-11,Mogi das Cruzes,Alto Tiete,-23.5217,-46.186,14.33,16.96,12.71,90.59,7.26,3.37,12.76,0.87,1.63
2022-06-12,Mogi das Cruzes,Alto Tiete,-23.5217,-46.186,12.41,17.26,7.97,72.41,13.8,6.02,6.8,0.03,1.69
2022-06-13,Mogi das Cruzes,Alto Tiete,-23.5217,-46.186,11.81,17.93,7.06,74.38,14.85,6.51,7.08,0.08,1.8
2022-06-14,Mogi das Cruzes,Alto Tiete,-23.5217,-46.186,14.09,20.76,10.66,84.86,12.46,5.52,11.24,0.2,1.75
2022-06-15,Mogi das Cruzes,Alto Tiete,-23.5217,-46.186,15.05,21.86,10.46,80.55,10.41,4.72,11.26,0.03,1.27
2022-06-16,Mogi das Cruzes,Alto Tiete,-23.5217,-46.186,16.53,24.91,10.8,73.46,15.06,6.7,10.9,0.01,1.05
2022-06-17,Mogi das Cruzes,Alto Tiete,-23.5217,-46.186,18.37,26.84,11.32,57.0,15.7,6.93,8.79,0.04,3.02
2022-06-18,Mogi das Cruzes,Alto Tiete,-23.5217,-46.186,15.9,19.39,13.42,75.52,4.83,2.35,11.32,0.79,3.43
2022-06-19,Mogi das Cruzes,Alto Tiete,-23.5217,-46.186,15.5,21.85,12.56,85.82,8.58,3.97,12.81,0.21,2.08
2022-06-20,Mogi das Cruzes,Alto Tiete,-23.5217,-46.186,16.46,23.1,12.36,84.42,7.39,3.53,13.58,0.08,1.33
2022-06-21,Mogi das Cruzes,Alto Tiete,-23.5217,-46.186,19.45,27.81,13.12,73.43,13.88,6.27,13.84,0.0,1.38
2022-06-22,Mogi das Cruzes,Alto Tiete,-23.5217,-46.186,20.19,27.76,15.15,66.86,13.71,6.22,13.24,0.08,2.97
2022-06-23,Mogi das Cruzes,Alto Tiete,-23.5217,-46.186,20.56,28.64,15.13,59.73,15.33,6.88,11.56,0.0,2.46
2022-06-24,Mogi das Cruzes,Alto Tiete,-23.5217,-46.186,19.4,28.24,13.86,64.27,14.05,6.24,11.44,0.05,1.28
2022-06-25,Mogi das Cruzes,Alto Tiete,-23.5217,-46.186,17.14,22.71,13.13,78.89,10.97,4.93,13.19,0.04,3.14
2022-06-26,Mogi das Cruzes,Alto Tiete,-23.5217,-46.186,15.29,19.59,12.71,85.5,8.66,4.01,12.67,0.2,3.0
2022-06-27,Mogi das Cruzes,Alto Tiete,-23.5217,-46.186,15.52,22.3,11.66,83.36,8.55,3.9,12.29,0.08,2.02
2022-06-28,Mogi das Cruzes,Alto Tiete,-23.5217,-46.186,17.61,26.0,11.27,76.13,14.32,6.41,12.82,0.03,1.79
2022-06-29,Mogi das Cruzes,Alto Tiete,-23.5217,-46.186,18.56,26.42,12.89,72.26,13.8,6.2,12.65,0.23,3.48
2022-06-30,Mogi das Cruzes,Alto Tiete,-23.5217,-46.186,16.37,24.2,12.24,78.93,13.54,5.82,11.88,0.26,1.2
2022-07-01,Mogi das Cruzes,Alto Tiete,-23.5217,-46.186,16.79,25.92,11.19,71.72,12.99,5.72,10.45,0.11,1.04
2022-07-02,Mogi das Cruzes,Alto Tiete,-23.5217,-46.186,18.88,28.39,12.09,68.02,15.15,6.69,11.7,0.08,2.32
2022-07-03,Mogi das Cruzes,Alto Tiete,-23.5217,-46.186,19.92,28.72,14.24,61.65,15.26,6.75,11.29,0.0,1.66
2022-07-04,Mogi das Cruzes,Alto Tiete,-23.5217,-46.186,19.66,28.68,13.04,55.94,15.7,6.85,9.35,0.02,1.42
2022-07-05,Mogi das Cruzes,Alto Tiete,-23.5217,-46.186,19.41,28.02,13.08,52.52,16.02,6.98,8.41,0.06,2.16
2022-07-06,Mogi das Cruzes,Alto Tiete,-23.5217,-46.186,19.0,27.94,11.86,57.16,13.74,6.09,9.27,0.01,1.61
2022-07-07,Mogi das Cruzes,Alto Tiete,-23.5217,-46.186,20.06,27.27,14.12,57.57,14.27,6.36,10.55,0.02,2.54
2022-07-08,Mogi das Cruzes,Alto Tiete,-23.5217,-46.186,18.77,26.7,13.65,65.48,12.55,5.63,11.1,0.01,1.64
2022-07-09,Mogi das Cruzes,Alto Tiete,-23.5217,-46.186,18.18,26.45,12.74,73.88,14.79,6.51,12.12,0.01,1.48
2022-07-10,Mogi das Cruzes,Alto Tiete,-23.5217,-46.186,19.16,27.28,12.11,66.06,14.36,6.42,11.77,0.01,1.81
2022-07-11,Mogi das Cruzes,Alto Tiete,-23.5217,-46.186,19.72,27.4,14.53,60.57,15.7,6.99,11.11,0.0,3.35
2022-07-12,Mogi das Cruzes,Alto Tiete,-23.5217,-46.186,20.2,28.01,15.35,62.34,11.02,5.04,11.85,0.3,4.25
2022-07-13,Mogi das Cruzes,Alto Tiete,-23.5217,-46.186,16.35,20.05,14.27,88.77,7.14,3.38,14.38,0.69,2.8
2022-07-14,Mogi das Cruzes,Alto Tiete,-23.5217,-46.186,19.93,27.83,14.62,75.07,14.32,6.51,14.59,0.04,1.89
2022-07-15,Mogi das Cruzes,Alto Tiete,-23.5217,-46.186,20.79,28.77,15.41,60.21,14.28,6.45,11.91,0.0,2.91
2022-07-16,Mogi das Cruzes,Alto Tiete,-23.5217,-46.186,21.89,29.57,16.08,56.14,13.3,5.99,11.88,0.21,4.17
2022-07-17,Mogi das Cruzes,Alto Tiete,-23.5217,-46.186,20.79,27.73,16.0,67.0,11.47,5.31,13.93,0.61,3.64
2022-07-18,Mogi das Cruzes,Alto Tiete,-23.5217,-46.186,19.29,27.1,15.26,81.7,10.11,4.77,15.54,0.38,2.61
2022-07-19,Mogi das Cruzes,Alto Tiete,-23.5217,-46.186,19.8,27.62,15.06,79.24,13.48,6.16,15.27,0.19,1.97
2022-07-20,Mogi das Cruzes,Alto Tiete,-23.5217,-46.186,18.76,24.24,15.79,84.74,12.24,5.63,15.78,0.8,2.41
2022-07-21,Mogi das Cruzes,Alto Tiete,-23.5217,-46.186,18.73,27.31,13.88,76.52,16.16,7.23,13.26,0.3,1.51
2022-07-22,Mogi das Cruzes,Alto Tiete,-23.5217,-46.186,18.83,28.44,12.57,61.2,16.93,7.43,9.19,0.03,1.48
2022-07-23,Mogi das Cruzes,Alto Tiete,-23.5217,-46.186,18.95,28.7,12.49,57.67,16.85,7.39,8.62,0.47,1.37
2022-07-24,Mogi das Cruzes,Alto Tiete,-23.5217,-46.186,19.19,28.17,13.48,66.46,14.77,6.52,11.34,0.03,1.52
2022-07-25,Mogi das Cruzes,Alto Tiete,-23.5217,-46.186,18.88,27.75,12.81,74.0,16.54,7.27,12.7,0.02,1.5
2022-07-26,Mogi das Cruzes,Alto Tiete,-23.5217,-46.186,18.85,27.27,13.25,77.79,14.94,6.68,13.88,0.11,1.92
2022-07-27,Mogi das Cruzes,Alto Tiete,-23.5217,-46.186,19.3,28.05,13.66,73.48,14.22,6.33,13.03,0.06,1.33
2022-07-28,Mogi das Cruzes,Alto Tiete,-23.5217,-46.186,20.22,28.53,13.25,55.76,15.69,6.91,9.73,0.0,2.82
2022-07-29,Mogi das Cruzes,Alto Tiete,-23.5217,-46.186,17.81,25.09,12.58,67.9,4.97,2.45,11.19,8.96,3.99
2022-07-30,Mogi das Cruzes,Alto Tiete,-23.5217,-46.186,13.7,19.31,9.5,79.75,15.1,6.64,9.78,0.71,1.95
2022-07-31,Mogi das Cruzes,Alto Tiete,-23.5217,-46.186,15.81,24.74,10.64,73.36,17.4,7.6,9.79,0.08,1.44
2022-08-01,Mogi das Cruzes,Alto Tiete,-23.5217,-46.186,18.04,26.85,11.13,67.68,15.55,7.0,10.72,0.16,1.6
2022-08-02,Mogi das Cruzes,Alto Tiete,-23.5217,-46.186,19.44,27.15,14.06,66.08,16.89,7.53,11.95,0.09,1.3
2022-08-03,Mogi das Cruzes,Alto Tiete,-23.5217,-46.186,18.2,26.84,12.38,76.8,17.27,7.65,12.9,0.24,1.77
2022-08-04,Mogi das Cruzes,Alto Tiete,-23.5217,-46.186,20.33,28.4,14.01,61.98,14.51,6.54,11.87,0.0,2.88
2022-08-05,Mogi das Cruzes,Alto Tiete,-23.5217,-46.186,19.34,26.26,14.12,64.56,9.83,4.48,11.82,0.61,3.84
2022-08-06,Mogi das Cruzes,Alto Tiete,-23.5217,-46.186,16.31,22.61,12.97,80.72,9.08,4.18,12.68,0.41,2.72
2022-08-07,Mogi das Cruzes,Alto Tiete,-23.5217,-46.186,18.14,24.56,14.33,81.65,4.3,2.12,14.47,4.67,2.01
2022-08-08,Mogi das Cruzes,Alto Tiete,-23.5217,-46.186,17.5,21.82,15.25,87.2,5.93,2.86,15.16,5.32,1.53
2022-08-09,Mogi das Cruzes,Alto Tiete,-23.5217,-46.186,18.59,24.88,15.31,83.86,5.44,2.67,15.4,4.33,1.3
2022-08-10,Mogi das Cruzes,Alto Tiete,-23.5217,-46.186,15.36,18.13,11.38,75.93,11.77,5.39,10.62,9.73,5.8
2022-08-11,Mogi das Cruzes,Alto Tiete,-23.5217,-46.186,13.16,16.45,11.15,88.84,12.34,5.68,11.25,3.71,3.84
2022-08-12,Mogi das Cruzes,Alto Tiete,-23.5217,-46.186,14.87,21.59,10.79,79.4,16.79,7.46,10.65,0.21,2.53
2022-08-13,Mogi das Cruzes,Alto Tiete,-23.5217,-46.186,16.57,26.55,9.2,73.15,19.11,8.37,10.26,0.02,1.64
2022-08-14,Mogi das Cruzes,Alto Tiete,-23.5217,-46.186,18.06,27.49,10.7,65.55,19.37,8.53,10.11,0.01,1.28
2022-08-15,Mogi das Cruzes,Alto Tiete,-23.5217,-46.186,19.9,29.25,13.08,53.97,19.63,8.66,9.25,0.0,3.03
2022-08-16,Mogi das Cruzes,Alto Tiete,-23.5217,-46.186,21.95,30.69,15.29,53.07,14.64,6.61,11.02,0.03,3.82
2022-08-17,Mogi das Cruzes,Alto Tiete,-23.5217,-46.186,21.58,29.44,15.39,62.36,7.07,3.38,13.04,0.27,2.24
2022-08-18,Mogi das Cruzes,Alto Tiete,-23.5217,-46.186,22.49,31.03,16.03,59.04,9.83,4.53,12.61,0.12,4.57
2022-08-19,Mogi das Cruzes,Alto Tiete,-23.5217,-46.186,11.46,15.05,9.4,85.06,4.43,2.26,9.02,2.62,4.47
2022-08-20,Mogi das Cruzes,Alto Tiete,-23.5217,-46.186,12.4,16.8,9.34,74.44,7.46,3.62,7.76,0.1,3.71
2022-08-21,Mogi das Cruzes,Alto Tiete,-23.5217,-46.186,14.4,20.46,10.89,78.28,12.83,5.95,10.32,0.05,2.86
2022-08-22,Mogi das Cruzes,Alto Tiete,-23.5217,-46.186,15.24,21.92,11.53,77.17,16.04,7.31,10.8,0.02,2.85
2022-08-23,Mogi das Cruzes,Alto Tiete,-23.5217,-46.186,16.42,24.34,11.44,78.96,17.44,7.79,12.0,1.75,2.15
2022-08-24,Mogi das Cruzes,Alto Tiete,-23.5217,-46.186,17.95,25.91,13.01,77.7,16.7,7.5,13.01,0.75,1.88
2022-08-25,Mogi das Cruzes,Alto Tiete,-23.5217,-46.186,19.04,26.56,13.9,75.89,14.18,6.43,13.79,0.0,1.46
2022-08-26,Mogi das Cruzes,Alto Tiete,-23.5217,-46.186,20.07,27.92,13.68,66.41,12.51,5.67,12.35,0.01,1.33
2022-08-27,Mogi das Cruzes,Alto Tiete,-23.5217,-46.186,21.4,30.24,14.37,59.0,18.87,8.36,11.55,0.0,1.47
2022-08-28,Mogi das Cruzes,Alto Tiete,-23.5217,-46.186,20.22,30.49,14.16,64.35,16.44,7.29,11.68,1.46,3.55
2022-08-29,Mogi das Cruzes,Alto Tiete,-23.5217,-46.186,12.98,15.37,10.83,80.96,8.86,4.15,9.65,2.45,4.82
2022-08-30,Mogi das Cruzes,Alto Tiete,-23.5217,-46.186,13.51,18.85,9.89,75.62,13.68,6.15,8.89,0.58,3.62
2022-08-31,Mogi das Cruzes,Alto Tiete,-23.5217,-46.186,15.08,23.76,10.13,71.94,21.68,9.47,8.83,0.13,2.86
2022-09-01,Mogi das Cruzes,Alto Tiete,-23.5217,-46.186,17.0,27.87,8.06,61.19,22.6,9.83,7.06,0.02,1.55
2022-09-02,Mogi das Cruzes,Alto Tiete,-23.5217,-46.186,20.6,30.67,12.33,47.48,21.77,9.54,7.58,0.01,2.64
2022-09-03,Mogi das Cruzes,Alto Tiete,-23.5217,-46.186,17.31,23.51,12.73,70.77,11.61,5.17,11.52,4.18,3.11
2022-09-04,Mogi das Cruzes,Alto Tiete,-23.5217,-46.186,13.24,16.97,11.12,83.68,7.89,3.8,10.4,5.1,3.67
2022-09-05,Mogi das Cruzes,Alto Tiete,-23.5217,-46.186,15.42,22.35,12.01,81.99,10.75,4.98,12.06,0.58,3.04
2022-09-06,Mogi das Cruzes,Alto Tiete,-23.5217,-46.186,16.96,24.0,12.94,80.38,12.12,5.69,13.06,2.52,2.82
2022-09-07,Mogi das Cruzes,Alto Tiete,-23.5217,-46.186,19.84,27.91,13.46,67.76,9.68,4.67,12.64,0.91,1.55
2022-09-08,Mogi das Cruzes,Alto Tiete,-23.5217,-46.186,23.36,31.96,16.38,51.11,16.99,7.53,11.53,0.02,2.88
2022-09-09,Mogi das Cruzes,Alto Tiete,-23.5217,-46.186,25.63,33.83,17.65,45.96,19.92,8.67,11.79,0.0,1.97
2022-09-10,Mogi das Cruzes,Alto Tiete,-23.5217,-46.186,22.9,32.36,14.31,57.76,15.55,6.68,12.75,1.54,3.66
2022-09-11,Mogi das Cruzes,Alto Tiete,-23.5217,-46.186,14.5,19.64,11.93,80.79,9.43,4.27,11.05,0.89,3.36
2022-09-12,Mogi das Cruzes,Alto Tiete,-23.5217,-46.186,17.54,26.22,12.91,81.13,8.72,4.13,13.88,1.75,2.44
2022-09-13,Mogi das Cruzes,Alto Tiete,-23.5217,-46.186,21.3,31.24,15.53,74.11,10.02,4.61,15.38,0.93,1.97
2022-09-14,Mogi das Cruzes,Alto Tiete,-23.5217,-46.186,17.64,22.24,14.5,87.57,2.81,1.51,15.41,6.19,2.49
2022-09-15,Mogi das Cruzes,Alto Tiete,-23.5217,-46.186,15.31,18.77,13.48,87.85,5.22,2.68,13.21,3.76,2.79
2022-09-16,Mogi das Cruzes,Alto Tiete,-23.5217,-46.186,15.27,20.4,12.43,86.41,9.36,4.53,12.81,4.36,3.73
2022-09-17,Mogi das Cruzes,Alto Tiete,-23.5217,-46.186,14.4,19.85,10.65,76.53,17.74,7.92,9.86,0.38,3.52
2022-09-18,Mogi das Cruzes,Alto Tiete,-23.5217,-46.186,16.01,24.61,10.82,72.21,24.4,10.73,9.93,0.06,3.33
2022-09-19,Mogi das Cruzes,Alto Tiete,-23.5217,-46.186,18.39,29.59,9.9,69.6,22.39,9.93,11.1,0.34,2.19
2022-09-20,Mogi das Cruzes,Alto Tiete,-23.5217,-46.186,19.25,27.93,13.2,78.32,17.21,7.75,14.74,1.36,2.56
2022-09-21,Mogi das Cruzes,Alto Tiete,-23.5217,-46.186,19.66,28.55,15.01,78.34,10.77,5.08,15.17,2.02,1.96
2022-09-22,Mogi das Cruzes,Alto Tiete,-23.5217,-46.186,20.88,28.98,16.72,81.08,8.57,4.11,17.0,3.49,2.12
2022-09-23,Mogi das Cruzes,Alto Tiete,-23.5217,-46.186,16.8,25.11,9.68,64.7,24.0,10.41,8.41,0.07,3.52
2022-09-24,Mogi das Cruzes,Alto Tiete,-23.5217,-46.186,14.74,22.84,8.1,69.38,24.02,10.55,8.29,0.01,2.58
2022-09-25,Mogi das Cruzes,Alto Tiete,-23.5217,-46.186,16.94,23.6,11.52,76.04,16.27,7.45,12.21,2.38,2.91
2022-09-26,Mogi das Cruzes,Alto Tiete,-23.5217,-46.186,19.08,23.98,14.93,83.74,3.43,1.87,15.97,19.41,1.52
2022-09-27,Mogi das Cruzes,Alto Tiete,-23.5217,-46.186,19.4,24.39,16.77,87.69,9.47,4.47,17.14,7.95,2.13
2022-09-28,Mogi das Cruzes,Alto Tiete,-23.5217,-46.186,16.29,18.98,14.21,92.89,3.48,1.86,15.12,35.48,3.56
2022-09-29,Mogi das Cruzes,Alto Tiete,-23.5217,-46.186,15.28,19.12,13.38,88.98,6.7,3.34,13.38,7.17,3.97
2022-09-30,Mogi das Cruzes,Alto Tiete,-23.5217,-46.186,15.96,21.1,12.8,86.78,6.62,3.25,13.59,7.39,3.04
2022-10-01,Mogi das Cruzes,Alto Tiete,-23.5217,-46.186,17.85,24.03,14.6,88.28,12.54,6.0,15.72,5.46,1.55
2022-10-02,Mogi das Cruzes,Alto Tiete,-23.5217,-46.186,17.93,23.56,14.2,85.01,16.92,7.8,15.11,0.42,2.06
2022-10-03,Mogi das Cruzes,Alto Tiete,-23.5217,-46.186,18.13,24.95,14.26,84.6,13.09,6.25,15.18,1.02,2.15
2022-10-04,Mogi das Cruzes,Alto Tiete,-23.5217,-46.186,18.26,24.29,15.02,85.91,11.97,5.68,15.58,5.25,2.17
2022-10-05,Mogi das Cruzes,Alto Tiete,-23.5217,-46.186,19.31,26.66,14.64,81.56,20.82,9.44,15.5,1.22,2.18
2022-10-06,Mogi das Cruzes,Alto Tiete,-23.5217,-46.186,23.02,31.19,15.27,76.34,20.94,9.64,17.81,9.44,1.73
2022-10-07,Mogi das Cruzes,Alto Tiete,-23.5217,-46.186,22.18,27.38,17.95,74.34,14.0,6.56,16.81,2.98,4.07
2022-10-08,Mogi das Cruzes,Alto Tiete,-23.5217,-46.186,21.02,28.5,15.8,71.25,21.27,9.47,14.61,0.13,0.96
2022-10-09,Mogi das Cruzes,Alto Tiete,-23.5217,-46.186,20.76,28.34,15.24,77.73,13.29,6.25,16.26,13.58,2.09
2022-10-10,Mogi das Cruzes,Alto Tiete,-23.5217,-46.186,19.8,23.47,17.85,89.56,5.11,2.67,17.94,3.95,1.46
2022-10-11,Mogi das Cruzes,Alto Tiete,-23.5217,-46.186,22.59,28.83,17.49,80.1,12.64,6.06,18.51,0.25,1.14
2022-10-12,Mogi das Cruzes,Alto Tiete,-23.5217,-46.186,22.65,30.74,18.41,77.75,18.03,8.3,17.79,0.98,1.23
2022-10-13,Mogi das Cruzes,Alto Tiete,-23.5217,-46.186,22.63,31.22,17.91,74.58,18.67,8.59,16.98,0.14,1.32
2022-10-14,Mogi das Cruzes,Alto Tiete,-23.5217,-46.186,20.55,27.45,17.14,84.39,16.31,7.5,17.46,1.62,2.8
2022-10-15,Mogi das Cruzes,Alto Tiete,-23.5217,-46.186,19.25,23.88,16.7,87.58,13.45,6.37,16.98,2.73,3.57
2022-10-16,Mogi das Cruzes,Alto Tiete,-23.5217,-46.186,21.4,28.46,16.13,77.3,18.2,8.39,16.66,0.61,1.82
2022-10-17,Mogi das Cruzes,Alto Tiete,-23.5217,-46.186,21.04,27.3,17.55,81.86,18.97,8.7,17.44,0.45,2.09
2022-10-18,Mogi das Cruzes,Alto Tiete,-23.5217,-46.186,18.97,21.58,17.24,90.6,7.64,3.89,17.35,4.25,2.23
2022-10-19,Mogi das Cruzes,Alto Tiete,-23.5217,-46.186,21.31,26.97,17.54,82.56,12.03,5.83,17.87,4.11,1.61
2022-10-20,Mogi das Cruzes,Alto Tiete,-23.5217,-46.186,23.11,30.27,16.95,71.31,20.76,9.54,16.82,2.8,1.72
2022-10-21,Mogi das Cruzes,Alto Tiete,-23.5217,-46.186,22.8,27.28,19.54,75.72,10.64,5.17,18.04,2.12,4.61
2022-10-22,Mogi das Cruzes,Alto Tiete,-23.5217,-46.186,20.74,26.43,16.91,80.44,19.66,9.19,16.93,0.42,3.18
2022-10-23,Mogi das Cruzes,Alto Tiete,-23.5217,-46.186,20.01,27.8,15.3,77.1,23.47,10.59,15.22,0.09,2.46
2022-10-24,Mogi das Cruzes,Alto Tiete,-23.5217,-46.186,20.22,27.1,15.13,79.65,19.52,8.99,16.02,0.59,2.64
2022-10-25,Mogi das Cruzes,Alto Tiete,-23.5217,-46.186,19.67,26.36,15.41,76.91,23.95,10.77,14.83,0.14,2.94
2022-10-26,Mogi das Cruzes,Alto Tiete,-23.5217,-46.186,21.74,30.38,14.58,70.59,27.23,12.17,14.81,0.04,2.05
2022-10-27,Mogi das Cruzes,Alto Tiete,-23.5217,-46.186,25.19,34.19,16.36,63.45,26.15,11.83,16.14,0.93,2.51
2022-10-28,Mogi das Cruzes,Alto Tiete,-23.5217,-46.186,23.81,29.82,20.07,71.85,18.02,8.48,17.92,4.03,1.53
2022-10-29,Mogi das Cruzes,Alto Tiete,-23.5217,-46.186,24.9,31.59,19.78,70.79,23.24,10.69,18.37,11.37,1.84
2022-10-30,Mogi das Cruzes,Alto Tiete,-23.5217,-46.186,24.98,30.85,19.64,74.1,23.17,10.78,19.46,15.05,2.76
2022-10-31,Mogi das Cruzes,Alto Tiete,-23.5217,-46.186,23.48,29.24,18.1,78.32,9.5,4.81,19.15,5.41,3.58
2022-11-01,Mogi das Cruzes,Alto Tiete,-23.5217,-46.186,16.43,19.73,13.5,85.83,11.24,5.56,13.97,16.41,5.51
2022-11-02,Mogi das Cruzes,Alto Tiete,-23.5217,-46.186,13.79,16.25,11.9,85.39,7.27,3.73,11.31,11.62,5.14
2022-11-03,Mogi das Cruzes,Alto Tiete,-23.5217,-46.186,14.26,18.28,11.8,78.72,14.79,6.98,10.43,1.91,3.78
2022-11-04,Mogi das Cruzes,Alto Tiete,-23.5217,-46.186,15.15,20.68,11.52,72.5,22.74,10.21,9.89,0.41,2.93
2022-11-05,Mogi das Cruzes,Alto Tiete,-23.5217,-46.186,15.59,21.13,11.27,78.05,23.08,10.51,11.43,0.42,2.45
2022-11-06,Mogi das Cruzes,Alto Tiete,-23.5217,-46.186,15.97,21.23,12.8,79.94,18.64,8.65,12.25,1.32,2.64
2022-11-07,Mogi das Cruzes,Alto Tiete,-23.5217,-46.186,15.61,20.42,12.75,83.44,16.56,7.77,12.59,1.95,2.26
2022-11-08,Mogi das Cruzes,Alto Tiete,-23.5217,-46.186,16.82,24.6,11.76,75.61,26.57,11.84,11.78,0.09,1.79
2022-11-09,Mogi das Cruzes,Alto Tiete,-23.5217,-46.186,19.42,27.42,12.18,74.93,22.81,10.29,14.0,1.34,1.97
2022-11-10,Mogi das Cruzes,Alto Tiete,-23.5217,-46.186,20.66,28.11,15.28,79.02,21.55,9.84,16.18,0.77,2.09
2022-11-11,Mogi das Cruzes,Alto Tiete,-23.5217,-46.186,21.1,28.47,16.11,82.38,17.6,8.12,17.5,13.0,2.39
2022-11-12,Mogi das Cruzes,Alto Tiete,-23.5217,-46.186,21.16,27.12,17.76,84.29,19.97,9.34,18.09,5.29,2.28
2022-11-13,Mogi das Cruzes,Alto Tiete,-23.5217,-46.186,22.22,30.03,16.62,79.17,24.83,11.35,17.75,4.24,1.61
2022-11-14,Mogi das Cruzes,Alto Tiete,-23.5217,-46.186,24.06,29.41,19.41,77.08,19.43,9.15,19.37,3.88,2.74
2022-11-15,Mogi das Cruzes,Alto Tiete,-23.5217,-46.186,22.29,28.43,16.66,74.16,23.52,10.93,17.03,3.19,2.54
2022-11-16,Mogi das Cruzes,Alto Tiete,-23.5217,-46.186,19.76,26.42,14.89,70.56,22.5,10.36,13.63,0.66,2.71
2022-11-17,Mogi das Cruzes,Alto Tiete,-23.5217,-46.186,18.7,25.64,12.82,72.9,30.3,13.46,13.16,0.05,2.68
2022-11-18,Mogi das Cruzes,Alto Tiete,-23.5217,-46.186,18.34,25.25,12.42,72.21,30.51,13.54,12.49,0.16,3.08
2022-11-19,Mogi das Cruzes,Alto Tiete,-23.5217,-46.186,19.65,27.65,13.9,75.07,25.88,11.77,14.49,0.52,2.87
2022-11-20,Mogi das Cruzes,Alto Tiete,-23.5217,-46.186,21.22,28.98,15.51,76.79,21.9,10.19,16.27,5.45,2.03
2022-11-21,Mogi das Cruzes,Alto Tiete,-23.5217,-46.186,22.52,29.45,16.88,74.76,25.54,11.69,17.06,0.31,1.86
2022-11-22,Mogi das Cruzes,Alto Tiete,-23.5217,-46.186,23.68,31.56,17.73,74.56,18.69,8.76,17.91,5.41,1.48
2022-11-23,Mogi das Cruzes,Alto Tiete,-23.5217,-46.186,23.68,29.44,19.54,78.57,17.37,8.15,19.2,16.9,1.54
2022-11-24,Mogi das Cruzes,Alto Tiete,-23.5217,-46.186,20.84,24.58,18.19,88.57,21.02,9.84,18.78,14.11,1.98
2022-11-25,Mogi das Cruzes,Alto Tiete,-23.5217,-46.186,18.87,21.54,16.72,89.08,13.23,6.45,16.94,8.03,3.17
2022-11-26,Mogi das Cruzes,Alto Tiete,-23.5217,-46.186,20.21,25.69,16.4,81.78,21.15,9.94,16.6,2.14,1.83
2022-11-27,Mogi das Cruzes,Alto Tiete,-23.5217,-46.186,21.22,27.23,16.3,82.05,21.84,10.19,17.61,3.94,2.07
2022-11-28,Mogi das Cruzes,Alto Tiete,-23.5217,-46.186,20.62,25.28,18.01,87.85,14.07,6.79,18.35,14.33,2.19
2022-11-29,Mogi das Cruzes,Alto Tiete,-23.5217,-46.186,20.37,25.16,16.92,87.87,16.7,8.04,18.12,10.33,2.02
2022-11-30,Mogi das Cruzes,Alto Tiete,-23.5217,-46.186,21.26,26.06,18.29,87.36,14.36,6.93,18.89,16.12,1.01
2022-12-01,Mogi das Cruzes,Alto Tiete,-23.5217,-46.186,23.59,29.37,17.48,79.1,20.27,9.59,19.29,1.88,1.61
2022-12-02,Mogi das Cruzes,Alto Tiete,-23.5217,-46.186,24.03,29.78,19.28,79.46,21.43,10.1,19.82,3.1,1.43
2022-12-03,Mogi das Cruzes,Alto Tiete,-23.5217,-46.186,22.99,25.67,20.88,86.74,16.6,8.0,20.57,10.32,1.42
2022-12-04,Mogi das Cruzes,Alto Tiete,-23.5217,-46.186,22.37,25.37,19.97,87.39,12.39,6.16,20.09,10.24,1.53
2022-12-05,Mogi das Cruzes,Alto Tiete,-23.5217,-46.186,22.09,24.81,20.15,89.19,11.58,5.76,20.17,13.37,1.97
2022-12-06,Mogi das Cruzes,Alto Tiete,-23.5217,-46.186,22.67,27.07,19.72,87.16,10.25,5.2,20.31,18.52,1.94
2022-12-07,Mogi das Cruzes,Alto Tiete,-23.5217,-46.186,21.88,26.07,18.06,88.65,17.12,8.22,19.81,13.9,2.16
2022-12-08,Mogi das Cruzes,Alto Tiete,-23.5217,-46.186,21.32,27.54,16.63,76.14,30.18,13.44,16.41,0.37,1.35
2022-12-09,Mogi das Cruzes,Alto Tiete,-23.5217,-46.186,22.15,29.05,15.57,72.26,29.03,13.15,16.33,0.15,2.08
2022-12-10,Mogi das Cruzes,Alto Tiete,-23.5217,-46.186,23.19,30.36,16.96,73.86,28.85,13.22,17.64,0.1,1.57
2022-12-11,Mogi das Cruzes,Alto Tiete,-23.5217,-46.186,23.97,29.73,19.19,79.94,22.76,10.66,19.96,1.65,2.07
2022-12-12,Mogi das Cruzes,Alto Tiete,-23.5217,-46.186,24.1,27.92,21.04,85.65,15.66,7.57,21.4,8.43,2.96
2022-12-13,Mogi das Cruzes,Alto Tiete,-23.5217,-46.186,20.9,25.24,16.49,88.26,8.66,4.36,18.86,21.3,4.23
2022-12-14,Mogi das Cruzes,Alto Tiete,-23.5217,-46.186,18.44,23.28,15.21,77.22,23.5,10.84,14.15,0.21,2.96
2022-12-15,Mogi das Cruzes,Alto Tiete,-23.5217,-46.186,19.75,26.67,14.44,79.39,24.92,11.48,15.75,0.08,1.82
2022-12-16,Mogi das Cruzes,Alto Tiete,-23.5217,-46.186,20.75,27.0,15.59,81.74,22.02,10.2,17.1,3.03,2.19
2022-12-17,Mogi das Cruzes,Alto Tiete,-23.5217,-46.186,19.89,24.84,16.35,84.44,24.29,11.2,16.96,1.63,2.65
2022-12-18,Mogi das Cruzes,Alto Tiete,-23.5217,-46.186,20.36,26.13,16.61,83.01,19.87,9.27,17.13,0.58,3.07
2022-12-19,Mogi das Cruzes,Alto Tiete,-23.5217,-46.186,19.26,23.41,17.5,88.41,8.82,4.45,17.22,4.13,3.58
2022-12-20,Mogi das Cruzes,Alto Tiete,-23.5217,-46.186,19.13,22.47,16.98,90.4,10.11,5.08,17.48,9.75,3.32
2022-12-21,Mogi das Cruzes,Alto Tiete,-23.5217,-46.186,19.17,23.48,16.7,87.91,15.15,7.28,16.98,8.99,4.3
2022-12-22,Mogi das Cruzes,Alto Tiete,-23.5217,-46.186,18.8,23.32,16.22,87.56,14.73,7.13,16.55,7.04,3.92
2022-12-23,Mogi das Cruzes,Alto Tiete,-23.5217,-46.186,18.92,24.4,15.41,84.91,23.23,10.81,16.15,1.26,2.9
2022-12-24,Mogi das Cruzes,Alto Tiete,-23.5217,-46.186,20.85,27.03,16.97,83.45,22.06,10.35,17.69,1.7,2.6
2022-12-25,Mogi das Cruzes,Alto Tiete,-23.5217,-46.186,22.07,27.92,17.49,83.42,20.83,9.77,18.8,5.03,2.1
2022-12-26,Mogi das Cruzes,Alto Tiete,-23.5217,-46.186,22.1,25.12,19.46,87.93,14.74,7.18,19.91,6.58,1.44
2022-12-27,Mogi das Cruzes,Alto Tiete,-23.5217,-46.186,23.14,28.26,19.95,84.42,15.58,7.6,20.12,5.62,1.51
2022-12-28,Mogi das Cruzes,Alto Tiete,-23.5217,-46.186,23.83,28.49,20.22,81.95,16.67,7.96,20.31,12.43,3.5
2022-12-29,Mogi das Cruzes,Alto Tiete,-23.5217,-46.186,22.21,25.91,18.79,87.81,16.26,7.8,20.01,22.58,1.98
2022-12-30,Mogi das Cruzes,Alto Tiete,-23.5217,-46.186,20.8,25.68,17.29,86.76,17.93,8.53,18.36,3.19,2.97
2022-12-31,Mogi das Cruzes,Alto Tiete,-23.5217,-46.186,21.41,27.38,16.18,84.13,17.18,8.21,18.38,5.63,1.49
2023-01-01,Mogi das Cruzes,Alto Tiete,-23.5217,-46.186,22.39,27.79,18.67,83.94,20.05,9.5,19.29,2.07,1.6
2023-01-02,Mogi das Cruzes,Alto Tiete,-23.5217,-46.186,23.2,28.7,17.8,79.17,23.85,11.05,19.03,2.74,1.23
2023-01-03,Mogi das Cruzes,Alto Tiete,-23.5217,-46.186,23.38,27.81,19.63,81.49,16.97,8.14,19.78,4.34,3.32
2023-01-04,Mogi das Cruzes,Alto Tiete,-23.5217,-46.186,21.85,27.0,18.1,86.03,12.04,6.01,19.22,23.6,3.51
2023-01-05,Mogi das Cruzes,Alto Tiete,-23.5217,-46.186,18.68,21.97,16.69,89.85,8.34,4.33,16.92,10.77,3.47
2023-01-06,Mogi das Cruzes,Alto Tiete,-23.5217,-46.186,18.16,21.43,16.09,88.32,11.47,5.74,16.11,3.63,3.6
2023-01-07,Mogi das Cruzes,Alto Tiete,-23.5217,-46.186,17.83,21.47,15.78,86.74,12.27,6.04,15.5,1.52,3.29
2023-01-08,Mogi das Cruzes,Alto Tiete,-23.5217,-46.186,19.48,24.3,15.8,86.92,13.73,6.66,17.12,1.78,2.92
2023-01-09,Mogi das Cruzes,Alto Tiete,-23.5217,-46.186,19.88,22.94,17.87,91.27,11.91,5.97,18.36,4.17,1.91
2023-01-10,Mogi das Cruzes,Alto Tiete,-23.5217,-46.186,21.73,26.11,18.08,85.97,11.36,5.62,19.11,4.35,1.14
2023-01-11,Mogi das Cruzes,Alto Tiete,-23.5217,-46.186,22.21,26.35,19.03,85.83,14.04,6.83,19.59,3.78,2.14
2023-01-12,Mogi das Cruzes,Alto Tiete,-23.5217,-46.186,22.16,26.17,18.84,84.71,18.05,8.62,19.32,3.27,2.65
2023-01-13,Mogi das Cruzes,Alto Tiete,-23.5217,-46.186,23.41,28.01,19.19,82.59,18.66,8.87,20.04,8.25,3.01
2023-01-14,Mogi das Cruzes,Alto Tiete,-23.5217,-46.186,24.24,29.05,20.14,80.52,19.92,9.5,20.43,6.21,2.71
2023-01-15,Mogi das Cruzes,Alto Tiete,-23.5217,-46.186,24.87,28.67,21.16,81.82,22.25,10.48,21.36,5.67,0.88
2023-01-16,Mogi das Cruzes,Alto Tiete,-23.5217,-46.186,25.0,29.84,21.59,81.95,22.68,10.7,21.45,6.61,1.38
2023-01-17,Mogi das Cruzes,Alto Tiete,-23.5217,-46.186,23.98,30.03,19.85,79.31,24.7,11.33,19.62,1.09,1.59
2023-01-18,Mogi das Cruzes,Alto Tiete,-23.5217,-46.186,23.45,28.74,20.03,84.36,21.09,9.86,20.38,3.34,2.21
2023-01-19,Mogi das Cruzes,Alto Tiete,-23.5217,-46.186,22.95,28.65,18.96,81.01,20.08,9.41,19.08,2.33,1.8
2023-01-20,Mogi das Cruzes,Alto Tiete,-23.5217,-46.186,21.15,23.73,18.58,86.86,10.52,5.23,18.78,10.57,1.39
2023-01-21,Mogi das Cruzes,Alto Tiete,-23.5217,-46.186,21.98,27.47,16.99,81.7,21.99,10.18,18.41,0.75,2.08
2023-01-22,Mogi das Cruzes,Alto Tiete,-23.5217,-46.186,23.89,29.53,18.48,80.1,22.88,10.55,19.91,0.29,1.79
2023-01-23,Mogi das Cruzes,Alto Tiete,-23.5217,-46.186,24.1,28.47,20.46,81.1,15.38,7.32,20.35,5.52,2.11
2023-01-24,Mogi das Cruzes,Alto Tiete,-23.5217,-46.186,22.67,27.27,19.58,86.06,18.89,8.94,20.04,6.36,2.21
2023-01-25,Mogi das Cruzes,Alto Tiete,-23.5217,-46.186,22.49,27.96,18.46,80.36,27.66,12.63,18.63,0.24,2.3
2023-01-26,Mogi das Cruzes,Alto Tiete,-23.5217,-46.186,21.76,28.06,16.88,76.77,30.75,13.86,16.86,0.05,2.79
2023-01-27,Mogi das Cruzes,Alto Tiete,-23.5217,-46.186,22.39,28.67,17.39,81.08,24.73,11.36,18.6,0.19,2.47
2023-01-28,Mogi das Cruzes,Alto Tiete,-23.5217,-46.186,23.28,28.42,19.03,85.51,19.3,9.17,20.47,7.9,1.15
2023-01-29,Mogi das Cruzes,Alto Tiete,-23.5217,-46.186,23.18,27.27,20.27,86.38,20.04,9.52,20.63,3.36,2.13
2023-01-30,Mogi das Cruzes,Alto Tiete,-23.5217,-46.186,22.65,25.64,20.15,84.96,17.35,8.22,19.87,9.38,2.12
2023-01-31,Mogi das Cruzes,Alto Tiete,-23.5217,-46.186,23.56,27.8,19.98,83.4,18.2,8.39,20.38,12.26,1.77
2023-02-01,Mogi das Cruzes,Alto Tiete,-23.5217,-46.186,22.79,26.03,20.31,86.4,16.04,7.52,20.3,16.29,1.56
2023-02-02,Mogi das Cruzes,Alto Tiete,-23.5217,-46.186,23.88,28.71,20.48,83.67,21.25,10.01,20.74,16.39,2.3
2023-02-03,Mogi das Cruzes,Alto Tiete,-23.5217,-46.186,23.51,28.66,19.93,82.22,17.4,8.34,20.09,5.3,3.97
2023-02-04,Mogi das Cruzes,Alto Tiete,-23.5217,-46.186,23.62,28.2,20.49,82.68,16.9,8.1,20.25,1.2,4.13
2023-02-05,Mogi das Cruzes,Alto Tiete,-23.5217,-46.186,23.55,28.36,20.08,81.76,17.05,8.11,19.98,4.95,3.62
2023-02-06,Mogi das Cruzes,Alto Tiete,-23.5217,-46.186,23.29,27.71,19.65,84.09,14.42,6.97,20.24,18.75,2.43
2023-02-07,Mogi das Cruzes,Alto Tiete,-23.5217,-46.186,22.15,27.48,18.82,84.54,12.88,6.27,19.16,13.1,2.03
2023-02-08,Mogi das Cruzes,Alto Tiete,-23.5217,-46.186,21.28,26.16,17.64,85.25,22.01,10.33,18.53,3.69,2.23
2023-02-09,Mogi das Cruzes,Alto Tiete,-23.5217,-46.186,22.27,29.0,16.56,80.6,24.34,11.18,18.22,3.7,1.7
2023-02-10,Mogi das Cruzes,Alto Tiete,-23.5217,-46.186,22.81,28.91,17.77,83.77,19.21,8.96,19.55,6.26,1.73
2023-02-11,Mogi das Cruzes,Alto Tiete,-23.5217,-46.186,21.98,24.28,19.76,85.92,10.99,5.43,19.45,13.98,1.16
2023-02-12,Mogi das Cruzes,Alto Tiete,-23.5217,-46.186,22.66,27.42,18.97,85.18,15.98,7.71,19.88,11.33,1.52
2023-02-13,Mogi das Cruzes,Alto Tiete,-23.5217,-46.186,23.33,27.97,19.31,83.06,18.37,8.7,20.06,5.7,2.3
2023-02-14,Mogi das Cruzes,Alto Tiete,-23.5217,-46.186,23.6,27.64,20.16,84.08,20.61,9.73,20.56,4.06,2.69
2023-02-15,Mogi das Cruzes,Alto Tiete,-23.5217,-46.186,24.12,29.03,19.89,83.37,19.65,9.3,20.88,3.66,3.8
2023-02-16,Mogi das Cruzes,Alto Tiete,-23.5217,-46.186,23.6,27.47,20.75,84.04,15.01,7.22,20.61,13.06,3.93
2023-02-17,Mogi das Cruzes,Alto Tiete,-23.5217,-46.186,24.49,29.0,20.96,81.8,20.19,9.47,20.94,2.07,3.33
2023-02-18,Mogi das Cruzes,Alto Tiete,-23.5217,-46.186,22.37,27.13,19.02,89.5,10.23,5.06,20.47,21.69,2.88
2023-02-19,Mogi das Cruzes,Alto Tiete,-23.5217,-46.186,19.9,21.82,18.3,94.35,7.41,3.84,18.94,16.55,4.57
2023-02-20,Mogi das Cruzes,Alto Tiete,-23.5217,-46.186,23.16,28.58,19.45,85.53,21.39,10.06,20.32,3.41,1.83
2023-02-21,Mogi das Cruzes,Alto Tiete,-23.5217,-46.186,22.58,27.01,19.79,85.52,16.99,8.03,19.81,11.27,1.65
2023-02-22,Mogi das Cruzes,Alto Tiete,-23.5217,-46.186,22.31,27.4,18.75,85.77,18.04,8.52,19.56,2.5,1.46
2023-02-23,Mogi das Cruzes,Alto Tiete,-23.5217,-46.186,22.32,27.07,19.08,87.4,14.54,6.99,19.95,7.4,1.37
2023-02-24,Mogi das Cruzes,Alto Tiete,-23.5217,-46.186,23.49,28.26,19.02,82.01,18.69,8.76,19.99,7.88,1.56
2023-02-25,Mogi das Cruzes,Alto Tiete,-23.5217,-46.186,24.08,28.66,19.92,83.48,19.07,8.95,20.9,2.68,3.0
2023-02-26,Mogi das Cruzes,Alto Tiete,-23.5217,-46.186,24.55,29.01,21.41,83.55,20.58,9.64,21.39,1.12,2.3
2023-02-27,Mogi das Cruzes,Alto Tiete,-23.5217,-46.186,22.28,25.23,20.13,90.49,16.02,7.57,20.6,5.19,2.37
2023-02-28,Mogi das Cruzes,Alto Tiete,-23.5217,-46.186,21.75,24.41,20.1,94.09,12.87,6.32,20.74,20.56,2.64
2023-03-01,Mogi das Cruzes,Alto Tiete,-23.5217,-46.186,22.29,26.32,19.53,87.63,20.45,9.41,19.99,1.43,1.43
2023-03-02,Mogi das Cruzes,Alto Tiete,-23.5217,-46.186,23.39,28.65,19.41,82.81,23.01,10.62,20.0,1.18,1.33
2023-03-03,Mogi das Cruzes,Alto Tiete,-23.5217,-46.186,24.33,28.8,20.2,81.13,21.23,9.96,20.58,3.89,0.82
2023-03-04,Mogi das Cruzes,Alto Tiete,-23.5217,-46.186,23.15,26.1,20.48,87.9,11.2,5.51,20.99,6.49,2.05
2023-03-05,Mogi das Cruzes,Alto Tiete,-23.5217,-46.186,23.37,27.99,19.9,83.91,17.34,8.25,20.3,6.28,3.02
2023-03-06,Mogi das Cruzes,Alto Tiete,-23.5217,-46.186,23.58,28.14,19.38,82.79,19.79,9.31,20.26,3.89,2.4
2023-03-07,Mogi das Cruzes,Alto Tiete,-23.5217,-46.186,23.35,27.64,20.14,83.66,17.04,8.11,20.27,2.26,2.16
2023-03-08,Mogi das Cruzes,Alto Tiete,-23.5217,-46.186,24.0,29.12,19.58,79.19,20.52,9.58,19.82,4.13,1.52
2023-03-09,Mogi das Cruzes,Alto Tiete,-23.5217,-46.186,23.06,28.65,19.21,83.77,15.33,7.31,19.91,8.96,1.77
2023-03-10,Mogi das Cruzes,Alto Tiete,-23.5217,-46.186,22.64,26.72,20.37,86.56,14.18,6.72,20.15,11.76,1.23
2023-03-11,Mogi das Cruzes,Alto Tiete,-23.5217,-46.186,22.53,26.73,19.74,87.23,11.93,5.87,20.14,13.98,1.08
2023-03-12,Mogi das Cruzes,Alto Tiete,-23.5217,-46.186,21.65,24.62,19.99,91.57,8.8,4.34,20.18,12.49,1.97
2023-03-13,Mogi das Cruzes,Alto Tiete,-23.5217,-46.186,21.72,24.34,20.04,93.29,12.28,5.92,20.58,7.48,2.2
2023-03-14,Mogi das Cruzes,Alto Tiete,-23.5217,-46.186,21.61,24.95,19.47,90.58,13.04,6.29,19.94,5.88,2.04
2023-03-15,Mogi das Cruzes,Alto Tiete,-23.5217,-46.186,21.91,26.41,18.6,87.21,20.21,9.46,19.52,0.32,2.58
2023-03-16,Mogi das Cruzes,Alto Tiete,-23.5217,-46.186,21.62,26.84,17.87,85.33,22.42,10.3,18.82,0.07,2.81
2023-03-17,Mogi das Cruzes,Alto Tiete,-23.5217,-46.186,20.89,25.78,17.59,85.75,22.77,10.43,18.2,0.09,2.35
2023-03-18,Mogi das Cruzes,Alto Tiete,-23.5217,-46.186,21.9,27.71,17.27,84.63,22.34,10.22,18.84,0.09,1.73
2023-03-19,Mogi das Cruzes,Alto Tiete,-23.5217,-46.186,22.5,27.82,18.59,86.77,20.67,9.61,19.97,0.56,1.48
2023-03-20,Mogi das Cruzes,Alto Tiete,-23.5217,-46.186,23.24,28.93,19.36,80.45,22.36,10.3,19.35,3.51,1.07
2023-03-21,Mogi das Cruzes,Alto Tiete,-23.5217,-46.186,22.18,27.7,17.37,82.71,21.9,9.89,18.83,0.14,1.7
2023-03-22,Mogi das Cruzes,Alto Tiete,-23.5217,-46.186,22.24,28.13,18.82,85.01,21.59,9.92,19.32,0.3,1.83
2023-03-23,Mogi das Cruzes,Alto Tiete,-23.5217,-46.186,21.8,28.24,17.12,83.52,23.52,10.8,18.49,0.27,1.93
2023-03-24,Mogi das Cruzes,Alto Tiete,-23.5217,-46.186,22.56,29.06,17.03,84.23,21.79,9.97,19.39,0.28,1.78
2023-03-25,Mogi das Cruzes,Alto Tiete,-23.5217,-46.186,22.44,27.62,18.69,85.78,21.01,9.71,19.67,0.29,1.41
2023-03-26,Mogi das Cruzes,Alto Tiete,-23.5217,-46.186,24.29,29.92,19.5,81.6,21.42,9.94,20.65,2.01,2.18
2023-03-27,Mogi das Cruzes,Alto Tiete,-23.5217,-46.186,21.03,24.47,18.25,89.75,11.52,5.6,19.2,6.34,3.17
2023-03-28,Mogi das Cruzes,Alto Tiete,-23.5217,-46.186,20.79,26.78,17.37,88.22,13.13,6.18,18.62,0.91,2.14
2023-03-29,Mogi das Cruzes,Alto Tiete,-23.5217,-46.186,22.45,27.68,17.72,85.24,16.45,7.72,19.67,2.67,1.18
2023-03-30,Mogi das Cruzes,Alto Tiete,-23.5217,-46.186,23.09,27.67,18.86,82.65,19.99,9.28,19.77,2.64,1.28
2023-03-31,Mogi das Cruzes,Alto Tiete,-23.5217,-46.186,22.65,27.26,19.33,85.9,13.94,6.65,20.02,5.49,1.71
2023-04-01,Mogi das Cruzes,Alto Tiete,-23.5217,-46.186,22.05,27.81,18.0,84.42,21.17,9.63,18.94,6.45,2.46
2023-04-02,Mogi das Cruzes,Alto Tiete,-23.5217,-46.186,19.17,23.42,16.68,85.75,14.68,6.85,16.6,0.78,2.63
2023-04-03,Mogi das Cruzes,Alto Tiete,-23.5217,-46.186,20.01,26.0,16.04,86.46,20.53,9.41,17.48,0.1,1.65
2023-04-04,Mogi das Cruzes,Alto Tiete,-23.5217,-46.186,21.17,26.82,16.85,85.48,19.79,9.04,18.36,0.12,1.57
2023-04-05,Mogi das Cruzes,Alto Tiete,-23.5217,-46.186,20.67,25.72,17.84,83.96,18.18,8.21,17.55,0.48,1.56
2023-04-06,Mogi das Cruzes,Alto Tiete,-23.5217,-46.186,20.15,25.35,16.98,88.93,15.7,7.3,18.13,1.69,2.25
2023-04-07,Mogi das Cruzes,Alto Tiete,-23.5217,-46.186,19.94,22.23,18.26,94.66,5.5,2.84,19.06,8.32,1.71
2023-04-08,Mogi das Cruzes,Alto Tiete,-23.5217,-46.186,20.09,22.22,18.31,94.93,9.31,4.57,19.25,8.56,2.7
2023-04-09,Mogi das Cruzes,Alto Tiete,-23.5217,-46.186,18.62,20.71,16.98,92.29,9.98,4.86,17.33,1.28,3.0
2023-04-10,Mogi das Cruzes,Alto Tiete,-23.5217,-46.186,18.38,23.29,15.26,85.11,21.83,9.94,15.64,0.1,2.55
2023-04-11,Mogi das Cruzes,Alto Tiete,-23.5217,-46.186,19.46,25.68,15.08,86.42,18.5,8.51,16.92,0.13,1.42
2023-04-12,Mogi das Cruzes,Alto Tiete,-23.5217,-46.186,20.9,26.25,16.46,85.68,15.75,7.35,18.16,1.09,1.33
2023-04-13,Mogi das Cruzes,Alto Tiete,-23.5217,-46.186,22.05,26.47,17.59,82.46,18.2,8.44,18.73,2.14,1.61
2023-04-14,Mogi das Cruzes,Alto Tiete,-23.5217,-46.186,21.66,25.96,18.97,86.83,9.72,4.69,19.26,9.24,1.08
2023-04-15,Mogi das Cruzes,Alto Tiete,-23.5217,-46.186,20.78,24.71,18.09,90.46,10.55,5.1,19.08,4.47,2.76
2023-04-16,Mogi das Cruzes,Alto Tiete,-23.5217,-46.186,20.7,26.24,17.01,86.69,18.75,8.56,18.14,0.29,2.0
2023-04-17,Mogi das Cruzes,Alto Tiete,-23.5217,-46.186,21.18,26.77,16.71,86.46,16.67,7.79,18.67,4.92,2.67
2023-04-18,Mogi das Cruzes,Alto Tiete,-23.5217,-46.186,22.56,26.22,19.48,87.14,6.79,3.41,20.22,9.47,4.34
2023-04-19,Mogi das Cruzes,Alto Tiete,-23.5217,-46.186,18.76,23.93,14.88,80.22,18.53,8.29,14.98,21.76,2.63
2023-04-20,Mogi das Cruzes,Alto Tiete,-23.5217,-46.186,15.8,20.69,11.91,78.16,18.76,8.4,11.69,0.02,2.41
2023-04-21,Mogi das Cruzes,Alto Tiete,-23.5217,-46.186,15.68,21.05,10.88,83.8,19.68,8.71,12.68,0.05,2.31
2023-04-22,Mogi das Cruzes,Alto Tiete,-23.5217,-46.186,17.66,23.33,12.82,87.39,18.98,8.55,15.35,0.12,2.04
2023-04-23,Mogi das Cruzes,Alto Tiete,-23.5217,-46.186,18.59,23.5,15.51,87.03,17.94,8.15,16.28,0.12,2.34
2023-04-24,Mogi das Cruzes,Alto Tiete,-23.5217,-46.186,17.82,23.31,14.13,85.92,19.72,8.9,15.3,0.02,2.06
2023-04-25,Mogi das Cruzes,Alto Tiete,-23.5217,-46.186,18.58,24.87,13.64,84.05,17.37,7.9,15.43,0.01,1.21
2023-04-26,Mogi das Cruzes,Alto Tiete,-23.5217,-46.186,20.38,26.6,15.24,84.61,7.03,3.46,17.43,0.8,1.86
2023-04-27,Mogi das Cruzes,Alto Tiete,-23.5217,-46.186,19.67,24.66,16.26,87.79,11.81,5.48,17.39,2.3,2.77
2023-04-28,Mogi das Cruzes,Alto Tiete,-23.5217,-46.186,17.92,21.35,15.55,90.72,5.68,2.83,16.32,2.52,2.34
2023-04-29,Mogi das Cruzes,Alto Tiete,-23.5217,-46.186,18.46,23.92,14.78,88.52,11.96,5.57,16.34,0.96,1.89
2023-04-30,Mogi das Cruzes,Alto Tiete,-23.5217,-46.186,19.77,25.46,15.74,85.1,15.56,7.13,16.84,0.32,1.25
2023-05-01,Mogi das Cruzes,Alto Tiete,-23.5217,-46.186,19.78,24.66,15.66,84.0,14.92,6.81,16.67,0.23,1.07
2023-05-02,Mogi das Cruzes,Alto Tiete,-23.5217,-46.186,20.1,25.32,16.75,84.98,15.14,6.99,17.21,0.37,1.05
2023-05-03,Mogi das Cruzes,Alto Tiete,-23.5217,-46.186,20.58,26.06,16.87,85.24,15.38,7.1,17.71,0.06,0.83
2023-05-04,Mogi das Cruzes,Alto Tiete,-23.5217,-46.186,21.03,26.91,16.67,83.37,17.23,7.85,17.74,0.01,1.27
2023-05-05,Mogi das Cruzes,Alto Tiete,-23.5217,-46.186,21.33,26.84,17.74,86.38,16.57,7.63,18.69,0.03,1.48
2023-05-06,Mogi das Cruzes,Alto Tiete,-23.5217,-46.186,21.25,26.73,17.97,87.37,13.24,6.11,18.95,0.01,1.71
2023-05-07,Mogi das Cruzes,Alto Tiete,-23.5217,-46.186,19.84,24.96,16.71,87.51,16.12,7.4,17.55,0.01,1.32
2023-05-08,Mogi das Cruzes,Alto Tiete,-23.5217,-46.186,21.19,27.33,15.64,78.54,16.14,7.37,16.91,0.01,1.33
2023-05-09,Mogi das Cruzes,Alto Tiete,-23.5217,-46.186,20.49,25.73,16.39,86.23,11.67,5.32,17.87,6.26,2.05
2023-05-10,Mogi das Cruzes,Alto Tiete,-23.5217,-46.186,19.02,22.01,16.68,92.91,7.65,3.66,17.81,9.57,1.8
2023-05-11,Mogi das Cruzes,Alto Tiete,-23.5217,-46.186,17.71,21.67,14.66,89.26,14.92,6.8,15.8,2.9,1.71
2023-05-12,Mogi das Cruzes,Alto Tiete,-23.5217,-46.186,15.35,18.88,13.42,86.61,11.91,5.45,12.97,1.01,1.96
2023-05-13,Mogi das Cruzes,Alto Tiete,-23.5217,-46.186,15.16,19.67,12.68,86.74,13.66,6.23,12.78,0.46,1.79
2023-05-14,Mogi das Cruzes,Alto Tiete,-23.5217,-46.186,15.78,22.35,12.17,80.18,16.94,7.52,11.88,0.02,1.0
2023-05-15,Mogi das Cruzes,Alto Tiete,-23.5217,-46.186,15.65,21.64,10.13,79.44,17.11,7.55,11.94,0.01,1.35
2023-05-16,Mogi das Cruzes,Alto Tiete,-23.5217,-46.186,15.25,21.65,9.82,81.87,17.76,7.79,11.66,0.09,1.93
2023-05-17,Mogi das Cruzes,Alto Tiete,-23.5217,-46.186,15.55,19.88,12.89,85.1,14.72,6.61,12.89,0.07,2.05
2023-05-18,Mogi das Cruzes,Alto Tiete,-23.5217,-46.186,14.92,20.62,11.59,82.44,15.94,7.07,11.68,0.01,1.69
2023-05-19,Mogi das Cruzes,Alto Tiete,-23.5217,-46.186,14.73,21.71,10.48,83.6,17.32,7.58,11.71,0.01,1.52
2023-05-20,Mogi das Cruzes,Alto Tiete,-23.5217,-46.186,15.81,24.46,9.18,78.55,17.33,7.55,11.63,0.02,1.18
2023-05-21,Mogi das Cruzes,Alto Tiete,-23.5217,-46.186,17.01,24.64,10.44,73.26,15.34,6.78,11.53,0.08,1.23
2023-05-22,Mogi das Cruzes,Alto Tiete,-23.5217,-46.186,17.71,23.7,12.77,73.43,13.07,5.9,12.49,0.05,1.31
2023-05-23,Mogi das Cruzes,Alto Tiete,-23.5217,-46.186,17.97,24.52,13.32,81.11,15.57,7.01,14.15,0.01,1.44
2023-05-24,Mogi das Cruzes,Alto Tiete,-23.5217,-46.186,17.99,24.96,11.75,82.97,15.15,6.83,14.9,0.03,1.6
2023-05-25,Mogi das Cruzes,Alto Tiete,-23.5217,-46.186,18.82,25.76,13.12,81.93,15.15,6.86,15.35,0.05,1.37
2023-05-26,Mogi das Cruzes,Alto Tiete,-23.5217,-46.186,19.16,26.14,13.36,76.18,15.87,7.13,14.33,0.14,1.66
2023-05-27,Mogi das Cruzes,Alto Tiete,-23.5217,-46.186,19.92,26.15,14.68,72.08,15.15,6.85,14.37,0.3,2.11
2023-05-28,Mogi das Cruzes,Alto Tiete,-23.5217,-46.186,18.25,23.07,14.85,88.6,6.66,3.15,16.24,8.41,2.05
2023-05-29,Mogi das Cruzes,Alto Tiete,-23.5217,-46.186,16.46,19.61,14.41,90.94,7.95,3.73,14.91,4.57,3.34
2023-05-30,Mogi das Cruzes,Alto Tiete,-23.5217,-46.186,16.18,20.0,13.75,89.79,7.11,3.44,14.42,2.91,2.38
2023-05-31,Mogi das Cruzes,Alto Tiete,-23.5217,-46.186,16.74,20.76,14.91,93.69,2.69,1.44,15.68,18.88,1.26
2023-06-01,Mogi das Cruzes,Alto Tiete,-23.5217,-46.186,16.72,20.96,14.24,92.16,10.01,4.67,15.36,4.12,1.85
2023-06-02,Mogi das Cruzes,Alto Tiete,-23.5217,-46.186,16.28,21.45,13.32,89.49,13.47,6.11,14.45,0.36,1.62
2023-06-03,Mogi das Cruzes,Alto Tiete,-23.5217,-46.186,16.74,23.88,12.11,83.02,16.0,7.09,13.49,0.11,1.29
2023-06-04,Mogi das Cruzes,Alto Tiete,-23.5217,-46.186,17.29,24.09,11.02,74.14,16.12,7.11,12.23,0.15,1.49
2023-06-05,Mogi das Cruzes,Alto Tiete,-23.5217,-46.186,16.55,22.83,12.08,79.65,15.15,6.59,12.57,0.23,1.48
2023-06-06,Mogi das Cruzes,Alto Tiete,-23.5217,-46.186,16.34,22.76,12.58,83.13,15.39,6.77,12.94,0.16,1.28
2023-06-07,Mogi das Cruzes,Alto Tiete,-23.5217,-46.186,16.81,23.45,11.73,78.36,15.29,6.77,12.48,0.1,1.17
2023-06-08,Mogi das Cruzes,Alto Tiete,-23.5217,-46.186,16.69,23.65,10.28,73.24,15.13,6.66,11.38,0.13,1.21
2023-06-09,Mogi das Cruzes,Alto Tiete,-23.5217,-46.186,17.38,24.66,12.37,75.25,15.67,6.96,12.52,0.05,2.51
2023-06-10,Mogi das Cruzes,Alto Tiete,-23.5217,-46.186,18.0,24.88,13.41,71.08,16.0,7.08,12.22,0.05,3.12
2023-06-11,Mogi das Cruzes,Alto Tiete,-23.5217,-46.186,18.34,25.4,12.86,68.11,15.17,6.76,11.98,0.01,3.4
2023-06-12,Mogi das Cruzes,Alto Tiete,-23.5217,-46.186,18.7,26.05,12.91,76.97,13.57,6.08,14.03,0.31,1.44
2023-06-13,Mogi das Cruzes,Alto Tiete,-23.5217,-46.186,16.91,19.36,15.56,94.54,4.11,2.1,16.09,6.42,2.06
2023-06-14,Mogi das Cruzes,Alto Tiete,-23.5217,-46.186,17.08,20.14,15.23,92.81,3.69,1.92,15.84,7.46,1.96
2023-06-15,Mogi das Cruzes,Alto Tiete,-23.5217,-46.186,16.92,19.56,14.98,94.3,2.77,1.44,16.0,7.59,1.77
2023-06-16,Mogi das Cruzes,Alto Tiete,-23.5217,-46.186,14.43,18.35,9.34,87.81,8.07,3.71,12.27,0.35,3.7
2023-06-17,Mogi das Cruzes,Alto Tiete,-23.5217,-46.186,12.2,18.86,6.92,81.8,12.62,5.57,8.7,0.17,2.24
2023-06-18,Mogi das Cruzes,Alto Tiete,-23.5217,-46.186,13.67,18.74,10.66,87.26,12.6,5.59,11.35,0.62,1.31
2023-06-19,Mogi das Cruzes,Alto Tiete,-23.5217,-46.186,14.3,19.47,11.74,86.54,13.68,6.08,11.87,0.38,1.82
2023-06-20,Mogi das Cruzes,Alto Tiete,-23.5217,-46.186,15.45,22.99,10.62,82.13,15.09,6.66,12.07,0.04,1.17
2023-06-21,Mogi das Cruzes,Alto Tiete,-23.5217,-46.186,15.92,23.08,8.95,75.51,15.38,6.83,10.96,0.0,1.23
2023-06-22,Mogi das Cruzes,Alto Tiete,-23.5217,-46.186,17.34,24.28,11.8,71.28,14.17,6.39,11.6,0.03,1.93
2023-06-23,Mogi das Cruzes,Alto Tiete,-23.5217,-46.186,17.91,25.23,13.46,69.91,12.62,5.74,11.86,0.03,1.88
2023-06-24,Mogi das Cruzes,Alto Tiete,-23.5217,-46.186,18.49,25.44,13.52,70.59,15.1,6.8,12.59,0.02,1.98
2023-06-25,Mogi das Cruzes,Alto Tiete,-23.5217,-46.186,19.24,26.78,13.53,67.08,15.43,6.9,12.42,0.03,1.47
2023-06-26,Mogi das Cruzes,Alto Tiete,-23.5217,-46.186,19.39,26.69,14.06,62.01,15.71,7.01,11.41,0.03,1.36
2023-06-27,Mogi das Cruzes,Alto Tiete,-23.5217,-46.186,17.94,25.2,12.53,68.43,15.74,6.95,11.5,0.06,2.26
2023-06-28,Mogi das Cruzes,Alto Tiete,-23.5217,-46.186,18.04,25.14,12.98,71.91,15.4,6.82,12.44,0.04,2.81
2023-06-29,Mogi das Cruzes,Alto Tiete,-23.5217,-46.186,16.62,21.68,13.37,85.21,10.86,4.9,13.97,2.61,2.17
2023-06-30,Mogi das Cruzes,Alto Tiete,-23.5217,-46.186,16.76,22.51,13.63,87.82,10.94,5.06,14.49,1.04,1.77
2023-07-01,Mogi das Cruzes,Alto Tiete,-23.5217,-46.186,17.14,23.72,12.78,84.69,12.48,5.69,14.19,0.17,1.47
2023-07-02,Mogi das Cruzes,Alto Tiete,-23.5217,-46.186,16.28,21.71,12.7,86.66,14.22,6.39,13.86,0.31,1.87
2023-07-03,Mogi das Cruzes,Alto Tiete,-23.5217,-46.186,14.89,19.65,11.7,83.64,11.29,5.16,11.91,0.23,2.29
2023-07-04,Mogi das Cruzes,Alto Tiete,-23.5217,-46.186,14.01,21.72,8.23,77.84,16.07,7.0,9.43,0.03,1.61
2023-07-05,Mogi das Cruzes,Alto Tiete,-23.5217,-46.186,15.05,23.31,7.91,73.35,15.81,6.95,9.71,0.01,1.58
2023-07-06,Mogi das Cruzes,Alto Tiete,-23.5217,-46.186,16.13,23.98,10.58,63.84,15.84,6.96,8.57,0.04,2.18
2023-07-07,Mogi das Cruzes,Alto Tiete,-23.5217,-46.186,16.97,24.52,10.65,60.38,15.64,6.89,8.57,0.02,2.38
2023-07-08,Mogi das Cruzes,Alto Tiete,-23.5217,-46.186,18.15,25.34,12.2,64.96,13.01,5.86,10.86,1.44,3.01
2023-07-09,Mogi das Cruzes,Alto Tiete,-23.5217,-46.186,17.47,22.83,14.88,89.08,5.16,2.54,15.49,2.37,1.08
2023-07-10,Mogi das Cruzes,Alto Tiete,-23.5217,-46.186,18.54,24.88,13.44,83.42,7.44,3.49,15.42,0.58,1.86
2023-07-11,Mogi das Cruzes,Alto Tiete,-23.5217,-46.186,20.15,26.64,16.2,76.45,11.31,5.16,15.41,0.04,1.72
2023-07-12,Mogi das Cruzes,Alto Tiete,-23.5217,-46.186,20.74,28.21,14.91,65.68,14.29,6.44,13.3,0.02,2.95
2023-07-13,Mogi das Cruzes,Alto Tiete,-23.5217,-46.186,20.01,25.28,14.2,56.1,15.72,6.95,10.66,0.0,6.38
2023-07-14,Mogi das Cruzes,Alto Tiete,-23.5217,-46.186,13.42,17.47,10.37,74.58,15.84,6.92,8.6,0.03,2.5
2023-07-15,Mogi das Cruzes,Alto Tiete,-23.5217,-46.186,14.92,22.8,9.7,71.07,16.49,7.15,8.6,0.0,1.26
2023-07-16,Mogi das Cruzes,Alto Tiete,-23.5217,-46.186,16.55,25.43,8.41,68.01,12.73,5.67,9.16,0.0,1.69
2023-07-17,Mogi das Cruzes,Alto Tiete,-23.5217,-46.186,18.02,25.44,13.48,72.83,12.21,5.53,12.56,0.0,1.9
2023-07-18,Mogi das Cruzes,Alto Tiete,-23.5217,-46.186,16.15,20.86,13.84,87.55,5.1,2.49,13.95,0.01,2.26
2023-07-19,Mogi das Cruzes,Alto Tiete,-23.5217,-46.186,15.45,19.4,13.47,88.39,5.95,2.93,13.42,0.11,3.28
2023-07-20,Mogi das Cruzes,Alto Tiete,-23.5217,-46.186,16.61,23.05,13.28,82.82,12.47,5.74,13.27,0.02,3.25
2023-07-21,Mogi das Cruzes,Alto Tiete,-23.5217,-46.186,17.36,25.17,12.52,80.53,15.31,6.95,13.34,0.0,1.96
2023-07-22,Mogi das Cruzes,Alto Tiete,-23.5217,-46.186,17.39,25.35,11.68,76.74,14.81,6.68,12.56,0.0,1.31
2023-07-23,Mogi das Cruzes,Alto Tiete,-23.5217,-46.186,18.11,25.84,12.09,69.01,15.1,6.75,11.69,0.0,1.68
2023-07-24,Mogi das Cruzes,Alto Tiete,-23.5217,-46.186,18.7,26.88,12.63,67.25,15.63,6.98,11.57,0.0,1.23
2023-07-25,Mogi das Cruzes,Alto Tiete,-23.5217,-46.186,19.13,26.79,12.44,66.69,13.4,6.0,11.93,0.0,1.34
2023-07-26,Mogi das Cruzes,Alto Tiete,-23.5217,-46.186,20.25,28.09,13.96,66.02,15.85,7.16,12.86,0.0,1.83
2023-07-27,Mogi das Cruzes,Alto Tiete,-23.5217,-46.186,19.46,26.93,14.8,71.03,13.26,6.0,13.34,0.16,2.29
2023-07-28,Mogi das Cruzes,Alto Tiete,-23.5217,-46.186,20.15,28.29,14.63,76.13,13.49,6.16,14.75,0.93,2.32
2023-07-29,Mogi das Cruzes,Alto Tiete,-23.5217,-46.186,15.49,18.48,13.15,87.95,7.75,3.66,13.4,1.59,3.19
2023-07-30,Mogi das Cruzes,Alto Tiete,-23.5217,-46.186,15.69,21.34,12.37,83.89,11.52,5.29,12.64,0.03,2.06
2023-07-31,Mogi das Cruzes,Alto Tiete,-23.5217,-46.186,17.44,25.76,11.85,77.9,15.52,6.92,12.62,0.01,1.32
2023-08-01,Mogi das Cruzes,Alto Tiete,-23.5217,-46.186,17.74,25.46,12.79,81.91,14.3,6.34,14.04,0.04,1.67
2023-08-02,Mogi das Cruzes,Alto Tiete,-23.5217,-46.186,19.42,28.99,11.19,65.93,17.76,7.79,11.64,0.01,1.34
2023-08-03,Mogi das Cruzes,Alto Tiete,-23.5217,-46.186,19.44,28.72,13.39,63.21,18.2,7.94,11.0,0.0,2.17
2023-08-04,Mogi das Cruzes,Alto Tiete,-23.5217,-46.186,17.42,25.66,12.11,77.71,17.61,7.68,12.6,0.05,1.14
2023-08-05,Mogi das Cruzes,Alto Tiete,-23.5217,-46.186,18.99,28.69,13.19,64.61,18.41,8.0,10.46,0.01,1.43
2023-08-06,Mogi das Cruzes,Alto Tiete,-23.5217,-46.186,20.55,30.82,11.76,65.06,18.31,8.05,12.04,0.01,1.14
2023-08-07,Mogi das Cruzes,Alto Tiete,-23.5217,-46.186,21.93,30.85,15.89,54.34,18.25,8.08,11.0,0.03,3.18
2023-08-08,Mogi das Cruzes,Alto Tiete,-23.5217,-46.186,17.33,21.89,14.46,88.27,7.64,3.67,15.24,1.59,3.87
2023-08-09,Mogi das Cruzes,Alto Tiete,-23.5217,-46.186,19.39,28.13,14.67,78.53,12.35,5.7,14.76,1.88,2.38
2023-08-10,Mogi das Cruzes,Alto Tiete,-23.5217,-46.186,21.28,30.41,14.49,67.67,13.89,6.35,13.89,0.2,2.22
2023-08-11,Mogi das Cruzes,Alto Tiete,-23.5217,-46.186,22.76,31.98,16.43,60.9,16.78,7.51,13.67,0.47,2.91
2023-08-12,Mogi das Cruzes,Alto Tiete,-23.5217,-46.186,23.15,32.42,16.8,59.74,11.83,5.42,13.51,0.45,2.7
2023-08-13,Mogi das Cruzes,Alto Tiete,-23.5217,-46.186,16.16,20.11,13.75,87.88,6.51,3.1,14.03,5.65,3.45
2023-08-14,Mogi das Cruzes,Alto Tiete,-23.5217,-46.186,17.37,24.95,13.86,84.44,8.18,3.8,14.38,1.0,2.54
2023-08-15,Mogi das Cruzes,Alto Tiete,-23.5217,-46.186,19.49,26.79,15.1,82.09,12.2,5.59,15.88,0.24,2.01
2023-08-16,Mogi das Cruzes,Alto Tiete,-23.5217,-46.186,20.76,26.85,16.61,78.89,13.8,6.37,16.36,0.05,1.3
2023-08-17,Mogi das Cruzes,Alto Tiete,-23.5217,-46.186,21.68,28.63,16.08,67.78,16.95,7.68,14.63,0.01,1.45
2023-08-18,Mogi das Cruzes,Alto Tiete,-23.5217,-46.186,22.76,30.64,16.75,56.77,18.44,8.28,12.8,0.01,3.1
2023-08-19,Mogi das Cruzes,Alto Tiete,-23.5217,-46.186,20.79,28.81,15.75,63.5,13.4,6.11,12.77,0.13,3.93
2023-08-20,Mogi das Cruzes,Alto Tiete,-23.5217,-46.186,20.42,27.32,15.57,68.43,13.7,6.31,13.47,0.05,1.94
2023-08-21,Mogi das Cruzes,Alto Tiete,-23.5217,-46.186,20.85,28.7,15.54,66.94,17.5,7.83,13.49,0.03,2.66
2023-08-22,Mogi das Cruzes,Alto Tiete,-23.5217,-46.186,22.41,31.67,14.82,53.5,20.6,9.09,10.66,0.0,2.5
2023-08-23,Mogi das Cruzes,Alto Tiete,-23.5217,-46.186,25.2,33.72,17.79,42.27,18.4,8.24,10.87,0.0,4.38
2023-08-24,Mogi das Cruzes,Alto Tiete,-23.5217,-46.186,26.07,33.42,20.56,47.5,15.05,6.7,13.13,0.91,4.35
2023-08-25,Mogi das Cruzes,Alto Tiete,-23.5217,-46.186,18.96,24.82,14.97,83.74,9.31,4.22,15.88,8.03,2.88
2023-08-26,Mogi das Cruzes,Alto Tiete,-23.5217,-46.186,14.47,17.13,12.86,87.56,5.36,2.67,12.39,14.06,4.2
2023-08-27,Mogi das Cruzes,Alto Tiete,-23.5217,-46.186,13.03,15.16,11.71,85.94,3.54,1.87,10.69,8.84,3.66
2023-08-28,Mogi das Cruzes,Alto Tiete,-23.5217,-46.186,13.56,16.78,11.55,88.28,7.02,3.42,11.56,7.41,3.05
2023-08-29,Mogi das Cruzes,Alto Tiete,-23.5217,-46.186,16.04,21.55,12.15,85.48,12.76,5.87,13.31,0.33,1.6
2023-08-30,Mogi das Cruzes,Alto Tiete,-23.5217,-46.186,18.22,25.53,13.92,77.68,18.0,8.11,13.57,0.03,1.97
2023-08-31,Mogi das Cruzes,Alto Tiete,-23.5217,-46.186,18.22,26.02,12.85,75.53,18.35,8.21,12.94,0.01,1.62
2023-09-01,Mogi das Cruzes,Alto Tiete,-23.5217,-46.186,18.97,28.49,12.0,77.51,20.3,8.94,14.05,0.02,1.85
2023-09-02,Mogi das Cruzes,Alto Tiete,-23.5217,-46.186,23.42,32.1,15.14,70.11,13.98,6.47,16.64,10.16,2.17
2023-09-03,Mogi das Cruzes,Alto Tiete,-23.5217,-46.186,24.12,30.96,18.66,72.27,17.92,8.19,18.29,5.07,2.51
2023-09-04,Mogi das Cruzes,Alto Tiete,-23.5217,-46.186,26.03,33.2,20.66,65.14,16.68,7.7,18.3,2.68,3.12
2023-09-05,Mogi das Cruzes,Alto Tiete,-23.5217,-46.186,20.91,27.56,15.7,82.36,8.26,3.98,17.62,2.32,4.0
2023-09-06,Mogi das Cruzes,Alto Tiete,-23.5217,-46.186,17.04,20.99,15.06,86.89,11.36,5.38,14.68,3.07,4.06
2023-09-07,Mogi das Cruzes,Alto Tiete,-23.5217,-46.186,19.34,27.67,14.6,78.96,18.54,8.47,14.93,0.5,2.72
2023-09-08,Mogi das Cruzes,Alto Tiete,-23.5217,-46.186,22.74,30.84,14.77,66.01,21.66,9.75,14.93,0.0,2.19
2023-09-09,Mogi das Cruzes,Alto Tiete,-23.5217,-46.186,23.25,30.49,17.77,63.45,12.52,5.78,15.01,0.0,2.61
2023-09-10,Mogi das Cruzes,Alto Tiete,-23.5217,-46.186,21.57,28.41,17.09,77.58,13.69,6.31,16.91,0.04,2.38
2023-09-11,Mogi das Cruzes,Alto Tiete,-23.5217,-46.186,22.71,31.62,16.13,68.35,22.02,9.87,15.24,0.02,1.77
2023-09-12,Mogi das Cruzes,Alto Tiete,-23.5217,-46.186,23.6,32.24,16.22,50.74,23.45,10.4,11.59,0.0,1.98
2023-09-13,Mogi das Cruzes,Alto Tiete,-23.5217,-46.186,26.01,34.6,17.63,48.83,23.06,10.37,13.14,0.05,2.78
2023-09-14,Mogi das Cruzes,Alto Tiete,-23.5217,-46.186,20.49,25.29,14.02,71.27,4.68,2.36,14.85,7.79,3.47
2023-09-15,Mogi das Cruzes,Alto Tiete,-23.5217,-46.186,16.3,22.88,13.06,78.19,16.72,7.5,11.99,1.19,2.77
2023-09-16,Mogi das Cruzes,Alto Tiete,-23.5217,-46.186,20.81,31.35,11.74,67.68,23.19,10.27,12.69,0.03,1.81
2023-09-17,Mogi das Cruzes,Alto Tiete,-23.5217,-46.186,24.41,34.02,16.64,60.5,23.59,10.57,14.74,0.01,1.82
2023-09-18,Mogi das Cruzes,Alto Tiete,-23.5217,-46.186,26.09,34.58,19.0,57.73,21.39,9.76,16.11,0.45,1.89
2023-09-19,Mogi das Cruzes,Alto Tiete,-23.5217,-46.186,24.77,34.21,19.1,55.82,21.6,9.76,13.54,0.05,1.51
2023-09-20,Mogi das Cruzes,Alto Tiete,-23.5217,-46.186,22.77,32.17,16.79,69.89,19.2,8.77,15.64,0.04,1.78
2023-09-21,Mogi das Cruzes,Alto Tiete,-23.5217,-46.186,23.35,33.0,16.58,68.26,20.02,9.12,15.69,0.02,1.47
2023-09-22,Mogi das Cruzes,Alto Tiete,-23.5217,-46.186,25.87,35.47,18.38,57.69,22.74,10.36,15.3,0.0,1.75
2023-09-23,Mogi das Cruzes,Alto Tiete,-23.5217,-46.186,25.17,34.83,19.71,61.51,22.86,10.34,15.84,0.0,1.55
2023-09-24,Mogi das Cruzes,Alto Tiete,-23.5217,-46.186,28.32,37.84,19.58,50.55,24.19,10.98,15.46,0.0,2.01
2023-09-25,Mogi das Cruzes,Alto Tiete,-23.5217,-46.186,24.07,31.64,20.13,74.81,18.12,8.38,18.75,0.97,2.96
2023-09-26,Mogi das Cruzes,Alto Tiete,-23.5217,-46.186,27.31,37.04,19.84,64.51,19.28,8.92,18.52,0.51,1.67
2023-09-27,Mogi das Cruzes,Alto Tiete,-23.5217,-46.186,26.79,37.53,17.55,60.56,13.8,6.35,17.26,11.03,4.96
2023-09-28,Mogi das Cruzes,Alto Tiete,-23.5217,-46.186,17.04,21.06,14.76,82.43,5.83,2.88,13.89,8.29,4.33
2023-09-29,Mogi das Cruzes,Alto Tiete,-23.5217,-46.186,19.17,27.52,14.68,78.34,13.16,6.17,14.81,0.45,3.38
2023-09-30,Mogi das Cruzes,Alto Tiete,-23.5217,-46.186,21.4,31.32,15.85,77.87,16.39,7.5,16.71,11.97,2.33
2023-10-01,Mogi das Cruzes,Alto Tiete,-23.5217,-46.186,20.6,26.52,17.24,90.57,5.2,2.67,18.95,37.43,2.69
2023-10-02,Mogi das Cruzes,Alto Tiete,-23.5217,-46.186,19.82,26.17,16.45,85.74,6.68,3.34,17.14,1.67,2.05
2023-10-03,Mogi das Cruzes,Alto Tiete,-23.5217,-46.186,20.81,29.09,16.0,82.5,14.93,6.94,17.29,0.34,1.75
2023-10-04,Mogi das Cruzes,Alto Tiete,-23.5217,-46.186,24.82,31.3,18.3,73.45,10.7,5.15,19.17,6.94,2.84
2023-10-05,Mogi das Cruzes,Alto Tiete,-23.5217,-46.186,22.95,31.1,18.52,81.3,13.59,6.3,19.21,19.58,2.49
2023-10-06,Mogi das Cruzes,Alto Tiete,-23.5217,-46.186,23.84,30.27,17.73,80.1,19.07,8.79,19.95,1.6,1.61
2023-10-07,Mogi das Cruzes,Alto Tiete,-23.5217,-46.186,26.18,32.7,18.58,73.61,13.22,6.1,20.63,35.3,3.71
2023-10-08,Mogi das Cruzes,Alto Tiete,-23.5217,-46.186,21.97,27.96,17.02,86.72,9.79,4.84,19.46,15.85,1.67
2023-10-09,Mogi das Cruzes,Alto Tiete,-23.5217,-46.186,20.04,22.6,16.71,90.92,12.26,5.91,18.47,17.19,2.99
2023-10-10,Mogi das Cruzes,Alto Tiete,-23.5217,-46.186,19.17,24.71,15.91,85.82,17.95,8.25,16.51,2.18,2.93
2023-10-11,Mogi das Cruzes,Alto Tiete,-23.5217,-46.186,23.27,31.38,15.67,76.6,26.89,12.12,18.34,0.11,1.84
2023-10-12,Mogi das Cruzes,Alto Tiete,-23.5217,-46.186,24.04,32.73,17.02,73.16,8.47,4.14,18.4,23.54,3.7
2023-10-13,Mogi das Cruzes,Alto Tiete,-23.5217,-46.186,17.71,21.38,15.14,88.65,8.21,4.1,15.75,10.0,3.72
2023-10-14,Mogi das Cruzes,Alto Tiete,-23.5217,-46.186,17.55,21.71,15.1,88.27,6.85,3.39,15.49,5.91,3.92
2023-10-15,Mogi das Cruzes,Alto Tiete,-23.5217,-46.186,19.73,25.68,15.62,86.62,16.75,7.88,17.27,0.59,2.34
2023-10-16,Mogi das Cruzes,Alto Tiete,-23.5217,-46.186,23.95,31.14,17.12,79.71,22.1,10.24,19.72,15.04,1.21
2023-10-17,Mogi das Cruzes,Alto Tiete,-23.5217,-46.186,23.71,29.9,19.97,78.34,9.42,4.7,19.35,0.58,2.45
2023-10-18,Mogi das Cruzes,Alto Tiete,-23.5217,-46.186,19.91,23.9,16.74,87.76,12.28,5.89,17.71,4.08,3.13
2023-10-19,Mogi das Cruzes,Alto Tiete,-23.5217,-46.186,18.31,22.59,15.85,86.36,10.54,5.12,15.85,1.72,3.18
2023-10-20,Mogi das Cruzes,Alto Tiete,-23.5217,-46.186,18.31,23.62,15.63,86.6,8.65,4.17,15.89,0.57,2.95
2023-10-21,Mogi das Cruzes,Alto Tiete,-23.5217,-46.186,18.5,24.35,15.14,85.24,14.58,6.89,15.76,0.59,3.2
2023-10-22,Mogi das Cruzes,Alto Tiete,-23.5217,-46.186,19.5,27.04,14.03,82.98,22.38,10.18,16.15,0.16,2.39
2023-10-23,Mogi das Cruzes,Alto Tiete,-23.5217,-46.186,22.45,30.98,15.37,79.11,25.64,11.65,18.0,0.02,1.7
2023-10-24,Mogi das Cruzes,Alto Tiete,-23.5217,-46.186,25.47,32.13,19.59,75.11,20.39,9.26,20.17,0.75,1.98
2023-10-25,Mogi das Cruzes,Alto Tiete,-23.5217,-46.186,21.17,25.91,18.07,88.07,10.54,5.15,19.02,5.93,2.1
2023-10-26,Mogi das Cruzes,Alto Tiete,-23.5217,-46.186,20.3,26.28,17.28,86.53,10.52,5.04,17.79,3.69,2.41
2023-10-27,Mogi das Cruzes,Alto Tiete,-23.5217,-46.186,20.77,28.1,17.18,85.53,14.87,6.92,18.04,6.89,2.67
2023-10-28,Mogi das Cruzes,Alto Tiete,-23.5217,-46.186,24.86,31.48,18.83,75.29,15.77,7.23,19.62,0.82,2.67
2023-10-29,Mogi das Cruzes,Alto Tiete,-23.5217,-46.186,24.04,28.25,20.73,77.49,9.76,4.78,19.69,13.86,4.55
2023-10-30,Mogi das Cruzes,Alto Tiete,-23.5217,-46.186,25.42,31.31,20.75,75.83,18.91,8.84,20.45,2.43,2.45
2023-10-31,Mogi das Cruzes,Alto Tiete,-23.5217,-46.186,23.87,28.52,20.29,81.11,11.82,5.71,20.2,11.53,2.19
2023-11-01,Mogi das Cruzes,Alto Tiete,-23.5217,-46.186,20.5,24.7,17.17,86.91,12.76,6.12,18.1,5.2,3.13
2023-11-02,Mogi das Cruzes,Alto Tiete,-23.5217,-46.186,20.48,26.51,16.72,84.67,15.69,7.34,17.57,1.15,2.55
2023-11-03,Mogi das Cruzes,Alto Tiete,-23.5217,-46.186,24.86,31.64,18.0,76.49,17.4,8.05,19.89,11.12,3.41
2023-11-04,Mogi das Cruzes,Alto Tiete,-23.5217,-46.186,21.94,27.77,15.95,75.69,24.89,11.33,16.93,2.41,2.71
2023-11-05,Mogi das Cruzes,Alto Tiete,-23.5217,-46.186,17.78,23.77,12.92,80.38,27.87,12.4,14.13,0.08,2.49
2023-11-06,Mogi das Cruzes,Alto Tiete,-23.5217,-46.186,17.32,23.61,12.96,77.43,30.03,13.26,12.97,0.05,2.76
2023-11-07,Mogi das Cruzes,Alto Tiete,-23.5217,-46.186,18.99,26.74,13.83,77.33,28.12,12.61,14.45,0.01,2.76
2023-11-08,Mogi das Cruzes,Alto Tiete,-23.5217,-46.186,22.51,31.26,13.42,65.88,30.12,13.45,14.5,0.0,1.39
2023-11-09,Mogi das Cruzes,Alto Tiete,-23.5217,-46.186,24.82,33.08,17.64,62.22,24.01,11.02,16.38,0.12,2.03
2023-11-10,Mogi das Cruzes,Alto Tiete,-23.5217,-46.186,23.34,30.37,18.88,80.09,22.08,10.22,19.22,3.09,1.96
2023-11-11,Mogi das Cruzes,Alto Tiete,-23.5217,-46.186,27.37,35.01,19.13,62.59,27.98,12.83,18.23,0.06,1.66
2023-11-12,Mogi das Cruzes,Alto Tiete,-23.5217,-46.186,28.52,36.4,21.65,53.32,27.58,12.63,16.95,0.33,1.96
2023-11-13,Mogi das Cruzes,Alto Tiete,-23.5217,-46.186,28.77,37.67,21.28,61.03,26.74,12.19,18.69,0.46,1.68
2023-11-14,Mogi das Cruzes,Alto Tiete,-23.5217,-46.186,28.31,38.59,21.87,65.37,24.35,11.16,19.19,2.81,2.06
2023-11-15,Mogi das Cruzes,Alto Tiete,-23.5217,-46.186,27.69,37.58,20.61,67.42,26.64,12.22,19.26,5.78,1.16
2023-11-16,Mogi das Cruzes,Alto Tiete,-23.5217,-46.186,28.66,35.03,21.75,54.02,19.43,8.89,17.46,0.01,2.85
2023-11-17,Mogi das Cruzes,Alto Tiete,-23.5217,-46.186,30.07,38.12,22.91,53.83,21.64,9.74,18.38,0.16,2.07
2023-11-18,Mogi das Cruzes,Alto Tiete,-23.5217,-46.186,30.12,37.69,24.32,51.18,23.02,10.64,17.97,4.02,4.12
2023-11-19,Mogi das Cruzes,Alto Tiete,-23.5217,-46.186,23.96,29.61,19.13,77.29,7.82,3.76,19.5,15.73,2.85
2023-11-20,Mogi das Cruzes,Alto Tiete,-23.5217,-46.186,21.0,25.76,18.95,86.11,13.98,6.65,18.45,2.98,3.84
2023-11-21,Mogi das Cruzes,Alto Tiete,-23.5217,-46.186,24.09,30.8,18.94,80.5,20.54,9.59,20.12,1.71,1.98
2023-11-22,Mogi das Cruzes,Alto Tiete,-23.5217,-46.186,25.44,30.66,20.96,79.43,23.25,10.98,21.27,3.46,2.2
2023-11-23,Mogi das Cruzes,Alto Tiete,-23.5217,-46.186,24.56,30.5,19.94,76.99,13.68,6.62,19.85,5.22,3.73
2023-11-24,Mogi das Cruzes,Alto Tiete,-23.5217,-46.186,19.72,24.05,15.91,80.58,9.26,4.7,16.11,2.59,4.0
2023-11-25,Mogi das Cruzes,Alto Tiete,-23.5217,-46.186,17.35,21.25,15.03,76.97,11.22,5.66,13.14,3.87,3.04
2023-11-26,Mogi das Cruzes,Alto Tiete,-23.5217,-46.186,20.3,26.89,15.6,78.85,13.85,6.71,16.19,0.38,2.49
2023-11-27,Mogi das Cruzes,Alto Tiete,-23.5217,-46.186,21.71,26.08,17.58,83.44,14.77,7.15,18.56,4.18,1.7
2023-11-28,Mogi das Cruzes,Alto Tiete,-23.5217,-46.186,23.44,29.5,19.09,83.85,14.7,7.16,20.19,20.74,1.08
2023-11-29,Mogi das Cruzes,Alto Tiete,-23.5217,-46.186,24.17,29.26,20.23,79.11,16.15,7.82,19.93,7.69,3.14
2023-11-30,Mogi das Cruzes,Alto Tiete,-23.5217,-46.186,25.13,30.8,20.76,77.72,25.93,12.03,20.52,0.23,2.77
2023-12-01,Mogi das Cruzes,Alto Tiete,-23.5217,-46.186,24.57,30.96,20.32,79.02,24.21,11.17,20.14,0.15,1.85
2023-12-02,Mogi das Cruzes,Alto Tiete,-23.5217,-46.186,25.52,32.87,20.29,69.04,28.78,13.09,18.41,0.0,1.51
2023-12-03,Mogi das Cruzes,Alto Tiete,-23.5217,-46.186,26.32,33.22,21.09,63.21,27.9,12.8,17.95,0.02,1.78
2023-12-04,Mogi das Cruzes,Alto Tiete,-23.5217,-46.186,25.59,34.36,20.31,75.19,24.84,11.43,19.88,2.8,1.95
2023-12-05,Mogi das Cruzes,Alto Tiete,-23.5217,-46.186,23.75,29.9,19.56,77.14,18.67,8.77,18.97,1.72,1.91
2023-12-06,Mogi das Cruzes,Alto Tiete,-23.5217,-46.186,26.07,31.26,20.62,73.33,23.5,11.04,20.37,0.29,0.78
2023-12-07,Mogi das Cruzes,Alto Tiete,-23.5217,-46.186,28.23,35.43,22.22,66.01,26.23,12.22,20.23,2.13,2.19
2023-12-08,Mogi das Cruzes,Alto Tiete,-23.5217,-46.186,24.46,29.61,19.55,81.24,21.82,10.31,20.67,8.68,2.57
2023-12-09,Mogi das Cruzes,Alto Tiete,-23.5217,-46.186,20.58,25.88,17.35,81.98,13.33,6.52,17.16,3.97,4.03
2023-12-10,Mogi das Cruzes,Alto Tiete,-23.5217,-46.186,21.23,27.83,16.86,81.44,20.16,9.44,17.59,3.66,3.04
2023-12-11,Mogi das Cruzes,Alto Tiete,-23.5217,-46.186,22.3,29.15,18.46,81.79,18.14,8.6,18.62,5.07,2.54
2023-12-12,Mogi das Cruzes,Alto Tiete,-23.5217,-46.186,21.22,27.11,17.36,78.96,21.49,9.93,16.97,0.93,2.76
2023-12-13,Mogi das Cruzes,Alto Tiete,-23.5217,-46.186,23.03,32.11,16.86,73.61,25.18,11.41,16.96,0.13,2.05
2023-12-14,Mogi das Cruzes,Alto Tiete,-23.5217,-46.186,24.94,34.19,17.71,69.15,27.77,12.43,17.06,0.03,2.01
2023-12-15,Mogi das Cruzes,Alto Tiete,-23.5217,-46.186,26.41,35.63,19.85,69.74,26.67,12.1,18.82,0.01,1.54
2023-12-16,Mogi das Cruzes,Alto Tiete,-23.5217,-46.186,26.66,34.86,20.82,69.93,23.15,10.7,19.6,1.17,1.66
2023-12-17,Mogi das Cruzes,Alto Tiete,-23.5217,-46.186,26.43,33.53,21.36,68.84,21.83,10.23,19.23,2.62,1.89
2023-12-18,Mogi das Cruzes,Alto Tiete,-23.5217,-46.186,25.04,33.13,19.87,71.93,30.06,13.82,18.71,0.56,2.73
2023-12-19,Mogi das Cruzes,Alto Tiete,-23.5217,-46.186,23.95,32.84,18.73,69.85,27.01,12.38,17.05,0.14,3.3
2023-12-20,Mogi das Cruzes,Alto Tiete,-23.5217,-46.186,22.93,30.43,18.02,71.75,26.88,12.2,16.62,0.13,3.66
2023-12-21,Mogi das Cruzes,Alto Tiete,-23.5217,-46.186,24.08,32.51,18.41,72.6,23.38,10.9,17.95,1.03,2.34
2023-12-22,Mogi das Cruzes,Alto Tiete,-23.5217,-46.186,26.01,33.96,19.91,71.84,22.72,10.61,19.45,5.27,1.71
2023-12-23,Mogi das Cruzes,Alto Tiete,-23.5217,-46.186,25.19,30.52,21.37,78.55,22.07,10.34,20.77,7.2,1.17
2023-12-24,Mogi das Cruzes,Alto Tiete,-23.5217,-46.186,25.76,32.55,21.26,73.3,23.75,11.07,19.83,0.74,2.58
2023-12-25,Mogi das Cruzes,Alto Tiete,-23.5217,-46.186,27.92,35.22,20.08,61.59,26.78,12.31,18.54,0.11,2.44
2023-12-26,Mogi das Cruzes,Alto Tiete,-23.5217,-46.186,24.07,29.22,18.72,72.91,15.26,7.31,18.71,5.67,3.3
2023-12-27,Mogi das Cruzes,Alto Tiete,-23.5217,-46.186,21.53,28.05,17.32,70.39,24.94,11.39,15.36,0.16,3.14
2023-12-28,Mogi das Cruzes,Alto Tiete,-23.5217,-46.186,24.07,33.52,16.38,65.91,29.3,13.23,15.9,0.01,1.92
2023-12-29,Mogi das Cruzes,Alto Tiete,-23.5217,-46.186,27.86,37.59,19.01,54.34,26.26,11.91,15.75,0.0,2.51
2023-12-30,Mogi das Cruzes,Alto Tiete,-23.5217,-46.186,22.69,27.25,17.83,77.06,10.63,5.25,18.29,3.86,3.27
2023-12-31,Mogi das Cruzes,Alto Tiete,-23.5217,-46.186,21.21,27.42,17.2,76.95,17.63,8.35,16.58,0.46,3.26
2024-01-01,Mogi das Cruzes,Alto Tiete,-23.5217,-46.186,22.83,31.07,18.12,72.25,16.71,7.84,16.83,0.16,3.18
2024-01-02,Mogi das Cruzes,Alto Tiete,-23.5217,-46.186,23.46,31.69,18.69,74.77,20.61,9.7,17.96,1.54,2.24
2024-01-03,Mogi das Cruzes,Alto Tiete,-23.5217,-46.186,23.98,31.64,19.66,79.43,16.73,8.04,19.59,7.66,2.26
2024-01-04,Mogi das Cruzes,Alto Tiete,-23.5217,-46.186,23.53,29.51,20.12,80.6,16.95,8.09,19.55,5.42,2.87
2024-01-05,Mogi das Cruzes,Alto Tiete,-23.5217,-46.186,22.99,29.2,19.23,78.49,21.71,10.15,18.47,3.92,2.63
2024-01-06,Mogi das Cruzes,Alto Tiete,-23.5217,-46.186,23.37,30.17,18.78,76.73,24.46,11.39,18.35,3.75,2.57
2024-01-07,Mogi das Cruzes,Alto Tiete,-23.5217,-46.186,25.27,33.13,18.68,69.2,25.13,11.63,17.99,1.04,1.91
2024-01-08,Mogi das Cruzes,Alto Tiete,-23.5217,-46.186,27.32,35.44,20.36,65.52,23.52,10.97,19.05,9.6,1.85
2024-01-09,Mogi das Cruzes,Alto Tiete,-23.5217,-46.186,27.45,34.65,21.02,63.24,26.99,12.53,18.8,1.58,2.08
2024-01-10,Mogi das Cruzes,Alto Tiete,-23.5217,-46.186,27.07,34.3,21.17,68.09,25.09,11.61,19.79,4.67,1.21
2024-01-11,Mogi das Cruzes,Alto Tiete,-23.5217,-46.186,26.83,32.92,22.42,70.2,23.5,11.1,20.21,6.54,3.05
2024-01-12,Mogi das Cruzes,Alto Tiete,-23.5217,-46.186,24.74,30.85,21.15,79.17,13.76,6.73,20.45,27.43,3.29
2024-01-13,Mogi das Cruzes,Alto Tiete,-23.5217,-46.186,21.75,25.19,19.28,89.02,10.75,5.39,19.79,12.31,3.57
2024-01-14,Mogi das Cruzes,Alto Tiete,-23.5217,-46.186,24.05,30.92,19.02,80.94,24.76,11.57,20.16,2.11,1.28
2024-01-15,Mogi das Cruzes,Alto Tiete,-23.5217,-46.186,26.63,32.37,21.23,72.8,24.12,11.21,20.77,3.36,1.66
2024-01-16,Mogi das Cruzes,Alto Tiete,-23.5217,-46.186,27.69,34.43,21.74,67.99,25.15,11.78,20.49,0.52,2.16
2024-01-17,Mogi das Cruzes,Alto Tiete,-23.5217,-46.186,27.77,34.84,22.72,66.3,21.39,10.08,20.13,5.23,2.59
2024-01-18,Mogi das Cruzes,Alto Tiete,-23.5217,-46.186,26.68,32.27,22.78,76.02,22.93,10.74,21.6,9.91,1.37
2024-01-19,Mogi das Cruzes,Alto Tiete,-23.5217,-46.186,25.82,30.14,22.71,78.33,20.09,9.68,21.48,9.55,3.01
2024-01-20,Mogi das Cruzes,Alto Tiete,-23.5217,-46.186,24.89,29.43,22.45,82.98,12.73,6.24,21.65,10.08,3.92
2024-01-21,Mogi das Cruzes,Alto Tiete,-23.5217,-46.186,23.11,26.98,19.85,86.54,15.76,7.64,20.62,12.78,4.15
2024-01-22,Mogi das Cruzes,Alto Tiete,-23.5217,-46.186,21.94,27.04,19.08,84.76,18.81,8.95,19.05,3.57,3.55
2024-01-23,Mogi das Cruzes,Alto Tiete,-23.5217,-46.186,20.02,22.9,17.84,90.33,5.44,2.91,18.35,25.1,3.61
2024-01-24,Mogi das Cruzes,Alto Tiete,-23.5217,-46.186,20.12,25.36,16.47,83.32,17.84,8.4,16.97,2.64,2.85
2024-01-25,Mogi das Cruzes,Alto Tiete,-23.5217,-46.186,19.94,25.08,16.9,87.49,14.18,6.89,17.64,7.79,3.46
2024-01-26,Mogi das Cruzes,Alto Tiete,-23.5217,-46.186,19.55,22.72,17.26,88.57,15.77,7.6,17.5,4.1,4.4
2024-01-27,Mogi das Cruzes,Alto Tiete,-23.5217,-46.186,21.88,27.01,18.68,82.92,19.43,9.17,18.49,2.78,2.64
2024-01-28,Mogi das Cruzes,Alto Tiete,-23.5217,-46.186,23.21,29.69,18.74,78.51,12.97,6.3,18.65,8.68,1.33
2024-01-29,Mogi das Cruzes,Alto Tiete,-23.5217,-46.186,23.73,30.48,18.09,74.74,22.47,10.3,18.08,0.74,1.99
2024-01-30,Mogi das Cruzes,Alto Tiete,-23.5217,-46.186,24.61,31.01,18.96,70.33,24.73,11.33,18.06,0.16,1.58
2024-01-31,Mogi das Cruzes,Alto Tiete,-23.5217,-46.186,24.02,29.65,19.62,77.17,13.26,6.37,19.27,5.63,0.85
2024-02-01,Mogi das Cruzes,Alto Tiete,-23.5217,-46.186,22.67,27.75,19.15,76.9,19.6,9.18,18.1,1.86,1.96
2024-02-02,Mogi das Cruzes,Alto Tiete,-23.5217,-46.186,22.05,27.99,18.58,85.17,10.37,5.15,19.18,11.05,2.11
2024-02-03,Mogi das Cruzes,Alto Tiete,-23.5217,-46.186,23.55,29.08,19.01,81.23,12.96,6.25,19.73,2.3,1.44
2024-02-04,Mogi das Cruzes,Alto Tiete,-23.5217,-46.186,24.02,28.88,20.04,77.51,13.67,6.53,19.46,6.88,1.1
2024-02-05,Mogi das Cruzes,Alto Tiete,-23.5217,-46.186,23.64,29.65,18.77,74.7,25.9,11.98,18.4,0.38,1.76
2024-02-06,Mogi das Cruzes,Alto Tiete,-23.5217,-46.186,23.7,29.67,19.17,76.55,23.09,10.69,18.94,0.16,1.58
2024-02-07,Mogi das Cruzes,Alto Tiete,-23.5217,-46.186,24.25,31.15,18.25,75.16,21.41,9.85,18.69,0.11,1.67
2024-02-08,Mogi das Cruzes,Alto Tiete,-23.5217,-46.186,24.55,31.32,19.04,75.49,25.28,11.49,19.15,0.17,2.15
2024-02-09,Mogi das Cruzes,Alto Tiete,-23.5217,-46.186,24.62,31.95,18.39,76.95,25.15,11.53,19.6,0.92,2.52
2024-02-10,Mogi das Cruzes,Alto Tiete,-23.5217,-46.186,25.13,31.71,21.01,73.14,25.37,11.65,19.06,0.12,2.5
2024-02-11,Mogi das Cruzes,Alto Tiete,-23.5217,-46.186,25.9,33.17,20.01,72.03,26.14,12.05,19.39,0.73,1.71
2024-02-12,Mogi das Cruzes,Alto Tiete,-23.5217,-46.186,26.84,33.74,20.91,68.14,23.26,10.85,19.61,2.91,2.31
2024-02-13,Mogi das Cruzes,Alto Tiete,-23.5217,-46.186,26.5,31.88,21.77,71.22,23.72,11.18,20.26,7.25,2.97
2024-02-14,Mogi das Cruzes,Alto Tiete,-23.5217,-46.186,23.18,25.74,20.77,87.61,9.82,4.98,20.95,25.62,2.76
2024-02-15,Mogi das Cruzes,Alto Tiete,-23.5217,-46.186,21.76,25.89,19.1,89.29,10.29,5.29,19.81,8.38,3.73
2024-02-16,Mogi das Cruzes,Alto Tiete,-23.5217,-46.186,21.85,27.71,18.6,84.27,16.27,7.68,18.82,0.47,1.85
2024-02-17,Mogi das Cruzes,Alto Tiete,-23.5217,-46.186,22.33,28.14,18.9,83.83,17.5,8.36,19.25,1.91,1.53
2024-02-18,Mogi das Cruzes,Alto Tiete,-23.5217,-46.186,22.25,26.67,18.93,84.86,16.65,8.02,19.37,6.39,1.37
2024-02-19,Mogi das Cruzes,Alto Tiete,-23.5217,-46.186,23.27,28.63,20.04,80.63,20.56,9.65,19.35,2.34,1.56
2024-02-20,Mogi das Cruzes,Alto Tiete,-23.5217,-46.186,23.32,29.34,19.29,82.64,12.85,6.26,19.77,11.81,1.52
2024-02-21,Mogi das Cruzes,Alto Tiete,-23.5217,-46.186,22.88,28.3,19.63,86.96,15.38,7.5,20.36,18.64,1.95
2024-02-22,Mogi das Cruzes,Alto Tiete,-23.5217,-46.186,24.26,29.68,20.16,82.49,20.84,9.74,20.68,3.37,1.27
2024-02-23,Mogi das Cruzes,Alto Tiete,-23.5217,-46.186,25.42,30.9,20.73,80.82,21.05,9.94,21.52,5.39,1.42
2024-02-24,Mogi das Cruzes,Alto Tiete,-23.5217,-46.186,25.15,29.97,21.34,82.78,13.37,6.47,21.76,6.09,1.77
2024-02-25,Mogi das Cruzes,Alto Tiete,-23.5217,-46.186,24.17,28.6,21.18,85.36,19.74,9.33,21.39,1.83,2.38
2024-02-26,Mogi das Cruzes,Alto Tiete,-23.5217,-46.186,23.67,28.43,21.17,86.76,17.33,8.24,21.16,2.4,3.01
2024-02-27,Mogi das Cruzes,Alto Tiete,-23.5217,-46.186,25.39,31.23,20.29,79.6,20.62,9.64,21.22,0.59,1.87
2024-02-28,Mogi das Cruzes,Alto Tiete,-23.5217,-46.186,26.0,31.55,22.04,77.54,18.23,8.67,21.43,1.34,2.42
2024-02-29,Mogi das Cruzes,Alto Tiete,-23.5217,-46.186,24.72,29.42,21.53,85.68,20.03,9.48,21.94,2.94,1.63
2024-03-01,Mogi das Cruzes,Alto Tiete,-23.5217,-46.186,23.88,28.26,20.64,86.3,17.78,8.41,21.29,4.29,2.42
2024-03-02,Mogi das Cruzes,Alto Tiete,-23.5217,-46.186,22.09,27.68,18.4,80.66,23.8,10.9,18.21,0.69,2.6
2024-03-03,Mogi das Cruzes,Alto Tiete,-23.5217,-46.186,23.05,31.32,16.94,79.4,24.45,11.17,18.66,0.63,1.82
2024-03-04,Mogi das Cruzes,Alto Tiete,-23.5217,-46.186,24.83,32.97,18.85,76.78,22.07,10.15,19.5,1.26,1.82
2024-03-05,Mogi das Cruzes,Alto Tiete,-23.5217,-46.186,25.18,32.91,20.11,77.56,18.83,8.83,20.19,6.97,2.12
2024-03-06,Mogi das Cruzes,Alto Tiete,-23.5217,-46.186,22.9,26.63,20.53,89.18,16.2,7.77,20.91,26.13,2.33
2024-03-07,Mogi das Cruzes,Alto Tiete,-23.5217,-46.186,22.97,28.52,20.3,88.42,16.08,7.69,20.8,7.68,3.14
2024-03-08,Mogi das Cruzes,Alto Tiete,-23.5217,-46.186,23.58,28.78,20.24,86.48,15.76,7.63,20.98,9.88,2.25
2024-03-09,Mogi das Cruzes,Alto Tiete,-23.5217,-46.186,25.08,30.17,20.94,82.95,17.59,8.41,21.71,5.45,2.12
2024-03-10,Mogi das Cruzes,Alto Tiete,-23.5217,-46.186,24.43,28.7,21.35,84.83,14.22,6.87,21.56,5.37,3.01
2024-03-11,Mogi das Cruzes,Alto Tiete,-23.5217,-46.186,22.24,27.14,18.27,85.18,22.75,10.37,19.4,1.61,2.51
2024-03-12,Mogi das Cruzes,Alto Tiete,-23.5217,-46.186,21.47,27.81,17.53,82.89,19.39,8.87,18.19,0.72,1.82
2024-03-13,Mogi das Cruzes,Alto Tiete,-23.5217,-46.186,23.31,30.33,18.2,84.0,20.65,9.45,20.05,0.77,1.77
2024-03-14,Mogi das Cruzes,Alto Tiete,-23.5217,-46.186,25.04,32.46,19.59,80.49,21.76,10.03,20.84,0.41,1.61
2024-03-15,Mogi das Cruzes,Alto Tiete,-23.5217,-46.186,26.34,33.17,20.71,76.17,23.27,10.79,21.15,0.07,1.83
2024-03-16,Mogi das Cruzes,Alto Tiete,-23.5217,-46.186,28.35,34.61,21.98,64.02,21.42,9.86,20.19,0.46,1.5
2024-03-17,Mogi das Cruzes,Alto Tiete,-23.5217,-46.186,27.57,34.34,22.82,71.13,20.56,9.54,21.18,4.35,2.2
2024-03-18,Mogi das Cruzes,Alto Tiete,-23.5217,-46.186,25.56,30.49,22.94,83.56,14.87,7.09,22.25,6.48,1.4
2024-03-19,Mogi das Cruzes,Alto Tiete,-23.5217,-46.186,25.16,29.79,22.57,85.72,17.73,8.38,22.36,3.12,1.29
2024-03-20,Mogi das Cruzes,Alto Tiete,-23.5217,-46.186,25.72,31.02,21.92,81.08,17.95,8.48,21.83,2.45,1.16
2024-03-21,Mogi das Cruzes,Alto Tiete,-23.5217,-46.186,27.29,33.49,22.22,73.34,20.79,9.73,21.58,1.8,2.8
2024-03-22,Mogi das Cruzes,Alto Tiete,-23.5217,-46.186,21.4,23.53,18.32,91.2,7.51,3.84,19.87,23.16,5.03
2024-03-23,Mogi das Cruzes,Alto Tiete,-23.5217,-46.186,19.09,21.84,17.57,88.22,5.38,2.84,17.03,9.12,4.09
2024-03-24,Mogi das Cruzes,Alto Tiete,-23.5217,-46.186,20.16,24.58,17.4,89.2,10.32,5.04,18.21,5.81,2.37
2024-03-25,Mogi das Cruzes,Alto Tiete,-23.5217,-46.186,21.5,26.51,18.17,86.23,18.02,8.34,18.89,0.77,1.7
2024-03-26,Mogi das Cruzes,Alto Tiete,-23.5217,-46.186,20.82,25.47,17.95,87.72,13.83,6.57,18.56,1.13,2.54
2024-03-27,Mogi das Cruzes,Alto Tiete,-23.5217,-46.186,20.25,24.22,18.54,89.87,8.11,4.04,18.45,5.19,2.26
2024-03-28,Mogi das Cruzes,Alto Tiete,-23.5217,-46.186,20.76,24.72,18.31,89.81,6.94,3.54,18.91,11.01,1.76
2024-03-29,Mogi das Cruzes,Alto Tiete,-23.5217,-46.186,22.31,27.78,18.51,86.73,11.46,5.42,19.76,4.0,1.29
2024-03-30,Mogi das Cruzes,Alto Tiete,-23.5217,-46.186,22.14,27.54,19.1,84.63,18.98,8.82,19.11,0.28,1.87
2024-03-31,Mogi das Cruzes,Alto Tiete,-23.5217,-46.186,21.66,28.09,17.79,77.16,23.02,10.45,16.91,0.01,1.16
2024-04-01,Mogi das Cruzes,Alto Tiete,-23.5217,-46.186,21.12,27.4,16.63,82.06,21.57,9.84,17.46,0.06,1.61
2024-04-02,Mogi das Cruzes,Alto Tiete,-23.5217,-46.186,23.45,30.19,17.8,76.23,13.89,6.56,18.43,0.02,1.25
2024-04-03,Mogi das Cruzes,Alto Tiete,-23.5217,-46.186,23.03,28.94,18.97,80.1,20.08,9.1,19.01,0.0,1.63
2024-04-04,Mogi das Cruzes,Alto Tiete,-23.5217,-46.186,23.77,31.9,18.82,79.44,21.38,9.78,19.22,0.01,1.55
2024-04-05,Mogi das Cruzes,Alto Tiete,-23.5217,-46.186,23.03,30.92,17.59,76.38,21.6,9.75,17.56,0.03,1.53
2024-04-06,Mogi das Cruzes,Alto Tiete,-23.5217,-46.186,21.7,26.94,18.86,84.13,15.57,7.28,18.63,2.6,2.61
2024-04-07,Mogi das Cruzes,Alto Tiete,-23.5217,-46.186,22.43,29.18,18.14,82.23,16.28,7.57,18.81,0.36,2.21
2024-04-08,Mogi das Cruzes,Alto Tiete,-23.5217,-46.186,23.89,31.26,18.95,73.48,9.37,4.47,18.0,0.46,1.44
2024-04-09,Mogi das Cruzes,Alto Tiete,-23.5217,-46.186,23.38,28.94,19.99,78.14,14.35,6.75,18.95,4.68,1.23
2024-04-10,Mogi das Cruzes,Alto Tiete,-23.5217,-46.186,23.29,29.83,19.04,79.51,17.79,8.22,18.9,0.17,1.3
2024-04-11,Mogi das Cruzes,Alto Tiete,-23.5217,-46.186,22.45,28.65,19.23,84.2,10.74,5.04,19.25,1.43,2.04
2024-04-12,Mogi das Cruzes,Alto Tiete,-23.5217,-46.186,22.24,28.23,19.05,84.06,16.43,7.68,19.07,0.61,2.63
2024-04-13,Mogi das Cruzes,Alto Tiete,-23.5217,-46.186,22.56,28.9,18.6,80.9,17.86,8.33,18.65,0.16,2.1
2024-04-14,Mogi das Cruzes,Alto Tiete,-23.5217,-46.186,22.14,26.62,19.51,84.71,9.78,4.75,19.21,1.33,1.19
2024-04-15,Mogi das Cruzes,Alto Tiete,-23.5217,-46.186,22.88,28.08,19.86,81.71,12.77,6.12,19.12,2.92,1.57
2024-04-16,Mogi das Cruzes,Alto Tiete,-23.5217,-46.186,22.84,27.84,19.31,79.24,17.01,7.95,18.7,5.74,1.22
2024-04-17,Mogi das Cruzes,Alto Tiete,-23.5217,-46.186,24.21,30.66,19.77,76.15,13.6,6.4,19.26,5.47,2.31
2024-04-18,Mogi das Cruzes,Alto Tiete,-23.5217,-46.186,18.98,22.72,15.8,85.07,7.5,3.61,16.25,2.44,3.24
2024-04-19,Mogi das Cruzes,Alto Tiete,-23.5217,-46.186,17.37,23.48,12.85,78.07,20.31,9.05,13.02,0.05,2.39
2024-04-20,Mogi das Cruzes,Alto Tiete,-23.5217,-46.186,19.34,26.84,14.53,80.9,18.85,8.48,15.47,0.08,2.1
2024-04-21,Mogi das Cruzes,Alto Tiete,-23.5217,-46.186,20.17,28.21,14.53,77.6,19.85,8.84,15.13,0.09,1.4
2024-04-22,Mogi das Cruzes,Alto Tiete,-23.5217,-46.186,21.16,29.21,14.67,64.86,20.48,9.02,13.03,0.02,1.32
2024-04-23,Mogi das Cruzes,Alto Tiete,-23.5217,-46.186,22.94,30.5,15.5,55.67,19.44,8.84,12.88,0.0,1.55
2024-04-24,Mogi das Cruzes,Alto Tiete,-23.5217,-46.186,23.42,31.21,18.08,66.21,17.89,8.19,15.77,0.22,2.32
2024-04-25,Mogi das Cruzes,Alto Tiete,-23.5217,-46.186,22.67,29.16,19.47,82.9,12.93,6.04,19.13,0.58,2.28
2024-04-26,Mogi das Cruzes,Alto Tiete,-23.5217,-46.186,22.91,30.61,18.57,78.63,14.72,6.84,18.3,0.08,1.87
2024-04-27,Mogi das Cruzes,Alto Tiete,-23.5217,-46.186,24.44,32.21,17.96,66.32,18.41,8.38,16.72,0.0,1.76
2024-04-28,Mogi das Cruzes,Alto Tiete,-23.5217,-46.186,24.28,31.9,19.53,67.2,17.76,8.11,16.98,0.03,2.76
2024-04-29,Mogi das Cruzes,Alto Tiete,-23.5217,-46.186,24.38,32.66,18.73,72.25,17.25,7.85,17.89,0.06,1.23
2024-04-30,Mogi das Cruzes,Alto Tiete,-23.5217,-46.186,24.81,32.32,18.35,57.79,18.39,8.28,15.06,0.0,1.64
2024-05-01,Mogi das Cruzes,Alto Tiete,-23.5217,-46.186,24.8,32.45,18.34,54.35,18.15,8.11,13.93,0.0,1.77
2024-05-02,Mogi das Cruzes,Alto Tiete,-23.5217,-46.186,24.62,32.95,18.67,54.85,18.82,8.48,14.04,0.0,3.15
2024-05-03,Mogi das Cruzes,Alto Tiete,-23.5217,-46.186,24.36,32.28,18.32,64.03,16.85,7.67,16.12,0.01,1.47
2024-05-04,Mogi das Cruzes,Alto Tiete,-23.5217,-46.186,24.55,32.93,18.08,59.68,18.3,8.25,14.76,0.0,1.52
2024-05-05,Mogi das Cruzes,Alto Tiete,-23.5217,-46.186,24.11,33.24,17.81,59.32,18.32,8.17,13.99,0.01,1.33
2024-05-06,Mogi das Cruzes,Alto Tiete,-23.5217,-46.186,24.37,33.35,16.51,53.49,18.91,8.41,12.71,0.01,1.34
2024-05-07,Mogi das Cruzes,Alto Tiete,-23.5217,-46.186,24.36,32.67,17.78,57.5,18.19,8.25,14.46,0.04,1.53
2024-05-08,Mogi das Cruzes,Alto Tiete,-23.5217,-46.186,24.76,32.35,19.15,56.91,18.06,8.16,14.62,0.01,2.55
2024-05-09,Mogi das Cruzes,Alto Tiete,-23.5217,-46.186,23.93,31.97,18.78,63.91,14.51,6.6,15.51,0.18,2.7
2024-05-10,Mogi das Cruzes,Alto Tiete,-23.5217,-46.186,23.59,31.5,19.03,73.37,14.86,6.78,17.25,0.12,1.41
2024-05-11,Mogi das Cruzes,Alto Tiete,-23.5217,-46.186,23.71,31.41,18.17,57.44,16.48,7.4,13.72,0.01,2.43
2024-05-12,Mogi das Cruzes,Alto Tiete,-23.5217,-46.186,23.74,31.71,17.74,50.76,17.12,7.65,11.96,0.02,3.19
2024-05-13,Mogi das Cruzes,Alto Tiete,-23.5217,-46.186,24.06,32.4,18.17,46.89,17.26,7.74,10.95,0.04,3.8
2024-05-14,Mogi das Cruzes,Alto Tiete,-23.5217,-46.186,19.76,24.89,16.7,81.6,6.05,2.88,16.25,2.92,1.83
2024-05-15,Mogi das Cruzes,Alto Tiete,-23.5217,-46.186,17.52,21.36,15.64,88.15,4.96,2.48,15.41,2.57,1.92
2024-05-16,Mogi das Cruzes,Alto Tiete,-23.5217,-46.186,22.03,30.46,15.72,74.28,13.15,6.11,16.49,0.16,1.23
2024-05-17,Mogi das Cruzes,Alto Tiete,-23.5217,-46.186,24.2,31.9,18.65,57.62,17.05,7.69,14.31,0.0,2.69
2024-05-18,Mogi das Cruzes,Alto Tiete,-23.5217,-46.186,22.7,31.13,16.72,66.43,14.74,6.67,14.98,0.05,1.81
2024-05-19,Mogi das Cruzes,Alto Tiete,-23.5217,-46.186,21.61,28.48,18.08,81.93,11.22,5.2,17.81,0.83,1.4
2024-05-20,Mogi das Cruzes,Alto Tiete,-23.5217,-46.186,20.96,28.17,16.78,80.82,11.12,5.14,17.01,0.63,2.15
2024-05-21,Mogi das Cruzes,Alto Tiete,-23.5217,-46.186,20.11,28.22,15.54,79.4,10.35,4.8,15.83,0.15,1.92
2024-05-22,Mogi das Cruzes,Alto Tiete,-23.5217,-46.186,21.95,30.64,15.51,71.34,15.08,6.85,15.23,0.04,1.28
2024-05-23,Mogi das Cruzes,Alto Tiete,-23.5217,-46.186,21.94,30.29,16.15,56.06,16.8,7.43,11.48,0.0,2.42
2024-05-24,Mogi das Cruzes,Alto Tiete,-23.5217,-46.186,22.4,31.02,16.93,54.85,8.33,3.86,12.13,0.98,3.84
2024-05-25,Mogi das Cruzes,Alto Tiete,-23.5217,-46.186,17.19,21.64,14.55,86.67,6.59,3.16,14.83,7.37,2.63
2024-05-26,Mogi das Cruzes,Alto Tiete,-23.5217,-46.186,15.42,18.14,14.01,93.08,4.72,2.39,14.29,24.07,2.45
2024-05-27,Mogi das Cruzes,Alto Tiete,-23.5217,-46.186,18.75,25.77,14.05,84.66,5.64,2.78,15.81,4.99,1.93
2024-05-28,Mogi das Cruzes,Alto Tiete,-23.5217,-46.186,18.49,24.2,13.34,79.75,6.78,3.24,14.57,0.66,3.75
2024-05-29,Mogi das Cruzes,Alto Tiete,-23.5217,-46.186,14.01,21.03,7.88,73.45,16.5,7.19,8.33,0.49,2.51
2024-05-30,Mogi das Cruzes,Alto Tiete,-23.5217,-46.186,14.38,19.57,11.79,83.76,13.51,6.0,11.33,0.64,1.78
2024-05-31,Mogi das Cruzes,Alto Tiete,-23.5217,-46.186,15.31,21.05,12.04,81.88,14.57,6.51,11.75,0.03,2.23
2024-06-01,Mogi das Cruzes,Alto Tiete,-23.5217,-46.186,17.21,25.88,11.58,75.92,16.37,7.23,11.94,0.07,1.59
2024-06-02,Mogi das Cruzes,Alto Tiete,-23.5217,-46.186,18.57,26.4,11.57,65.16,14.65,6.57,11.12,0.0,1.37
2024-06-03,Mogi das Cruzes,Alto Tiete,-23.5217,-46.186,19.73,26.8,13.79,66.99,11.87,5.39,12.75,0.0,1.61
2024-06-04,Mogi das Cruzes,Alto Tiete,-23.5217,-46.186,16.65,20.02,14.4,90.75,8.23,3.88,15.03,9.35,3.1
2024-06-05,Mogi das Cruzes,Alto Tiete,-23.5217,-46.186,17.61,24.54,13.96,84.56,12.19,5.59,14.53,0.55,1.59
2024-06-06,Mogi das Cruzes,Alto Tiete,-23.5217,-46.186,18.59,26.88,13.21,75.18,13.96,6.29,13.08,0.05,1.1
2024-06-07,Mogi das Cruzes,Alto Tiete,-23.5217,-46.186,19.13,27.31,13.51,72.35,15.26,6.87,12.97,0.01,1.14
2024-06-08,Mogi das Cruzes,Alto Tiete,-23.5217,-46.186,19.43,27.52,13.75,70.71,15.19,6.81,13.11,0.05,1.21
2024-06-09,Mogi das Cruzes,Alto Tiete,-23.5217,-46.186,20.46,28.99,13.39,64.06,15.49,6.86,12.46,0.01,1.8
2024-06-10,Mogi das Cruzes,Alto Tiete,-23.5217,-46.186,21.22,29.07,15.38,58.94,15.39,6.83,12.1,0.04,2.83
2024-06-11,Mogi das Cruzes,Alto Tiete,-23.5217,-46.186,20.13,28.53,14.66,66.47,15.58,6.88,12.49,0.11,1.35
2024-06-12,Mogi das Cruzes,Alto Tiete,-23.5217,-46.186,19.33,28.73,12.54,72.66,15.52,6.8,12.68,0.04,1.19
2024-06-13,Mogi das Cruzes,Alto Tiete,-23.5217,-46.186,19.48,28.61,12.56,55.18,16.04,6.96,8.97,0.01,2.06
2024-06-14,Mogi das Cruzes,Alto Tiete,-23.5217,-46.186,19.93,28.93,13.25,55.62,14.9,6.51,9.77,0.05,2.43
2024-06-15,Mogi das Cruzes,Alto Tiete,-23.5217,-46.186,21.2,28.93,15.19,59.15,15.42,6.88,12.25,0.0,2.57
2024-06-16,Mogi das Cruzes,Alto Tiete,-23.5217,-46.186,21.18,29.31,15.45,62.67,14.9,6.66,12.9,0.04,1.58
2024-06-17,Mogi das Cruzes,Alto Tiete,-23.5217,-46.186,20.2,28.49,14.57,57.66,15.58,6.9,10.73,0.0,2.99
2024-06-18,Mogi das Cruzes,Alto Tiete,-23.5217,-46.186,19.92,28.12,13.57,50.75,15.9,6.92,8.4,0.03,2.74
2024-06-19,Mogi das Cruzes,Alto Tiete,-23.5217,-46.186,20.58,29.2,14.1,53.92,15.81,6.92,9.74,0.02,2.21
2024-06-20,Mogi das Cruzes,Alto Tiete,-23.5217,-46.186,19.53,28.87,13.69,60.35,15.62,6.83,9.77,0.04,1.34
2024-06-21,Mogi das Cruzes,Alto Tiete,-23.5217,-46.186,18.44,27.75,11.66,63.33,15.74,6.86,9.07,0.01,1.33
2024-06-22,Mogi das Cruzes,Alto Tiete,-23.5217,-46.186,19.99,27.86,13.44,59.24,13.99,6.27,10.95,0.02,2.08
2024-06-23,Mogi das Cruzes,Alto Tiete,-23.5217,-46.186,21.34,29.15,15.48,58.34,13.98,6.31,12.06,0.01,3.07
2024-06-24,Mogi das Cruzes,Alto Tiete,-23.5217,-46.186,21.77,29.9,16.54,59.61,14.6,6.6,12.48,0.22,3.06
2024-06-25,Mogi das Cruzes,Alto Tiete,-23.5217,-46.186,18.28,22.76,16.13,87.78,6.22,2.99,16.03,0.27,2.34
2024-06-26,Mogi das Cruzes,Alto Tiete,-23.5217,-46.186,21.77,30.14,15.03,65.35,13.93,6.27,13.69,0.02,2.9
2024-06-27,Mogi das Cruzes,Alto Tiete,-23.5217,-46.186,19.93,26.63,15.65,72.65,9.07,4.11,14.22,0.47,1.76
2024-06-28,Mogi das Cruzes,Alto Tiete,-23.5217,-46.186,20.69,28.65,13.91,59.83,11.03,4.87,11.49,0.0,3.29
2024-06-29,Mogi das Cruzes,Alto Tiete,-23.5217,-46.186,19.19,26.74,14.39,70.85,9.48,4.21,13.12,6.4,2.97
2024-06-30,Mogi das Cruzes,Alto Tiete,-23.5217,-46.186,13.87,16.76,12.01,88.23,4.08,2.03,11.88,2.03,2.17
2024-07-01,Mogi das Cruzes,Alto Tiete,-23.5217,-46.186,16.12,24.4,12.0,79.25,4.17,2.03,11.89,0.43,1.33
2024-07-02,Mogi das Cruzes,Alto Tiete,-23.5217,-46.186,17.86,26.67,11.93,68.79,15.09,6.6,10.46,0.26,1.02
2024-07-03,Mogi das Cruzes,Alto Tiete,-23.5217,-46.186,19.24,27.29,12.76,58.03,14.62,6.53,10.01,0.01,2.22
2024-07-04,Mogi das Cruzes,Alto Tiete,-23.5217,-46.186,20.23,28.28,14.06,61.62,8.86,4.06,11.63,0.08,1.49
2024-07-05,Mogi das Cruzes,Alto Tiete,-23.5217,-46.186,20.4,28.1,13.88,58.12,13.32,5.85,10.83,0.05,1.25
2024-07-06,Mogi das Cruzes,Alto Tiete,-23.5217,-46.186,17.46,22.94,14.05,83.15,10.85,4.93,14.29,0.78,2.31
2024-07-07,Mogi das Cruzes,Alto Tiete,-23.5217,-46.186,19.38,28.48,13.93,74.3,12.42,5.57,13.36,0.12,1.65
2024-07-08,Mogi das Cruzes,Alto Tiete,-23.5217,-46.186,16.41,22.26,13.51,84.76,5.59,2.69,13.56,3.42,1.99
2024-07-09,Mogi das Cruzes,Alto Tiete,-23.5217,-46.186,16.65,22.81,13.71,88.6,2.08,1.12,14.58,17.15,1.02
2024-07-10,Mogi das Cruzes,Alto Tiete,-23.5217,-46.186,17.53,23.29,12.75,83.33,7.89,3.71,14.37,1.4,1.87
2024-07-11,Mogi das Cruzes,Alto Tiete,-23.5217,-46.186,19.63,28.16,15.37,80.28,9.64,4.47,15.55,0.3,1.39
2024-07-12,Mogi das Cruzes,Alto Tiete,-23.5217,-46.186,17.08,20.45,15.24,93.0,7.74,3.58,15.88,3.11,2.35
2024-07-13,Mogi das Cruzes,Alto Tiete,-23.5217,-46.186,15.02,17.99,13.59,90.87,6.5,3.11,13.5,1.41,2.47
2024-07-14,Mogi das Cruzes,Alto Tiete,-23.5217,-46.186,18.02,26.87,13.03,78.66,12.86,5.84,13.34,0.31,2.11
2024-07-15,Mogi das Cruzes,Alto Tiete,-23.5217,-46.186,16.76,22.36,13.46,85.35,11.75,5.39,13.99,0.08,1.51
2024-07-16,Mogi das Cruzes,Alto Tiete,-23.5217,-46.186,17.91,25.02,14.15,82.12,11.55,5.32,14.28,0.06,1.41
2024-07-17,Mogi das Cruzes,Alto Tiete,-23.5217,-46.186,18.39,25.09,13.9,74.26,14.02,6.32,13.02,0.04,1.01
2024-07-18,Mogi das Cruzes,Alto Tiete,-23.5217,-46.186,17.75,25.01,13.0,71.56,14.41,6.37,11.82,0.02,1.95
2024-07-19,Mogi das Cruzes,Alto Tiete,-23.5217,-46.186,16.2,23.66,12.21,79.39,15.22,6.69,11.82,0.02,1.31
2024-07-20,Mogi das Cruzes,Alto Tiete,-23.5217,-46.186,15.2,22.99,10.2,78.96,15.06,6.55,10.84,0.03,1.71
2024-07-21,Mogi das Cruzes,Alto Tiete,-23.5217,-46.186,16.47,25.83,10.57,76.55,16.07,7.04,11.17,0.02,1.63
2024-07-22,Mogi das Cruzes,Alto Tiete,-23.5217,-46.186,17.67,27.65,11.47,63.97,16.64,7.21,9.32,0.03,1.77
2024-07-23,Mogi das Cruzes,Alto Tiete,-23.5217,-46.186,16.75,25.91,11.57,67.33,17.34,7.51,9.1,0.0,1.33
2024-07-24,Mogi das Cruzes,Alto Tiete,-23.5217,-46.186,16.89,27.54,9.31,69.65,16.8,7.28,9.43,0.01,1.63
2024-07-25,Mogi das Cruzes,Alto Tiete,-23.5217,-46.186,18.94,27.34,10.78,53.39,16.8,7.31,8.17,0.0,1.68
2024-07-26,Mogi das Cruzes,Alto Tiete,-23.5217,-46.186,19.11,27.45,13.18,54.32,14.74,6.51,8.71,0.04,1.24
2024-07-27,Mogi das Cruzes,Alto Tiete,-23.5217,-46.186,19.36,26.98,13.91,55.66,11.69,5.23,9.39,0.01,0.96
2024-07-28,Mogi das Cruzes,Alto Tiete,-23.5217,-46.186,20.45,29.79,12.71,54.07,16.2,7.13,9.52,0.06,1.88
2024-07-29,Mogi das Cruzes,Alto Tiete,-23.5217,-46.186,19.33,28.9,14.19,64.7,13.49,6.05,11.35,0.47,2.69
2024-07-30,Mogi das Cruzes,Alto Tiete,-23.5217,-46.186,15.06,18.03,13.62,90.43,4.17,2.08,13.43,6.38,3.23
2024-07-31,Mogi das Cruzes,Alto Tiete,-23.5217,-46.186,17.56,25.98,13.13,80.03,15.39,6.95,13.31,0.71,2.39
2024-08-01,Mogi das Cruzes,Alto Tiete,-23.5217,-46.186,18.44,27.28,12.42,74.84,15.67,7.02,12.64,0.04,1.71
2024-08-02,Mogi das Cruzes,Alto Tiete,-23.5217,-46.186,19.11,28.3,11.48,68.94,17.08,7.62,11.82,0.01,1.59
2024-08-03,Mogi das Cruzes,Alto Tiete,-23.5217,-46.186,20.32,29.35,13.69,59.99,17.72,7.91,11.09,0.01,2.11
2024-08-04,Mogi das Cruzes,Alto Tiete,-23.5217,-46.186,21.64,29.5,14.49,59.65,16.01,7.26,12.71,0.0,1.97
2024-08-05,Mogi das Cruzes,Alto Tiete,-23.5217,-46.186,22.09,30.45,15.69,56.84,16.74,7.5,11.84,0.01,1.73
2024-08-06,Mogi das Cruzes,Alto Tiete,-23.5217,-46.186,21.9,30.68,14.97,54.44,16.18,7.21,10.96,0.01,1.33
2024-08-07,Mogi das Cruzes,Alto Tiete,-23.5217,-46.186,22.22,30.22,16.34,49.03,17.17,7.66,10.03,0.02,2.81
2024-08-08,Mogi das Cruzes,Alto Tiete,-23.5217,-46.186,22.79,31.21,16.89,45.31,15.39,6.76,9.16,0.0,2.72
2024-08-09,Mogi das Cruzes,Alto Tiete,-23.5217,-46.186,18.79,23.94,14.83,80.08,1.67,0.88,15.0,15.61,1.79
2024-08-10,Mogi das Cruzes,Alto Tiete,-23.5217,-46.186,11.64,14.46,8.41,87.25,6.82,3.24,9.5,12.22,2.48
2024-08-11,Mogi das Cruzes,Alto Tiete,-23.5217,-46.186,13.64,23.54,6.18,61.61,17.88,7.62,4.21,0.05,1.5
2024-08-12,Mogi das Cruzes,Alto Tiete,-23.5217,-46.186,13.2,21.55,7.48,58.33,19.78,8.48,3.71,0.03,3.49
2024-08-13,Mogi das Cruzes,Alto Tiete,-23.5217,-46.186,10.89,17.18,5.83,77.36,13.28,5.84,6.67,0.07,2.4
2024-08-14,Mogi das Cruzes,Alto Tiete,-23.5217,-46.186,14.83,25.58,6.88,72.22,17.75,7.66,8.22,0.0,1.39
2024-08-15,Mogi das Cruzes,Alto Tiete,-23.5217,-46.186,19.26,29.67,9.95,56.29,19.47,8.49,8.07,0.0,1.34
2024-08-16,Mogi das Cruzes,Alto Tiete,-23.5217,-46.186,22.51,31.79,15.5,40.26,18.67,8.06,7.07,0.0,1.31
2024-08-17,Mogi das Cruzes,Alto Tiete,-23.5217,-46.186,22.84,32.39,14.45,42.34,18.06,7.69,8.0,0.0,1.4
2024-08-18,Mogi das Cruzes,Alto Tiete,-23.5217,-46.186,22.58,32.97,15.15,43.77,18.22,7.65,7.89,0.02,1.59
2024-08-19,Mogi das Cruzes,Alto Tiete,-23.5217,-46.186,23.42,33.04,14.87,41.19,19.45,8.4,8.05,0.0,1.65
2024-08-20,Mogi das Cruzes,Alto Tiete,-23.5217,-46.186,21.97,31.17,16.01,54.39,18.63,8.02,10.7,0.05,2.09
2024-08-21,Mogi das Cruzes,Alto Tiete,-23.5217,-46.186,20.55,30.96,13.77,66.6,19.14,8.35,12.21,0.05,1.65
2024-08-22,Mogi das Cruzes,Alto Tiete,-23.5217,-46.186,22.86,33.3,14.73,43.91,19.9,8.65,8.36,0.0,2.48
2024-08-23,Mogi das Cruzes,Alto Tiete,-23.5217,-46.186,23.67,33.3,17.05,46.6,19.34,8.37,9.66,0.39,3.6
2024-08-24,Mogi das Cruzes,Alto Tiete,-23.5217,-46.186,18.61,30.19,13.82,76.99,10.57,4.69,13.46,4.85,2.75
2024-08-25,Mogi das Cruzes,Alto Tiete,-23.5217,-46.186,12.36,14.33,9.02,88.15,2.53,1.39,10.43,6.91,2.65
2024-08-26,Mogi das Cruzes,Alto Tiete,-23.5217,-46.186,11.04,18.24,6.43,70.75,19.47,8.48,5.14,0.07,2.08
2024-08-27,Mogi das Cruzes,Alto Tiete,-23.5217,-46.186,11.71,21.5,4.46,70.18,22.59,9.61,4.74,0.03,2.48
2024-08-28,Mogi das Cruzes,Alto Tiete,-23.5217,-46.186,15.47,26.17,8.14,74.91,19.21,8.53,10.0,0.01,2.49
2024-08-29,Mogi das Cruzes,Alto Tiete,-23.5217,-46.186,18.82,28.73,12.04,71.76,19.72,8.81,12.45,0.01,1.45
2024-08-30,Mogi das Cruzes,Alto Tiete,-23.5217,-46.186,21.06,31.1,14.21,56.22,21.43,9.37,10.26,0.0,1.32
2024-08-31,Mogi das Cruzes,Alto Tiete,-23.5217,-46.186,20.48,30.38,15.01,57.13,20.89,9.16,10.24,0.01,1.4
2024-09-01,Mogi das Cruzes,Alto Tiete,-23.5217,-46.186,22.75,33.13,14.12,45.62,20.51,8.78,8.27,0.02,2.64
2024-09-02,Mogi das Cruzes,Alto Tiete,-23.5217,-46.186,20.51,29.77,15.83,65.03,11.39,4.55,12.89,0.12,2.27
2024-09-03,Mogi das Cruzes,Alto Tiete,-23.5217,-46.186,21.63,31.85,15.54,67.61,15.8,6.6,13.89,0.04,1.41
2024-09-04,Mogi das Cruzes,Alto Tiete,-23.5217,-46.186,24.07,33.59,17.6,45.2,18.71,7.89,9.46,0.0,1.93
2024-09-05,Mogi das Cruzes,Alto Tiete,-23.5217,-46.186,20.99,29.41,14.69,60.15,15.45,6.59,11.95,0.16,3.82
2024-09-06,Mogi das Cruzes,Alto Tiete,-23.5217,-46.186,18.33,25.68,14.16,79.97,11.15,4.84,14.31,0.17,2.99
2024-09-07,Mogi das Cruzes,Alto Tiete,-23.5217,-46.186,22.81,34.1,15.3,68.18,13.06,5.23,14.66,0.0,1.21
2024-09-08,Mogi das Cruzes,Alto Tiete,-23.5217,-46.186,25.47,35.22,19.36,52.89,12.21,4.61,13.34,0.01,1.61
2024-09-09,Mogi das Cruzes,Alto Tiete,-23.5217,-46.186,24.5,34.16,17.97,45.27,17.7,7.42,10.15,0.03,1.78
2024-09-10,Mogi das Cruzes,Alto Tiete,-23.5217,-46.186,25.23,34.66,16.4,37.66,18.1,7.71,8.24,0.05,1.62
2024-09-11,Mogi das Cruzes,Alto Tiete,-23.5217,-46.186,26.24,35.87,19.32,33.82,18.0,7.77,7.17,0.02,2.14
2024-09-12,Mogi das Cruzes,Alto Tiete,-23.5217,-46.186,26.45,35.99,19.47,28.58,22.51,9.66,5.21,0.0,2.54
2024-09-13,Mogi das Cruzes,Alto Tiete,-23.5217,-46.186,26.17,35.42,18.67,30.81,20.26,8.63,6.26,0.01,2.05
2024-09-14,Mogi das Cruzes,Alto Tiete,-23.5217,-46.186,25.18,34.77,18.11,45.6,15.76,6.87,10.46,0.2,3.58
2024-09-15,Mogi das Cruzes,Alto Tiete,-23.5217,-46.186,19.38,23.82,17.49,85.02,9.29,4.23,16.58,3.1,3.54
2024-09-16,Mogi das Cruzes,Alto Tiete,-23.5217,-46.186,17.38,19.75,14.86,90.4,4.22,2.16,15.73,4.78,3.09
2024-09-17,Mogi das Cruzes,Alto Tiete,-23.5217,-46.186,16.66,21.81,13.86,80.78,10.99,5.11,12.97,0.99,3.99
2024-09-18,Mogi das Cruzes,Alto Tiete,-23.5217,-46.186,18.1,27.87,13.49,78.75,11.38,5.24,13.8,0.08,2.67
2024-09-19,Mogi das Cruzes,Alto Tiete,-23.5217,-46.186,20.26,28.8,13.95,74.48,12.18,5.42,14.68,1.1,2.1
2024-09-20,Mogi das Cruzes,Alto Tiete,-23.5217,-46.186,24.8,35.84,16.62,65.01,20.43,8.9,15.53,2.54,2.38
2024-09-21,Mogi das Cruzes,Alto Tiete,-23.5217,-46.186,22.62,30.98,17.41,71.61,10.03,4.57,16.15,0.85,1.97
2024-09-22,Mogi das Cruzes,Alto Tiete,-23.5217,-46.186,23.65,33.24,16.88,66.26,19.95,8.75,15.1,0.0,1.79
2024-09-23,Mogi das Cruzes,Alto Tiete,-23.5217,-46.186,24.51,34.62,17.34,56.18,21.84,9.36,12.92,0.0,1.67
2024-09-24,Mogi das Cruzes,Alto Tiete,-23.5217,-46.186,24.88,35.68,17.0,56.27,21.2,9.22,13.29,0.0,1.73
2024-09-25,Mogi das Cruzes,Alto Tiete,-23.5217,-46.186,26.21,36.74,17.88,47.23,22.77,10.0,11.67,0.0,1.64
2024-09-26,Mogi das Cruzes,Alto Tiete,-23.5217,-46.186,27.75,37.27,19.31,37.97,23.03,10.15,10.52,0.01,1.74
2024-09-27,Mogi das Cruzes,Alto Tiete,-23.5217,-46.186,22.5,31.01,15.76,60.76,8.99,4.05,13.75,1.29,3.5
2024-09-28,Mogi das Cruzes,Alto Tiete,-23.5217,-46.186,18.4,25.01,14.76,74.66,16.72,7.63,13.29,0.65,3.51
2024-09-29,Mogi das Cruzes,Alto Tiete,-23.5217,-46.186,21.68,32.42,14.99,68.91,22.98,10.33,14.38,0.05,3.13
2024-09-30,Mogi das Cruzes,Alto Tiete,-23.5217,-46.186,24.34,35.07,16.04,60.13,23.33,10.52,14.06,0.03,1.96
2024-10-01,Mogi das Cruzes,Alto Tiete,-23.5217,-46.186,28.06,37.07,20.02,37.03,21.92,9.79,10.47,0.0,2.18
2024-10-02,Mogi das Cruzes,Alto Tiete,-23.5217,-46.186,28.46,38.2,18.76,37.11,20.23,8.89,10.29,0.46,2.91
2024-10-03,Mogi das Cruzes,Alto Tiete,-23.5217,-46.186,19.92,25.17,16.51,81.45,8.1,3.53,16.33,6.29,4.23
2024-10-04,Mogi das Cruzes,Alto Tiete,-23.5217,-46.186,17.04,20.65,15.06,86.75,5.89,2.87,14.71,4.75,3.81
2024-10-05,Mogi das Cruzes,Alto Tiete,-23.5217,-46.186,19.5,27.97,14.77,75.75,18.15,8.24,14.28,0.47,3.41
2024-10-06,Mogi das Cruzes,Alto Tiete,-23.5217,-46.186,20.21,30.68,13.8,69.27,23.46,10.34,12.99,0.01,2.75
2024-10-07,Mogi das Cruzes,Alto Tiete,-23.5217,-46.186,20.17,29.27,15.03,64.14,23.46,10.29,11.93,0.0,3.26
2024-10-08,Mogi das Cruzes,Alto Tiete,-23.5217,-46.186,22.64,35.59,15.16,63.08,16.22,6.93,13.16,0.04,2.43
2024-10-09,Mogi das Cruzes,Alto Tiete,-23.5217,-46.186,19.76,26.37,15.56,78.99,7.77,3.29,15.61,1.07,3.3
2024-10-10,Mogi das Cruzes,Alto Tiete,-23.5217,-46.186,20.41,25.8,16.72,81.57,9.28,4.16,16.84,6.74,1.95
2024-10-11,Mogi das Cruzes,Alto Tiete,-23.5217,-46.186,25.36,32.96,18.3,66.09,10.4,4.76,17.4,2.2,2.83
2024-10-12,Mogi das Cruzes,Alto Tiete,-23.5217,-46.186,23.09,30.06,17.5,70.14,16.95,7.72,16.56,2.09,3.78
2024-10-13,Mogi das Cruzes,Alto Tiete,-23.5217,-46.186,20.01,27.54,16.44,78.51,21.01,9.56,15.65,1.32,3.47
2024-10-14,Mogi das Cruzes,Alto Tiete,-23.5217,-46.186,20.23,29.06,16.15,75.48,18.07,8.32,15.11,0.48,3.96
2024-10-15,Mogi das Cruzes,Alto Tiete,-23.5217,-46.186,21.77,32.3,16.16,68.16,22.31,10.05,14.47,0.02,2.62
2024-10-16,Mogi das Cruzes,Alto Tiete,-23.5217,-46.186,22.71,30.0,17.49,70.82,18.93,8.67,16.37,2.71,2.13
2024-10-17,Mogi das Cruzes,Alto Tiete,-23.5217,-46.186,22.2,31.54,16.89,72.44,23.53,10.59,16.01,0.11,2.26
2024-10-18,Mogi das Cruzes,Alto Tiete,-23.5217,-46.186,21.95,31.45,16.5,72.14,18.07,8.19,15.57,0.48,2.52
2024-10-19,Mogi das Cruzes,Alto Tiete,-23.5217,-46.186,18.42,22.45,15.74,86.65,5.57,2.84,16.09,10.71,3.25
2024-10-20,Mogi das Cruzes,Alto Tiete,-23.5217,-46.186,17.32,19.79,15.37,90.42,6.55,3.33,15.7,14.5,2.83
2024-10-21,Mogi das Cruzes,Alto Tiete,-23.5217,-46.186,22.09,29.33,17.15,79.17,13.26,6.44,17.73,0.29,2.72
2024-10-22,Mogi das Cruzes,Alto Tiete,-23.5217,-46.186,25.17,32.71,19.2,71.35,19.82,9.2,18.73,1.13,1.25
2024-10-23,Mogi das Cruzes,Alto Tiete,-23.5217,-46.186,24.58,30.71,21.19,76.94,13.81,6.7,19.81,22.05,1.42
2024-10-24,Mogi das Cruzes,Alto Tiete,-23.5217,-46.186,24.59,29.33,21.16,81.03,16.84,7.99,20.81,25.45,3.52
2024-10-25,Mogi das Cruzes,Alto Tiete,-23.5217,-46.186,24.39,28.42,21.48,79.61,15.74,7.45,20.49,1.15,5.12
2024-10-26,Mogi das Cruzes,Alto Tiete,-23.5217,-46.186,23.04,27.86,17.77,82.14,16.06,7.58,19.62,0.78,3.37
2024-10-27,Mogi das Cruzes,Alto Tiete,-23.5217,-46.186,18.59,23.89,15.97,83.2,9.56,4.79,15.48,5.25,3.66
2024-10-28,Mogi das Cruzes,Alto Tiete,-23.5217,-46.186,19.5,24.95,15.87,84.42,10.9,5.41,16.61,2.51,2.71
2024-10-29,Mogi das Cruzes,Alto Tiete,-23.5217,-46.186,20.92,27.27,16.75,82.19,14.14,6.64,17.41,0.14,2.54
2024-10-30,Mogi das Cruzes,Alto Tiete,-23.5217,-46.186,21.19,28.16,16.83,78.11,23.26,10.56,16.62,0.2,3.31
2024-10-31,Mogi das Cruzes,Alto Tiete,-23.5217,-46.186,20.67,27.78,16.21,77.29,24.36,10.99,15.95,0.2,3.13
2024-11-01,Mogi das Cruzes,Alto Tiete,-23.5217,-46.186,22.27,29.52,16.44,73.36,24.05,11.04,16.54,0.02,2.82
2024-11-02,Mogi das Cruzes,Alto Tiete,-23.5217,-46.186,22.95,29.0,19.08,77.35,14.93,7.08,18.27,16.75,1.67
2024-11-03,Mogi das Cruzes,Alto Tiete,-23.5217,-46.186,21.05,23.6,19.35,91.7,7.45,3.88,19.63,25.5,2.06
2024-11-04,Mogi das Cruzes,Alto Tiete,-23.5217,-46.186,21.69,25.16,19.67,89.58,8.07,4.14,19.81,9.2,1.85
2024-11-05,Mogi das Cruzes,Alto Tiete,-23.5217,-46.186,23.16,27.99,18.99,82.27,16.71,7.93,19.69,5.17,1.36
2024-11-06,Mogi das Cruzes,Alto Tiete,-23.5217,-46.186,23.83,29.08,20.34,81.95,13.53,6.65,20.23,15.24,1.57
2024-11-07,Mogi das Cruzes,Alto Tiete,-23.5217,-46.186,22.56,25.82,20.68,88.34,8.72,4.49,20.46,12.68,2.79
2024-11-08,Mogi das Cruzes,Alto Tiete,-23.5217,-46.186,21.5,25.54,17.91,87.79,6.68,3.52,19.31,16.23,3.85
2024-11-09,Mogi das Cruzes,Alto Tiete,-23.5217,-46.186,18.62,22.09,16.17,87.95,12.88,6.2,16.49,5.44,2.81
2024-11-10,Mogi das Cruzes,Alto Tiete,-23.5217,-46.186,18.66,24.04,14.85,82.77,24.71,11.26,15.41,0.17,2.43
2024-11-11,Mogi das Cruzes,Alto Tiete,-23.5217,-46.186,21.58,28.95,14.62,72.42,29.24,13.02,15.67,0.02,1.54
2024-11-12,Mogi das Cruzes,Alto Tiete,-23.5217,-46.186,22.05,29.93,17.41,74.86,22.72,10.32,16.94,0.97,3.59
2024-11-13,Mogi das Cruzes,Alto Tiete,-23.5217,-46.186,17.56,22.28,14.43,85.56,11.21,5.54,14.98,2.96,3.04
2024-11-14,Mogi das Cruzes,Alto Tiete,-23.5217,-46.186,18.65,25.51,13.95,82.82,12.8,6.14,15.39,0.31,2.98
2024-11-15,Mogi das Cruzes,Alto Tiete,-23.5217,-46.186,20.88,27.37,17.0,83.85,16.61,7.89,17.8,2.07,2.94
2024-11-16,Mogi das Cruzes,Alto Tiete,-23.5217,-46.186,21.67,27.24,18.45,83.96,12.35,6.04,18.48,2.21,2.45
2024-11-17,Mogi das Cruzes,Alto Tiete,-23.5217,-46.186,22.29,28.75,17.68,79.02,20.29,9.38,17.88,0.16,1.59
2024-11-18,Mogi das Cruzes,Alto Tiete,-23.5217,-46.186,23.22,30.77,17.07,74.18,27.02,12.18,17.41,0.01,1.67
2024-11-19,Mogi das Cruzes,Alto Tiete,-23.5217,-46.186,22.14,29.23,17.23,78.49,26.89,12.15,17.6,0.48,2.03
2024-11-20,Mogi das Cruzes,Alto Tiete,-23.5217,-46.186,23.89,32.59,17.64,73.85,23.87,11.01,17.79,0.84,1.96
2024-11-21,Mogi das Cruzes,Alto Tiete,-23.5217,-46.186,21.52,27.21,18.37,83.36,14.71,7.07,18.29,3.59,3.81
2024-11-22,Mogi das Cruzes,Alto Tiete,-23.5217,-46.186,20.18,24.44,17.41,83.12,9.92,4.97,17.01,0.93,4.01
2024-11-23,Mogi das Cruzes,Alto Tiete,-23.5217,-46.186,20.03,26.1,16.43,80.48,19.41,9.06,16.22,0.57,4.06
2024-11-24,Mogi das Cruzes,Alto Tiete,-23.5217,-46.186,19.58,25.51,15.72,76.61,21.63,9.96,14.85,0.13,3.5
2024-11-25,Mogi das Cruzes,Alto Tiete,-23.5217,-46.186,21.75,30.56,15.23,70.88,28.5,12.96,15.23,0.0,2.11
2024-11-26,Mogi das Cruzes,Alto Tiete,-23.5217,-46.186,24.57,32.85,16.61,63.47,27.4,12.42,15.84,0.0,2.02
2024-11-27,Mogi das Cruzes,Alto Tiete,-23.5217,-46.186,26.88,33.55,19.66,57.84,26.88,12.34,17.13,0.01,2.11
2024-11-28,Mogi das Cruzes,Alto Tiete,-23.5217,-46.186,27.97,35.54,22.29,60.58,22.87,10.57,18.5,2.56,2.64
2024-11-29,Mogi das Cruzes,Alto Tiete,-23.5217,-46.186,25.21,30.14,22.25,79.09,13.14,6.4,20.88,2.26,2.06
2024-11-30,Mogi das Cruzes,Alto Tiete,-23.5217,-46.186,24.89,31.13,20.74,79.32,17.66,8.29,20.59,0.99,2.56
2024-12-01,Mogi das Cruzes,Alto Tiete,-23.5217,-46.186,25.12,33.34,19.71,72.59,22.65,10.4,18.79,0.1,2.38
2024-12-02,Mogi das Cruzes,Alto Tiete,-23.5217,-46.186,26.16,31.56,21.77,74.62,13.88,6.68,20.77,6.12,3.25
2024-12-03,Mogi das Cruzes,Alto Tiete,-23.5217,-46.186,22.54,26.71,19.29,88.39,5.64,2.97,20.42,32.49,2.96
2024-12-04,Mogi das Cruzes,Alto Tiete,-23.5217,-46.186,19.28,21.57,18.1,89.86,9.32,4.75,17.53,3.0,4.03
2024-12-05,Mogi das Cruzes,Alto Tiete,-23.5217,-46.186,22.36,29.0,18.16,85.07,14.49,7.08,19.5,1.89,1.79
2024-12-06,Mogi das Cruzes,Alto Tiete,-23.5217,-46.186,25.99,32.33,19.91,74.67,25.45,11.92,20.55,0.09,2.43
2024-12-07,Mogi das Cruzes,Alto Tiete,-23.5217,-46.186,25.98,31.64,21.34,72.52,22.99,10.69,20.07,0.18,2.91
2024-12-08,Mogi das Cruzes,Alto Tiete,-23.5217,-46.186,23.18,29.05,20.21,82.32,11.63,5.74,19.67,1.91,1.41
2024-12-09,Mogi das Cruzes,Alto Tiete,-23.5217,-46.186,23.05,27.35,20.12,85.13,13.28,6.47,20.19,4.07,1.97
2024-12-10,Mogi das Cruzes,Alto Tiete,-23.5217,-46.186,21.83,26.67,17.86,88.71,12.88,6.22,19.79,11.27,3.61
2024-12-11,Mogi das Cruzes,Alto Tiete,-23.5217,-46.186,20.36,25.32,17.23,82.22,20.75,9.56,16.92,1.24,3.46
2024-12-12,Mogi das Cruzes,Alto Tiete,-23.5217,-46.186,20.56,26.67,16.33,78.52,25.15,11.55,16.24,0.14,2.76
2024-12-13,Mogi das Cruzes,Alto Tiete,-23.5217,-46.186,21.12,27.15,16.72,79.81,18.64,8.68,17.13,0.13,2.15
2024-12-14,Mogi das Cruzes,Alto Tiete,-23.5217,-46.186,22.32,26.94,18.3,80.89,11.97,5.88,18.64,6.2,3.31
2024-12-15,Mogi das Cruzes,Alto Tiete,-23.5217,-46.186,24.39,29.72,20.12,74.18,20.45,9.66,19.08,3.6,4.5
2024-12-16,Mogi das Cruzes,Alto Tiete,-23.5217,-46.186,24.12,31.12,18.55,70.3,25.16,11.65,17.52,0.26,3.73
2024-12-17,Mogi das Cruzes,Alto Tiete,-23.5217,-46.186,22.01,29.46,16.62,71.58,24.41,11.09,15.65,0.27,2.36
2024-12-18,Mogi das Cruzes,Alto Tiete,-23.5217,-46.186,21.41,28.3,16.53,75.63,23.83,10.93,16.32,0.23,2.55
2024-12-19,Mogi das Cruzes,Alto Tiete,-23.5217,-46.186,23.92,31.57,16.76,70.17,25.79,11.81,17.08,0.22,1.86
2024-12-20,Mogi das Cruzes,Alto Tiete,-23.5217,-46.186,24.87,29.77,20.79,76.26,16.64,7.93,20.0,17.57,3.38
2024-12-21,Mogi das Cruzes,Alto Tiete,-23.5217,-46.186,23.11,26.89,21.04,86.99,15.16,7.34,20.7,7.66,2.77
2024-12-22,Mogi das Cruzes,Alto Tiete,-23.5217,-46.186,23.55,28.66,20.38,83.72,17.75,8.46,20.35,4.3,1.48
2024-12-23,Mogi das Cruzes,Alto Tiete,-23.5217,-46.186,21.85,26.5,18.76,86.04,15.12,7.31,19.24,8.42,3.82
2024-12-24,Mogi das Cruzes,Alto Tiete,-23.5217,-46.186,22.07,28.0,18.32,81.21,21.38,10.01,18.36,0.75,3.4
2024-12-25,Mogi das Cruzes,Alto Tiete,-23.5217,-46.186,24.54,31.75,18.17,75.94,22.76,10.62,19.34,4.75,1.64
2024-12-26,Mogi das Cruzes,Alto Tiete,-23.5217,-46.186,23.33,25.78,21.55,88.67,7.92,4.07,21.3,38.06,1.09
2024-12-27,Mogi das Cruzes,Alto Tiete,-23.5217,-46.186,22.96,27.66,20.5,87.92,10.75,5.42,20.71,15.74,2.41
2024-12-28,Mogi das Cruzes,Alto Tiete,-23.5217,-46.186,23.55,28.91,19.88,83.99,20.45,9.68,20.41,3.47,1.91
2024-12-29,Mogi das Cruzes,Alto Tiete,-23.5217,-46.186,22.59,27.9,18.91,83.57,20.79,9.7,19.4,3.78,2.88
2024-12-30,Mogi das Cruzes,Alto Tiete,-23.5217,-46.186,21.8,26.65,18.22,84.43,21.59,10.13,18.8,2.91,2.5
2024-12-31,Mogi das Cruzes,Alto Tiete,-23.5217,-46.186,22.7,28.7,17.71,80.45,23.15,10.74,18.7,1.77,1.79
2025-01-01,Mogi das Cruzes,Alto Tiete,-23.5217,-46.186,23.22,28.23,18.57,79.72,24.27,11.29,19.07,2.46,1.61
2025-01-02,Mogi das Cruzes,Alto Tiete,-23.5217,-46.186,24.36,29.6,18.84,75.93,27.17,12.55,19.38,2.98,2.07
2025-01-03,Mogi das Cruzes,Alto Tiete,-23.5217,-46.186,24.86,30.19,20.07,76.01,21.36,10.04,19.89,1.32,3.31
2025-01-04,Mogi das Cruzes,Alto Tiete,-23.5217,-46.186,23.78,27.1,20.34,78.88,20.0,9.43,19.66,2.98,2.99
2025-01-05,Mogi das Cruzes,Alto Tiete,-23.5217,-46.186,22.47,28.55,18.02,78.87,21.76,10.07,18.22,8.94,2.51
2025-01-06,Mogi das Cruzes,Alto Tiete,-23.5217,-46.186,22.85,29.28,18.32,78.71,22.07,10.13,18.37,1.0,2.04
2025-01-07,Mogi das Cruzes,Alto Tiete,-23.5217,-46.186,22.53,27.72,19.21,82.74,17.78,8.4,19.12,2.55,1.86
2025-01-08,Mogi das Cruzes,Alto Tiete,-23.5217,-46.186,22.46,28.12,18.98,83.35,18.75,8.84,19.14,4.25,2.82
2025-01-09,Mogi das Cruzes,Alto Tiete,-23.5217,-46.186,20.94,26.31,17.79,85.13,16.17,7.8,18.13,3.9,2.87
2025-01-10,Mogi das Cruzes,Alto Tiete,-23.5217,-46.186,20.61,26.3,16.89,80.54,21.77,10.13,16.8,0.31,2.5
2025-01-11,Mogi das Cruzes,Alto Tiete,-23.5217,-46.186,21.05,27.82,15.93,74.34,23.99,11.03,15.78,0.14,2.28
2025-01-12,Mogi das Cruzes,Alto Tiete,-23.5217,-46.186,20.23,25.27,17.15,81.29,15.06,7.26,16.71,0.55,3.22
2025-01-13,Mogi das Cruzes,Alto Tiete,-23.5217,-46.186,19.81,25.36,16.18,78.02,19.69,9.25,15.52,0.06,2.81
2025-01-14,Mogi das Cruzes,Alto Tiete,-23.5217,-46.186,20.22,26.47,15.62,79.33,15.49,7.32,16.2,0.31,2.75
2025-01-15,Mogi das Cruzes,Alto Tiete,-23.5217,-46.186,22.26,29.55,17.24,79.09,22.37,10.44,18.02,0.26,3.14
2025-01-16,Mogi das Cruzes,Alto Tiete,-23.5217,-46.186,23.91,30.61,19.79,82.39,17.02,8.3,20.31,11.28,2.69
2025-01-17,Mogi das Cruzes,Alto Tiete,-23.5217,-46.186,24.68,29.28,20.49,80.82,13.62,6.75,20.83,3.95,1.34
2025-01-18,Mogi das Cruzes,Alto Tiete,-23.5217,-46.186,25.2,29.17,22.03,78.58,21.93,10.37,20.94,3.52,2.23
2025-01-19,Mogi das Cruzes,Alto Tiete,-23.5217,-46.186,25.81,30.03,21.75,78.07,21.13,9.96,21.41,4.87,1.36
2025-01-20,Mogi das Cruzes,Alto Tiete,-23.5217,-46.186,25.65,30.56,21.64,75.4,25.72,12.04,20.57,0.46,3.42
2025-01-21,Mogi das Cruzes,Alto Tiete,-23.5217,-46.186,26.72,32.19,21.64,68.24,22.98,10.79,19.83,0.83,3.29
2025-01-22,Mogi das Cruzes,Alto Tiete,-23.5217,-46.186,25.9,32.0,21.72,74.37,23.82,11.19,20.42,5.37,1.57
2025-01-23,Mogi das Cruzes,Alto Tiete,-23.5217,-46.186,24.63,30.01,21.11,77.67,21.68,10.19,20.02,0.7,1.2
2025-01-24,Mogi das Cruzes,Alto Tiete,-23.5217,-46.186,25.25,32.07,20.66,75.64,18.24,8.58,19.93,3.58,1.48
2025-01-25,Mogi das Cruzes,Alto Tiete,-23.5217,-46.186,26.04,32.99,20.48,73.76,24.84,11.67,20.18,3.65,1.88
2025-01-26,Mogi das Cruzes,Alto Tiete,-23.5217,-46.186,24.08,29.31,21.07,82.5,15.93,7.65,20.59,10.36,2.21
2025-01-27,Mogi das Cruzes,Alto Tiete,-23.5217,-46.186,22.92,28.79,19.93,84.83,13.86,6.75,19.97,5.94,1.78
2025-01-28,Mogi das Cruzes,Alto Tiete,-23.5217,-46.186,23.51,29.25,20.15,82.09,15.56,7.5,19.97,4.59,1.33
2025-01-29,Mogi das Cruzes,Alto Tiete,-23.5217,-46.186,22.95,26.81,20.48,86.44,10.07,4.97,20.4,10.42,1.47
2025-01-30,Mogi das Cruzes,Alto Tiete,-23.5217,-46.186,22.85,26.96,20.41,88.83,9.57,4.85,20.83,27.26,1.39
2025-01-31,Mogi das Cruzes,Alto Tiete,-23.5217,-46.186,23.3,27.04,20.78,87.8,13.44,6.57,21.06,14.15,1.54
2025-02-01,Mogi das Cruzes,Alto Tiete,-23.5217,-46.186,22.59,25.22,20.06,86.95,13.37,6.51,20.22,13.24,2.31
2025-02-02,Mogi das Cruzes,Alto Tiete,-23.5217,-46.186,23.49,28.13,20.43,86.28,13.79,6.72,20.86,12.11,1.54
2025-02-03,Mogi das Cruzes,Alto Tiete,-23.5217,-46.186,23.44,26.99,20.89,85.99,13.25,6.54,20.8,10.48,2.38
2025-02-04,Mogi das Cruzes,Alto Tiete,-23.5217,-46.186,24.19,29.17,19.84,81.38,14.69,7.05,20.51,5.52,1.92
2025-02-05,Mogi das Cruzes,Alto Tiete,-23.5217,-46.186,24.53,29.05,21.15,82.59,19.11,9.01,21.1,1.97,1.08
2025-02-06,Mogi das Cruzes,Alto Tiete,-23.5217,-46.186,25.48,30.29,20.85,75.29,25.01,11.61,20.37,1.93,1.23
2025-02-07,Mogi das Cruzes,Alto Tiete,-23.5217,-46.186,24.65,30.12,20.69,78.42,21.42,9.96,20.31,1.7,1.57
2025-02-08,Mogi das Cruzes,Alto Tiete,-23.5217,-46.186,23.67,28.46,20.33,83.09,23.92,11.09,20.32,0.79,2.44
2025-02-09,Mogi das Cruzes,Alto Tiete,-23.5217,-46.186,23.15,29.21,18.39,78.26,24.68,11.35,18.64,0.06,1.76
2025-02-10,Mogi das Cruzes,Alto Tiete,-23.5217,-46.186,24.3,30.06,19.64,80.18,20.4,9.55,20.21,2.21,1.27
2025-02-11,Mogi das Cruzes,Alto Tiete,-23.5217,-46.186,24.97,31.19,20.4,74.66,24.63,11.37,19.5,2.27,1.18
2025-02-12,Mogi das Cruzes,Alto Tiete,-23.5217,-46.186,25.56,31.67,19.33,69.53,24.46,11.28,18.93,1.13,1.33
2025-02-13,Mogi das Cruzes,Alto Tiete,-23.5217,-46.186,23.86,27.36,21.48,81.95,16.7,7.95,20.46,4.71,1.79
2025-02-14,Mogi das Cruzes,Alto Tiete,-23.5217,-46.186,22.63,25.73,20.14,86.68,17.01,8.17,20.2,3.91,1.22
2025-02-15,Mogi das Cruzes,Alto Tiete,-23.5217,-46.186,24.62,30.36,19.95,79.86,23.23,10.85,20.48,0.83,1.51
2025-02-16,Mogi das Cruzes,Alto Tiete,-23.5217,-46.186,26.57,31.99,21.52,72.02,25.75,12.04,20.57,0.11,1.7
2025-02-17,Mogi das Cruzes,Alto Tiete,-23.5217,-46.186,27.26,34.04,20.35,56.77,28.67,13.0,17.25,0.0,2.21
2025-02-18,Mogi das Cruzes,Alto Tiete,-23.5217,-46.186,25.73,31.69,21.46,73.12,21.64,10.02,20.05,4.6,2.62
2025-02-19,Mogi das Cruzes,Alto Tiete,-23.5217,-46.186,25.76,32.31,21.65,78.46,23.7,11.08,21.12,11.02,1.55
2025-02-20,Mogi das Cruzes,Alto Tiete,-23.5217,-46.186,25.57,31.15,21.61,77.41,20.36,9.54,20.85,1.21,1.66
2025-02-21,Mogi das Cruzes,Alto Tiete,-23.5217,-46.186,24.1,28.98,21.33,84.72,18.42,8.77,21.16,3.88,1.85
2025-02-22,Mogi das Cruzes,Alto Tiete,-23.5217,-46.186,23.85,28.73,20.74,83.3,20.55,9.66,20.6,1.97,2.39
2025-02-23,Mogi das Cruzes,Alto Tiete,-23.5217,-46.186,24.37,30.62,20.33,76.62,21.39,9.95,19.38,0.92,1.99
2025-02-24,Mogi das Cruzes,Alto Tiete,-23.5217,-46.186,24.95,31.64,19.96,73.35,23.83,11.05,18.99,0.34,2.06
2025-02-25,Mogi das Cruzes,Alto Tiete,-23.5217,-46.186,25.27,32.32,19.59,71.19,25.41,11.74,18.7,0.01,1.92
2025-02-26,Mogi das Cruzes,Alto Tiete,-23.5217,-46.186,25.38,33.41,19.51,71.52,26.29,12.06,18.73,0.01,1.76
2025-02-27,Mogi das Cruzes,Alto Tiete,-23.5217,-46.186,24.92,32.71,18.4,71.29,23.36,10.68,18.3,3.43,1.78
2025-02-28,Mogi das Cruzes,Alto Tiete,-23.5217,-46.186,24.8,32.74,19.55,72.54,23.78,10.93,18.6,0.21,1.82
2025-03-01,Mogi das Cruzes,Alto Tiete,-23.5217,-46.186,25.33,33.7,18.84,69.28,25.26,11.58,18.01,0.0,1.99
2025-03-02,Mogi das Cruzes,Alto Tiete,-23.5217,-46.186,25.53,33.52,19.61,66.85,24.74,11.32,17.65,0.17,1.95
2025-03-03,Mogi das Cruzes,Alto Tiete,-23.5217,-46.186,24.45,33.05,17.74,69.89,24.46,11.19,17.41,0.1,2.43
2025-03-04,Mogi das Cruzes,Alto Tiete,-23.5217,-46.186,24.92,32.58,19.61,69.48,24.48,11.28,17.79,0.18,2.94
2025-03-05,Mogi das Cruzes,Alto Tiete,-23.5217,-46.186,24.67,32.19,19.5,70.36,21.85,10.11,18.01,0.05,2.61
2025-03-06,Mogi das Cruzes,Alto Tiete,-23.5217,-46.186,23.81,31.49,17.78,70.89,25.7,11.78,17.12,0.0,3.17
2025-03-07,Mogi das Cruzes,Alto Tiete,-23.5217,-46.186,24.23,31.83,19.11,71.6,25.59,11.68,17.74,0.02,3.33
2025-03-08,Mogi das Cruzes,Alto Tiete,-23.5217,-46.186,24.25,31.89,18.74,72.8,21.64,9.95,18.06,0.14,2.22
2025-03-09,Mogi das Cruzes,Alto Tiete,-23.5217,-46.186,25.18,34.14,18.51,65.72,25.08,11.41,16.6,0.17,1.87
2025-03-10,Mogi das Cruzes,Alto Tiete,-23.5217,-46.186,23.18,30.42,18.42,75.12,20.54,9.56,17.9,0.63,2.09
2025-03-11,Mogi das Cruzes,Alto Tiete,-23.5217,-46.186,23.65,30.41,19.54,77.45,17.09,8.07,18.77,1.77,1.41
2025-03-12,Mogi das Cruzes,Alto Tiete,-23.5217,-46.186,24.52,31.72,19.8,76.52,19.66,9.18,19.27,4.36,1.94
2025-03-13,Mogi das Cruzes,Alto Tiete,-23.5217,-46.186,24.68,31.94,20.28,75.85,16.05,7.58,19.29,3.53,1.69
2025-03-14,Mogi das Cruzes,Alto Tiete,-23.5217,-46.186,23.79,30.59,20.38,79.97,14.91,7.13,19.58,1.66,1.69
2025-03-15,Mogi das Cruzes,Alto Tiete,-23.5217,-46.186,23.22,29.95,19.7,81.44,16.85,7.99,19.42,1.72,2.37
2025-03-16,Mogi das Cruzes,Alto Tiete,-23.5217,-46.186,22.21,28.49,19.25,83.58,9.36,4.63,18.98,5.71,3.05
2025-03-17,Mogi das Cruzes,Alto Tiete,-23.5217,-46.186,23.05,30.14,18.89,81.21,14.06,6.58,19.12,3.72,2.24
2025-03-18,Mogi das Cruzes,Alto Tiete,-23.5217,-46.186,23.51,30.56,19.06,80.27,16.97,7.96,19.3,9.53,1.68
2025-03-19,Mogi das Cruzes,Alto Tiete,-23.5217,-46.186,21.58,26.53,18.79,88.0,13.6,6.57,19.35,21.37,2.57
2025-03-20,Mogi das Cruzes,Alto Tiete,-23.5217,-46.186,20.35,25.24,17.16,82.17,20.64,9.42,16.91,1.39,2.7
2025-03-21,Mogi das Cruzes,Alto Tiete,-23.5217,-46.186,20.72,27.67,16.49,82.43,19.02,8.77,17.25,0.67,2.37
2025-03-22,Mogi das Cruzes,Alto Tiete,-23.5217,-46.186,23.0,30.63,17.42,77.46,21.5,9.85,17.98,0.22,1.71
2025-03-23,Mogi das Cruzes,Alto Tiete,-23.5217,-46.186,22.92,28.5,18.84,81.92,9.78,4.79,19.29,3.56,1.54
2025-03-24,Mogi das Cruzes,Alto Tiete,-23.5217,-46.186,23.12,29.36,19.05,81.48,19.26,8.98,19.32,5.33,1.16
2025-03-25,Mogi das Cruzes,Alto Tiete,-23.5217,-46.186,23.68,30.36,19.9,79.6,19.26,8.91,19.38,2.5,1.54
2025-03-26,Mogi das Cruzes,Alto Tiete,-23.5217,-46.186,21.56,26.03,18.54,85.6,11.79,5.7,18.81,2.2,2.02
2025-03-27,Mogi das Cruzes,Alto Tiete,-23.5217,-46.186,22.28,28.09,18.23,82.07,21.05,9.73,18.68,0.83,2.36
2025-03-28,Mogi das Cruzes,Alto Tiete,-23.5217,-46.186,23.55,30.61,18.73,77.74,18.61,8.67,18.74,3.71,1.64
2025-03-29,Mogi das Cruzes,Alto Tiete,-23.5217,-46.186,23.98,31.12,19.73,77.47,17.85,8.27,19.02,0.57,1.47
2025-03-30,Mogi das Cruzes,Alto Tiete,-23.5217,-46.186,23.66,30.46,19.8,78.37,17.17,8.0,19.03,0.49,1.87
2025-03-31,Mogi das Cruzes,Alto Tiete,-23.5217,-46.186,24.5,30.99,20.05,77.86,12.21,5.86,19.74,5.7,0.93
2025-04-01,Mogi das Cruzes,Alto Tiete,-23.5217,-46.186,24.05,30.8,19.27,77.53,17.94,8.38,19.22,1.55,1.72
2025-04-02,Mogi das Cruzes,Alto Tiete,-23.5217,-46.186,25.49,31.49,20.52,74.84,18.19,8.54,20.07,0.78,1.22
2025-04-03,Mogi das Cruzes,Alto Tiete,-23.5217,-46.186,25.38,31.76,21.21,71.43,14.54,6.93,19.16,1.91,2.3
2025-04-04,Mogi das Cruzes,Alto Tiete,-23.5217,-46.186,22.73,29.26,18.63,84.15,12.1,5.82,19.6,20.91,2.89
2025-04-05,Mogi das Cruzes,Alto Tiete,-23.5217,-46.186,18.12,20.84,16.41,86.35,9.24,4.53,15.72,2.92,4.82
2025-04-06,Mogi das Cruzes,Alto Tiete,-23.5217,-46.186,18.3,21.66,15.89,81.85,12.04,5.76,14.99,0.07,3.62
2025-04-07,Mogi das Cruzes,Alto Tiete,-23.5217,-46.186,18.99,24.53,15.49,78.42,15.57,7.27,14.78,0.01,3.09
2025-04-08,Mogi das Cruzes,Alto Tiete,-23.5217,-46.186,20.88,28.81,14.72,77.3,18.62,8.59,16.06,0.06,1.4
2025-04-09,Mogi das Cruzes,Alto Tiete,-23.5217,-46.186,22.81,30.21,17.52,74.89,17.05,7.93,17.45,1.59,2.18
2025-04-10,Mogi das Cruzes,Alto Tiete,-23.5217,-46.186,21.76,27.88,18.32,83.7,11.36,5.49,18.56,6.32,1.79
2025-04-11,Mogi das Cruzes,Alto Tiete,-23.5217,-46.186,21.15,26.63,18.06,82.63,17.22,8.03,17.75,1.33,1.73
2025-04-12,Mogi das Cruzes,Alto Tiete,-23.5217,-46.186,21.14,27.21,17.15,80.75,18.5,8.48,17.2,0.2,2.09
2025-04-13,Mogi das Cruzes,Alto Tiete,-23.5217,-46.186,22.57,29.45,17.89,76.08,16.26,7.53,17.36,3.78,1.6
2025-04-14,Mogi das Cruzes,Alto Tiete,-23.5217,-46.186,20.4,24.81,17.62,87.39,10.63,5.11,18.05,8.29,2.45
2025-04-15,Mogi das Cruzes,Alto Tiete,-23.5217,-46.186,20.48,26.22,16.91,84.88,16.45,7.58,17.54,1.02,1.92
2025-04-16,Mogi das Cruzes,Alto Tiete,-23.5217,-46.186,20.7,25.68,18.12,84.97,11.29,5.41,17.86,0.41,1.15
2025-04-17,Mogi das Cruzes,Alto Tiete,-23.5217,-46.186,21.48,27.17,17.92,84.08,15.09,6.99,18.28,1.41,1.64
2025-04-18,Mogi das Cruzes,Alto Tiete,-23.5217,-46.186,22.61,29.22,18.33,81.21,13.2,6.17,18.65,2.45,1.24
2025-04-19,Mogi das Cruzes,Alto Tiete,-23.5217,-46.186,22.12,27.33,18.95,82.27,13.53,6.39,18.66,6.36,1.51
2025-04-20,Mogi das Cruzes,Alto Tiete,-23.5217,-46.186,20.45,24.06,17.67,89.55,9.9,4.73,18.54,11.93,2.94
2025-04-21,Mogi das Cruzes,Alto Tiete,-23.5217,-46.186,18.67,23.3,15.73,87.2,10.36,4.87,16.37,1.35,2.57
2025-04-22,Mogi das Cruzes,Alto Tiete,-23.5217,-46.186,17.89,23.13,14.96,85.22,11.78,5.46,15.16,0.95,2.17
2025-04-23,Mogi das Cruzes,Alto Tiete,-23.5217,-46.186,19.63,25.87,15.72,85.41,13.88,6.41,16.77,0.74,1.85
2025-04-24,Mogi das Cruzes,Alto Tiete,-23.5217,-46.186,20.02,24.62,16.8,87.87,11.1,5.27,17.74,1.83,1.59
2025-04-25,Mogi das Cruzes,Alto Tiete,-23.5217,-46.186,18.79,21.53,17.28,93.79,6.15,3.08,17.76,10.16,1.37
2025-04-26,Mogi das Cruzes,Alto Tiete,-23.5217,-46.186,20.84,27.11,16.86,85.19,12.87,6.0,17.92,0.25,1.36
2025-04-27,Mogi das Cruzes,Alto Tiete,-23.5217,-46.186,21.58,27.44,17.46,83.35,12.85,5.96,18.22,0.06,1.13
2025-04-28,Mogi das Cruzes,Alto Tiete,-23.5217,-46.186,20.62,24.94,17.34,86.28,9.59,4.58,18.05,1.25,2.45
2025-04-29,Mogi das Cruzes,Alto Tiete,-23.5217,-46.186,17.91,22.49,15.16,84.48,10.86,4.99,15.05,0.35,2.12
2025-04-30,Mogi das Cruzes,Alto Tiete,-23.5217,-46.186,17.42,23.13,14.09,80.6,16.57,7.45,13.64,0.09,2.16
2025-05-01,Mogi das Cruzes,Alto Tiete,-23.5217,-46.186,17.82,24.37,13.91,82.87,15.77,7.13,14.48,0.0,2.27
2025-05-02,Mogi das Cruzes,Alto Tiete,-23.5217,-46.186,18.89,25.91,14.16,79.87,17.82,7.97,14.67,0.0,2.2
2025-05-03,Mogi das Cruzes,Alto Tiete,-23.5217,-46.186,19.37,27.11,13.72,77.0,15.29,6.87,14.29,0.0,1.66
2025-05-04,Mogi das Cruzes,Alto Tiete,-23.5217,-46.186,19.16,25.62,14.88,81.04,15.02,6.77,15.28,0.0,2.05
2025-05-05,Mogi das Cruzes,Alto Tiete,-23.5217,-46.186,19.59,25.67,15.46,79.87,17.02,7.64,15.37,0.01,1.74
2025-05-06,Mogi das Cruzes,Alto Tiete,-23.5217,-46.186,20.0,27.0,15.33,75.31,14.78,6.7,14.56,0.01,1.49
2025-05-07,Mogi das Cruzes,Alto Tiete,-23.5217,-46.186,20.56,28.32,15.38,76.7,14.79,6.73,15.23,0.02,1.22
2025-05-08,Mogi das Cruzes,Alto Tiete,-23.5217,-46.186,22.09,30.21,15.3,69.33,16.72,7.63,15.17,0.0,1.3
2025-05-09,Mogi das Cruzes,Alto Tiete,-23.5217,-46.186,23.38,31.15,17.85,61.17,16.97,7.74,14.74,0.03,2.99
2025-05-10,Mogi das Cruzes,Alto Tiete,-23.5217,-46.186,21.81,28.96,17.25,71.47,8.74,4.17,15.86,2.98,3.42
2025-05-11,Mogi das Cruzes,Alto Tiete,-23.5217,-46.186,17.13,20.37,15.25,86.29,5.2,2.59,14.69,1.67,3.21
2025-05-12,Mogi das Cruzes,Alto Tiete,-23.5217,-46.186,17.82,22.42,15.31,86.07,10.12,4.73,15.24,0.95,2.91
2025-05-13,Mogi das Cruzes,Alto Tiete,-23.5217,-46.186,18.48,24.29,15.27,84.7,13.42,6.2,15.51,0.6,2.58
2025-05-14,Mogi das Cruzes,Alto Tiete,-23.5217,-46.186,17.85,23.66,14.1,82.25,15.32,6.93,14.34,0.15,2.66
2025-05-15,Mogi das Cruzes,Alto Tiete,-23.5217,-46.186,18.17,25.6,13.27,79.27,16.3,7.33,13.76,0.03,2.19
2025-05-16,Mogi das Cruzes,Alto Tiete,-23.5217,-46.186,18.92,26.9,12.84,77.1,16.27,7.3,13.92,0.02,1.39
2025-05-17,Mogi das Cruzes,Alto Tiete,-23.5217,-46.186,19.77,28.12,13.69,73.91,16.24,7.3,13.85,0.04,1.26
2025-05-18,Mogi das Cruzes,Alto Tiete,-23.5217,-46.186,21.05,28.86,14.38,65.61,15.77,7.1,13.32,0.01,1.27
2025-05-19,Mogi das Cruzes,Alto Tiete,-23.5217,-46.186,21.05,29.5,15.84,65.78,15.77,7.03,13.23,0.0,1.82
2025-05-20,Mogi das Cruzes,Alto Tiete,-23.5217,-46.186,21.61,29.19,14.42,58.63,16.64,7.52,12.26,0.06,1.32
2025-05-21,Mogi das Cruzes,Alto Tiete,-23.5217,-46.186,20.82,28.18,15.48,72.54,13.53,6.16,14.98,0.51,1.3
2025-05-22,Mogi das Cruzes,Alto Tiete,-23.5217,-46.186,20.33,26.55,17.02,81.45,10.91,5.02,16.46,1.69,1.46
2025-05-23,Mogi das Cruzes,Alto Tiete,-23.5217,-46.186,18.14,22.7,15.88,89.26,9.03,4.29,16.19,3.13,2.63
2025-05-24,Mogi das Cruzes,Alto Tiete,-23.5217,-46.186,18.05,24.02,15.11,84.1,9.13,4.29,14.97,0.4,2.67
2025-05-25,Mogi das Cruzes,Alto Tiete,-23.5217,-46.186,19.17,27.73,13.45,76.52,15.6,7.06,13.86,0.02,1.52
2025-05-26,Mogi das Cruzes,Alto Tiete,-23.5217,-46.186,19.98,28.16,13.45,70.45,13.28,6.04,13.39,0.0,1.2
2025-05-27,Mogi das Cruzes,Alto Tiete,-23.5217,-46.186,20.85,28.03,15.31,66.98,13.18,5.95,13.87,0.05,2.41
2025-05-28,Mogi das Cruzes,Alto Tiete,-23.5217,-46.186,21.76,28.85,16.71,59.67,10.09,4.63,12.74,0.01,4.48
2025-05-29,Mogi das Cruzes,Alto Tiete,-23.5217,-46.186,16.27,21.45,10.76,70.18,12.73,5.77,10.39,0.48,3.47
2025-05-30,Mogi das Cruzes,Alto Tiete,-23.5217,-46.186,14.67,22.49,9.39,70.21,15.18,6.71,8.6,0.03,1.3
2025-05-31,Mogi das Cruzes,Alto Tiete,-23.5217,-46.186,17.13,26.06,11.56,74.8,13.05,5.8,11.37,0.04,1.17
2025-06-01,Mogi das Cruzes,Alto Tiete,-23.5217,-46.186,17.87,26.18,12.39,72.44,13.74,6.18,11.92,0.16,1.98
2025-06-02,Mogi das Cruzes,Alto Tiete,-23.5217,-46.186,18.38,25.84,14.41,81.17,12.96,5.89,14.34,1.2,1.96
2025-06-03,Mogi das Cruzes,Alto Tiete,-23.5217,-46.186,18.05,25.38,12.63,80.73,7.64,3.64,14.27,1.1,1.72
2025-06-04,Mogi das Cruzes,Alto Tiete,-23.5217,-46.186,20.62,28.49,14.46,67.64,14.9,6.78,13.63,0.05,2.43
2025-06-05,Mogi das Cruzes,Alto Tiete,-23.5217,-46.186,21.07,28.51,16.36,66.23,7.98,3.75,13.67,3.33,2.91
2025-06-06,Mogi das Cruzes,Alto Tiete,-23.5217,-46.186,18.07,22.79,15.69,84.97,5.4,2.58,15.38,2.66,2.55
2025-06-07,Mogi das Cruzes,Alto Tiete,-23.5217,-46.186,18.71,25.21,15.28,83.33,9.81,4.56,15.41,0.56,1.47
2025-06-08,Mogi das Cruzes,Alto Tiete,-23.5217,-46.186,19.34,26.24,13.87,76.97,5.99,2.89,14.26,1.79,2.06
2025-06-09,Mogi das Cruzes,Alto Tiete,-23.5217,-46.186,16.19,18.63,14.02,92.23,4.2,2.1,14.9,7.34,1.59
2025-06-10,Mogi das Cruzes,Alto Tiete,-23.5217,-46.186,15.35,19.5,13.19,87.63,9.01,4.11,13.09,4.15,1.94
2025-06-11,Mogi das Cruzes,Alto Tiete,-23.5217,-46.186,13.78,17.83,11.42,84.16,9.41,4.3,10.98,0.87,2.78
2025-06-12,Mogi das Cruzes,Alto Tiete,-23.5217,-46.186,12.84,16.86,9.52,77.66,10.46,4.66,8.68,0.08,2.81
2025-06-13,Mogi das Cruzes,Alto Tiete,-23.5217,-46.186,13.67,21.4,8.52,77.03,15.2,6.64,8.96,0.0,2.65
2025-06-14,Mogi das Cruzes,Alto Tiete,-23.5217,-46.186,14.74,23.2,7.7,70.74,11.54,5.12,8.36,0.0,1.86
2025-06-15,Mogi das Cruzes,Alto Tiete,-23.5217,-46.186,16.95,25.39,11.37,67.53,6.98,3.26,10.28,0.01,3.34
2025-06-16,Mogi das Cruzes,Alto Tiete,-23.5217,-46.186,17.71,26.23,11.92,76.61,14.22,6.44,12.74,0.02,1.64
2025-06-17,Mogi das Cruzes,Alto Tiete,-23.5217,-46.186,18.17,27.23,11.27,64.51,16.01,7.0,9.72,0.0,1.36
2025-06-18,Mogi das Cruzes,Alto Tiete,-23.5217,-46.186,18.45,26.24,12.02,63.7,15.05,6.59,10.57,0.05,1.94
2025-06-19,Mogi das Cruzes,Alto Tiete,-23.5217,-46.186,19.08,26.57,13.29,68.3,14.01,6.26,12.34,1.71,1.69
2025-06-20,Mogi das Cruzes,Alto Tiete,-23.5217,-46.186,19.25,27.2,12.76,63.85,14.27,6.36,11.36,0.01,2.28
2025-06-21,Mogi das Cruzes,Alto Tiete,-23.5217,-46.186,18.84,23.68,15.07,72.3,8.68,4.05,13.53,0.39,2.06
2025-06-22,Mogi das Cruzes,Alto Tiete,-23.5217,-46.186,19.62,25.46,15.86,71.85,7.2,3.43,13.94,0.98,1.38
2025-06-23,Mogi das Cruzes,Alto Tiete,-23.5217,-46.186,20.72,28.2,16.66,63.11,4.75,2.26,12.82,0.94,4.95
2025-06-24,Mogi das Cruzes,Alto Tiete,-23.5217,-46.186,14.0,18.44,7.77,66.85,13.22,5.8,6.65,2.03,2.81
2025-06-25,Mogi das Cruzes,Alto Tiete,-23.5217,-46.186,12.62,22.79,4.56,60.52,16.32,6.92,3.96,0.0,1.62
2025-06-26,Mogi das Cruzes,Alto Tiete,-23.5217,-46.186,18.56,28.3,9.86,66.7,14.85,6.64,11.43,0.1,3.0
2025-06-27,Mogi das Cruzes,Alto Tiete,-23.5217,-46.186,18.43,25.2,14.49,79.78,7.04,3.36,14.56,1.18,2.79
2025-06-28,Mogi das Cruzes,Alto Tiete,-23.5217,-46.186,20.47,29.23,14.84,74.26,12.37,5.7,14.77,0.09,1.43
2025-06-29,Mogi das Cruzes,Alto Tiete,-23.5217,-46.186,20.94,28.19,15.72,63.31,14.29,6.44,13.04,0.0,3.82
2025-06-30,Mogi das Cruzes,Alto Tiete,-23.5217,-46.186,18.87,26.25,14.52,78.61,8.65,3.98,14.41,0.1,1.82
2025-07-01,Mogi das Cruzes,Alto Tiete,-23.5217,-46.186,14.91,19.34,12.52,86.52,4.75,2.35,12.56,0.18,3.04
2025-07-02,Mogi das Cruzes,Alto Tiete,-23.5217,-46.186,12.38,15.23,10.97,86.64,4.89,2.4,10.18,0.19,3.08
2025-07-03,Mogi das Cruzes,Alto Tiete,-23.5217,-46.186,12.94,16.7,10.99,86.37,3.52,1.78,10.6,0.57,2.3
2025-07-04,Mogi das Cruzes,Alto Tiete,-23.5217,-46.186,14.51,20.15,11.57,84.26,10.64,4.85,11.47,0.3,2.22
2025-07-05,Mogi das Cruzes,Alto Tiete,-23.5217,-46.186,15.46,23.34,10.85,79.07,13.91,6.13,10.99,0.0,1.33
2025-07-06,Mogi das Cruzes,Alto Tiete,-23.5217,-46.186,14.52,20.74,10.25,81.4,11.57,5.09,10.83,0.01,1.84
2025-07-07,Mogi das Cruzes,Alto Tiete,-23.5217,-46.186,15.01,22.58,10.95,78.92,14.01,6.13,10.57,0.0,1.59
2025-07-08,Mogi das Cruzes,Alto Tiete,-23.5217,-46.186,15.66,24.36,9.09,75.73,14.68,6.45,10.3,0.0,1.7
2025-07-09,Mogi das Cruzes,Alto Tiete,-23.5217,-46.186,14.61,20.6,10.88,79.69,12.26,5.48,10.62,0.01,2.01
2025-07-10,Mogi das Cruzes,Alto Tiete,-23.5217,-46.186,16.18,23.47,12.39,77.95,11.99,5.37,11.49,0.0,2.26
2025-07-11,Mogi das Cruzes,Alto Tiete,-23.5217,-46.186,16.84,24.97,11.54,77.75,11.14,5.0,11.95,0.0,1.37
2025-07-12,Mogi das Cruzes,Alto Tiete,-23.5217,-46.186,17.06,24.13,12.71,76.06,10.84,4.92,11.97,0.0,2.19
2025-07-13,Mogi das Cruzes,Alto Tiete,-23.5217,-46.186,15.98,22.94,11.97,77.32,14.02,6.34,11.16,0.0,2.3
2025-07-14,Mogi das Cruzes,Alto Tiete,-23.5217,-46.186,15.9,23.3,11.05,76.87,15.02,6.66,10.73,0.01,1.66
2025-07-15,Mogi das Cruzes,Alto Tiete,-23.5217,-46.186,15.58,24.02,9.74,69.57,16.58,7.23,8.38,0.01,1.52
2025-07-16,Mogi das Cruzes,Alto Tiete,-23.5217,-46.186,15.86,25.32,9.96,64.98,17.05,7.38,7.06,0.01,1.57
2025-07-17,Mogi das Cruzes,Alto Tiete,-23.5217,-46.186,17.4,26.52,10.15,55.3,15.7,6.86,6.83,0.0,2.19
2025-07-18,Mogi das Cruzes,Alto Tiete,-23.5217,-46.186,17.52,26.12,12.06,59.42,12.13,5.5,8.81,0.0,2.82
2025-07-19,Mogi das Cruzes,Alto Tiete,-23.5217,-46.186,14.63,22.06,9.17,77.22,15.84,6.93,9.86,0.0,1.72
2025-07-20,Mogi das Cruzes,Alto Tiete,-23.5217,-46.186,16.0,24.63,10.67,74.8,12.64,5.61,10.45,0.01,1.91
2025-07-21,Mogi das Cruzes,Alto Tiete,-23.5217,-46.186,17.78,27.35,11.61,74.71,14.88,6.63,11.92,0.0,1.44
2025-07-22,Mogi das Cruzes,Alto Tiete,-23.5217,-46.186,18.73,28.01,12.55,67.09,15.38,6.75,10.83,0.0,1.66
2025-07-23,Mogi das Cruzes,Alto Tiete,-23.5217,-46.186,16.57,23.43,12.56,70.85,16.56,7.27,10.18,0.0,2.05
2025-07-24,Mogi das Cruzes,Alto Tiete,-23.5217,-46.186,16.03,21.74,12.78,82.89,11.29,5.08,12.71,0.18,2.3
2025-07-25,Mogi das Cruzes,Alto Tiete,-23.5217,-46.186,17.02,23.47,13.47,84.25,4.58,2.28,13.83,4.95,1.61
2025-07-26,Mogi das Cruzes,Alto Tiete,-23.5217,-46.186,17.54,26.77,11.75,75.49,15.66,6.96,11.82,0.56,1.13
2025-07-27,Mogi das Cruzes,Alto Tiete,-23.5217,-46.186,19.96,29.07,12.11,53.08,16.92,7.5,8.7,0.0,2.26
2025-07-28,Mogi das Cruzes,Alto Tiete,-23.5217,-46.186,20.78,26.17,15.3,60.12,10.48,4.83,12.37,3.98,6.21
2025-07-29,Mogi das Cruzes,Alto Tiete,-23.5217,-46.186,13.78,19.62,7.88,68.61,18.46,8.0,6.88,0.22,2.95
2025-07-30,Mogi das Cruzes,Alto Tiete,-23.5217,-46.186,11.59,18.47,7.06,75.7,15.88,7.01,6.69,0.01,1.95
2025-07-31,Mogi das Cruzes,Alto Tiete,-23.5217,-46.186,13.69,21.18,9.57,76.28,17.55,7.7,8.79,0.0,2.62
2025-08-01,Mogi das Cruzes,Alto Tiete,-23.5217,-46.186,15.97,27.05,8.89,69.51,18.04,7.82,8.32,0.04,1.82
2025-08-02,Mogi das Cruzes,Alto Tiete,-23.5217,-46.186,18.19,29.12,9.49,50.86,16.16,6.97,5.55,0.01,1.46
2025-08-03,Mogi das Cruzes,Alto Tiete,-23.5217,-46.186,19.5,28.8,12.07,44.09,17.0,7.27,5.43,0.0,2.61
2025-08-04,Mogi das Cruzes,Alto Tiete,-23.5217,-46.186,17.18,23.06,13.77,61.03,10.66,4.82,8.57,0.02,1.83
2025-08-05,Mogi das Cruzes,Alto Tiete,-23.5217,-46.186,16.36,19.58,14.8,89.36,8.19,3.89,14.46,0.51,1.97
2025-08-06,Mogi das Cruzes,Alto Tiete,-23.5217,-46.186,16.25,21.1,13.31,84.55,10.98,5.07,13.25,1.12,2.48
2025-08-07,Mogi das Cruzes,Alto Tiete,-23.5217,-46.186,17.86,27.01,12.36,71.03,15.66,6.97,10.98,0.07,1.26
2025-08-08,Mogi das Cruzes,Alto Tiete,-23.5217,-46.186,19.57,28.31,13.47,61.96,11.92,5.44,10.79,0.22,2.86
2025-08-09,Mogi das Cruzes,Alto Tiete,-23.5217,-46.186,14.13,19.9,8.19,76.26,11.68,5.34,9.38,0.34,2.79
2025-08-10,Mogi das Cruzes,Alto Tiete,-23.5217,-46.186,12.15,18.14,7.1,81.66,9.55,4.36,8.72,0.19,2.71
2025-08-11,Mogi das Cruzes,Alto Tiete,-23.5217,-46.186,12.97,19.01,9.9,76.85,15.85,7.01,8.36,0.03,2.46
2025-08-12,Mogi das Cruzes,Alto Tiete,-23.5217,-46.186,14.15,21.23,10.23,75.15,18.19,7.99,8.92,0.03,2.11
2025-08-13,Mogi das Cruzes,Alto Tiete,-23.5217,-46.186,16.62,27.62,8.58,62.62,20.07,8.6,6.16,0.0,1.4
2025-08-14,Mogi das Cruzes,Alto Tiete,-23.5217,-46.186,14.89,21.89,9.39,77.1,16.37,7.18,10.31,0.01,2.43
2025-08-15,Mogi das Cruzes,Alto Tiete,-23.5217,-46.186,15.65,23.1,12.03,78.99,15.33,6.77,11.29,0.04,3.01
2025-08-16,Mogi das Cruzes,Alto Tiete,-23.5217,-46.186,17.1,26.17,12.13,77.61,12.84,5.81,12.29,0.01,2.54
2025-08-17,Mogi das Cruzes,Alto Tiete,-23.5217,-46.186,18.3,27.63,12.63,74.03,16.19,7.29,12.21,0.0,1.87
2025-08-18,Mogi das Cruzes,Alto Tiete,-23.5217,-46.186,17.37,24.96,12.31,77.34,16.81,7.46,12.61,0.0,2.63
2025-08-19,Mogi das Cruzes,Alto Tiete,-23.5217,-46.186,19.34,28.05,12.42,67.46,14.17,6.39,11.82,0.0,1.77
2025-08-20,Mogi das Cruzes,Alto Tiete,-23.5217,-46.186,23.41,32.73,15.67,50.42,13.38,6.12,11.36,0.11,2.85
2025-08-21,Mogi das Cruzes,Alto Tiete,-23.5217,-46.186,23.23,32.75,17.25,54.82,17.28,7.8,12.27,0.0,2.16
2025-08-22,Mogi das Cruzes,Alto Tiete,-23.5217,-46.186,24.62,34.38,16.22,51.91,19.57,8.8,11.99,0.0,1.39
2025-08-23,Mogi das Cruzes,Alto Tiete,-23.5217,-46.186,25.06,34.05,18.46,32.85,18.52,8.09,6.0,0.0,3.63
2025-08-24,Mogi das Cruzes,Alto Tiete,-23.5217,-46.186,19.27,27.82,15.45,69.21,13.31,5.98,12.54,0.17,2.84
2025-08-25,Mogi das Cruzes,Alto Tiete,-23.5217,-46.186,19.36,29.68,14.96,74.13,15.8,7.15,13.48,0.44,2.22
2025-08-26,Mogi das Cruzes,Alto Tiete,-23.5217,-46.186,18.2,25.03,15.03,81.61,10.25,4.82,14.58,2.75,2.31
2025-08-27,Mogi das Cruzes,Alto Tiete,-23.5217,-46.186,19.72,27.59,15.58,78.78,13.49,6.21,15.08,1.2,1.84
2025-08-28,Mogi das Cruzes,Alto Tiete,-23.5217,-46.186,19.34,27.75,15.34,76.48,16.6,7.52,14.1,0.21,2.26
2025-08-29,Mogi das Cruzes,Alto Tiete,-23.5217,-46.186,18.34,24.39,14.42,79.98,7.95,3.87,14.21,0.88,1.82
2025-08-30,Mogi das Cruzes,Alto Tiete,-23.5217,-46.186,18.95,26.17,14.66,72.69,17.38,7.71,12.64,0.34,2.71
2025-08-31,Mogi das Cruzes,Alto Tiete,-23.5217,-46.186,19.06,27.18,13.49,72.09,18.04,8.13,12.79,0.16,3.14
2025-09-01,Mogi das Cruzes,Alto Tiete,-23.5217,-46.186,20.54,29.22,15.27,72.02,17.45,7.94,13.93,0.26,3.19
2025-09-02,Mogi das Cruzes,Alto Tiete,-23.5217,-46.186,21.12,29.18,15.57,67.01,18.96,8.61,13.46,0.04,2.6
2025-09-03,Mogi das Cruzes,Alto Tiete,-23.5217,-46.186,21.42,30.65,14.05,58.7,21.43,9.61,11.31,0.0,1.63
2025-09-04,Mogi das Cruzes,Alto Tiete,-23.5217,-46.186,22.65,31.56,15.6,44.95,19.36,8.63,8.54,0.0,1.88
2025-09-05,Mogi das Cruzes,Alto Tiete,-23.5217,-46.186,21.46,30.86,15.66,57.5,18.21,8.12,11.41,0.1,2.36
2025-09-06,Mogi das Cruzes,Alto Tiete,-23.5217,-46.186,17.26,22.93,14.44,80.48,10.42,4.95,13.56,0.43,3.49
2025-09-07,Mogi das Cruzes,Alto Tiete,-23.5217,-46.186,18.03,24.94,14.26,78.91,11.26,5.34,13.86,0.19,2.94
2025-09-08,Mogi das Cruzes,Alto Tiete,-23.5217,-46.186,22.53,31.29,15.18,65.7,17.83,8.2,14.62,0.02,1.96
2025-09-09,Mogi das Cruzes,Alto Tiete,-23.5217,-46.186,25.12,33.57,16.76,47.18,13.54,6.12,11.06,0.07,5.4
2025-09-10,Mogi das Cruzes,Alto Tiete,-23.5217,-46.186,19.55,28.94,13.83,67.12,23.18,10.06,10.99,0.03,1.95
2025-09-11,Mogi das Cruzes,Alto Tiete,-23.5217,-46.186,20.34,32.19,12.88,62.41,23.91,10.35,9.45,0.0,1.76
2025-09-12,Mogi das Cruzes,Alto Tiete,-23.5217,-46.186,17.05,24.42,13.19,72.2,16.86,7.61,11.1,0.02,3.11
2025-09-13,Mogi das Cruzes,Alto Tiete,-23.5217,-46.186,17.01,23.46,13.44,73.65,14.6,6.63,11.8,0.11,3.52
2025-09-14,Mogi das Cruzes,Alto Tiete,-23.5217,-46.186,18.48,28.46,13.28,71.49,20.15,9.0,11.96,0.03,3.22
2025-09-15,Mogi das Cruzes,Alto Tiete,-23.5217,-46.186,20.19,30.54,13.46,69.68,21.77,9.72,12.68,0.04,2.63
2025-09-16,Mogi das Cruzes,Alto Tiete,-23.5217,-46.186,21.1,29.25,14.51,68.65,10.2,4.76,13.72,1.02,2.49
2025-09-17,Mogi das Cruzes,Alto Tiete,-23.5217,-46.186,18.91,27.49,13.71,73.96,20.06,8.97,12.83,0.34,2.57
2025-09-18,Mogi das Cruzes,Alto Tiete,-23.5217,-46.186,19.28,27.29,14.4,75.2,21.57,9.61,13.72,0.32,2.69
2025-09-19,Mogi das Cruzes,Alto Tiete,-23.5217,-46.186,21.96,31.68,14.35,66.75,18.51,8.28,13.68,0.02,1.8
2025-09-20,Mogi das Cruzes,Alto Tiete,-23.5217,-46.186,24.82,34.02,16.84,54.92,22.33,10.0,13.52,0.36,2.37
2025-09-21,Mogi das Cruzes,Alto Tiete,-23.5217,-46.186,27.31,35.31,21.08,48.29,19.23,8.76,14.4,5.34,4.34
2025-09-22,Mogi das Cruzes,Alto Tiete,-23.5217,-46.186,24.7,32.71,16.98,61.74,3.43,1.79,15.83,17.65,5.29
2025-09-23,Mogi das Cruzes,Alto Tiete,-23.5217,-46.186,17.55,23.63,13.98,79.81,13.13,6.05,13.6,3.41,2.99
2025-09-24,Mogi das Cruzes,Alto Tiete,-23.5217,-46.186,16.57,21.86,13.82,83.35,8.57,4.18,13.51,3.43,3.8
2025-09-25,Mogi das Cruzes,Alto Tiete,-23.5217,-46.186,15.1,18.26,12.96,85.57,7.97,3.93,12.55,3.17,4.3
2025-09-26,Mogi das Cruzes,Alto Tiete,-23.5217,-46.186,15.23,21.4,12.31,77.27,18.27,8.26,10.78,1.94,4.16
2025-09-27,Mogi das Cruzes,Alto Tiete,-23.5217,-46.186,16.97,26.13,11.09,70.11,24.5,10.9,10.4,0.04,3.05
2025-09-28,Mogi das Cruzes,Alto Tiete,-23.5217,-46.186,20.06,30.96,10.55,62.66,19.88,8.87,10.65,0.0,1.51
2025-09-29,Mogi das Cruzes,Alto Tiete,-23.5217,-46.186,22.09,30.32,15.74,62.39,24.91,11.17,13.56,0.0,1.69
2025-09-30,Mogi das Cruzes,Alto Tiete,-23.5217,-46.186,22.92,33.47,13.97,58.5,24.25,10.73,11.81,0.0,1.83
2025-10-01,Mogi das Cruzes,Alto Tiete,-23.5217,-46.186,21.4,30.97,15.17,67.05,16.83,7.55,13.96,0.02,2.21
2025-10-02,Mogi das Cruzes,Alto Tiete,-23.5217,-46.186,20.34,27.08,16.31,75.65,12.14,5.65,15.26,0.03,2.86
2025-10-03,Mogi das Cruzes,Alto Tiete,-23.5217,-46.186,22.32,32.08,16.84,68.51,16.91,7.76,15.04,0.23,2.8
2025-10-04,Mogi das Cruzes,Alto Tiete,-23.5217,-46.186,21.53,26.27,17.04,67.37,9.64,4.68,14.59,0.26,1.32
2025-10-05,Mogi das Cruzes,Alto Tiete,-23.5217,-46.186,25.46,34.94,17.0,48.88,25.92,11.63,12.26,0.01,1.99
2025-10-06,Mogi das Cruzes,Alto Tiete,-23.5217,-46.186,27.91,36.98,19.93,45.39,21.93,9.91,13.05,0.04,2.86
2025-10-07,Mogi das Cruzes,Alto Tiete,-23.5217,-46.186,19.67,26.34,15.14,79.97,11.39,5.4,15.83,2.08,4.33
2025-10-08,Mogi das Cruzes,Alto Tiete,-23.5217,-46.186,17.01,22.23,14.64,84.24,7.79,3.87,14.12,9.97,4.3
2025-10-09,Mogi das Cruzes,Alto Tiete,-23.5217,-46.186,16.84,20.89,14.36,81.68,10.79,5.2,13.46,2.0,4.21
2025-10-10,Mogi das Cruzes,Alto Tiete,-23.5217,-46.186,18.53,27.33,14.65,83.81,7.91,3.96,15.39,12.9,2.69
2025-10-11,Mogi das Cruzes,Alto Tiete,-23.5217,-46.186,20.81,28.47,15.75,76.59,17.36,8.02,15.85,1.54,2.12
2025-10-12,Mogi das Cruzes,Alto Tiete,-23.5217,-46.186,23.5,32.83,16.25,67.14,18.79,8.66,15.65,0.68,1.74
2025-10-13,Mogi das Cruzes,Alto Tiete,-23.5217,-46.186,22.78,29.65,18.58,68.05,9.58,4.61,15.95,1.1,3.91
2025-10-14,Mogi das Cruzes,Alto Tiete,-23.5217,-46.186,20.74,27.43,16.22,77.16,20.29,9.27,16.11,0.4,3.38
2025-10-15,Mogi das Cruzes,Alto Tiete,-23.5217,-46.186,19.75,28.03,14.89,74.9,18.7,8.54,14.4,0.09,2.81
2025-10-16,Mogi das Cruzes,Alto Tiete,-23.5217,-46.186,22.04,32.65,14.99,70.0,23.43,10.58,14.87,0.02,2.07
2025-10-17,Mogi das Cruzes,Alto Tiete,-23.5217,-46.186,24.24,34.91,16.53,63.51,22.98,10.47,15.08,9.07,1.5
2025-10-18,Mogi das Cruzes,Alto Tiete,-23.5217,-46.186,22.12,28.77,16.53,81.71,6.8,3.46,18.43,12.45,3.44
2025-10-19,Mogi das Cruzes,Alto Tiete,-23.5217,-46.186,15.21,19.0,12.27,80.53,13.37,6.36,11.7,4.95,5.59
2025-10-20,Mogi das Cruzes,Alto Tiete,-23.5217,-46.186,14.86,19.62,11.48,68.68,21.53,9.65,8.72,0.14,4.17
2025-10-21,Mogi das Cruzes,Alto Tiete,-23.5217,-46.186,15.8,22.56,9.85,65.06,28.05,12.33,8.46,0.0,4.26
2025-10-22,Mogi das Cruzes,Alto Tiete,-23.5217,-46.186,16.77,24.28,11.29,68.44,28.98,12.76,9.7,0.03,4.16
2025-10-23,Mogi das Cruzes,Alto Tiete,-23.5217,-46.186,17.98,26.62,12.6,67.3,29.71,13.07,10.32,0.01,3.85
2025-10-24,Mogi das Cruzes,Alto Tiete,-23.5217,-46.186,19.38,28.56,12.76,63.75,28.69,12.64,10.42,0.01,2.77
2025-10-25,Mogi das Cruzes,Alto Tiete,-23.5217,-46.186,22.1,31.8,12.4,58.78,27.11,12.13,11.57,0.01,1.52
2025-10-26,Mogi das Cruzes,Alto Tiete,-23.5217,-46.186,23.75,33.61,16.75,52.43,23.45,10.53,11.52,0.0,1.95
2025-10-27,Mogi das Cruzes,Alto Tiete,-23.5217,-46.186,21.32,29.94,16.88,73.24,6.26,3.19,15.47,2.23,1.22
2025-10-28,Mogi das Cruzes,Alto Tiete,-23.5217,-46.186,21.61,28.93,17.11,79.11,5.32,2.82,17.23,9.51,1.41
2025-10-29,Mogi das Cruzes,Alto Tiete,-23.5217,-46.186,22.6,30.24,15.87,76.35,15.31,7.29,17.51,5.61,3.79
2025-10-30,Mogi das Cruzes,Alto Tiete,-23.5217,-46.186,17.67,22.79,14.86,82.5,9.03,4.54,14.43,7.12,3.03
2025-10-31,Mogi das Cruzes,Alto Tiete,-23.5217,-46.186,19.09,26.76,14.42,80.75,9.34,4.69,15.23,3.21,2.25
2025-11-01,Mogi das Cruzes,Alto Tiete,-23.5217,-46.186,22.07,30.33,15.4,74.72,20.34,9.35,16.54,4.79,1.75
2025-11-02,Mogi das Cruzes,Alto Tiete,-23.5217,-46.186,23.07,29.58,18.44,80.24,5.1,2.66,19.04,8.26,2.63
2025-11-03,Mogi das Cruzes,Alto Tiete,-23.5217,-46.186,22.78,28.67,18.88,79.89,16.35,7.75,18.69,1.02,2.28
2025-11-04,Mogi das Cruzes,Alto Tiete,-23.5217,-46.186,22.66,30.19,17.46,75.81,18.54,8.71,17.52,0.7,1.65
2025-11-05,Mogi das Cruzes,Alto Tiete,-23.5217,-46.186,24.45,31.27,18.66,71.87,16.57,7.85,18.45,0.32,2.94
2025-11-06,Mogi das Cruzes,Alto Tiete,-23.5217,-46.186,18.96,23.46,14.46,79.91,12.64,6.04,15.08,2.98,3.92
2025-11-07,Mogi das Cruzes,Alto Tiete,-23.5217,-46.186,21.4,31.21,13.64,71.11,23.18,10.67,14.93,3.15,1.8
2025-11-08,Mogi das Cruzes,Alto Tiete,-23.5217,-46.186,22.27,27.41,15.78,78.22,11.63,5.67,18.11,11.53,5.48
2025-11-09,Mogi das Cruzes,Alto Tiete,-23.5217,-46.186,17.8,23.61,13.87,77.87,16.3,7.57,13.48,0.76,3.65
2025-11-10,Mogi das Cruzes,Alto Tiete,-23.5217,-46.186,17.22,24.39,12.77,70.94,26.98,12.02,11.23,0.03,3.12
2025-11-11,Mogi das Cruzes,Alto Tiete,-23.5217,-46.186,18.48,27.92,11.84,68.31,29.49,13.14,11.54,0.3,2.88
2025-11-12,Mogi das Cruzes,Alto Tiete,-23.5217,-46.186,21.55,31.42,13.24,64.99,29.16,13.11,13.01,0.36,2.02
2025-11-13,Mogi das Cruzes,Alto Tiete,-23.5217,-46.186,21.94,31.47,15.81,67.4,14.03,6.74,14.49,0.21,1.76
2025-11-14,Mogi das Cruzes,Alto Tiete,-23.5217,-46.186,20.43,27.54,16.57,72.52,15.84,7.49,14.59,0.28,2.17
2025-11-15,Mogi das Cruzes,Alto Tiete,-23.5217,-46.186,20.95,27.78,16.59,76.06,16.75,7.99,16.15,0.36,2.39
2025-11-16,Mogi das Cruzes,Alto Tiete,-23.5217,-46.186,22.39,27.82,18.17,77.87,10.69,5.35,17.95,1.2,1.82
2025-11-17,Mogi das Cruzes,Alto Tiete,-23.5217,-46.186,24.56,30.97,20.34,70.66,11.88,5.83,18.15,7.25,3.08
2025-11-18,Mogi das Cruzes,Alto Tiete,-23.5217,-46.186,23.02,29.24,17.41,73.17,11.75,5.74,17.42,5.16,3.78
2025-11-19,Mogi das Cruzes,Alto Tiete,-23.5217,-46.186,19.99,27.67,14.25,63.2,25.64,11.58,11.84,0.03,3.68
2025-11-20,Mogi das Cruzes,Alto Tiete,-23.5217,-46.186,18.82,25.99,14.07,69.42,26.95,12.15,12.3,0.19,3.47
2025-11-21,Mogi das Cruzes,Alto Tiete,-23.5217,-46.186,22.19,32.57,12.9,61.36,28.45,12.8,12.56,0.0,1.9
2025-11-22,Mogi das Cruzes,Alto Tiete,-23.5217,-46.186,23.81,32.39,17.33,61.02,20.8,9.54,14.53,0.41,2.17
2025-11-23,Mogi das Cruzes,Alto Tiete,-23.5217,-46.186,21.16,27.96,18.01,80.17,16.2,7.62,17.12,6.07,2.12
2025-11-24,Mogi das Cruzes,Alto Tiete,-23.5217,-46.186,20.29,25.38,17.43,82.72,10.94,5.44,16.9,3.04,1.53
2025-11-25,Mogi das Cruzes,Alto Tiete,-23.5217,-46.186,19.57,24.18,15.77,77.86,21.03,9.64,15.14,0.28,3.34
2025-11-26,Mogi das Cruzes,Alto Tiete,-23.5217,-46.186,18.86,25.48,14.26,72.12,30.31,13.38,12.9,0.02,2.66
2025-11-27,Mogi das Cruzes,Alto Tiete,-23.5217,-46.186,19.36,28.51,12.85,70.55,24.97,11.1,12.85,0.06,2.57
2025-11-28,Mogi das Cruzes,Alto Tiete,-23.5217,-46.186,22.49,32.11,15.03,65.63,25.09,11.19,13.8,0.07,1.98
2025-11-29,Mogi das Cruzes,Alto Tiete,-23.5217,-46.186,23.72,32.15,17.0,56.01,30.16,13.54,12.76,0.0,2.08
2025-11-30,Mogi das Cruzes,Alto Tiete,-23.5217,-46.186,23.79,33.92,15.01,58.48,28.89,13.06,13.26,0.0,2.07
2025-12-01,Mogi das Cruzes,Alto Tiete,-23.5217,-46.186,24.7,34.93,17.18,64.22,21.8,10.0,15.85,0.07,2.05
2025-12-02,Mogi das Cruzes,Alto Tiete,-23.5217,-46.186,24.93,30.53,19.85,68.16,14.7,7.06,17.93,3.85,2.1
2025-12-03,Mogi das Cruzes,Alto Tiete,-23.5217,-46.186,22.7,28.89,18.35,75.66,21.93,10.18,17.59,1.21,2.25
2025-12-04,Mogi das Cruzes,Alto Tiete,-23.5217,-46.186,20.55,27.59,16.27,74.24,20.56,9.55,15.16,0.7,3.03
2025-12-05,Mogi das Cruzes,Alto Tiete,-23.5217,-46.186,21.76,31.46,15.47,68.68,25.32,11.48,14.3,0.11,2.6
2025-12-06,Mogi das Cruzes,Alto Tiete,-23.5217,-46.186,24.18,33.5,16.5,66.76,25.53,11.72,16.18,0.0,2.2
2025-12-07,Mogi das Cruzes,Alto Tiete,-23.5217,-46.186,24.8,31.13,19.19,67.04,23.32,10.78,17.09,0.01,2.1
2025-12-08,Mogi das Cruzes,Alto Tiete,-23.5217,-46.186,24.33,31.48,20.75,74.77,14.01,6.81,18.86,4.47,1.37
2025-12-09,Mogi das Cruzes,Alto Tiete,-23.5217,-46.186,22.67,25.65,20.2,79.16,6.46,3.38,18.65,13.45,4.79
2025-12-10,Mogi das Cruzes,Alto Tiete,-23.5217,-46.186,24.88,30.56,20.89,61.53,24.0,11.05,16.27,2.82,8.27
2025-12-11,Mogi das Cruzes,Alto Tiete,-23.5217,-46.186,24.84,32.04,19.1,53.73,29.32,13.24,13.87,0.04,5.63
2025-12-12,Mogi das Cruzes,Alto Tiete,-23.5217,-46.186,25.48,34.01,18.48,60.65,16.3,7.72,16.21,0.35,2.73
2025-12-13,Mogi das Cruzes,Alto Tiete,-23.5217,-46.186,23.76,27.36,21.25,81.48,14.58,7.1,20.26,23.17,3.79
2025-12-14,Mogi das Cruzes,Alto Tiete,-23.5217,-46.186,24.7,30.33,20.55,74.72,12.07,5.93,19.43,0.27,2.85
2025-12-15,Mogi das Cruzes,Alto Tiete,-23.5217,-46.186,25.56,31.1,21.1,73.64,22.29,10.5,20.03,1.48,2.16
2025-12-16,Mogi das Cruzes,Alto Tiete,-23.5217,-46.186,25.77,33.02,20.21,73.4,19.48,9.13,19.88,6.5,3.71
2025-12-17,Mogi das Cruzes,Alto Tiete,-23.5217,-46.186,18.67,21.55,15.87,78.82,8.64,4.46,14.75,2.29,4.71
2025-12-18,Mogi das Cruzes,Alto Tiete,-23.5217,-46.186,20.3,27.4,15.72,77.73,12.93,6.38,15.86,0.35,3.08
2025-12-19,Mogi das Cruzes,Alto Tiete,-23.5217,-46.186,21.96,29.42,17.17,78.46,12.55,6.07,17.52,0.57,2.71
2025-12-20,Mogi das Cruzes,Alto Tiete,-23.5217,-46.186,23.1,30.87,17.71,75.24,23.01,10.64,17.7,0.35,2.9
2025-12-21,Mogi das Cruzes,Alto Tiete,-23.5217,-46.186,24.98,33.85,18.17,66.07,28.08,12.78,16.71,0.12,2.3
2025-12-22,Mogi das Cruzes,Alto Tiete,-23.5217,-46.186,26.48,34.64,19.56,61.58,28.26,13.01,17.08,0.16,1.68
2025-12-23,Mogi das Cruzes,Alto Tiete,-23.5217,-46.186,27.96,35.41,21.99,55.48,26.62,12.26,17.15,0.01,1.81
2025-12-24,Mogi das Cruzes,Alto Tiete,-23.5217,-46.186,27.96,34.36,23.32,54.71,26.97,12.48,17.12,0.0,1.83
2025-12-25,Mogi das Cruzes,Alto Tiete,-23.5217,-46.186,28.94,36.88,21.64,52.49,27.22,12.56,17.06,0.26,2.05
2025-12-26,Mogi das Cruzes,Alto Tiete,-23.5217,-46.186,28.26,36.42,23.05,60.89,23.72,11.11,18.91,3.04,2.46
2025-12-27,Mogi das Cruzes,Alto Tiete,-23.5217,-46.186,28.31,36.75,21.73,61.14,25.48,11.92,18.65,0.63,1.5
2025-12-28,Mogi das Cruzes,Alto Tiete,-23.5217,-46.186,28.39,36.78,22.15,59.34,27.27,12.6,18.39,3.74,1.91
2025-12-29,Mogi das Cruzes,Alto Tiete,-23.5217,-46.186,27.39,36.25,21.6,64.62,23.85,11.14,18.77,8.1,1.42
2025-12-30,Mogi das Cruzes,Alto Tiete,-23.5217,-46.186,27.48,34.91,22.06,67.69,25.35,11.81,19.91,3.82,1.3
2025-12-31,Mogi das Cruzes,Alto Tiete,-23.5217,-46.186,27.16,33.88,22.71,69.53,21.11,10.0,20.17,4.63,1.94
