"Data";"Hora (UTC)";"Temp. Ins. (C)";"Temp. Max. (C)";"Temp. Min. (C)";"Umi. Ins. (%)";"Umi. Max. (%)";"Umi. Min. (%)";"Pto Orvalho Ins. (C)";"Pto Orvalho Max. (C)";"Pto Orvalho Min. (C)";"Pressao Ins. (hPa)";"Pressao Max. (hPa)";"Pressao Min. (hPa)";"Vel. Vento (m/s)";"Dir. Vento (m/s)";"Raj. Vento (m/s)";"Radiacao (KJ/m²)";"Chuva (mm)"
"21/12/2025";"0000";"20,5";"21,6";"20,5";"87,0";"88,0";"81,0";"18,3";"18,4";"18,1";"916,2";"916,2";"915,5";"4,6";"145,0";"10,4";"";"0,0"
"21/12/2025";"0100";"19,9";"20,5";"19,9";"90,0";"90,0";"86,0";"18,2";"18,3";"17,8";"916,6";"916,6";"916,2";"4,6";"147,0";"9,5";"";"0,0"
"21/12/2025";"0200";"19,2";"19,9";"19,2";"98,0";"98,0";"90,0";"19,0";"19,0";"18,2";"917,1";"917,1";"916,6";"3,6";"150,0";"8,7";"";"0,0"
"21/12/2025";"0300";"19,0";"19,2";"19,0";"100,0";"100,0";"98,0";"19,0";"19,1";"19,0";"916,8";"917,1";"916,8";"2,8";"152,0";"6,3";"";"0,0"
"21/12/2025";"0400";"18,9";"19,0";"18,5";"100,0";"100,0";"100,0";"18,9";"18,9";"18,5";"916,4";"916,8";"916,4";"3,1";"163,0";"5,8";"";"0,0"
"21/12/2025";"0500";"18,3";"18,9";"18,2";"100,0";"100,0";"100,0";"18,2";"18,8";"18,2";"916,0";"916,4";"916,0";"3,1";"157,0";"5,1";"";"0,0"
"21/12/2025";"0600";"17,9";"18,3";"17,9";"100,0";"100,0";"100,0";"17,9";"18,2";"17,9";"916,1";"916,2";"916,0";"1,4";"147,0";"4,8";"";"0,0"
"21/12/2025";"0700";"18,0";"18,0";"17,7";"100,0";"100,0";"100,0";"18,0";"18,0";"17,7";"916,2";"916,3";"916,0";"2,1";"171,0";"3,4";"";"0,0"
"21/12/2025";"0800";"17,6";"18,0";"17,5";"100,0";"100,0";"100,0";"17,6";"18,0";"17,5";"916,4";"916,4";"916,2";"2,0";"162,0";"3,1";"";"0,0"
"21/12/2025";"0900";"18,4";"18,4";"17,6";"100,0";"100,0";"100,0";"18,4";"18,4";"17,6";"916,8";"916,8";"916,4";"2,0";"165,0";"2,9";"78,40";"0,0"
"21/12/2025";"1000";"21,5";"21,5";"18,4";"85,0";"100,0";"85,0";"19,0";"19,1";"18,3";"917,1";"917,2";"916,8";"1,5";"149,0";"3,4";"690,90";"0,0"
"21/12/2025";"1100";"23,8";"24,4";"21,4";"65,0";"85,0";"64,0";"16,8";"19,1";"16,6";"917,2";"917,3";"917,1";"2,1";"69,0";"4,6";"1560,50";"0,0"
"21/12/2025";"1200";"25,7";"25,7";"23,8";"61,0";"69,0";"60,0";"17,6";"18,4";"16,6";"917,4";"917,4";"917,2";"2,5";"81,0";"5,4";"2292,10";"0,0"
"21/12/2025";"1300";"26,7";"27,0";"24,7";"56,0";"65,0";"55,0";"17,3";"18,5";"16,6";"917,5";"917,5";"917,3";"1,7";"82,0";"5,3";"2895,90";"0,0"
"21/12/2025";"1400";"28,8";"29,0";"26,6";"49,0";"57,0";"48,0";"17,0";"17,9";"16,3";"917,1";"917,6";"917,1";"2,4";"85,0";"5,9";"3938,70";"0,0"
"21/12/2025";"1500";"28,8";"29,7";"27,4";"44,0";"51,0";"44,0";"15,4";"17,4";"14,9";"916,5";"917,2";"916,5";"2,9";"43,0";"6,0";"3603,30";"0,0"
"21/12/2025";"1600";"29,9";"30,4";"28,7";"42,0";"47,0";"41,0";"15,5";"16,9";"14,7";"915,9";"916,5";"915,9";"1,0";"356,0";"6,0";"3005,40";"0,0"
"21/12/2025";"1700";"29,1";"30,9";"29,1";"41,0";"43,0";"37,0";"14,4";"16,4";"14,2";"915,4";"916,0";"915,4";"2,1";"344,0";"5,6";"2797,70";"0,0"
"21/12/2025";"1800";"31,1";"31,1";"29,0";"37,0";"42,0";"35,0";"14,8";"15,8";"13,5";"914,5";"915,4";"914,5";"1,7";"273,0";"5,7";"2147,50";"0,0"
"21/12/2025";"1900";"30,0";"31,7";"29,4";"38,0";"41,0";"33,0";"14,1";"15,3";"13,2";"914,1";"914,5";"914,1";"0,9";"93,0";"4,3";"1068,10";"0,0"
"21/12/2025";"2000";"29,7";"30,7";"29,5";"39,0";"40,0";"36,0";"14,3";"15,0";"13,4";"913,6";"914,1";"913,6";"0,3";"156,0";"3,0";"1323,40";"0,0"
"21/12/2025";"2100";"27,6";"29,7";"27,6";"52,0";"54,0";"38,0";"16,7";"17,6";"13,7";"913,5";"913,7";"913,5";"2,0";"127,0";"5,2";"473,50";"0,0"
"21/12/2025";"2200";"25,9";"27,6";"25,9";"61,0";"62,0";"52,0";"17,9";"18,1";"16,9";"913,9";"913,9";"913,4";"1,6";"133,0";"4,2";"104,60";"0,0"
"21/12/2025";"2300";"25,0";"25,9";"25,0";"61,0";"63,0";"60,0";"16,9";"18,1";"16,8";"914,8";"914,8";"913,9";"4,1";"145,0";"8,3";"";"0,0"
"22/12/2025";"0000";"23,7";"25,1";"23,7";"54,0";"61,0";"54,0";"13,8";"16,9";"13,8";"915,8";"915,8";"914,8";"3,6";"149,0";"8,7";"";"0,0"
"22/12/2025";"0100";"23,0";"23,7";"23,0";"55,0";"55,0";"52,0";"13,4";"13,7";"13,2";"916,3";"916,3";"915,8";"3,2";"150,0";"7,0";"";"0,0"
"22/12/2025";"0200";"21,8";"23,0";"21,8";"60,0";"60,0";"55,0";"13,8";"13,8";"13,4";"916,6";"916,6";"916,3";"2,6";"149,0";"6,1";"";"0,0"
"22/12/2025";"0300";"21,0";"21,8";"20,9";"66,0";"66,0";"60,0";"14,4";"14,4";"13,8";"916,1";"916,6";"916,1";"2,3";"147,0";"5,4";"";"0,0"
"22/12/2025";"0400";"20,7";"21,0";"20,6";"69,0";"69,0";"66,0";"14,9";"15,0";"14,3";"915,7";"916,1";"915,7";"2,4";"159,0";"5,0";"";"0,0"
"22/12/2025";"0500";"20,4";"21,0";"20,4";"72,0";"73,0";"68,0";"15,3";"15,3";"14,9";"915,3";"915,7";"915,3";"1,5";"157,0";"3,7";"";"0,0"
"22/12/2025";"0600";"20,4";"20,5";"20,1";"76,0";"76,0";"72,0";"15,9";"16,0";"15,3";"915,2";"915,4";"915,2";"1,5";"99,0";"3,2";"";"0,0"
"22/12/2025";"0700";"21,5";"21,6";"20,3";"71,0";"77,0";"71,0";"16,0";"16,2";"15,9";"915,1";"915,2";"915,1";"1,1";"69,0";"5,1";"";"0,0"
"22/12/2025";"0800";"21,0";"21,7";"21,0";"71,0";"72,0";"70,0";"15,6";"16,0";"15,6";"915,4";"915,4";"915,0";"2,5";"78,0";"6,2";"";"0,0"
"22/12/2025";"0900";"21,2";"21,2";"20,9";"69,0";"72,0";"69,0";"15,3";"15,6";"15,2";"915,7";"915,8";"915,4";"3,2";"77,0";"7,8";"76,60";"0,0"
"22/12/2025";"1000";"22,3";"22,3";"21,1";"65,0";"69,0";"65,0";"15,4";"15,7";"15,3";"916,2";"916,2";"915,7";"3,5";"78,0";"7,8";"573,00";"0,0"
"22/12/2025";"1100";"24,2";"24,2";"22,3";"60,0";"65,0";"59,0";"15,9";"15,9";"15,2";"916,2";"916,3";"916,1";"4,3";"75,0";"8,8";"1588,80";"0,0"
"22/12/2025";"1200";"25,8";"26,1";"23,8";"54,0";"60,0";"53,0";"15,7";"16,5";"15,2";"916,2";"916,2";"916,1";"2,8";"73,0";"8,4";"2463,80";"0,0"
"22/12/2025";"1300";"27,2";"27,2";"25,7";"52,0";"55,0";"52,0";"16,6";"16,9";"15,5";"916,0";"916,2";"916,0";"2,1";"88,0";"6,1";"3154,40";"0,0"
"22/12/2025";"1400";"27,7";"28,5";"26,4";"49,0";"55,0";"47,0";"15,9";"17,2";"15,7";"916,0";"916,0";"915,9";"2,4";"67,0";"6,3";"3595,70";"0,0"
"22/12/2025";"1500";"30,1";"30,1";"27,6";"45,0";"50,0";"44,0";"16,9";"17,3";"15,4";"915,6";"916,0";"915,6";"2,0";"44,0";"5,5";"3976,70";"0,0"
"22/12/2025";"1600";"29,3";"30,8";"28,9";"43,0";"46,0";"39,0";"15,5";"16,9";"14,3";"915,0";"915,6";"915,0";"1,6";"358,0";"5,4";"3106,30";"0,0"
"22/12/2025";"1700";"29,3";"32,0";"29,0";"45,0";"45,0";"36,0";"16,1";"16,3";"14,4";"914,6";"915,0";"914,5";"1,5";"263,0";"4,9";"1891,20";"0,0"
"22/12/2025";"1800";"30,5";"30,8";"29,1";"39,0";"45,0";"39,0";"15,0";"16,3";"14,9";"914,0";"914,6";"914,0";"2,0";"286,0";"5,4";"2055,90";"0,0"
"22/12/2025";"1900";"30,3";"31,2";"29,7";"38,0";"43,0";"37,0";"14,3";"16,0";"14,3";"913,3";"914,0";"913,3";"3,6";"7,0";"7,8";"2036,00";"0,0"
"22/12/2025";"2000";"28,8";"30,3";"28,8";"43,0";"43,0";"38,0";"14,8";"14,9";"13,6";"913,3";"913,3";"913,2";"2,3";"55,0";"7,8";"341,10";"0,0"
"22/12/2025";"2100";"28,5";"28,9";"28,4";"43,0";"43,0";"42,0";"14,8";"15,0";"14,4";"913,2";"913,3";"913,1";"1,3";"32,0";"5,1";"431,60";"0,0"
"22/12/2025";"2200";"27,0";"28,5";"27,0";"50,0";"50,0";"43,0";"15,6";"15,6";"14,7";"913,8";"913,8";"913,2";"0,9";"65,0";"3,8";"41,40";"0,0"
"22/12/2025";"2300";"26,5";"27,0";"26,1";"51,0";"54,0";"50,0";"15,5";"16,2";"15,3";"914,3";"914,3";"913,8";"1,8";"60,0";"4,4";"";"0,0"
"23/12/2025";"0000";"25,3";"26,5";"25,2";"56,0";"56,0";"50,0";"15,7";"15,7";"14,8";"915,1";"915,1";"914,3";"1,2";"326,0";"4,2";"";"0,0"
"23/12/2025";"0100";"24,4";"25,6";"24,4";"59,0";"59,0";"53,0";"15,8";"16,1";"15,4";"916,0";"916,0";"915,1";"0,1";"84,0";"3,0";"";"0,0"
"23/12/2025";"0200";"23,9";"24,6";"23,5";"61,0";"65,0";"57,0";"15,9";"16,6";"15,6";"916,3";"916,4";"916,0";"0,0";"209,0";"1,9";"";"0,0"
"23/12/2025";"0300";"22,5";"23,9";"22,5";"68,0";"71,0";"61,0";"16,2";"17,1";"15,8";"916,2";"916,4";"916,2";"0,0";"107,0";"2,3";"";"0,0"
"23/12/2025";"0400";"21,3";"23,0";"21,3";"75,0";"75,0";"63,0";"16,6";"16,6";"15,5";"915,9";"916,2";"915,8";"0,3";"131,0";"1,7";"";"0,0"
"23/12/2025";"0500";"21,4";"21,8";"21,2";"72,0";"76,0";"71,0";"16,2";"16,9";"16,1";"915,5";"915,9";"915,5";"0,6";"138,0";"1,9";"";"0,0"
"23/12/2025";"0600";"22,1";"22,1";"21,3";"66,0";"72,0";"66,0";"15,5";"16,1";"15,5";"915,5";"915,6";"915,5";"1,1";"33,0";"3,1";"";"0,0"
"23/12/2025";"0700";"21,6";"22,2";"21,6";"68,0";"68,0";"65,0";"15,4";"15,5";"15,3";"915,9";"915,9";"915,5";"0,2";"33,0";"3,1";"";"0,0"
"23/12/2025";"0800";"21,0";"21,6";"20,8";"70,0";"72,0";"68,0";"15,4";"15,5";"15,3";"916,2";"916,2";"915,9";"0,3";"79,0";"2,8";"";"0,0"
"23/12/2025";"0900";"21,7";"21,7";"20,6";"69,0";"72,0";"69,0";"15,7";"15,9";"15,3";"916,9";"916,9";"916,2";"0,0";"63,0";"2,8";"84,30";"0,0"
"23/12/2025";"1000";"24,1";"24,1";"21,7";"60,0";"69,0";"60,0";"15,9";"16,4";"15,6";"917,6";"917,6";"916,9";"1,2";"82,0";"2,9";"689,80";"0,0"
"23/12/2025";"1100";"25,3";"25,3";"24,0";"56,0";"60,0";"55,0";"15,9";"16,3";"15,2";"917,8";"917,8";"917,6";"1,9";"54,0";"5,0";"1522,00";"0,0"
"23/12/2025";"1200";"27,1";"27,1";"25,3";"53,0";"57,0";"52,0";"16,5";"16,9";"15,7";"917,7";"917,9";"917,7";"2,5";"27,0";"5,6";"2363,50";"0,0"
"23/12/2025";"1300";"28,7";"29,2";"27,0";"42,0";"53,0";"42,0";"14,7";"16,8";"14,7";"917,7";"917,8";"917,6";"2,7";"327,0";"7,0";"3075,10";"0,0"
"23/12/2025";"1400";"29,5";"30,1";"28,1";"42,0";"45,0";"40,0";"15,1";"15,9";"13,4";"917,5";"917,8";"917,5";"2,3";"349,0";"6,6";"3500,00";"0,0"
"23/12/2025";"1500";"29,8";"30,6";"28,9";"42,0";"42,0";"37,0";"15,5";"15,8";"14,0";"916,7";"917,5";"916,7";"3,2";"277,0";"6,5";"3876,80";"0,0"
"23/12/2025";"1600";"31,2";"31,9";"28,9";"40,0";"43,0";"34,0";"15,9";"15,9";"13,5";"916,0";"916,7";"915,9";"2,7";"327,0";"6,0";"2889,00";"0,0"
"23/12/2025";"1700";"30,0";"32,1";"29,7";"40,0";"40,0";"35,0";"14,8";"15,6";"13,7";"915,4";"916,0";"915,4";"2,8";"262,0";"6,1";"2678,40";"0,0"
"23/12/2025";"1800";"29,7";"32,0";"29,6";"39,0";"40,0";"35,0";"14,5";"15,9";"13,5";"915,2";"915,4";"915,2";"1,5";"356,0";"6,6";"1421,10";"0,0"
"23/12/2025";"1900";"29,2";"29,7";"28,7";"44,0";"47,0";"39,0";"15,8";"16,2";"14,6";"914,7";"915,2";"914,7";"1,1";"168,0";"3,2";"455,40";"0,0"
"23/12/2025";"2000";"29,7";"30,0";"29,1";"41,0";"47,0";"39,0";"15,1";"16,7";"14,3";"914,2";"914,7";"914,2";"1,1";"171,0";"2,8";"985,60";"0,0"
"23/12/2025";"2100";"29,2";"29,8";"29,1";"44,0";"45,0";"40,0";"15,5";"15,9";"14,5";"914,3";"914,3";"914,1";"0,6";"149,0";"2,8";"565,90";"0,0"
"23/12/2025";"2200";"28,1";"29,2";"28,1";"47,0";"47,0";"43,0";"15,6";"16,0";"15,3";"914,6";"914,7";"914,3";"2,4";"327,0";"5,2";"110,30";"0,0"
"23/12/2025";"2300";"27,5";"28,1";"27,2";"48,0";"51,0";"47,0";"15,5";"16,2";"15,5";"914,9";"914,9";"914,6";"1,2";"281,0";"4,9";"";"0,0"
"24/12/2025";"0000";"25,8";"27,5";"25,8";"57,0";"57,0";"48,0";"16,6";"16,8";"15,5";"915,5";"915,5";"914,9";"0,1";"47,0";"3,0";"";"0,0"
"24/12/2025";"0100";"24,9";"25,8";"24,9";"60,0";"61,0";"57,0";"16,5";"16,9";"16,5";"915,9";"915,9";"915,5";"0,1";"14,0";"2,5";"";"0,0"
"24/12/2025";"0200";"23,6";"24,9";"23,6";"66,0";"67,0";"60,0";"16,9";"17,2";"16,3";"916,4";"916,4";"915,9";"1,4";"172,0";"2,6";"";"0,0"
"24/12/2025";"0300";"22,6";"23,6";"22,5";"71,0";"72,0";"66,0";"17,1";"17,2";"16,8";"916,3";"916,4";"916,3";"0,0";"326,0";"2,3";"";"0,0"
"24/12/2025";"0400";"22,2";"23,0";"22,2";"74,0";"74,0";"67,0";"17,4";"17,5";"16,6";"916,0";"916,3";"916,0";"0,0";"286,0";"1,6";"";"0,0"
"24/12/2025";"0500";"21,6";"22,3";"21,3";"72,0";"76,0";"72,0";"16,3";"17,4";"16,3";"915,6";"916,0";"915,6";"0,6";"187,0";"1,7";"";"0,0"
"24/12/2025";"0600";"20,8";"21,7";"20,7";"74,0";"76,0";"71,0";"16,1";"16,5";"16,1";"915,4";"915,6";"915,4";"0,0";"194,0";"1,7";"";"0,0"
"24/12/2025";"0700";"20,3";"20,8";"20,1";"76,0";"78,0";"74,0";"15,9";"16,2";"15,8";"915,5";"915,5";"915,4";"0,0";"198,0";"1,5";"";"0,0"
"24/12/2025";"0800";"19,5";"20,3";"19,5";"79,0";"82,0";"76,0";"15,8";"17,0";"15,6";"915,9";"916,0";"915,5";"0,5";"151,0";"1,5";"";"0,0"
"24/12/2025";"0900";"20,7";"20,7";"19,3";"73,0";"81,0";"73,0";"15,8";"15,9";"15,4";"916,3";"916,3";"915,9";"0,3";"156,0";"1,8";"70,70";"0,0"
"24/12/2025";"1000";"25,1";"25,1";"20,7";"61,0";"73,0";"60,0";"17,0";"17,4";"15,5";"916,7";"916,7";"916,3";"0,0";"221,0";"1,5";"659,80";"0,0"
"24/12/2025";"1100";"26,3";"27,3";"24,6";"52,0";"65,0";"49,0";"15,6";"17,8";"15,0";"916,9";"916,9";"916,7";"0,3";"31,0";"1,8";"1480,30";"0,0"
"24/12/2025";"1200";"28,1";"28,3";"26,3";"47,0";"53,0";"45,0";"15,6";"16,6";"15,1";"916,9";"917,0";"916,9";"2,0";"42,0";"4,1";"2325,30";"0,0"
"24/12/2025";"1300";"29,5";"30,1";"27,6";"42,0";"49,0";"41,0";"15,2";"17,1";"15,1";"916,8";"916,9";"916,8";"2,7";"313,0";"6,2";"3023,80";"0,0"
"24/12/2025";"1400";"30,4";"30,5";"29,2";"40,0";"45,0";"39,0";"15,2";"16,8";"14,3";"916,5";"916,8";"916,5";"2,9";"349,0";"6,2";"2794,30";"0,0"
"24/12/2025";"1500";"31,0";"31,6";"29,6";"38,0";"43,0";"37,0";"15,2";"16,3";"14,6";"916,2";"916,6";"916,2";"2,3";"294,0";"7,5";"3716,80";"0,0"
"24/12/2025";"1600";"31,1";"31,5";"29,9";"36,0";"41,0";"35,0";"14,4";"15,8";"13,9";"915,6";"916,2";"915,6";"2,9";"333,0";"5,9";"2501,00";"0,0"
"24/12/2025";"1700";"32,7";"33,3";"30,6";"33,0";"39,0";"33,0";"14,2";"16,0";"13,4";"914,9";"915,6";"914,9";"0,7";"314,0";"6,9";"3442,20";"0,0"
"24/12/2025";"1800";"32,5";"33,5";"31,4";"33,0";"37,0";"32,0";"14,3";"15,5";"13,5";"914,3";"914,9";"914,3";"2,8";"287,0";"6,1";"2738,80";"0,0"
"24/12/2025";"1900";"32,5";"33,4";"32,0";"32,0";"35,0";"31,0";"13,5";"15,1";"13,3";"913,7";"914,3";"913,7";"0,8";"323,0";"6,0";"2574,90";"0,0"
"24/12/2025";"2000";"32,4";"33,4";"32,3";"31,0";"34,0";"31,0";"13,2";"14,9";"13,2";"913,3";"913,7";"913,3";"1,8";"318,0";"5,6";"1757,60";"0,0"
"24/12/2025";"2100";"32,1";"33,0";"32,1";"32,0";"33,0";"31,0";"13,1";"14,0";"13,0";"913,5";"913,6";"913,3";"1,6";"278,0";"5,6";"912,30";"0,0"
"24/12/2025";"2200";"30,2";"32,1";"30,2";"40,0";"40,0";"32,0";"15,0";"15,0";"12,9";"914,1";"914,1";"913,5";"1,3";"208,0";"4,2";"178,00";"0,0"
"24/12/2025";"2300";"27,0";"30,2";"27,0";"51,0";"55,0";"40,0";"16,0";"17,7";"15,4";"914,9";"915,0";"914,1";"3,1";"91,0";"6,7";"";"0,0"
"25/12/2025";"0000";"26,9";"27,0";"26,4";"54,0";"56,0";"51,0";"16,8";"17,2";"16,1";"915,2";"915,2";"914,9";"3,1";"157,0";"6,7";"";"0,0"
"25/12/2025";"0100";"25,4";"26,9";"25,4";"59,0";"59,0";"54,0";"16,8";"16,8";"16,6";"915,5";"915,5";"915,2";"1,5";"129,0";"5,4";"";"0,0"
"25/12/2025";"0200";"24,6";"25,8";"24,6";"64,0";"64,0";"58,0";"17,3";"17,3";"16,8";"915,8";"915,8";"915,5";"0,6";"150,0";"4,2";"";"0,0"
"25/12/2025";"0300";"";"";"";"";"";"";"";"";"";"";"";"";"";"";"";"";""
"25/12/2025";"0400";"23,6";"24,3";"23,4";"68,0";"68,0";"63,0";"17,2";"17,2";"16,8";"915,1";"915,4";"915,1";"0,3";"175,0";"3,8";"";"0,0"
"25/12/2025";"0500";"22,0";"23,6";"22,0";"76,0";"76,0";"67,0";"17,5";"17,5";"17,1";"914,8";"915,2";"914,8";"0,5";"148,0";"1,9";"";"0,0"
"25/12/2025";"0600";"21,8";"22,5";"21,8";"76,0";"77,0";"74,0";"17,5";"17,6";"17,4";"914,6";"914,8";"914,5";"0,2";"175,0";"1,7";"";"0,0"
"25/12/2025";"0700";"21,7";"22,0";"21,5";"76,0";"78,0";"75,0";"17,3";"17,6";"17,3";"914,9";"914,9";"914,6";"0,0";"232,0";"1,9";"";"0,0"
"25/12/2025";"0800";"21,6";"21,8";"21,4";"79,0";"79,0";"75,0";"17,7";"17,7";"17,3";"915,3";"915,3";"914,9";"0,0";"279,0";"1,3";"";"0,0"
"25/12/2025";"0900";"22,2";"22,2";"21,6";"75,0";"80,0";"75,0";"17,6";"18,0";"17,2";"915,8";"915,8";"915,3";"0,1";"267,0";"1,4";"61,80";"0,0"
"25/12/2025";"1000";"24,7";"25,3";"22,2";"63,0";"75,0";"61,0";"17,2";"18,1";"17,1";"916,1";"916,2";"915,8";"1,2";"31,0";"2,6";"641,60";"0,0"
"25/12/2025";"1100";"27,4";"27,5";"24,7";"52,0";"63,0";"52,0";"16,7";"17,7";"16,6";"916,2";"916,4";"916,1";"1,9";"36,0";"4,2";"1461,10";"0,0"
"25/12/2025";"1200";"29,0";"29,3";"27,4";"49,0";"53,0";"49,0";"17,2";"18,1";"16,4";"916,3";"916,4";"916,2";"1,1";"358,0";"4,2";"2288,40";"0,0"
"25/12/2025";"1300";"31,3";"31,4";"28,9";"44,0";"52,0";"43,0";"17,4";"18,6";"17,1";"916,2";"916,4";"916,2";"0,8";"346,0";"4,6";"2979,70";"0,0"
"25/12/2025";"1400";"31,6";"31,9";"30,2";"38,0";"46,0";"38,0";"15,5";"18,2";"15,5";"915,6";"916,2";"915,6";"1,8";"338,0";"4,6";"2899,00";"0,0"
"25/12/2025";"1500";"32,1";"33,3";"31,1";"41,0";"42,0";"37,0";"17,2";"17,8";"15,3";"915,2";"915,6";"915,2";"2,4";"298,0";"6,0";"3454,40";"0,0"
"25/12/2025";"1600";"33,2";"33,7";"32,1";"36,0";"41,0";"35,0";"16,0";"17,5";"15,4";"914,7";"915,2";"914,7";"2,8";"308,0";"7,8";"3739,70";"0,0"
"25/12/2025";"1700";"32,6";"34,1";"31,9";"37,0";"40,0";"35,0";"15,8";"17,2";"15,2";"914,2";"914,7";"914,0";"2,9";"317,0";"6,1";"2666,20";"0,0"
"25/12/2025";"1800";"32,9";"34,8";"32,4";"36,0";"39,0";"32,0";"16,0";"17,1";"14,8";"913,6";"914,2";"913,6";"3,1";"285,0";"7,5";"2893,20";"0,0"
"25/12/2025";"1900";"31,2";"32,8";"30,7";"44,0";"45,0";"35,0";"17,4";"17,6";"15,3";"913,0";"913,6";"913,0";"1,2";"82,0";"6,8";"876,00";"0,0"
"25/12/2025";"2000";"31,2";"31,9";"30,9";"43,0";"45,0";"41,0";"17,2";"18,0";"16,7";"912,7";"913,0";"912,7";"0,7";"118,0";"3,4";"1212,10";"0,0"
"25/12/2025";"2100";"30,7";"31,7";"30,7";"45,0";"47,0";"42,0";"17,5";"18,3";"16,9";"913,3";"913,3";"912,7";"0,1";"110,0";"2,5";"767,60";"0,0"
"25/12/2025";"2200";"29,3";"30,7";"29,2";"47,0";"53,0";"45,0";"16,7";"18,7";"16,6";"914,3";"914,3";"913,3";"1,4";"284,0";"5,5";"84,40";"0,0"
"25/12/2025";"2300";"28,1";"29,4";"27,8";"54,0";"55,0";"46,0";"17,9";"18,0";"16,6";"914,9";"914,9";"914,3";"2,1";"166,0";"3,4";"";"0,0"
"26/12/2025";"0000";"26,6";"28,1";"26,6";"61,0";"61,0";"54,0";"18,4";"18,4";"18,0";"915,2";"915,2";"914,9";"1,1";"146,0";"4,7";"";"0,0"
"26/12/2025";"0100";"26,3";"26,9";"26,3";"61,0";"62,0";"60,0";"18,3";"18,6";"18,2";"916,0";"916,0";"915,2";"3,3";"153,0";"6,0";"";"0,0"
"26/12/2025";"0200";"25,7";"26,3";"25,4";"62,0";"63,0";"60,0";"17,9";"18,3";"17,6";"916,4";"916,4";"916,0";"3,8";"165,0";"6,9";"";"0,0"
"26/12/2025";"0300";"24,7";"25,7";"24,7";"66,0";"67,0";"62,0";"18,0";"18,1";"17,9";"916,7";"916,7";"916,3";"0,1";"71,0";"6,3";"";"0,0"
"26/12/2025";"0400";"24,9";"25,1";"24,7";"64,0";"67,0";"62,0";"17,7";"18,2";"17,4";"916,2";"916,7";"916,2";"1,1";"162,0";"2,1";"";"0,0"
"26/12/2025";"0500";"22,0";"24,9";"21,8";"94,0";"98,0";"65,0";"21,0";"21,6";"17,8";"915,8";"916,2";"915,8";"1,7";"144,0";"4,6";"";"2,6"
"26/12/2025";"0600";"21,5";"22,4";"21,3";"100,0";"100,0";"81,0";"21,4";"21,4";"19,0";"915,4";"915,8";"915,2";"0,5";"90,0";"6,1";"1,20";"0,0"
"26/12/2025";"0700";"22,2";"22,3";"21,5";"85,0";"100,0";"83,0";"19,5";"21,6";"19,1";"915,5";"915,5";"915,1";"0,0";"200,0";"7,1";"";"0,0"
"26/12/2025";"0800";"22,7";"22,8";"22,2";"83,0";"85,0";"79,0";"19,8";"20,0";"18,9";"916,8";"916,8";"915,5";"1,7";"258,0";"4,8";"";"0,0"
"26/12/2025";"0900";"21,6";"22,8";"21,6";"100,0";"100,0";"82,0";"21,6";"21,6";"19,3";"917,1";"917,2";"916,8";"0,3";"157,0";"3,5";"17,00";"0,0"
"26/12/2025";"1000";"22,4";"22,4";"21,6";"97,0";"100,0";"95,0";"21,9";"22,4";"21,1";"917,6";"917,6";"917,1";"0,0";"111,0";"1,6";"231,30";"0,2"
"26/12/2025";"1100";"25,0";"25,9";"22,4";"66,0";"100,0";"66,0";"18,4";"22,5";"18,4";"917,7";"917,9";"917,6";"1,9";"48,0";"3,2";"1266,00";"0,0"
"26/12/2025";"1200";"27,3";"27,4";"25,0";"60,0";"70,0";"58,0";"19,0";"19,8";"18,1";"917,7";"917,8";"917,7";"1,1";"310,0";"3,7";"2270,20";"0,0"
"26/12/2025";"1300";"29,0";"29,1";"27,4";"58,0";"62,0";"54,0";"19,8";"20,0";"18,1";"917,2";"917,7";"917,2";"0,7";"111,0";"3,5";"2939,20";"0,0"
"26/12/2025";"1400";"30,8";"31,3";"29,1";"49,0";"58,0";"48,0";"18,8";"20,5";"18,7";"916,8";"917,2";"916,8";"0,5";"63,0";"4,2";"3462,70";"0,0"
"26/12/2025";"1500";"30,7";"32,2";"30,7";"48,0";"52,0";"45,0";"18,4";"20,2";"18,1";"916,2";"916,8";"916,2";"0,9";"314,0";"4,3";"2862,20";"0,0"
"26/12/2025";"1600";"32,6";"33,9";"30,7";"42,0";"48,0";"38,0";"17,9";"19,0";"17,0";"915,6";"916,2";"915,6";"0,8";"301,0";"5,0";"2916,40";"0,0"
"26/12/2025";"1700";"32,7";"34,4";"32,1";"40,0";"44,0";"35,0";"17,4";"18,5";"15,8";"915,0";"915,6";"915,0";"2,2";"267,0";"6,5";"2937,40";"0,0"
"26/12/2025";"1800";"32,9";"34,9";"32,7";"41,0";"41,0";"36,0";"18,0";"19,0";"16,9";"914,3";"915,0";"914,3";"3,4";"277,0";"7,3";"2957,40";"0,0"
"26/12/2025";"1900";"22,8";"32,9";"22,8";"77,0";"77,0";"39,0";"18,6";"18,8";"16,2";"915,6";"915,6";"914,0";"4,5";"155,0";"13,9";"333,70";"1,6"
"26/12/2025";"2000";"20,9";"22,8";"20,4";"100,0";"100,0";"77,0";"20,9";"20,9";"18,3";"914,7";"915,5";"914,7";"1,6";"42,0";"10,3";"32,40";"16,2"
"26/12/2025";"2100";"21,0";"21,2";"20,5";"100,0";"100,0";"91,0";"21,0";"21,0";"19,6";"914,7";"915,0";"914,3";"2,0";"143,0";"6,3";"58,10";"0,0"
"26/12/2025";"2200";"21,8";"22,1";"20,9";"100,0";"100,0";"90,0";"21,7";"22,0";"20,1";"915,1";"915,1";"914,7";"1,2";"124,0";"5,3";"70,30";"0,2"
"26/12/2025";"2300";"22,4";"22,4";"21,8";"93,0";"100,0";"92,0";"21,3";"22,2";"20,9";"915,4";"915,5";"915,1";"1,1";"166,0";"3,6";"";"0,0"
"27/12/2025";"0000";"22,3";"22,8";"22,3";"94,0";"96,0";"85,0";"21,2";"21,7";"20,2";"";"";"";"";"";"";"";""
"27/12/2025";"0100";"22,7";"22,7";"22,0";"88,0";"100,0";"87,0";"20,5";"22,1";"20,5";"916,5";"916,5";"916,0";"2,2";"164,0";"3,4";"";"0,0"
"27/12/2025";"0200";"";"";"";"";"";"";"";"";"";"";"";"";"";"";"";"";""
"27/12/2025";"0300";"22,3";"23,0";"22,1";"89,0";"92,0";"83,0";"20,3";"20,8";"19,9";"916,4";"916,7";"916,4";"0,1";"168,0";"3,4";"";"0,0"
"27/12/2025";"0400";"22,1";"22,5";"21,9";"90,0";"94,0";"85,0";"20,3";"20,8";"19,9";"915,5";"916,4";"915,5";"1,7";"157,0";"3,2";"";"0,0"
"27/12/2025";"0500";"22,0";"22,6";"21,8";"89,0";"91,0";"84,0";"20,0";"20,4";"19,7";"915,1";"915,5";"915,0";"1,0";"153,0";"3,1";"";"0,0"
"27/12/2025";"0600";"21,7";"22,1";"21,5";"94,0";"100,0";"89,0";"20,8";"21,7";"20,1";"915,2";"915,2";"915,0";"0,4";"196,0";"3,5";"";"0,0"
"27/12/2025";"0700";"21,6";"22,0";"21,2";"100,0";"100,0";"89,0";"21,6";"21,6";"20,1";"915,6";"915,6";"915,2";"0,8";"148,0";"3,7";"";"0,0"
"27/12/2025";"0800";"22,2";"22,3";"21,5";"90,0";"100,0";"89,0";"20,4";"21,8";"20,3";"916,1";"916,1";"915,5";"2,4";"169,0";"3,6";"";"0,0"
"27/12/2025";"0900";"22,0";"22,3";"21,9";"97,0";"98,0";"88,0";"21,6";"21,7";"20,1";"917,0";"917,0";"916,1";"2,1";"173,0";"3,8";"16,10";"0,0"
"27/12/2025";"1000";"22,6";"22,6";"22,0";"90,0";"100,0";"89,0";"20,8";"22,2";"20,8";"917,8";"917,8";"917,0";"0,0";"61,0";"3,0";"188,90";"0,0"
"27/12/2025";"1100";"23,7";"23,7";"22,6";"84,0";"98,0";"84,0";"20,8";"22,3";"20,4";"917,7";"918,1";"917,7";"1,4";"45,0";"2,9";"833,10";"0,0"
"27/12/2025";"1200";"27,1";"27,3";"23,6";"61,0";"84,0";"61,0";"19,0";"21,5";"18,9";"918,2";"918,2";"917,6";"1,9";"47,0";"4,2";"2300,60";"0,0"
"27/12/2025";"1300";"29,0";"29,8";"27,0";"54,0";"63,0";"53,0";"18,8";"20,1";"18,2";"917,8";"918,2";"917,8";"1,6";"18,0";"5,7";"2790,40";"0,0"
"27/12/2025";"1400";"29,8";"30,0";"28,7";"55,0";"58,0";"52,0";"19,8";"19,8";"18,3";"917,4";"917,8";"917,3";"1,9";"32,0";"5,9";"3081,20";"0,0"
"27/12/2025";"1500";"31,1";"31,5";"29,8";"49,0";"56,0";"48,0";"19,2";"20,7";"18,5";"916,9";"917,4";"916,9";"1,4";"25,0";"6,2";"3588,20";"0,0"
"27/12/2025";"1600";"32,3";"32,5";"31,1";"44,0";"51,0";"42,0";"18,5";"19,5";"17,4";"916,4";"916,9";"916,4";"2,5";"296,0";"5,5";"3144,50";"0,0"
"27/12/2025";"1700";"32,1";"32,9";"31,6";"43,0";"46,0";"40,0";"17,8";"19,0";"16,7";"915,7";"916,4";"915,7";"1,4";"285,0";"6,1";"2877,30";"0,0"
"27/12/2025";"1800";"33,0";"33,2";"31,4";"44,0";"47,0";"40,0";"19,1";"19,1";"17,4";"914,6";"915,7";"914,6";"2,7";"264,0";"7,1";"2902,20";"0,0"
"27/12/2025";"1900";"33,0";"34,2";"32,3";"39,0";"45,0";"39,0";"17,2";"19,7";"17,2";"914,1";"914,6";"913,8";"1,5";"298,0";"5,9";"2466,40";"0,0"
"27/12/2025";"2000";"33,2";"34,0";"32,9";"42,0";"42,0";"35,0";"18,5";"18,5";"15,9";"913,9";"914,1";"913,5";"2,8";"283,0";"5,8";"1937,00";"0,0"
"27/12/2025";"2100";"28,1";"33,5";"27,5";"56,0";"59,0";"38,0";"18,4";"18,9";"17,0";"915,3";"915,4";"913,9";"2,9";"182,0";"10,5";"513,20";"0,0"
"27/12/2025";"2200";"25,3";"28,1";"25,2";"68,0";"72,0";"53,0";"18,8";"20,0";"17,7";"915,9";"916,2";"915,3";"0,1";"107,0";"7,6";"11,60";"0,0"
"27/12/2025";"2300";"23,8";"25,4";"23,8";"74,0";"79,0";"67,0";"18,9";"20,8";"18,4";"916,8";"916,8";"915,9";"3,3";"285,0";"6,7";"0,60";"0,0"
"28/12/2025";"0000";"23,2";"23,8";"23,1";"78,0";"80,0";"73,0";"19,3";"19,4";"18,5";"916,6";"916,8";"916,4";"0,1";"37,0";"6,7";"";"0,0"
"28/12/2025";"0100";"22,6";"23,3";"22,6";"81,0";"81,0";"76,0";"19,2";"19,5";"18,8";"916,4";"916,6";"916,3";"0,2";"126,0";"3,1";"";"0,0"
"28/12/2025";"0200";"";"";"";"";"";"";"";"";"";"";"";"";"";"";"";"";""
"28/12/2025";"0300";"22,7";"23,2";"22,4";"85,0";"94,0";"79,0";"20,1";"21,4";"19,3";"915,7";"916,3";"915,7";"1,0";"201,0";"2,1";"";"0,0"
"28/12/2025";"0400";"21,9";"23,0";"21,6";"96,0";"100,0";"83,0";"21,2";"21,7";"19,8";"915,3";"915,7";"915,2";"2,0";"154,0";"3,5";"";"0,0"
"28/12/2025";"0500";"22,1";"22,1";"21,4";"90,0";"100,0";"90,0";"20,4";"21,6";"20,4";"915,2";"915,4";"915,1";"0,4";"180,0";"3,5";"";"0,0"
"28/12/2025";"0600";"21,4";"22,2";"21,4";"100,0";"100,0";"90,0";"21,4";"21,6";"20,4";"914,8";"915,2";"914,8";"0,0";"161,0";"2,0";"";"0,0"
"28/12/2025";"0700";"21,2";"21,4";"20,8";"100,0";"100,0";"100,0";"21,2";"21,3";"20,8";"914,4";"914,8";"914,4";"0,1";"208,0";"1,5";"";"0,0"
"28/12/2025";"0800";"20,9";"21,3";"20,9";"100,0";"100,0";"100,0";"20,9";"21,3";"20,8";"914,7";"914,7";"914,3";"1,7";"173,0";"2,5";"";"0,0"
"28/12/2025";"0900";"21,4";"21,4";"20,7";"90,0";"100,0";"90,0";"19,6";"20,9";"19,6";"915,4";"915,4";"914,7";"2,0";"181,0";"3,5";"58,50";"0,0"
"28/12/2025";"1000";"23,2";"23,2";"21,4";"82,0";"97,0";"82,0";"20,0";"21,2";"19,6";"916,1";"916,2";"915,5";"2,7";"146,0";"5,9";"624,40";"0,2"
"28/12/2025";"1100";"25,3";"25,4";"23,2";"71,0";"84,0";"70,0";"19,6";"20,6";"19,3";"916,1";"916,3";"916,0";"2,4";"144,0";"5,3";"1438,40";"0,0"
"28/12/2025";"1200";"26,7";"26,7";"25,0";"67,0";"72,0";"66,0";"20,1";"20,4";"19,3";"916,2";"916,4";"916,1";"2,2";"139,0";"5,4";"2270,30";"0,0"
"28/12/2025";"1300";"28,8";"28,8";"26,6";"58,0";"67,0";"58,0";"19,6";"20,6";"19,1";"915,6";"916,3";"915,6";"0,9";"110,0";"4,1";"2991,00";"0,0"
"28/12/2025";"1400";"30,8";"30,8";"28,2";"48,0";"60,0";"48,0";"18,5";"20,6";"18,3";"915,1";"915,6";"915,1";"1,4";"14,0";"4,5";"3498,50";"0,0"
"28/12/2025";"1500";"32,3";"32,8";"30,5";"41,0";"48,0";"40,0";"17,2";"19,1";"16,9";"914,8";"915,1";"914,8";"1,3";"13,0";"4,7";"3775,20";"0,0"
"28/12/2025";"1600";"32,9";"34,2";"32,3";"41,0";"45,0";"36,0";"17,8";"19,2";"16,9";"914,2";"914,8";"914,2";"2,2";"303,0";"6,9";"3607,10";"0,0"
"28/12/2025";"1700";"34,1";"34,4";"32,9";"36,0";"43,0";"34,0";"16,9";"19,1";"16,1";"913,3";"914,3";"913,3";"2,1";"306,0";"6,9";"3765,40";"0,0"
"28/12/2025";"1800";"32,9";"34,5";"32,8";"35,0";"38,0";"34,0";"15,5";"17,7";"15,1";"912,6";"913,4";"912,6";"0,4";"228,0";"6,3";"2263,60";"0,0"
"28/12/2025";"1900";"32,6";"33,0";"31,7";"39,0";"45,0";"35,0";"16,8";"18,2";"15,5";"912,0";"912,6";"912,0";"0,8";"160,0";"4,1";"674,50";"0,0"
"28/12/2025";"2000";"30,3";"32,6";"30,2";"52,0";"53,0";"39,0";"19,2";"19,6";"16,9";"911,8";"912,0";"911,8";"1,2";"107,0";"5,9";"689,40";"0,0"
"28/12/2025";"2100";"29,7";"30,3";"29,7";"54,0";"54,0";"51,0";"19,3";"19,3";"18,9";"912,2";"912,2";"911,8";"0,4";"152,0";"4,0";"216,10";"0,0"
"28/12/2025";"2200";"26,4";"29,7";"26,4";"59,0";"60,0";"54,0";"17,8";"20,0";"17,6";"914,1";"914,1";"912,2";"4,7";"235,0";"10,0";"44,90";"0,0"
"28/12/2025";"2300";"23,7";"26,4";"23,4";"73,0";"77,0";"59,0";"18,7";"19,2";"17,9";"914,6";"914,9";"914,1";"2,8";"234,0";"10,0";"";"0,0"
"29/12/2025";"0000";"23,3";"23,8";"23,2";"77,0";"78,0";"73,0";"19,1";"19,2";"18,6";"915,0";"915,0";"914,3";"0,0";"132,0";"5,6";"";"0,0"
"29/12/2025";"0100";"";"";"";"";"";"";"";"";"";"";"";"";"";"";"";"";""
"29/12/2025";"0200";"22,1";"23,1";"22,1";"84,0";"84,0";"78,0";"19,3";"19,3";"18,9";"915,9";"916,2";"915,9";"0,4";"321,0";"7,7";"";"0,0"
"29/12/2025";"0300";"22,0";"22,4";"22,0";"85,0";"86,0";"82,0";"19,3";"19,4";"19,1";"915,3";"916,0";"915,2";"1,2";"25,0";"3,0";"";"0,0"
"29/12/2025";"0400";"21,7";"22,0";"21,6";"88,0";"91,0";"85,0";"19,7";"20,0";"19,3";"914,8";"915,4";"914,7";"0,3";"36,0";"3,0";"";"0,0"
"29/12/2025";"0500";"22,1";"22,2";"21,4";"87,0";"97,0";"86,0";"19,9";"21,0";"19,5";"914,2";"914,8";"914,2";"0,1";"79,0";"3,9";"";"0,0"
"29/12/2025";"0600";"21,7";"22,3";"21,6";"99,0";"100,0";"87,0";"21,6";"21,7";"19,9";"913,8";"914,4";"913,8";"0,4";"151,0";"2,0";"";"0,0"
"29/12/2025";"0700";"22,0";"22,2";"21,6";"92,0";"100,0";"90,0";"20,7";"21,6";"20,4";"913,4";"913,8";"913,2";"1,6";"171,0";"3,6";"";"0,0"
"29/12/2025";"0800";"22,4";"22,4";"21,9";"89,0";"94,0";"89,0";"20,6";"21,0";"20,5";"914,8";"914,8";"913,4";"1,3";"264,0";"5,1";"";"0,0"
"29/12/2025";"0900";"21,3";"22,5";"21,2";"100,0";"100,0";"88,0";"21,3";"21,6";"20,4";"915,7";"915,7";"914,8";"1,6";"304,0";"3,9";"28,70";"0,0"
"29/12/2025";"1000";"21,7";"21,7";"21,2";"100,0";"100,0";"100,0";"21,7";"21,7";"21,1";"916,2";"916,2";"915,7";"1,9";"287,0";"6,0";"404,80";"0,0"
"29/12/2025";"1100";"21,6";"21,9";"21,3";"100,0";"100,0";"98,0";"21,6";"21,8";"21,4";"916,3";"916,5";"916,2";"0,4";"349,0";"4,6";"425,30";"0,0"
"29/12/2025";"1200";"23,0";"23,4";"21,6";"92,0";"100,0";"86,0";"21,6";"22,1";"20,7";"916,5";"916,5";"916,3";"1,4";"310,0";"2,8";"887,30";"0,0"
"29/12/2025";"1300";"24,6";"24,8";"22,8";"77,0";"92,0";"77,0";"20,3";"21,8";"20,3";"916,1";"916,7";"916,1";"1,7";"251,0";"4,4";"2072,80";"0,0"
"29/12/2025";"1400";"26,5";"27,0";"24,4";"67,0";"80,0";"67,0";"19,8";"21,2";"19,8";"915,5";"916,1";"915,5";"1,4";"272,0";"4,2";"2321,60";"0,0"
"29/12/2025";"1500";"28,3";"28,9";"26,4";"59,0";"68,0";"58,0";"19,4";"21,0";"19,4";"915,1";"915,6";"915,1";"1,1";"110,0";"4,3";"3377,90";"0,0"
"29/12/2025";"1600";"30,4";"30,9";"28,3";"53,0";"60,0";"51,0";"19,9";"20,8";"19,1";"914,6";"915,1";"914,6";"0,6";"338,0";"4,1";"3644,50";"0,0"
"29/12/2025";"1700";"30,8";"31,6";"29,8";"52,0";"55,0";"49,0";"19,8";"20,6";"18,6";"913,7";"914,6";"913,7";"0,6";"119,0";"3,9";"2821,90";"0,0"
"29/12/2025";"1800";"31,0";"31,1";"30,1";"50,0";"54,0";"49,0";"19,4";"19,9";"18,8";"912,5";"913,7";"912,5";"0,6";"105,0";"3,6";"1425,90";"0,0"
"29/12/2025";"1900";"31,2";"31,7";"30,5";"50,0";"53,0";"48,0";"19,6";"20,6";"18,9";"911,6";"912,5";"911,5";"0,1";"82,0";"3,1";"1480,60";"0,0"
"29/12/2025";"2000";"31,8";"32,4";"31,2";"47,0";"50,0";"45,0";"19,3";"19,9";"18,7";"911,4";"911,6";"911,3";"1,5";"101,0";"3,6";"1850,50";"0,0"
"29/12/2025";"2100";"21,5";"31,9";"21,3";"78,0";"78,0";"47,0";"17,4";"21,3";"17,3";"912,5";"913,0";"911,4";"6,9";"154,0";"18,3";"854,60";"11,2"
"29/12/2025";"2200";"24,4";"25,7";"21,6";"74,0";"78,0";"54,0";"19,5";"19,9";"15,6";"913,0";"913,0";"912,0";"1,8";"177,0";"18,3";"430,40";"2,4"
"29/12/2025";"2300";"22,6";"24,8";"22,6";"91,0";"91,0";"69,0";"21,0";"21,0";"18,7";"913,8";"914,0";"913,1";"0,9";"92,0";"6,1";"1,50";"0,2"
"30/12/2025";"0000";"";"";"";"";"";"";"";"";"";"";"";"";"";"";"";"";""
"30/12/2025";"0100";"23,0";"23,1";"22,5";"100,0";"100,0";"95,0";"23,0";"23,1";"22,0";"914,4";"914,6";"914,0";"1,5";"153,0";"3,4";"";"0,0"
"30/12/2025";"0200";"23,1";"23,3";"22,9";"100,0";"100,0";"100,0";"23,1";"23,3";"22,9";"914,8";"914,8";"914,3";"1,9";"163,0";"4,8";"";"0,0"
"30/12/2025";"0300";"23,2";"23,4";"23,0";"100,0";"100,0";"94,0";"23,2";"23,3";"22,3";"914,7";"915,4";"914,7";"2,2";"163,0";"4,6";"";"0,0"
"30/12/2025";"0400";"22,4";"23,2";"22,4";"100,0";"100,0";"100,0";"22,4";"23,2";"22,4";"914,2";"914,7";"914,0";"2,0";"151,0";"3,9";"";"0,0"
"30/12/2025";"0500";"22,6";"22,6";"22,3";"100,0";"100,0";"100,0";"22,6";"22,6";"22,3";"914,6";"914,6";"914,1";"1,4";"225,0";"3,7";"";"0,0"
"30/12/2025";"0600";"21,9";"22,7";"21,9";"100,0";"100,0";"100,0";"21,9";"22,7";"21,9";"915,0";"915,0";"914,2";"0,6";"60,0";"6,1";"";"7,2"
"30/12/2025";"0700";"20,7";"21,9";"20,3";"100,0";"";"";"20,7";"";"";"915,0";"915,2";"914,9";"1,2";"62,0";"4,6";"";"9,0"
"30/12/2025";"0800";"20,6";"20,8";"20,4";"";"100,0";"92,0";"";"20,7";"19,2";"914,9";"915,0";"914,6";"1,7";"154,0";"3,2";"";"0,0"
"30/12/2025";"0900";"20,4";"20,6";"20,2";"100,0";"100,0";"100,0";"20,3";"20,5";"20,2";"915,7";"915,7";"914,9";"0,8";"142,0";"3,9";"9,10";"0,0"
"30/12/2025";"1000";"20,7";"20,7";"20,2";"100,0";"100,0";"100,0";"20,7";"20,7";"20,2";"916,3";"916,3";"915,7";"1,5";"136,0";"3,7";"181,20";"0,0"
"30/12/2025";"1100";"22,8";"22,9";"20,7";"83,0";"100,0";"82,0";"19,7";"22,0";"19,7";"916,5";"916,6";"916,3";"0,6";"108,0";"3,5";"797,70";"0,0"
"30/12/2025";"1200";"25,1";"25,4";"22,8";"71,0";"83,0";"68,0";"19,4";"20,7";"18,2";"916,7";"916,7";"916,4";"0,9";"192,0";"4,1";"2325,80";"0,0"
"30/12/2025";"1300";"27,6";"27,7";"24,9";"62,0";"73,0";"60,0";"19,6";"21,2";"18,8";"916,7";"916,8";"916,6";"0,4";"167,0";"4,1";"3054,60";"0,0"
"30/12/2025";"1400";"29,0";"29,0";"27,6";"55,0";"66,0";"54,0";"19,0";"21,0";"18,4";"916,3";"916,7";"916,3";"1,8";"44,0";"4,3";"3411,70";"0,0"
"30/12/2025";"1500";"30,2";"30,4";"28,8";"50,0";"56,0";"49,0";"18,7";"20,0";"17,7";"916,0";"916,3";"916,0";"2,3";"305,0";"5,7";"3805,40";"0,0"
"30/12/2025";"1600";"30,8";"31,6";"30,1";"48,0";"55,0";"46,0";"18,6";"20,0";"17,3";"915,2";"916,0";"915,2";"2,5";"296,0";"5,7";"3664,50";"0,0"
"30/12/2025";"1700";"31,9";"32,3";"30,5";"46,0";"51,0";"44,0";"18,9";"20,1";"17,1";"914,5";"915,2";"914,5";"1,9";"282,0";"5,8";"3781,00";"0,0"
"30/12/2025";"1800";"32,1";"32,3";"31,0";"45,0";"52,0";"42,0";"18,7";"20,9";"17,5";"913,7";"914,5";"913,7";"3,2";"291,0";"6,6";"2917,50";"0,0"
"30/12/2025";"1900";"30,7";"32,7";"30,7";"47,0";"49,0";"41,0";"18,0";"19,6";"17,7";"913,1";"913,7";"913,1";"3,5";"289,0";"6,9";"2302,80";"0,0"
"30/12/2025";"2000";"31,9";"32,2";"30,7";"45,0";"48,0";"43,0";"18,4";"19,3";"17,9";"912,6";"913,2";"912,5";"2,6";"305,0";"6,9";"1674,30";"0,0"
"30/12/2025";"2100";"30,5";"31,9";"30,5";"49,0";"50,0";"44,0";"18,6";"18,9";"18,0";"913,4";"913,5";"912,6";"2,2";"285,0";"6,8";"827,50";"0,0"
"30/12/2025";"2200";"29,3";"30,5";"29,3";"53,0";"53,0";"49,0";"18,7";"19,0";"18,5";"913,6";"913,6";"913,2";"1,6";"293,0";"4,7";"128,80";"0,0"
"30/12/2025";"2300";"27,3";"29,3";"27,3";"64,0";"64,0";"53,0";"20,0";"20,1";"18,7";"914,3";"914,3";"913,6";"0,2";"180,0";"3,3";"";"0,0"
"31/12/2025";"0000";"";"";"";"";"";"";"";"";"";"";"";"";"";"";"";"";""
"31/12/2025";"0100";"25,0";"25,7";"24,9";"77,0";"80,0";"76,0";"20,6";"21,6";"20,5";"915,8";"915,9";"915,1";"2,1";"168,0";"4,8";"";"0,0"
"31/12/2025";"0200";"24,3";"25,0";"24,2";"78,0";"80,0";"77,0";"20,3";"20,7";"20,1";"916,4";"916,4";"915,8";"2,2";"194,0";"4,8";"";"0,0"
"31/12/2025";"0300";"";"";"";"";"";"";"";"";"";"";"";"";"";"";"";"";""
"31/12/2025";"0400";"22,7";"23,6";"22,6";"85,0";"85,0";"81,0";"20,0";"20,4";"19,5";"915,9";"916,4";"915,8";"1,2";"177,0";"6,0";"";"0,0"
"31/12/2025";"0500";"21,9";"22,7";"21,9";"100,0";"100,0";"85,0";"21,8";"21,9";"19,9";"915,2";"915,9";"915,2";"0,1";"90,0";"3,7";"";"0,0"
"31/12/2025";"0600";"21,8";"22,1";"21,7";"100,0";"100,0";"95,0";"21,8";"21,9";"21,1";"915,2";"915,3";"915,2";"0,1";"146,0";"1,8";"";"0,0"
"31/12/2025";"0700";"";"";"";"";"";"";"";"";"";"";"";"";"";"";"";"";""
"31/12/2025";"0800";"";"";"";"";"";"";"";"";"";"";"";"";"";"";"";"";""
"31/12/2025";"0900";"21,7";"21,7";"21,4";"100,0";"100,0";"100,0";"21,7";"21,7";"21,4";"916,4";"916,4";"915,3";"0,4";"10,0";"2,1";"39,50";"0,0"
"31/12/2025";"1000";"22,8";"22,8";"21,6";"89,0";"100,0";"89,0";"20,9";"21,9";"20,8";"917,4";"917,4";"916,4";"2,0";"327,0";"4,2";"430,70";"0,0"
"31/12/2025";"1100";"24,0";"24,3";"22,8";"82,0";"89,0";"81,0";"20,8";"21,2";"20,2";"917,9";"918,0";"917,4";"1,7";"16,0";"4,8";"1261,60";"0,0"
"31/12/2025";"1200";"24,4";"25,1";"23,9";"76,0";"83,0";"69,0";"19,8";"21,0";"18,8";"918,7";"918,8";"917,9";"2,4";"342,0";"5,8";"1033,30";"0,0"
"31/12/2025";"1300";"24,6";"24,9";"24,1";"75,0";"79,0";"73,0";"19,9";"20,3";"19,4";"918,3";"918,7";"918,3";"2,9";"9,0";"5,2";"1136,00";"0,0"
"31/12/2025";"1400";"25,6";"25,8";"24,6";"65,0";"75,0";"65,0";"18,5";"20,0";"18,4";"918,1";"918,4";"918,1";"2,1";"41,0";"5,9";"2089,70";"0,0"
"31/12/2025";"1500";"25,9";"26,3";"25,5";"68,0";"70,0";"64,0";"19,5";"20,2";"18,5";"917,9";"918,1";"917,9";"2,0";"82,0";"5,2";"2171,80";"0,0"
"31/12/2025";"1600";"28,1";"28,5";"25,6";"60,0";"70,0";"60,0";"19,6";"20,7";"19,3";"917,1";"917,9";"917,0";"1,9";"60,0";"4,4";"2606,00";"0,0"
"31/12/2025";"1700";"28,3";"28,9";"27,4";"60,0";"64,0";"54,0";"19,8";"20,4";"18,2";"915,7";"917,1";"915,7";"1,5";"62,0";"5,8";"2385,70";"0,0"
"31/12/2025";"1800";"29,6";"30,7";"27,7";"48,0";"60,0";"45,0";"17,6";"19,6";"16,8";"914,5";"915,7";"914,5";"2,3";"350,0";"5,9";"2608,20";"0,0"
"31/12/2025";"1900";"30,2";"30,6";"29,1";"48,0";"50,0";"46,0";"17,9";"18,7";"16,9";"913,4";"914,5";"913,4";"2,7";"1,0";"5,8";"2308,90";"0,0"
"31/12/2025";"2000";"29,9";"31,0";"29,7";"49,0";"50,0";"45,0";"18,1";"18,7";"17,4";"913,5";"913,5";"913,1";"3,3";"293,0";"7,1";"1757,50";"0,0"
"31/12/2025";"2100";"28,1";"30,2";"28,1";"56,0";"56,0";"48,0";"18,5";"18,6";"17,6";"914,7";"914,7";"913,5";"2,2";"304,0";"7,1";"389,50";"0,0"
"31/12/2025";"2200";"26,8";"28,1";"26,8";"61,0";"61,0";"56,0";"18,5";"18,9";"18,4";"914,9";"914,9";"914,6";"2,3";"302,0";"6,9";"82,50";"0,0"
"31/12/2025";"2300";"26,1";"26,8";"26,1";"64,0";"64,0";"61,0";"18,7";"18,8";"18,5";"915,5";"915,5";"914,9";"1,2";"323,0";"5,3";"";"0,0"
"01/01/2026";"0000";"25,6";"26,1";"25,6";"65,0";"66,0";"63,0";"18,6";"18,7";"18,4";"915,8";"915,8";"915,4";"0,1";"324,0";"3,6";"";"0,0"
"01/01/2026";"0100";"";"";"";"";"";"";"";"";"";"";"";"";"";"";"";"";""
"01/01/2026";"0200";"";"";"";"";"";"";"";"";"";"";"";"";"";"";"";"";""
"01/01/2026";"0300";"";"";"";"";"";"";"";"";"";"";"";"";"";"";"";"";""
"01/01/2026";"0400";"21,3";"21,7";"21,1";"100,0";"100,0";"98,0";"21,3";"21,7";"21,1";"915,3";"916,0";"915,3";"0,0";"101,0";"1,7";"";"0,0"
"01/01/2026";"0500";"21,3";"21,5";"21,2";"100,0";"100,0";"100,0";"21,3";"21,5";"21,2";"914,6";"915,3";"914,6";"0,0";"354,0";"1,3";"";"0,0"
"01/01/2026";"0600";"21,2";"21,5";"21,1";"100,0";"100,0";"100,0";"21,2";"21,5";"21,1";"914,8";"914,8";"914,6";"1,2";"325,0";"3,6";"";"0,2"
"01/01/2026";"0700";"21,0";"21,3";"21,0";"100,0";"100,0";"100,0";"21,0";"21,3";"21,0";"914,8";"914,9";"914,8";"3,0";"300,0";"5,6";"";"0,0"
"01/01/2026";"0800";"21,2";"21,2";"20,9";"100,0";"100,0";"100,0";"21,2";"21,2";"20,9";"914,6";"914,8";"914,6";"0,7";"335,0";"6,8";"0,70";"0,0"
"01/01/2026";"0900";"21,2";"21,2";"21,0";"100,0";"100,0";"100,0";"21,2";"21,2";"21,0";"914,6";"914,7";"914,5";"1,2";"355,0";"4,4";"10,40";"0,0"
"01/01/2026";"1000";"21,5";"21,5";"21,1";"100,0";"100,0";"100,0";"21,5";"21,5";"21,1";"914,8";"914,8";"914,6";"0,6";"359,0";"4,0";"125,10";"0,0"
"01/01/2026";"1100";"22,9";"23,0";"21,4";"87,0";"100,0";"85,0";"20,6";"21,7";"20,2";"915,0";"915,0";"914,7";"1,9";"3,0";"3,4";"772,60";"0,0"
"01/01/2026";"1200";"24,0";"24,0";"22,7";"80,0";"89,0";"80,0";"20,4";"21,3";"20,2";"915,4";"915,4";"915,0";"1,5";"316,0";"4,2";"991,90";"0,0"
"01/01/2026";"1300";"25,5";"25,9";"23,9";"70,0";"81,0";"69,0";"19,7";"21,1";"19,2";"915,3";"915,5";"915,3";"2,3";"348,0";"5,4";"2161,20";"0,0"
"01/01/2026";"1400";"27,2";"28,2";"25,3";"61,0";"71,0";"59,0";"19,1";"20,5";"18,8";"915,0";"915,3";"915,0";"3,3";"345,0";"6,6";"3346,20";"0,0"
"01/01/2026";"1500";"27,7";"29,4";"27,0";"55,0";"64,0";"53,0";"17,8";"20,0";"17,8";"914,5";"915,0";"914,5";"3,1";"297,0";"7,1";"3112,40";"0,0"
"01/01/2026";"1600";"28,1";"28,6";"27,0";"59,0";"61,0";"55,0";"19,3";"19,5";"17,8";"913,8";"914,5";"913,8";"3,7";"301,0";"9,0";"1827,70";"0,0"
"01/01/2026";"1700";"29,3";"29,8";"28,0";"55,0";"60,0";"51,0";"19,2";"19,7";"17,7";"912,7";"913,8";"912,7";"3,6";"312,0";"9,0";"3295,40";"0,0"
"01/01/2026";"1800";"29,6";"30,1";"29,3";"49,0";"55,0";"49,0";"17,8";"19,8";"17,8";"912,0";"912,7";"911,9";"4,3";"305,0";"10,3";"3309,50";"0,0"
"01/01/2026";"1900";"30,2";"30,7";"29,0";"49,0";"53,0";"47,0";"18,2";"18,9";"17,8";"910,8";"912,0";"910,8";"2,7";"332,0";"10,3";"2437,20";"0,0"
"01/01/2026";"2000";"29,8";"30,4";"28,6";"51,0";"54,0";"48,0";"18,5";"19,1";"17,8";"910,7";"910,8";"910,6";"3,0";"315,0";"8,0";"1527,00";"0,0"
"01/01/2026";"2100";"26,8";"29,9";"26,8";"60,0";"61,0";"50,0";"18,3";"19,8";"18,0";"911,4";"911,4";"910,7";"2,2";"354,0";"8,2";"904,00";"0,0"
"01/01/2026";"2200";"26,0";"26,8";"25,9";"64,0";"64,0";"59,0";"18,6";"18,6";"18,1";"911,7";"911,7";"911,2";"1,3";"3,0";"4,8";"115,20";"0,0"
"01/01/2026";"2300";"25,3";"26,0";"25,3";"67,0";"68,0";"64,0";"18,7";"19,0";"18,5";"912,0";"912,1";"911,5";"1,1";"2,0";"3,1";"";"0,0"
"02/01/2026";"0000";"25,0";"25,3";"24,9";"69,0";"70,0";"67,0";"19,0";"19,1";"18,6";"912,3";"912,3";"911,9";"0,4";"330,0";"3,4";"";"0,0"
"02/01/2026";"0100";"21,0";"25,1";"20,6";"92,0";"95,0";"69,0";"19,6";"20,5";"18,1";"913,3";"913,4";"912,2";"2,2";"322,0";"13,6";"1,50";"4,6"
"02/01/2026";"0200";"20,9";"21,0";"20,5";"100,0";"100,0";"92,0";"20,9";"20,9";"19,9";"914,2";"914,2";"913,3";"3,4";"293,0";"7,7";"";"3,2"
"02/01/2026";"0300";"20,4";"21,0";"20,4";"100,0";"100,0";"100,0";"20,4";"20,9";"20,4";"913,6";"914,4";"913,6";"1,9";"330,0";"7,3";"";"3,4"
"02/01/2026";"0400";"20,1";"20,6";"20,1";"100,0";"";"";"20,1";"";"";"913,0";"913,6";"913,0";"1,4";"345,0";"5,2";"";"1,4"
"02/01/2026";"0500";"19,9";"20,2";"19,9";"100,0";"100,0";"99,0";"19,9";"20,2";"19,9";"912,1";"913,0";"912,1";"2,5";"7,0";"5,0";"";"0,4"
"02/01/2026";"0600";"19,9";"20,0";"19,7";"100,0";"100,0";"100,0";"19,9";"19,9";"19,7";"911,7";"912,1";"911,6";"1,7";"342,0";"5,0";"";"0,2"
"02/01/2026";"0700";"20,0";"20,1";"19,9";"100,0";"100,0";"100,0";"20,0";"20,1";"19,9";"911,4";"911,7";"911,4";"2,4";"357,0";"4,9";"";"0,0"
"02/01/2026";"0800";"19,8";"20,1";"19,8";"100,0";"100,0";"100,0";"19,8";"20,1";"19,8";"911,1";"911,4";"911,1";"0,9";"8,0";"5,2";"";"0,2"
"02/01/2026";"0900";"20,0";"20,0";"19,8";"100,0";"100,0";"100,0";"20,0";"20,0";"19,8";"911,6";"911,6";"911,1";"1,2";"360,0";"3,6";"28,40";"0,2"
"02/01/2026";"1000";"21,0";"21,0";"20,0";"100,0";"100,0";"100,0";"21,0";"21,0";"20,0";"912,0";"912,0";"911,6";"1,1";"3,0";"3,6";"265,00";"0,0"
"02/01/2026";"1100";"22,1";"22,1";"21,0";"91,0";"100,0";"91,0";"20,6";"21,5";"20,3";"912,2";"912,2";"911,9";"1,4";"345,0";"3,5";"638,60";"0,0"
"02/01/2026";"1200";"23,7";"23,7";"22,0";"77,0";"93,0";"76,0";"19,4";"21,1";"19,0";"912,4";"912,4";"912,2";"2,8";"329,0";"6,7";"1106,50";"0,0"
"02/01/2026";"1300";"25,1";"25,7";"23,7";"70,0";"78,0";"68,0";"19,2";"20,2";"18,6";"912,5";"912,6";"912,4";"3,2";"321,0";"7,5";"2136,90";"0,0"
"02/01/2026";"1400";"26,0";"26,3";"24,8";"67,0";"71,0";"64,0";"19,5";"19,5";"18,5";"912,3";"912,6";"912,3";"4,3";"327,0";"10,6";"2532,00";"0,0"
"02/01/2026";"1500";"26,0";"26,0";"24,1";"69,0";"81,0";"66,0";"19,7";"21,2";"18,7";"911,8";"912,3";"911,8";"3,8";"320,0";"8,6";"2113,00";"0,0"
"02/01/2026";"1600";"22,8";"27,1";"22,6";"100,0";"100,0";"65,0";"22,8";"23,1";"19,1";"910,9";"911,8";"910,9";"1,6";"309,0";"8,9";"1507,60";"3,4"
"02/01/2026";"1700";"27,3";"27,3";"22,8";"70,0";"100,0";"69,0";"21,3";"24,5";"20,0";"909,6";"910,9";"909,6";"2,5";"318,0";"5,9";"2879,60";"0,0"
"02/01/2026";"1800";"25,7";"27,8";"25,7";"77,0";"79,0";"63,0";"21,3";"22,0";"19,8";"909,0";"909,6";"909,0";"2,8";"333,0";"8,1";"1668,90";"0,0"
"02/01/2026";"1900";"22,6";"25,7";"22,6";"84,0";"90,0";"76,0";"19,7";"22,1";"19,7";"909,4";"909,5";"908,9";"4,4";"282,0";"11,6";"691,00";"0,0"
"02/01/2026";"2000";"21,3";"22,6";"20,7";"100,0";"100,0";"84,0";"21,3";"21,4";"20,0";"909,4";"909,5";"909,3";"0,6";"317,0";"11,6";"92,80";"9,4"
"02/01/2026";"2100";"20,8";"21,4";"20,8";"100,0";"100,0";"100,0";"20,8";"21,4";"20,8";"909,8";"909,9";"909,4";"2,1";"347,0";"5,6";"53,00";"1,8"
"02/01/2026";"2200";"20,3";"20,8";"20,3";"100,0";"100,0";"100,0";"20,3";"20,8";"20,3";"909,8";"909,9";"909,5";"0,6";"32,0";"6,6";"31,30";"0,8"
"02/01/2026";"2300";"20,3";"20,4";"20,1";"100,0";"100,0";"100,0";"20,3";"20,4";"20,1";"910,1";"910,2";"909,8";"1,3";"13,0";"2,8";"";"0,0"
"03/01/2026";"0000";"";"";"";"";"";"";"";"";"";"";"";"";"";"";"";"";""
"03/01/2026";"0100";"20,4";"20,6";"20,3";"100,0";"100,0";"100,0";"20,4";"20,6";"20,3";"910,9";"910,9";"910,4";"0,0";"275,0";"1,9";"";"0,0"
"03/01/2026";"0200";"20,6";"20,6";"20,2";"100,0";"100,0";"100,0";"20,6";"20,6";"20,2";"910,9";"911,2";"910,8";"0,0";"6,0";"1,2";"";"0,0"
"03/01/2026";"0300";"20,5";"20,6";"20,5";"100,0";"100,0";"100,0";"20,5";"20,6";"20,5";"910,8";"911,3";"910,8";"0,0";"32,0";"1,4";"";"0,0"
"03/01/2026";"0400";"20,4";"20,5";"20,3";"100,0";"100,0";"100,0";"20,4";"20,5";"20,3";"910,3";"910,9";"910,2";"0,1";"33,0";"1,5";"";"0,0"
"03/01/2026";"0500";"20,3";"20,5";"20,2";"100,0";"100,0";"100,0";"20,2";"20,5";"20,2";"910,0";"910,4";"909,9";"0,0";"348,0";"1,8";"";"0,0"
"03/01/2026";"0600";"20,3";"20,4";"20,2";"100,0";"100,0";"100,0";"20,3";"20,4";"20,2";"910,2";"910,2";"909,8";"0,4";"311,0";"2,3";"";"0,0"
"03/01/2026";"0700";"20,3";"20,4";"20,3";"100,0";"100,0";"100,0";"20,3";"20,4";"20,3";"910,6";"910,6";"910,2";"0,0";"344,0";"2,3";"";"0,0"
"03/01/2026";"0800";"20,4";"20,4";"20,3";"100,0";"100,0";"100,0";"20,4";"20,4";"20,3";"910,5";"910,6";"910,4";"1,0";"353,0";"2,7";"0,30";"0,0"
"03/01/2026";"0900";"20,3";"20,5";"20,3";"100,0";"100,0";"100,0";"20,3";"20,5";"20,3";"911,1";"911,1";"910,5";"0,7";"321,0";"3,4";"12,90";"0,0"
"03/01/2026";"1000";"20,7";"20,7";"20,3";"100,0";"100,0";"100,0";"20,6";"20,6";"20,3";"911,5";"911,5";"911,1";"0,5";"341,0";"2,7";"119,60";"0,0"
"03/01/2026";"1100";"23,1";"23,1";"20,6";"88,0";"100,0";"88,0";"20,9";"21,6";"20,6";"911,8";"911,8";"911,4";"2,2";"349,0";"4,6";"1091,90";"0,0"
"03/01/2026";"1200";"23,1";"23,6";"22,5";"81,0";"89,0";"80,0";"19,6";"21,4";"19,5";"912,2";"912,2";"911,8";"2,5";"336,0";"6,1";"1405,20";"0,0"
"03/01/2026";"1300";"24,5";"24,8";"22,8";"75,0";"85,0";"74,0";"19,8";"20,9";"19,1";"912,1";"912,2";"911,9";"2,7";"331,0";"7,1";"1805,50";"0,0"
"03/01/2026";"1400";"25,0";"25,6";"23,8";"72,0";"79,0";"69,0";"19,7";"20,3";"19,1";"912,2";"912,3";"912,1";"2,1";"326,0";"6,4";"2087,80";"0,0"
"03/01/2026";"1500";"27,9";"27,9";"24,6";"62,0";"75,0";"61,0";"20,1";"20,6";"18,9";"911,7";"912,2";"911,7";"2,2";"344,0";"7,9";"3585,50";"0,0"
"03/01/2026";"1600";"28,1";"28,5";"26,7";"59,0";"64,0";"57,0";"19,2";"20,2";"18,6";"911,3";"911,7";"911,2";"2,7";"312,0";"6,9";"3748,80";"0,0"
"03/01/2026";"1700";"27,8";"28,7";"27,4";"58,0";"63,0";"55,0";"18,8";"20,1";"18,3";"910,8";"911,3";"910,8";"4,2";"291,0";"7,5";"3098,70";"0,0"
"03/01/2026";"1800";"27,9";"28,7";"27,4";"59,0";"62,0";"57,0";"19,2";"20,3";"18,8";"910,4";"910,8";"910,3";"2,8";"300,0";"7,4";"2489,90";"0,0"
"03/01/2026";"1900";"27,5";"28,1";"27,2";"61,0";"63,0";"56,0";"19,2";"19,6";"18,3";"909,8";"910,4";"909,8";"2,8";"273,0";"7,2";"1477,10";"0,0"
"03/01/2026";"2000";"27,5";"28,4";"27,0";"59,0";"61,0";"57,0";"18,7";"19,6";"18,3";"909,3";"909,9";"909,3";"3,1";"258,0";"6,6";"1115,90";"0,0"
"03/01/2026";"2100";"26,9";"28,0";"26,9";"59,0";"60,0";"56,0";"18,1";"19,1";"17,8";"909,4";"909,5";"909,2";"2,5";"283,0";"5,9";"659,30";"0,0"
"03/01/2026";"2200";"26,0";"27,0";"26,0";"65,0";"65,0";"58,0";"18,8";"18,9";"18,1";"910,4";"910,4";"909,4";"1,3";"270,0";"5,0";"197,50";"0,0"
"03/01/2026";"2300";"23,9";"26,0";"23,9";"72,0";"75,0";"64,0";"18,5";"19,8";"18,5";"911,6";"911,6";"910,4";"4,1";"154,0";"10,2";"";"0,0"
"04/01/2026";"0000";"20,6";"23,9";"20,6";"73,0";"73,0";"65,0";"15,5";"18,5";"15,2";"911,9";"912,0";"911,6";"1,3";"152,0";"10,2";"";"0,0"
"04/01/2026";"0100";"20,5";"";"";"";"";"";"";"";"";"";"";"";"";"";"";"";""
"04/01/2026";"0200";"19,4";"20,4";"19,0";"82,0";"86,0";"75,0";"16,3";"16,7";"15,8";"912,4";"912,5";"912,0";"0,0";"154,0";"2,6";"";"0,0"
"04/01/2026";"0300";"19,5";"19,7";"19,3";"82,0";"";"";"";"";"";"";"";"";"";"";"";"";""
"04/01/2026";"0400";"19,0";"19,5";"18,8";"79,0";"86,0";"77,0";"15,2";"16,5";"15,0";"912,5";"912,5";"912,3";"2,4";"177,0";"4,5";"";"0,0"
"04/01/2026";"0500";"18,8";"19,2";"18,5";"87,0";"87,0";"79,0";"16,7";"16,7";"15,2";"912,2";"912,6";"912,2";"1,9";"162,0";"4,7";"";"0,0"
"04/01/2026";"0600";"18,3";"18,8";"18,3";"99,0";"99,0";"87,0";"18,1";"18,2";"16,4";"911,8";"912,2";"911,8";"0,0";"232,0";"2,6";"";"0,0"
"04/01/2026";"0700";"18,5";"18,5";"18,2";"100,0";"100,0";"97,0";"18,5";"18,5";"17,9";"911,6";"911,8";"911,3";"1,7";"188,0";"3,8";"";"0,0"
"04/01/2026";"0800";"17,9";"18,5";"17,9";"100,0";"100,0";"100,0";"17,9";"18,5";"17,9";"912,6";"912,6";"911,6";"0,6";"146,0";"3,5";"";"0,0"
"04/01/2026";"0900";"18,5";"18,5";"17,8";"100,0";"100,0";"100,0";"18,5";"18,5";"17,8";"913,0";"913,1";"912,6";"1,9";"151,0";"4,4";"43,80";"0,0"
"04/01/2026";"1000";"20,9";"21,0";"18,5";"93,0";"100,0";"91,0";"19,7";"20,4";"18,6";"913,6";"913,6";"913,0";"1,9";"148,0";"4,0";"547,30";"0,0"
"04/01/2026";"1100";"22,8";"23,0";"20,9";"77,0";"93,0";"77,0";"18,7";"20,0";"18,1";"913,9";"913,9";"913,6";"1,8";"127,0";"4,3";"1296,60";"0,0"
"04/01/2026";"1200";"23,2";"23,8";"22,1";"77,0";"83,0";"73,0";"18,8";"19,5";"18,4";"914,3";"914,3";"913,9";"2,5";"145,0";"5,2";"2034,40";"0,0"
"04/01/2026";"1300";"25,2";"25,7";"22,9";"63,0";"78,0";"62,0";"17,6";"19,6";"17,3";"914,6";"914,6";"914,3";"3,3";"148,0";"6,5";"2672,30";"0,0"
"04/01/2026";"1400";"27,5";"27,6";"24,8";"55,0";"68,0";"55,0";"17,6";"18,8";"17,4";"914,5";"914,6";"914,5";"1,9";"128,0";"6,5";"3311,90";"0,0"
"04/01/2026";"1500";"26,6";"27,5";"25,5";"58,0";"61,0";"53,0";"17,7";"18,4";"16,3";"914,2";"914,5";"914,2";"2,6";"146,0";"6,1";"3268,90";"0,0"
"04/01/2026";"1600";"26,7";"27,7";"26,4";"57,0";"59,0";"54,0";"17,4";"18,5";"16,7";"913,8";"914,2";"913,8";"3,6";"154,0";"7,5";"3659,50";"0,0"
"04/01/2026";"1700";"26,4";"27,8";"26,4";"58,0";"59,0";"52,0";"17,5";"18,2";"16,2";"913,6";"913,8";"913,6";"3,2";"164,0";"8,3";"3114,50";"0,0"
"04/01/2026";"1800";"27,1";"27,1";"26,1";"57,0";"61,0";"55,0";"17,7";"18,2";"16,7";"913,0";"913,7";"913,0";"4,3";"162,0";"7,9";"2583,20";"0,0"
"04/01/2026";"1900";"25,2";"27,1";"25,1";"63,0";"64,0";"55,0";"17,6";"18,1";"16,6";"912,9";"913,1";"912,8";"5,2";"168,0";"9,1";"2406,20";"0,0"
"04/01/2026";"2000";"24,1";"25,7";"24,0";"65,0";"66,0";"61,0";"17,1";"18,2";"17,0";"913,0";"913,1";"912,8";"5,9";"152,0";"11,7";"1761,30";"0,0"
"04/01/2026";"2100";"22,3";"24,1";"22,3";"71,0";"71,0";"65,0";"16,8";"17,3";"16,6";"913,8";"913,8";"913,0";"5,5";"159,0";"10,6";"742,60";"0,0"
"04/01/2026";"2200";"20,6";"22,2";"20,6";"78,0";"78,0";"71,0";"16,5";"16,9";"16,4";"914,6";"914,6";"913,8";"4,8";"145,0";"10,0";"202,10";"0,0"
"04/01/2026";"2300";"19,9";"20,6";"19,9";"81,0";"81,0";"77,0";"16,5";"16,5";"16,3";"915,4";"915,4";"914,6";"4,5";"144,0";"9,7";"";"0,0"
"05/01/2026";"0000";"18,7";"19,9";"18,7";"86,0";"86,0";"80,0";"16,4";"16,4";"16,0";"916,0";"916,0";"915,4";"5,5";"147,0";"11,5";"";"0,0"
"05/01/2026";"0100";"18,3";"18,8";"18,3";"90,0";"90,0";"86,0";"16,7";"16,8";"16,1";"916,5";"916,5";"915,9";"4,6";"143,0";"10,7";"";"0,0"
"05/01/2026";"0200";"";"";"";"";"";"";"";"";"";"";"";"";"";"";"";"";""
"05/01/2026";"0300";"18,3";"18,4";"18,2";"94,0";"95,0";"90,0";"17,3";"17,5";"16,7";"916,3";"916,6";"916,3";"4,5";"147,0";"10,0";"";"0,0"
"05/01/2026";"0400";"17,8";"18,3";"17,8";"100,0";"100,0";"93,0";"17,8";"18,0";"17,2";"916,0";"916,3";"916,0";"5,0";"154,0";"10,5";"";"0,0"
"05/01/2026";"0500";"17,7";"17,8";"17,6";"97,0";"100,0";"97,0";"17,3";"17,8";"17,3";"915,7";"916,0";"915,7";"4,6";"141,0";"10,0";"";"0,0"
"05/01/2026";"0600";"17,7";"17,7";"17,6";"97,0";"98,0";"96,0";"17,1";"17,4";"17,1";"915,7";"915,7";"915,6";"3,6";"142,0";"10,0";"";"0,0"
"05/01/2026";"0700";"17,5";"17,7";"17,5";"98,0";"98,0";"94,0";"17,1";"17,2";"16,7";"915,7";"915,7";"915,4";"4,0";"144,0";"8,9";"";"0,0"
"05/01/2026";"0800";"17,2";"17,6";"17,2";"100,0";"100,0";"98,0";"17,2";"17,5";"17,2";"915,6";"915,8";"915,6";"4,3";"148,0";"8,6";"";"0,0"
"05/01/2026";"0900";"17,5";"17,5";"17,1";"99,0";"100,0";"99,0";"17,3";"17,4";"17,1";"916,1";"916,1";"915,6";"4,7";"154,0";"9,4";"42,30";"0,0"
"05/01/2026";"1000";"17,7";"17,8";"17,5";"97,0";"100,0";"96,0";"17,3";"17,5";"17,2";"916,8";"916,8";"916,1";"5,4";"151,0";"9,3";"299,90";"0,0"
"05/01/2026";"1100";"18,4";"18,4";"17,7";"90,0";"98,0";"90,0";"16,7";"17,4";"16,6";"917,2";"917,2";"916,8";"5,1";"149,0";"9,9";"594,50";"0,0"
"05/01/2026";"1200";"20,0";"20,6";"18,4";"80,0";"90,0";"77,0";"16,5";"17,1";"15,9";"917,5";"917,6";"917,2";"5,1";"146,0";"11,0";"1828,50";"0,0"
"05/01/2026";"1300";"21,9";"22,1";"20,0";"70,0";"80,0";"69,0";"16,1";"16,9";"15,6";"917,5";"917,6";"917,5";"4,9";"144,0";"10,3";"3040,40";"0,0"
"05/01/2026";"1400";"22,3";"23,0";"21,8";"67,0";"70,0";"65,0";"16,0";"16,5";"15,4";"917,3";"917,5";"917,3";"5,9";"154,0";"11,4";"3491,80";"0,0"
"05/01/2026";"1500";"23,7";"23,8";"22,1";"64,0";"68,0";"62,0";"16,5";"16,7";"15,4";"917,1";"917,3";"917,0";"5,4";"145,0";"11,9";"3739,40";"0,0"
"05/01/2026";"1600";"23,2";"24,0";"22,7";"64,0";"66,0";"62,0";"16,0";"16,8";"15,6";"916,7";"917,1";"916,6";"6,6";"152,0";"11,6";"3770,20";"0,0"
"05/01/2026";"1700";"24,6";"24,6";"22,9";"60,0";"65,0";"59,0";"16,4";"16,9";"15,6";"916,1";"916,7";"916,0";"5,8";"148,0";"12,4";"3347,90";"0,0"
"05/01/2026";"1800";"22,2";"24,6";"21,5";"70,0";"71,0";"58,0";"16,4";"16,8";"15,4";"915,9";"916,2";"915,8";"5,0";"140,0";"12,4";"2003,40";"0,0"
"05/01/2026";"1900";"20,4";"22,4";"20,4";"74,0";"75,0";"68,0";"15,7";"16,5";"15,7";"916,3";"916,4";"915,9";"6,1";"152,0";"11,3";"1250,90";"0,0"
"05/01/2026";"2000";"19,9";"20,6";"19,8";"77,0";"77,0";"75,0";"15,7";"16,1";"15,5";"916,2";"916,3";"916,0";"5,0";"152,0";"11,1";"614,80";"0,0"
"05/01/2026";"2100";"19,5";"20,3";"19,5";"76,0";"77,0";"73,0";"15,2";"15,9";"15,1";"916,5";"916,5";"916,1";"5,8";"144,0";"11,0";"492,20";"0,0"
"05/01/2026";"2200";"18,7";"19,6";"18,6";"80,0";"80,0";"76,0";"15,1";"15,4";"15,1";"917,0";"917,0";"916,5";"3,7";"130,0";"11,3";"93,30";"0,0"
"05/01/2026";"2300";"18,1";"18,7";"18,0";"81,0";"82,0";"80,0";"14,8";"15,2";"14,8";"917,5";"917,5";"916,9";"5,4";"147,0";"11,1";"";"0,0"
"06/01/2026";"0000";"18,0";"18,2";"18,0";"81,0";"81,0";"80,0";"14,6";"14,8";"14,6";"917,9";"917,9";"917,4";"4,8";"140,0";"10,3";"";"0,0"
"06/01/2026";"0100";"17,7";"18,1";"17,7";"80,0";"81,0";"80,0";"14,3";"14,7";"14,2";"918,5";"918,5";"917,8";"3,0";"143,0";"9,6";"";"0,0"
"06/01/2026";"0200";"17,1";"17,7";"17,1";"84,0";"84,0";"80,0";"14,3";"14,3";"14,2";"918,2";"918,5";"918,2";"3,8";"149,0";"8,8";"";"0,0"
"06/01/2026";"0300";"17,0";"17,1";"16,9";"82,0";"84,0";"82,0";"13,9";"14,3";"13,9";"917,9";"918,3";"917,8";"2,7";"147,0";"8,0";"";"0,0"
"06/01/2026";"0400";"16,8";"17,1";"16,8";"84,0";"84,0";"81,0";"14,0";"14,1";"13,8";"917,5";"917,9";"917,5";"1,2";"122,0";"7,9";"";"0,0"
"06/01/2026";"0500";"17,1";"17,2";"16,8";"84,0";"84,0";"82,0";"14,3";"14,3";"14,1";"917,3";"917,6";"917,3";"3,0";"135,0";"6,2";"";"0,0"
"06/01/2026";"0600";"16,8";"17,1";"16,8";"86,0";"87,0";"84,0";"14,5";"14,6";"14,3";"916,9";"917,4";"916,9";"3,1";"145,0";"6,0";"";"0,0"
"06/01/2026";"0700";"16,5";"16,8";"16,4";"97,0";"97,0";"86,0";"16,0";"16,0";"14,5";"917,0";"917,1";"916,9";"3,6";"146,0";"6,4";"";"0,0"
"06/01/2026";"0800";"16,0";"16,5";"16,0";"100,0";"100,0";"97,0";"16,0";"16,2";"15,9";"917,0";"917,1";"916,9";"3,0";"149,0";"6,4";"";"0,0"
"06/01/2026";"0900";"15,9";"16,0";"15,8";"100,0";"100,0";"100,0";"15,8";"16,0";"15,8";"917,5";"917,5";"917,0";"3,2";"142,0";"6,0";"31,30";"0,0"
"06/01/2026";"1000";"16,9";"16,9";"15,9";"91,0";"100,0";"90,0";"15,4";"15,8";"15,1";"917,9";"917,9";"917,5";"3,6";"142,0";"6,8";"420,30";"0,0"
"06/01/2026";"1100";"19,2";"19,6";"16,9";"75,0";"91,0";"74,0";"14,8";"15,8";"14,5";"918,5";"918,5";"917,9";"2,5";"134,0";"6,1";"1163,70";"0,0"
"06/01/2026";"1200";"21,4";"21,8";"19,0";"66,0";"77,0";"65,0";"14,7";"15,9";"14,1";"918,8";"918,8";"918,5";"3,0";"144,0";"6,6";"1877,30";"0,0"
"06/01/2026";"1300";"23,8";"24,0";"20,9";"60,0";"68,0";"59,0";"15,5";"16,5";"14,1";"918,5";"918,9";"918,5";"2,5";"125,0";"6,6";"3072,80";"0,0"
"06/01/2026";"1400";"24,5";"25,1";"23,1";"56,0";"63,0";"55,0";"15,2";"17,0";"14,7";"918,2";"918,5";"918,2";"3,5";"127,0";"8,1";"3407,80";"0,0"
"06/01/2026";"1500";"25,2";"26,0";"24,4";"56,0";"60,0";"53,0";"15,7";"16,7";"15,1";"918,0";"918,3";"917,9";"2,8";"102,0";"8,1";"3512,60";"0,0"
"06/01/2026";"1600";"26,6";"27,1";"25,2";"49,0";"56,0";"47,0";"15,0";"15,8";"13,8";"917,6";"918,0";"917,6";"3,4";"78,0";"8,0";"3330,50";"0,0"
"06/01/2026";"1700";"26,5";"27,2";"26,0";"48,0";"50,0";"46,0";"14,5";"15,3";"13,8";"917,1";"917,6";"917,1";"3,1";"70,0";"7,5";"2680,10";"0,0"
"06/01/2026";"1800";"27,5";"28,0";"26,1";"47,0";"51,0";"45,0";"15,0";"15,7";"14,3";"916,5";"917,1";"916,5";"1,7";"1,0";"7,0";"2393,80";"0,0"
"06/01/2026";"1900";"27,3";"28,7";"26,7";"46,0";"49,0";"43,0";"14,6";"16,2";"14,1";"915,8";"916,5";"915,8";"1,5";"51,0";"5,5";"2375,90";"0,0"
"06/01/2026";"2000";"25,9";"28,3";"25,9";"56,0";"56,0";"43,0";"16,5";"16,7";"14,3";"915,8";"915,8";"915,6";"3,8";"74,0";"8,8";"1422,80";"0,0"
"06/01/2026";"2100";"25,7";"26,3";"25,2";"54,0";"58,0";"51,0";"15,6";"17,0";"14,9";"915,9";"916,0";"915,7";"1,2";"100,0";"7,6";"784,80";"0,0"
"06/01/2026";"2200";"23,8";"25,8";"23,8";"67,0";"67,0";"53,0";"17,2";"17,3";"15,5";"916,5";"916,5";"915,9";"1,6";"143,0";"4,1";"132,80";"0,0"
"06/01/2026";"2300";"23,1";"23,8";"23,0";"69,0";"70,0";"67,0";"17,0";"17,5";"17,0";"917,1";"917,1";"916,5";"1,3";"105,0";"4,4";"";"0,0"
"07/01/2026";"0000";"22,7";"23,2";"22,7";"65,0";"69,0";"63,0";"15,8";"17,0";"15,6";"917,9";"917,9";"917,1";"0,6";"117,0";"4,8";"";"0,0"
"07/01/2026";"0100";"20,6";"22,8";"20,6";"79,0";"79,0";"65,0";"16,8";"16,8";"15,8";"918,6";"918,6";"917,9";"1,6";"146,0";"4,3";"";"0,0"
"07/01/2026";"0200";"19,6";"20,8";"19,6";"85,0";"85,0";"78,0";"17,1";"17,1";"16,6";"918,6";"918,8";"918,6";"1,9";"145,0";"4,8";"";"0,0"
"07/01/2026";"0300";"19,4";"19,6";"19,2";"94,0";"94,0";"85,0";"18,4";"18,4";"17,1";"918,2";"918,7";"918,2";"1,2";"138,0";"4,0";"";"0,0"
"07/01/2026";"0400";"18,8";"19,8";"18,8";"95,0";"96,0";"84,0";"18,0";"18,6";"16,8";"917,7";"918,2";"917,7";"1,0";"116,0";"5,1";"";"0,0"
"07/01/2026";"0500";"18,5";"18,8";"18,4";"100,0";"100,0";"95,0";"18,4";"18,7";"18,3";"917,3";"917,7";"917,3";"0,9";"140,0";"3,3";"";"0,0"
"07/01/2026";"0600";"20,1";"20,2";"18,4";"79,0";"100,0";"78,0";"16,3";"18,5";"16,2";"917,2";"917,3";"917,1";"1,0";"76,0";"5,2";"";"0,0"
"07/01/2026";"0700";"19,8";"20,1";"19,7";"80,0";"80,0";"79,0";"16,2";"16,3";"16,2";"917,3";"917,3";"917,0";"1,1";"92,0";"4,4";"";"0,0"
"07/01/2026";"0800";"19,6";"19,9";"19,6";"82,0";"82,0";"79,0";"16,3";"16,3";"16,1";"917,7";"917,7";"917,3";"0,8";"89,0";"3,9";"";"0,0"
"07/01/2026";"0900";"19,4";"19,6";"19,3";"84,0";"85,0";"81,0";"16,7";"16,7";"16,3";"918,2";"918,2";"917,7";"0,3";"91,0";"3,4";"38,30";"0,0"
"07/01/2026";"1000";"20,2";"20,2";"19,4";"82,0";"85,0";"80,0";"17,0";"17,3";"16,7";"918,8";"918,8";"918,2";"0,1";"92,0";"2,2";"284,20";"0,0"
"07/01/2026";"1100";"22,1";"22,1";"20,2";"74,0";"83,0";"72,0";"17,2";"17,5";"16,6";"919,2";"919,2";"918,8";"0,6";"113,0";"2,5";"984,60";"0,0"
"07/01/2026";"1200";"24,3";"24,4";"22,0";"66,0";"74,0";"65,0";"17,4";"18,1";"16,1";"919,3";"919,4";"919,2";"1,2";"73,0";"4,5";"1992,30";"0,0"
"07/01/2026";"1300";"25,0";"25,3";"23,8";"62,0";"68,0";"61,0";"17,2";"18,1";"16,7";"919,1";"919,3";"919,1";"2,6";"48,0";"6,9";"2471,70";"0,0"
"07/01/2026";"1400";"25,5";"26,0";"24,6";"58,0";"63,0";"58,0";"16,7";"17,5";"16,4";"919,1";"919,2";"919,1";"2,8";"50,0";"6,9";"2572,80";"0,0"
"07/01/2026";"1500";"24,8";"26,3";"24,6";"62,0";"63,0";"57,0";"17,0";"17,8";"16,4";"918,9";"919,1";"918,9";"2,4";"82,0";"5,2";"1728,00";"0,0"
"07/01/2026";"1600";"27,1";"27,2";"24,7";"54,0";"63,0";"54,0";"17,1";"17,9";"16,4";"918,3";"918,9";"918,3";"2,3";"83,0";"5,8";"2190,00";"0,0"
"07/01/2026";"1700";"27,7";"28,7";"26,5";"48,0";"54,0";"46,0";"15,8";"16,8";"15,1";"917,7";"918,3";"917,7";"3,0";"11,0";"7,1";"3065,00";"0,0"
"07/01/2026";"1800";"27,7";"28,2";"26,8";"48,0";"52,0";"47,0";"15,6";"16,6";"15,4";"917,0";"917,7";"917,0";"2,3";"43,0";"6,4";"1852,50";"0,0"
"07/01/2026";"1900";"28,6";"28,9";"27,2";"47,0";"50,0";"45,0";"16,2";"16,8";"14,9";"916,3";"917,0";"916,2";"3,8";"338,0";"8,3";"1829,10";"0,0"
"07/01/2026";"2000";"28,9";"29,1";"27,7";"47,0";"49,0";"45,0";"16,6";"16,8";"15,5";"916,0";"916,3";"915,9";"2,7";"312,0";"8,3";"1946,70";"0,0"
"07/01/2026";"2100";"25,5";"29,0";"25,5";"63,0";"63,0";"47,0";"17,9";"18,2";"16,1";"916,3";"916,3";"916,0";"2,8";"86,0";"7,3";"1464,10";"0,0"
"07/01/2026";"2200";"20,6";"25,5";"20,1";"100,0";"100,0";"62,0";"20,6";"20,6";"15,9";"917,4";"917,4";"916,3";"3,2";"70,0";"7,8";"298,00";"1,6"
"07/01/2026";"2300";"20,3";"21,0";"19,8";"100,0";"100,0";"95,0";"20,3";"21,0";"19,9";"918,0";"918,2";"917,4";"1,2";"146,0";"6,7";"";"11,2"
"08/01/2026";"0000";"21,2";"21,4";"20,3";"86,0";"100,0";"85,0";"18,7";"20,9";"18,6";"917,9";"918,1";"917,9";"2,6";"55,0";"5,5";"0,90";"0,2"
"08/01/2026";"0100";"20,5";"21,2";"20,3";"86,0";"91,0";"85,0";"18,1";"19,0";"18,1";"919,1";"919,1";"917,9";"1,9";"93,0";"5,5";"";"0,0"
"08/01/2026";"0200";"20,4";"20,6";"20,3";"87,0";"88,0";"85,0";"18,1";"18,2";"18,0";"919,4";"919,4";"919,1";"1,2";"99,0";"6,1";"";"0,0"
"08/01/2026";"0300";"20,6";"20,7";"20,3";"85,0";"87,0";"84,0";"18,0";"18,2";"17,8";"919,6";"919,7";"919,4";"1,0";"62,0";"3,5";"";"0,0"
"08/01/2026";"0400";"20,7";"20,8";"20,6";"86,0";"86,0";"85,0";"18,3";"18,3";"18,0";"919,2";"919,6";"919,2";"0,4";"35,0";"3,4";"";"0,0"
"08/01/2026";"0500";"20,5";"20,7";"20,4";"88,0";"90,0";"86,0";"18,5";"18,7";"18,2";"918,4";"919,2";"918,4";"1,5";"57,0";"4,0";"";"0,0"
"08/01/2026";"0600";"20,2";"20,7";"20,1";"88,0";"90,0";"86,0";"18,2";"18,5";"18,1";"918,0";"918,4";"918,0";"0,8";"43,0";"4,0";"";"0,0"
"08/01/2026";"0700";"19,9";"20,6";"19,9";"85,0";"90,0";"82,0";"17,4";"18,2";"17,3";"918,2";"918,2";"917,9";"0,2";"96,0";"4,1";"";"0,0"
"08/01/2026";"0800";"19,6";"19,9";"19,5";"87,0";"88,0";"85,0";"17,3";"17,5";"17,2";"918,1";"918,2";"918,0";"0,3";"339,0";"2,1";"";"0,0"
"08/01/2026";"0900";"19,6";"19,9";"19,5";"93,0";"93,0";"85,0";"18,4";"18,4";"17,2";"918,5";"918,5";"918,1";"0,1";"215,0";"2,2";"21,40";"0,0"
"08/01/2026";"1000";"21,5";"21,5";"19,7";"80,0";"93,0";"79,0";"17,8";"18,9";"17,5";"919,0";"919,0";"918,5";"0,9";"33,0";"2,2";"460,00";"0,0"
"08/01/2026";"1100";"23,6";"24,0";"21,5";"69,0";"80,0";"66,0";"17,7";"18,5";"16,5";"919,3";"919,3";"919,0";"0,6";"20,0";"2,6";"1302,60";"0,0"
"08/01/2026";"1200";"25,4";"25,7";"23,5";"59,0";"69,0";"59,0";"16,8";"18,0";"16,7";"919,1";"919,3";"919,1";"2,0";"47,0";"4,9";"2244,50";"0,0"
"08/01/2026";"1300";"28,6";"28,6";"25,1";"49,0";"60,0";"47,0";"16,7";"17,6";"14,8";"919,0";"919,2";"919,0";"1,7";"348,0";"5,8";"2738,70";"0,0"
"08/01/2026";"1400";"28,0";"29,1";"26,5";"47,0";"53,0";"45,0";"15,6";"17,3";"15,2";"918,9";"919,1";"918,9";"2,7";"346,0";"5,8";"2815,20";"0,0"
"08/01/2026";"1500";"28,9";"29,4";"26,9";"49,0";"54,0";"45,0";"17,0";"17,6";"15,2";"918,3";"918,9";"918,3";"3,0";"310,0";"6,3";"3146,50";"0,0"
"08/01/2026";"1600";"29,8";"29,8";"27,0";"48,0";"54,0";"46,0";"17,5";"18,3";"16,2";"917,9";"918,3";"917,9";"2,8";"303,0";"9,2";"3516,10";"0,0"
"08/01/2026";"1700";"29,0";"30,7";"28,4";"43,0";"49,0";"42,0";"15,2";"17,7";"15,2";"917,3";"917,9";"917,3";"2,4";"327,0";"6,8";"3547,70";"0,0"
"08/01/2026";"1800";"24,7";"30,8";"24,7";"71,0";"71,0";"40,0";"19,0";"19,0";"15,2";"917,2";"917,3";"916,9";"4,4";"25,0";"9,9";"1930,20";"0,0"
"08/01/2026";"1900";"24,6";"24,8";"22,4";"70,0";"93,0";"70,0";"18,7";"21,8";"18,6";"916,5";"917,2";"916,5";"2,0";"130,0";"8,5";"1798,30";"0,8"
"08/01/2026";"2000";"26,1";"26,5";"24,5";"60,0";"71,0";"59,0";"17,8";"19,5";"17,5";"916,9";"916,9";"916,5";"4,3";"78,0";"8,0";"1809,30";"0,0"
"08/01/2026";"2100";"23,2";"26,1";"23,2";"60,0";"71,0";"59,0";"14,9";"18,5";"14,9";"916,8";"917,0";"916,8";"2,7";"85,0";"9,9";"683,50";"0,0"
"08/01/2026";"2200";"22,1";"23,2";"22,0";"70,0";"70,0";"59,0";"16,3";"16,3";"14,7";"917,2";"917,2";"916,7";"2,6";"142,0";"6,6";"46,40";"0,0"
"08/01/2026";"2300";"22,1";"22,5";"21,3";"75,0";"77,0";"69,0";"17,5";"17,7";"16,2";"917,6";"917,6";"917,2";"1,9";"142,0";"5,8";"";"0,0"
"09/01/2026";"0000";"";"";"";"";"";"";"";"";"";"";"";"";"";"";"";"";""
"09/01/2026";"0100";"21,1";"21,4";"21,0";"94,0";"95,0";"86,0";"20,1";"20,1";"19,0";"919,2";"919,3";"918,9";"0,0";"115,0";"5,1";"";"0,0"
"09/01/2026";"0200";"";"";"";"";"";"";"";"";"";"";"";"";"";"";"";"";""
"09/01/2026";"0300";"20,7";"21,2";"20,7";"100,0";"100,0";"94,0";"20,7";"20,7";"20,2";"919,0";"919,3";"918,9";"0,1";"125,0";"2,0";"";"0,0"
"09/01/2026";"0400";"20,7";"20,8";"20,6";"96,0";"100,0";"94,0";"20,1";"20,7";"19,7";"918,6";"919,0";"918,6";"0,1";"49,0";"1,5";"";"0,0"
"09/01/2026";"0500";"20,7";"20,8";"20,5";"97,0";"100,0";"93,0";"20,3";"20,7";"19,4";"918,5";"918,6";"918,3";"2,8";"177,0";"4,4";"";"0,0"
"09/01/2026";"0600";"20,5";"20,7";"20,1";"100,0";"100,0";"97,0";"20,5";"20,5";"20,1";"918,3";"918,5";"918,3";"0,6";"160,0";"4,4";"";"0,0"
"09/01/2026";"0700";"20,6";"20,8";"20,4";"100,0";"100,0";"99,0";"20,6";"20,8";"20,4";"918,5";"918,6";"918,3";"1,8";"158,0";"2,9";"";"0,0"
"09/01/2026";"0800";"20,3";"20,6";"20,2";"100,0";"100,0";"100,0";"20,3";"20,6";"20,2";"918,2";"918,5";"918,2";"0,4";"61,0";"2,8";"";"0,0"
"09/01/2026";"0900";"21,1";"21,1";"20,0";"83,0";"100,0";"83,0";"18,1";"20,2";"18,1";"918,5";"918,5";"918,2";"0,4";"9,0";"2,5";"41,90";"0,0"
"09/01/2026";"1000";"24,5";"24,6";"21,1";"65,0";"83,0";"65,0";"17,6";"18,7";"17,2";"918,9";"918,9";"918,5";"0,3";"189,0";"3,8";"575,90";"0,0"
"09/01/2026";"1100";"25,5";"25,9";"23,7";"59,0";"68,0";"57,0";"16,7";"18,4";"16,6";"919,0";"919,1";"918,9";"1,1";"76,0";"3,0";"1373,10";"0,2"
"09/01/2026";"1200";"26,0";"26,7";"25,4";"57,0";"60,0";"56,0";"16,9";"18,1";"16,4";"919,1";"919,2";"919,0";"2,7";"62,0";"5,6";"2226,00";"0,0"
"09/01/2026";"1300";"27,9";"28,3";"26,0";"54,0";"59,0";"53,0";"17,6";"18,7";"16,9";"919,1";"919,1";"919,0";"2,4";"74,0";"5,6";"2974,90";"0,0"
"09/01/2026";"1400";"29,2";"29,8";"27,9";"47,0";"56,0";"47,0";"16,7";"18,8";"16,7";"918,9";"919,1";"918,8";"2,2";"37,0";"6,7";"3545,10";"0,0"
"09/01/2026";"1500";"30,5";"30,6";"28,5";"40,0";"52,0";"38,0";"15,2";"17,9";"14,2";"918,5";"918,9";"918,4";"2,2";"25,0";"7,2";"2641,10";"0,0"
"09/01/2026";"1600";"30,7";"31,8";"30,0";"39,0";"42,0";"35,0";"15,1";"16,6";"14,0";"918,0";"918,5";"918,0";"2,3";"86,0";"5,7";"3876,90";"0,0"
"09/01/2026";"1700";"31,3";"32,6";"29,8";"37,0";"41,0";"34,0";"14,8";"16,5";"14,2";"917,6";"918,0";"917,6";"1,5";"222,0";"4,7";"2458,70";"0,0"
"09/01/2026";"1800";"30,4";"31,9";"30,2";"40,0";"42,0";"36,0";"15,2";"16,4";"14,6";"917,1";"917,7";"917,1";"0,5";"124,0";"3,7";"1399,30";"0,0"
"09/01/2026";"1900";"24,8";"30,4";"24,6";"70,0";"72,0";"39,0";"18,9";"19,4";"13,7";"916,8";"917,1";"916,8";"1,3";"77,0";"6,1";"756,90";"0,8"
"09/01/2026";"2000";"28,8";"29,7";"24,8";"46,0";"71,0";"44,0";"16,1";"19,3";"16,1";"916,8";"916,8";"916,6";"1,0";"153,0";"3,7";"1567,20";"0,0"
"09/01/2026";"2100";"27,5";"28,8";"27,5";"55,0";"58,0";"45,0";"17,8";"18,7";"15,8";"916,7";"916,8";"916,6";"1,7";"168,0";"3,3";"392,00";"0,0"
"09/01/2026";"2200";"25,1";"27,5";"25,1";"72,0";"72,0";"55,0";"19,8";"19,8";"17,9";"917,0";"917,0";"916,7";"3,0";"161,0";"5,4";"95,30";"0,0"
"09/01/2026";"2300";"24,2";"25,1";"24,2";"81,0";"81,0";"72,0";"20,7";"20,7";"19,9";"917,5";"917,6";"917,0";"3,3";"171,0";"5,5";"";"0,0"
"10/01/2026";"0000";"23,4";"24,2";"23,4";"87,0";"87,0";"81,0";"21,1";"21,1";"20,7";"917,9";"917,9";"917,5";"3,5";"159,0";"6,5";"";"0,0"
"10/01/2026";"0100";"22,5";"23,4";"22,5";"95,0";"98,0";"87,0";"21,7";"22,3";"21,1";"";"";"";"";"";"";"";""
"10/01/2026";"0200";"22,0";"22,5";"21,9";"94,0";"95,0";"88,0";"20,9";"21,6";"20,3";"918,3";"918,4";"918,3";"2,6";"146,0";"5,5";"";"0,0"
"10/01/2026";"0300";"21,2";"22,0";"21,2";"100,0";"100,0";"94,0";"21,2";"21,6";"20,9";"917,8";"918,3";"917,8";"0,6";"154,0";"5,6";"";"0,0"
"10/01/2026";"0400";"20,7";"21,3";"20,6";"100,0";"100,0";"98,0";"20,7";"21,3";"20,6";"917,2";"917,8";"917,2";"1,2";"158,0";"3,9";"";"0,0"
"10/01/2026";"0500";"20,4";"20,7";"20,4";"100,0";"100,0";"100,0";"20,4";"20,7";"20,4";"916,9";"917,2";"916,9";"2,6";"162,0";"4,0";"";"0,0"
"10/01/2026";"0600";"19,8";"20,5";"19,8";"100,0";"100,0";"100,0";"19,8";"20,5";"19,8";"917,1";"917,1";"916,9";"0,2";"176,0";"4,6";"";"0,0"
"10/01/2026";"0700";"19,6";"19,9";"19,5";"91,0";"100,0";"90,0";"18,1";"19,9";"18,0";"916,7";"917,1";"916,7";"0,6";"152,0";"1,8";"";"0,0"
"10/01/2026";"0800";"19,7";"19,9";"19,5";"85,0";"92,0";"85,0";"17,2";"18,2";"17,2";"917,3";"917,3";"916,7";"1,2";"172,0";"2,8";"";"0,0"
"10/01/2026";"0900";"21,3";"21,3";"19,5";"73,0";"88,0";"73,0";"16,2";"17,6";"16,2";"917,7";"917,7";"917,3";"0,5";"63,0";"3,9";"26,20";"0,0"
"10/01/2026";"1000";"23,5";"23,5";"21,4";"63,0";"73,0";"63,0";"16,2";"16,7";"15,9";"918,6";"918,7";"917,7";"1,5";"49,0";"4,5";"546,70";"0,0"
"10/01/2026";"1100";"25,8";"25,8";"23,5";"56,0";"64,0";"56,0";"16,4";"16,9";"15,8";"918,7";"918,7";"918,5";"2,3";"55,0";"5,1";"1326,60";"0,0"
"10/01/2026";"1200";"27,2";"27,5";"25,6";"55,0";"57,0";"53,0";"17,4";"17,9";"15,8";"918,5";"918,7";"918,5";"1,5";"64,0";"5,1";"2218,90";"0,0"
"10/01/2026";"1300";"28,4";"28,9";"26,9";"51,0";"56,0";"51,0";"17,2";"18,1";"16,7";"918,1";"918,6";"918,1";"2,3";"85,0";"5,9";"2904,20";"0,0"
"10/01/2026";"1400";"29,5";"29,8";"28,3";"49,0";"53,0";"48,0";"17,7";"18,4";"16,5";"917,4";"918,1";"917,3";"2,9";"92,0";"7,3";"3487,00";"0,0"
"10/01/2026";"1500";"30,5";"30,7";"29,5";"45,0";"50,0";"45,0";"17,3";"18,4";"16,7";"916,6";"917,4";"916,6";"2,6";"92,0";"6,3";"3858,20";"0,0"
"10/01/2026";"1600";"31,2";"31,7";"30,2";"46,0";"47,0";"41,0";"18,2";"18,3";"16,3";"916,2";"916,6";"916,1";"2,2";"19,0";"6,2";"3861,50";"0,0"
"10/01/2026";"1700";"30,9";"33,2";"30,6";"44,0";"46,0";"38,0";"17,2";"18,6";"15,9";"915,3";"916,2";"915,3";"0,8";"106,0";"5,5";"2823,00";"0,0"
"10/01/2026";"1800";"30,8";"32,9";"30,7";"42,0";"45,0";"36,0";"16,3";"17,8";"15,6";"914,4";"915,3";"914,4";"2,8";"44,0";"6,3";"2012,90";"0,0"
"10/01/2026";"1900";"32,0";"32,5";"30,7";"38,0";"42,0";"37,0";"15,8";"17,3";"15,5";"913,6";"914,4";"913,6";"2,0";"34,0";"6,3";"2308,50";"0,0"
"10/01/2026";"2000";"30,6";"32,6";"30,5";"40,0";"42,0";"36,0";"15,6";"16,5";"15,3";"913,4";"913,6";"913,3";"0,5";"107,0";"5,1";"838,60";"0,0"
"10/01/2026";"2100";"28,3";"30,6";"28,2";"52,0";"52,0";"40,0";"17,4";"17,7";"15,6";"913,5";"913,5";"913,3";"1,1";"152,0";"3,1";"242,30";"0,0"
"10/01/2026";"2200";"27,6";"28,6";"27,5";"52,0";"53,0";"46,0";"16,9";"17,7";"15,7";"914,6";"914,6";"913,5";"0,3";"143,0";"3,5";"63,50";"0,0"
"10/01/2026";"2300";"25,0";"27,5";"25,0";"61,0";"62,0";"52,0";"16,9";"17,4";"16,7";"915,2";"915,2";"914,6";"1,9";"154,0";"3,4";"";"0,0"
"11/01/2026";"0000";"25,2";"25,5";"24,6";"61,0";"62,0";"59,0";"17,1";"17,2";"16,5";"916,1";"916,1";"915,2";"0,0";"277,0";"2,8";"";"0,0"
"11/01/2026";"0100";"23,4";"25,2";"23,3";"69,0";"70,0";"61,0";"17,3";"17,7";"16,8";"916,9";"916,9";"916,1";"1,4";"174,0";"4,3";"";"0,0"
"11/01/2026";"0200";"22,9";"24,1";"22,7";"72,0";"73,0";"63,0";"17,6";"17,7";"16,6";"916,9";"917,2";"916,8";"0,0";"132,0";"2,6";"";"0,0"
"11/01/2026";"0300";"22,4";"22,9";"22,3";"74,0";"76,0";"70,0";"17,4";"17,8";"17,0";"916,4";"916,9";"916,4";"0,3";"57,0";"1,6";"";"0,0"
"11/01/2026";"0400";"22,0";"22,4";"21,3";"77,0";"81,0";"74,0";"17,7";"18,0";"17,5";"915,7";"916,4";"915,7";"0,5";"152,0";"2,1";"";"0,0"
"11/01/2026";"0500";"20,7";"22,0";"20,3";"85,0";"90,0";"77,0";"18,1";"18,7";"17,6";"915,2";"915,7";"915,2";"0,0";"249,0";"1,5";"";"0,0"
"11/01/2026";"0600";"20,1";"21,1";"20,1";"93,0";"93,0";"81,0";"19,0";"19,0";"17,8";"915,5";"915,5";"915,1";"0,2";"29,0";"1,9";"";"0,0"
"11/01/2026";"0700";"19,3";"20,1";"19,3";"100,0";"100,0";"93,0";"19,3";"19,9";"19,2";"915,5";"915,5";"915,4";"0,2";"100,0";"1,7";"";"0,0"
"11/01/2026";"0800";"19,4";"19,8";"19,2";"95,0";"100,0";"93,0";"18,6";"19,4";"18,5";"915,7";"915,7";"915,5";"0,0";"167,0";"1,4";"";"0,0"
"11/01/2026";"0900";"19,9";"20,0";"19,4";"99,0";"99,0";"91,0";"19,8";"19,8";"18,4";"916,3";"916,3";"915,7";"0,0";"131,0";"2,0";"47,30";"0,0"
"11/01/2026";"1000";"24,2";"24,3";"20,0";"65,0";"99,0";"65,0";"17,1";"19,9";"17,1";"916,3";"916,3";"916,2";"0,2";"306,0";"2,2";"662,50";"0,0"
"11/01/2026";"1100";"25,9";"26,0";"23,9";"57,0";"66,0";"57,0";"16,9";"17,8";"16,3";"916,8";"916,8";"916,3";"0,4";"131,0";"2,5";"1268,00";"0,0"
"11/01/2026";"1200";"27,4";"27,6";"25,9";"51,0";"58,0";"51,0";"16,4";"17,8";"16,0";"917,1";"917,1";"916,8";"2,5";"33,0";"5,6";"2192,70";"0,0"
"11/01/2026";"1300";"29,4";"29,6";"27,3";"38,0";"54,0";"38,0";"13,8";"17,3";"13,8";"917,0";"917,1";"917,0";"3,8";"357,0";"7,8";"2924,90";"0,0"
"11/01/2026";"1400";"29,9";"30,7";"29,2";"39,0";"40,0";"37,0";"14,5";"15,4";"13,2";"916,7";"917,1";"916,7";"3,7";"355,0";"8,3";"3427,80";"0,0"
"11/01/2026";"1500";"30,5";"31,4";"29,4";"40,0";"43,0";"37,0";"15,6";"16,4";"14,1";"916,1";"916,7";"916,1";"2,6";"331,0";"8,4";"3729,10";"0,0"
"11/01/2026";"1600";"31,3";"31,4";"29,7";"39,0";"43,0";"36,0";"15,8";"16,3";"14,3";"915,7";"916,2";"915,6";"2,2";"327,0";"7,1";"3340,60";"0,0"
"11/01/2026";"1700";"30,7";"32,4";"30,6";"38,0";"40,0";"35,0";"14,6";"16,3";"14,1";"915,0";"915,7";"915,0";"2,0";"359,0";"6,3";"3257,80";"0,0"
"11/01/2026";"1800";"32,3";"33,0";"30,6";"37,0";"39,0";"34,0";"15,8";"16,8";"14,3";"914,3";"915,1";"914,3";"2,0";"320,0";"5,5";"2982,70";"0,0"
"11/01/2026";"1900";"32,3";"33,2";"30,8";"37,0";"39,0";"35,0";"16,0";"16,7";"14,5";"913,8";"914,3";"913,8";"3,2";"284,0";"6,0";"2296,00";"0,0"
"11/01/2026";"2000";"31,8";"32,8";"30,8";"34,0";"39,0";"34,0";"14,2";"16,3";"14,2";"913,3";"913,8";"913,3";"2,0";"337,0";"5,9";"1660,00";"0,0"
"11/01/2026";"2100";"31,3";"32,0";"31,1";"34,0";"36,0";"32,0";"13,4";"14,7";"13,0";"913,4";"913,4";"913,2";"1,5";"359,0";"4,7";"953,70";"0,0"
"11/01/2026";"2200";"29,3";"31,6";"29,3";"42,0";"42,0";"32,0";"14,9";"15,0";"12,4";"913,8";"913,8";"913,4";"2,0";"267,0";"4,3";"118,90";"0,0"
"11/01/2026";"2300";"27,7";"29,3";"26,7";"49,0";"53,0";"41,0";"15,9";"16,5";"14,7";"914,5";"914,5";"913,8";"0,2";"129,0";"3,2";"";"0,0"
"12/01/2026";"0000";"27,1";"28,0";"26,9";"46,0";"50,0";"43,0";"14,5";"16,2";"14,1";"915,0";"915,0";"914,5";"0,2";"50,0";"2,1";"";"0,0"
"12/01/2026";"0100";"25,6";"27,1";"25,0";"49,0";"61,0";"45,0";"14,2";"16,9";"14,1";"915,3";"915,3";"915,0";"0,2";"86,0";"2,6";"";"0,0"
"12/01/2026";"0200";"24,6";"25,6";"24,3";"52,0";"55,0";"48,0";"14,2";"14,9";"13,6";"915,5";"915,6";"915,3";"0,0";"221,0";"1,9";"";"0,0"
"12/01/2026";"0300";"23,3";"24,7";"23,2";"60,0";"62,0";"51,0";"15,1";"15,5";"14,0";"915,1";"915,5";"915,1";"0,0";"183,0";"1,3";"";"0,0"
"12/01/2026";"0400";"22,3";"23,3";"22,0";"60,0";"64,0";"59,0";"14,2";"15,2";"14,1";"914,6";"915,1";"914,6";"0,0";"207,0";"1,6";"";"0,0"
"12/01/2026";"0500";"21,2";"22,6";"21,2";"65,0";"65,0";"59,0";"14,2";"15,0";"13,8";"914,5";"914,6";"914,5";"1,0";"161,0";"2,0";"";"0,0"
"12/01/2026";"0600";"21,3";"21,3";"20,5";"65,0";"68,0";"62,0";"14,4";"14,8";"13,7";"914,6";"914,6";"914,4";"2,2";"278,0";"3,7";"";"0,0"
"12/01/2026";"0700";"19,6";"21,6";"19,5";"72,0";"75,0";"63,0";"14,4";"15,3";"14,1";"915,2";"915,2";"914,6";"1,1";"150,0";"3,7";"";"0,0"
"12/01/2026";"0800";"19,6";"20,1";"18,7";"72,0";"77,0";"69,0";"14,5";"14,9";"14,1";"915,3";"915,4";"915,1";"0,0";"2,0";"2,2";"";"0,0"
"12/01/2026";"0900";"19,4";"19,8";"18,8";"70,0";"77,0";"70,0";"13,9";"14,8";"13,9";"915,8";"915,8";"915,3";"0,7";"163,0";"1,8";"31,30";"0,0"
"12/01/2026";"1000";"23,2";"24,1";"19,4";"61,0";"71,0";"57,0";"15,1";"15,7";"13,8";"916,5";"916,5";"915,8";"0,0";"100,0";"1,7";"641,20";"0,0"
"12/01/2026";"1100";"25,4";"25,4";"22,9";"52,0";"63,0";"51,0";"14,8";"15,9";"13,8";"917,0";"917,0";"916,5";"0,0";"184,0";"2,3";"920,90";"0,0"
"12/01/2026";"1200";"27,5";"27,7";"25,4";"45,0";"52,0";"42,0";"14,5";"15,0";"12,7";"917,1";"917,2";"917,0";"1,1";"73,0";"2,9";"2156,70";"0,0"
"12/01/2026";"1300";"29,5";"29,6";"27,3";"45,0";"48,0";"44,0";"16,4";"16,7";"14,0";"917,1";"917,3";"917,0";"1,8";"68,0";"5,3";"2720,50";"0,0"
"12/01/2026";"1400";"29,9";"31,0";"29,1";"39,0";"46,0";"36,0";"14,4";"16,6";"13,6";"916,8";"917,1";"916,8";"2,9";"24,0";"6,8";"3494,60";"0,0"
"12/01/2026";"1500";"31,2";"32,4";"29,9";"37,0";"43,0";"34,0";"14,7";"16,1";"13,8";"916,6";"917,0";"916,6";"3,3";"323,0";"8,6";"3750,10";"0,0"
"12/01/2026";"1600";"30,3";"31,9";"30,0";"39,0";"40,0";"34,0";"14,8";"15,7";"13,8";"916,3";"916,6";"916,3";"2,9";"353,0";"7,8";"2375,50";"0,0"
"12/01/2026";"1700";"31,5";"31,8";"30,2";"38,0";"42,0";"33,0";"15,5";"16,1";"12,9";"915,5";"916,3";"915,5";"1,5";"317,0";"5,2";"2177,40";"0,0"
"12/01/2026";"1800";"30,8";"32,4";"30,7";"37,0";"40,0";"32,0";"14,5";"16,2";"13,1";"914,9";"915,5";"914,9";"1,9";"33,0";"5,6";"2279,80";"0,0"
"12/01/2026";"1900";"30,9";"32,2";"30,5";"38,0";"39,0";"34,0";"15,1";"15,7";"13,2";"914,2";"914,9";"914,1";"0,4";"75,0";"5,7";"1702,80";"0,0"
"12/01/2026";"2000";"30,3";"31,0";"30,3";"42,0";"42,0";"37,0";"16,0";"16,2";"14,4";"914,2";"914,5";"914,2";"1,9";"295,0";"5,4";"834,80";"0,0"
"12/01/2026";"2100";"27,6";"30,3";"27,6";"56,0";"56,0";"40,0";"18,2";"18,2";"15,1";"914,5";"914,6";"914,0";"3,1";"264,0";"8,6";"395,20";"0,0"
"12/01/2026";"2200";"26,7";"27,6";"26,7";"56,0";"57,0";"56,0";"17,3";"18,2";"17,3";"915,2";"915,2";"914,4";"2,1";"284,0";"5,7";"71,00";"0,0"
"12/01/2026";"2300";"26,1";"26,7";"26,1";"58,0";"59,0";"55,0";"17,1";"17,6";"17,0";"915,9";"916,0";"915,1";"2,4";"231,0";"4,8";"";"0,0"
"13/01/2026";"0000";"24,9";"26,1";"24,9";"65,0";"65,0";"58,0";"17,9";"17,9";"16,9";"917,0";"917,0";"915,9";"0,3";"95,0";"4,8";"";"0,0"
"13/01/2026";"0100";"24,5";"25,3";"24,5";"70,0";"71,0";"63,0";"18,7";"18,8";"17,7";"916,8";"917,0";"916,7";"1,6";"145,0";"5,2";"";"0,0"
"13/01/2026";"0200";"20,3";"24,6";"20,2";"100,0";"100,0";"62,0";"20,3";"20,6";"16,7";"917,8";"917,8";"916,7";"3,2";"36,0";"8,4";"";"5,6"
"13/01/2026";"0300";"";"";"";"";"";"";"";"";"";"";"";"";"";"";"";"";""
"13/01/2026";"0400";"20,8";"21,1";"20,6";"100,0";"100,0";"100,0";"20,8";"21,1";"20,6";"916,3";"916,6";"916,3";"0,5";"141,0";"4,1";"";"0,2"
"13/01/2026";"0500";"20,5";"20,8";"20,4";"100,0";"100,0";"100,0";"20,5";"20,8";"20,4";"915,9";"916,4";"915,7";"0,0";"275,0";"1,9";"";"0,0"
"13/01/2026";"0600";"20,1";"20,7";"20,1";"100,0";"100,0";"100,0";"20,1";"20,7";"20,1";"915,6";"915,9";"915,6";"0,0";"117,0";"1,8";"";"0,2"
"13/01/2026";"0700";"20,0";"20,4";"19,8";"100,0";"100,0";"100,0";"20,0";"20,4";"19,8";"916,3";"916,3";"915,6";"1,9";"280,0";"5,7";"";"0,0"
"13/01/2026";"0800";"19,6";"20,1";"19,5";"100,0";"100,0";"100,0";"19,5";"20,1";"19,5";"917,3";"917,3";"916,3";"4,3";"285,0";"8,1";"";"0,6"
"13/01/2026";"0900";"18,8";"19,6";"18,8";"100,0";"100,0";"100,0";"18,8";"19,5";"18,8";"918,4";"918,4";"917,3";"3,3";"271,0";"9,1";"6,50";"0,6"
"13/01/2026";"1000";"18,6";"18,9";"18,5";"100,0";"100,0";"100,0";"18,6";"18,9";"18,5";"920,0";"920,0";"918,4";"1,1";"2,0";"6,6";"10,70";"2,4"
"13/01/2026";"1100";"18,2";"18,7";"18,2";"100,0";"100,0";"100,0";"18,2";"18,7";"18,2";"920,7";"920,7";"919,9";"1,6";"40,0";"4,0";"51,20";"4,4"
"13/01/2026";"1200";"18,7";"18,7";"18,2";"100,0";"100,0";"100,0";"18,6";"18,6";"18,2";"920,2";"920,7";"920,2";"0,4";"293,0";"3,5";"184,10";"1,8"
"13/01/2026";"1300";"19,2";"19,3";"18,5";"100,0";"100,0";"100,0";"19,1";"19,2";"18,5";"918,8";"920,2";"918,5";"2,4";"183,0";"4,0";"478,90";"0,4"
"13/01/2026";"1400";"21,6";"21,6";"19,2";"84,0";"100,0";"80,0";"18,8";"20,1";"17,5";"919,3";"919,4";"918,6";"1,3";"85,0";"3,9";"1401,50";"0,0"
"13/01/2026";"1500";"24,7";"24,7";"21,4";"61,0";"85,0";"60,0";"16,8";"19,8";"16,1";"918,6";"919,3";"918,6";"1,4";"36,0";"4,0";"2216,70";"0,0"
"13/01/2026";"1600";"26,7";"27,2";"24,4";"59,0";"64,0";"56,0";"18,1";"18,8";"16,3";"918,1";"918,6";"918,1";"1,3";"60,0";"4,1";"3084,60";"0,2"
"13/01/2026";"1700";"29,7";"29,9";"26,7";"47,0";"60,0";"44,0";"17,1";"18,9";"15,7";"917,2";"918,1";"917,2";"2,6";"342,0";"7,0";"3798,60";"0,0"
"13/01/2026";"1800";"29,6";"30,6";"28,9";"45,0";"51,0";"44,0";"16,5";"18,5";"16,1";"916,3";"917,2";"916,3";"3,4";"281,0";"7,0";"3226,80";"0,0"
"13/01/2026";"1900";"29,0";"30,1";"28,7";"44,0";"52,0";"41,0";"15,4";"18,3";"15,0";"915,5";"916,3";"915,4";"2,7";"299,0";"6,9";"2483,90";"0,0"
"13/01/2026";"2000";"28,9";"29,1";"28,2";"47,0";"50,0";"41,0";"16,4";"17,1";"14,5";"915,6";"915,7";"915,4";"1,4";"277,0";"6,4";"1215,10";"0,0"
"13/01/2026";"2100";"27,7";"30,0";"27,7";"56,0";"56,0";"43,0";"18,2";"18,3";"15,9";"915,8";"915,9";"915,6";"0,9";"145,0";"4,0";"1214,70";"0,0"
"13/01/2026";"2200";"21,1";"27,7";"21,1";"83,0";"91,0";"55,0";"18,1";"20,3";"17,2";"917,5";"917,5";"915,8";"3,8";"344,0";"7,8";"358,00";"3,6"
"13/01/2026";"2300";"19,1";"21,1";"18,6";"100,0";"100,0";"74,0";"19,1";"19,1";"15,0";"918,1";"918,1";"917,6";"2,0";"102,0";"7,8";"";"3,8"
"14/01/2026";"0000";"19,9";"20,1";"19,2";"90,0";"100,0";"88,0";"18,2";"20,0";"18,1";"919,1";"919,1";"918,0";"3,9";"82,0";"10,9";"1,00";"0,6"
"14/01/2026";"0100";"19,9";"20,4";"19,8";"86,0";"90,0";"83,0";"17,6";"18,2";"17,2";"920,2";"920,3";"919,1";"2,3";"118,0";"8,5";"3,10";"0,0"
"14/01/2026";"0200";"19,3";"19,9";"19,2";"100,0";"100,0";"86,0";"19,3";"19,3";"17,7";"920,3";"920,4";"920,2";"1,6";"176,0";"5,8";"";"0,0"
"14/01/2026";"0300";"19,2";"19,4";"19,2";"100,0";"100,0";"100,0";"19,2";"19,4";"19,2";"919,7";"920,3";"919,7";"0,0";"262,0";"3,2";"";"0,0"
"14/01/2026";"0400";"19,2";"19,3";"19,2";"100,0";"100,0";"100,0";"19,2";"19,3";"19,1";"918,6";"919,7";"918,6";"0,0";"335,0";"2,5";"";"0,0"
"14/01/2026";"0500";"18,9";"19,2";"18,9";"100,0";"100,0";"100,0";"18,9";"19,2";"18,9";"917,9";"918,6";"917,9";"1,3";"5,0";"3,0";"";"0,0"
"14/01/2026";"0600";"18,9";"18,9";"18,8";"100,0";"100,0";"100,0";"18,8";"18,9";"18,8";"917,8";"918,0";"917,8";"0,9";"7,0";"3,0";"";"0,0"
"14/01/2026";"0700";"18,7";"19,0";"18,7";"100,0";"100,0";"100,0";"18,7";"19,0";"18,7";"917,4";"917,8";"917,4";"0,2";"43,0";"2,2";"";"0,0"
"14/01/2026";"0800";"18,9";"18,9";"18,6";"91,0";"100,0";"91,0";"17,4";"18,7";"17,4";"917,5";"917,5";"917,4";"0,7";"24,0";"2,7";"";"0,0"
"14/01/2026";"0900";"18,9";"19,1";"18,7";"87,0";"94,0";"87,0";"16,8";"17,7";"16,7";"918,1";"918,1";"917,5";"0,0";"17,0";"3,4";"20,40";"0,0"
"14/01/2026";"1000";"19,7";"19,9";"18,9";"90,0";"97,0";"85,0";"18,1";"19,2";"16,6";"918,7";"918,8";"918,1";"1,0";"257,0";"2,1";"298,50";"0,0"
"14/01/2026";"1100";"23,0";"23,3";"19,7";"67,0";"92,0";"67,0";"16,6";"20,0";"16,6";"918,8";"918,9";"918,7";"0,2";"40,0";"2,1";"1038,80";"0,0"
"14/01/2026";"1200";"24,6";"24,9";"22,9";"60,0";"69,0";"57,0";"16,3";"17,1";"15,6";"919,1";"919,1";"918,7";"0,5";"18,0";"2,8";"1747,60";"0,0"
"14/01/2026";"1300";"25,9";"26,3";"24,2";"58,0";"66,0";"57,0";"17,0";"18,3";"16,1";"919,2";"919,3";"919,1";"1,1";"134,0";"3,0";"2138,20";"0,2"
"14/01/2026";"1400";"26,0";"26,2";"25,3";"59,0";"63,0";"57,0";"17,4";"18,1";"16,6";"919,0";"919,2";"919,0";"1,6";"84,0";"4,4";"2343,10";"0,0"
"14/01/2026";"1500";"27,9";"28,4";"26,0";"55,0";"61,0";"51,0";"18,0";"18,5";"16,6";"918,4";"919,0";"918,4";"1,0";"180,0";"4,1";"2859,00";"0,0"
"14/01/2026";"1600";"26,1";"28,9";"26,1";"61,0";"61,0";"49,0";"17,9";"19,0";"16,8";"917,7";"918,4";"917,7";"2,0";"92,0";"5,0";"1892,40";"0,0"
"14/01/2026";"1700";"25,1";"26,4";"24,9";"67,0";"70,0";"60,0";"18,5";"19,9";"17,4";"916,9";"917,8";"916,9";"3,1";"157,0";"6,8";"2185,10";"0,0"
"14/01/2026";"1800";"25,1";"26,1";"25,0";"62,0";"69,0";"56,0";"17,3";"19,5";"16,1";"916,7";"916,9";"916,6";"2,6";"18,0";"8,1";"1005,60";"0,0"
"14/01/2026";"1900";"22,1";"25,1";"22,0";"76,0";"83,0";"62,0";"17,6";"19,3";"16,1";"916,5";"916,8";"916,3";"1,3";"54,0";"5,6";"486,90";"0,2"
"14/01/2026";"2000";"22,0";"22,2";"21,6";"75,0";"95,0";"75,0";"17,4";"20,8";"17,3";"916,2";"916,5";"916,1";"0,1";"183,0";"3,3";"372,70";"0,0"
"14/01/2026";"2100";"21,6";"22,2";"21,5";"91,0";"95,0";"75,0";"20,1";"20,8";"17,6";"916,6";"916,6";"916,1";"1,6";"186,0";"2,5";"398,70";"0,2"
"14/01/2026";"2200";"21,1";"21,6";"21,1";"100,0";"100,0";"91,0";"21,1";"21,3";"20,2";"917,0";"917,0";"916,6";"1,9";"161,0";"3,6";"71,30";"0,0"
"14/01/2026";"2300";"20,3";"21,1";"20,3";"100,0";"100,0";"100,0";"20,3";"21,1";"20,3";"917,4";"917,4";"917,0";"3,2";"153,0";"5,9";"";"0,0"
"15/01/2026";"0000";"20,3";"20,4";"20,3";"100,0";"100,0";"100,0";"20,3";"20,4";"20,3";"918,0";"918,0";"917,4";"1,1";"170,0";"6,2";"";"0,0"
"15/01/2026";"0100";"20,6";"20,7";"20,2";"96,0";"100,0";"93,0";"19,9";"20,4";"19,5";"918,1";"918,1";"917,9";"0,4";"142,0";"4,1";"";"0,0"
"15/01/2026";"0200";"";"";"";"";"";"";"";"";"";"";"";"";"";"";"";"";""
"15/01/2026";"0300";"";"";"";"";"";"";"";"";"";"";"";"";"";"";"";"";""
"15/01/2026";"0400";"20,4";"20,9";"20,4";"83,0";"83,0";"80,0";"17,3";"17,4";"17,2";"917,0";"918,0";"917,0";"1,8";"71,0";"5,2";"";"0,0"
"15/01/2026";"0500";"19,8";"20,4";"19,7";"88,0";"88,0";"83,0";"17,8";"17,8";"17,2";"916,5";"917,0";"916,5";"0,0";"236,0";"4,0";"";"0,0"
"15/01/2026";"0600";"19,7";"19,9";"19,6";"86,0";"88,0";"84,0";"17,4";"17,7";"17,1";"916,4";"916,6";"916,4";"0,2";"92,0";"2,0";"";"0,0"
"15/01/2026";"0700";"19,9";"20,0";"19,7";"84,0";"89,0";"83,0";"17,1";"17,8";"17,0";"916,6";"916,6";"916,4";"0,2";"135,0";"2,0";"";"0,0"
"15/01/2026";"0800";"19,6";"19,9";"19,5";"85,0";"86,0";"83,0";"17,1";"17,2";"17,0";"917,1";"917,1";"916,6";"0,1";"96,0";"1,8";"";"0,0"
"15/01/2026";"0900";"19,4";"19,8";"19,4";"90,0";"91,0";"84,0";"17,8";"17,9";"17,0";"917,7";"917,7";"917,1";"0,2";"291,0";"1,7";"22,10";"0,0"
"15/01/2026";"1000";"20,5";"20,5";"19,4";"85,0";"93,0";"84,0";"17,8";"18,5";"17,6";"918,4";"918,4";"917,7";"1,3";"267,0";"2,2";"380,70";"0,0"
"15/01/2026";"1100";"22,6";"22,7";"20,4";"73,0";"86,0";"72,0";"17,4";"18,2";"16,9";"918,9";"918,9";"918,4";"0,2";"296,0";"2,7";"995,90";"0,0"
"15/01/2026";"1200";"24,1";"24,6";"22,3";"71,0";"75,0";"64,0";"18,5";"18,5";"16,9";"919,2";"919,2";"918,9";"1,3";"41,0";"3,2";"1691,00";"0,0"
"15/01/2026";"1300";"26,5";"26,5";"24,1";"59,0";"71,0";"58,0";"17,9";"18,3";"16,8";"919,3";"919,4";"919,1";"3,3";"340,0";"8,1";"2181,10";"0,0"
"15/01/2026";"1400";"26,7";"27,0";"25,9";"59,0";"60,0";"56,0";"18,1";"18,1";"16,8";"919,2";"919,4";"919,1";"3,6";"8,0";"7,8";"2441,70";"0,0"
"15/01/2026";"1500";"26,6";"28,2";"26,5";"59,0";"59,0";"55,0";"17,9";"19,0";"17,3";"918,6";"919,2";"918,6";"3,0";"308,0";"7,4";"2421,20";"0,0"
"15/01/2026";"1600";"28,2";"28,7";"26,3";"54,0";"60,0";"52,0";"18,0";"18,9";"17,3";"917,6";"918,6";"917,6";"3,1";"348,0";"8,3";"2122,90";"0,0"
"15/01/2026";"1700";"22,5";"28,8";"22,5";"80,0";"88,0";"49,0";"18,9";"20,5";"16,7";"917,2";"917,7";"917,2";"3,2";"270,0";"8,1";"1976,80";"0,2"
"15/01/2026";"1800";"20,2";"24,5";"20,2";"100,0";"100,0";"68,0";"20,2";"20,8";"17,6";"917,3";"917,3";"916,8";"4,2";"6,0";"10,6";"716,70";"2,6"
"15/01/2026";"1900";"19,9";"20,3";"19,2";"100,0";"100,0";"100,0";"19,9";"20,3";"19,2";"917,6";"917,9";"917,3";"0,7";"156,0";"7,8";"60,60";"6,6"
"15/01/2026";"2000";"19,2";"19,9";"19,2";"100,0";"100,0";"100,0";"19,2";"19,9";"19,2";"917,6";"917,9";"917,3";"0,1";"288,0";"3,1";"23,10";"6,2"
"15/01/2026";"2100";"19,2";"19,5";"19,0";"100,0";"100,0";"97,0";"19,2";"19,5";"18,8";"918,2";"918,2";"917,6";"0,5";"279,0";"3,2";"21,70";"4,8"
"15/01/2026";"2200";"19,2";"19,7";"19,2";"100,0";"100,0";"97,0";"19,2";"19,7";"19,1";"918,5";"918,9";"918,2";"2,2";"134,0";"5,1";"7,00";"8,6"
"15/01/2026";"2300";"19,1";"19,3";"19,1";"";"";"";"";"";"";"918,7";"918,8";"918,4";"1,9";"124,0";"5,6";"";"1,8"
"16/01/2026";"0000";"19,3";"19,5";"19,1";"100,0";"";"";"19,3";"";"";"919,6";"919,6";"918,7";"2,4";"164,0";"4,9";"";"0,2"
"16/01/2026";"0100";"19,3";"19,4";"19,1";"100,0";"100,0";"98,0";"19,3";"19,3";"19,1";"920,3";"920,3";"919,6";"0,5";"177,0";"3,7";"";"0,2"
"16/01/2026";"0200";"19,2";"19,6";"19,2";"";"";"";"";"";"";"920,3";"920,8";"920,3";"0,5";"340,0";"4,3";"";"3,4"
"16/01/2026";"0300";"19,0";"19,2";"18,9";"100,0";"100,0";"100,0";"19,0";"19,2";"18,9";"919,3";"920,3";"919,3";"0,0";"15,0";"2,7";"";"0,4"
"16/01/2026";"0400";"";"";"";"";"";"";"";"";"";"";"";"";"";"";"";"";""
"16/01/2026";"0500";"19,0";"19,1";"19,0";"100,0";"100,0";"100,0";"19,0";"19,1";"19,0";"917,9";"918,6";"917,9";"0,0";"28,0";"1,8";"";"0,0"
"16/01/2026";"0600";"18,9";"19,1";"18,7";"100,0";"100,0";"100,0";"18,9";"19,1";"18,7";"917,4";"917,9";"917,3";"0,0";"327,0";"0,9";"";"0,0"
"16/01/2026";"0700";"18,8";"19,0";"18,8";"100,0";"100,0";"100,0";"18,8";"19,0";"18,8";"917,2";"917,4";"917,2";"0,0";"17,0";"1,3";"";"0,0"
"16/01/2026";"0800";"18,8";"18,8";"18,6";"100,0";"100,0";"100,0";"18,8";"18,8";"18,6";"917,7";"917,7";"917,2";"0,0";"349,0";"0,9";"";"0,2"
"16/01/2026";"0900";"18,5";"18,8";"18,5";"100,0";"100,0";"100,0";"18,5";"18,8";"18,5";"918,0";"918,0";"917,7";"0,0";"117,0";"0,0";"10,60";"0,0"
"16/01/2026";"1000";"18,8";"19,0";"18,5";"100,0";"100,0";"100,0";"18,8";"19,0";"18,5";"918,3";"918,3";"918,0";"0,0";"143,0";"1,2";"220,60";"0,0"
"16/01/2026";"1100";"20,4";"20,4";"18,7";"100,0";"100,0";"100,0";"20,4";"20,4";"18,7";"918,3";"918,4";"918,2";"0,0";"145,0";"1,2";"493,00";"0,0"
"16/01/2026";"1200";"23,2";"23,4";"20,2";"75,0";"100,0";"75,0";"18,6";"20,8";"18,1";"918,4";"918,4";"918,2";"0,0";"120,0";"2,3";"1397,40";"0,0"
"16/01/2026";"1300";"24,7";"25,0";"23,1";"70,0";"77,0";"63,0";"19,0";"19,2";"17,3";"918,8";"918,8";"918,4";"0,6";"102,0";"4,0";"1626,80";"0,0"
"16/01/2026";"1400";"24,9";"25,6";"24,5";"65,0";"73,0";"65,0";"17,9";"19,6";"17,9";"918,8";"918,9";"918,7";"1,6";"134,0";"3,0";"2027,00";"0,0"
"16/01/2026";"1500";"28,6";"28,6";"24,9";"47,0";"69,0";"46,0";"16,3";"19,3";"15,5";"918,4";"918,8";"918,4";"1,6";"348,0";"4,8";"2620,10";"0,0"
"16/01/2026";"1600";"28,7";"29,2";"27,6";"44,0";"51,0";"43,0";"15,4";"17,4";"14,7";"917,7";"918,4";"917,7";"3,3";"3,0";"7,0";"3981,10";"0,0"
"16/01/2026";"1700";"28,8";"29,6";"27,8";"49,0";"50,0";"43,0";"16,9";"17,3";"14,6";"916,4";"917,7";"916,4";"2,7";"24,0";"8,0";"3900,50";"0,0"
"16/01/2026";"1800";"28,4";"29,0";"28,0";"50,0";"50,0";"46,0";"17,0";"17,0";"15,4";"915,8";"916,5";"915,8";"1,9";"317,0";"6,4";"1794,70";"0,0"
"16/01/2026";"1900";"27,4";"28,5";"27,4";"53,0";"53,0";"47,0";"16,9";"17,0";"15,7";"915,1";"915,8";"915,1";"1,4";"345,0";"5,9";"781,00";"0,0"
"16/01/2026";"2000";"23,1";"27,7";"23,1";"66,0";"67,0";"52,0";"16,5";"17,6";"16,5";"915,8";"915,9";"915,0";"4,6";"325,0";"12,7";"407,60";"0,0"
"16/01/2026";"2100";"21,5";"23,1";"21,5";"80,0";"80,0";"66,0";"17,8";"18,0";"16,3";"916,8";"916,8";"915,7";"0,4";"326,0";"9,9";"89,50";"0,0"
"16/01/2026";"2200";"20,5";"21,5";"20,5";"99,0";"100,0";"77,0";"20,4";"20,4";"17,3";"917,0";"917,2";"916,8";"0,3";"145,0";"3,1";"21,40";"0,0"
"16/01/2026";"2300";"20,1";"20,8";"20,1";"100,0";"100,0";"93,0";"20,1";"20,6";"19,6";"917,4";"917,4";"917,0";"0,3";"135,0";"2,2";"";"0,2"
"17/01/2026";"0000";"20,1";"20,3";"19,9";"100,0";"100,0";"100,0";"20,1";"20,3";"19,9";"917,8";"917,8";"917,3";"0,1";"143,0";"1,9";"";"0,2"
"17/01/2026";"0100";"20,1";"20,1";"19,9";"100,0";"100,0";"100,0";"20,1";"20,1";"19,9";"918,0";"918,1";"917,8";"0,6";"83,0";"2,6";"";"0,0"
"17/01/2026";"0200";"20,1";"20,2";"19,9";"97,0";"100,0";"96,0";"19,6";"20,1";"19,4";"917,7";"918,1";"917,7";"0,0";"117,0";"2,6";"";"0,0"
"17/01/2026";"0300";"20,1";"20,1";"19,9";"92,0";"97,0";"92,0";"18,8";"19,6";"18,8";"917,2";"917,7";"917,2";"0,6";"335,0";"2,5";"";"0,0"
"17/01/2026";"0400";"19,7";"20,2";"19,6";"100,0";"100,0";"92,0";"19,6";"19,7";"18,9";"916,0";"917,2";"916,0";"0,4";"78,0";"2,8";"";"0,0"
"17/01/2026";"0500";"19,7";"19,7";"19,3";"91,0";"100,0";"91,0";"18,2";"19,6";"18,2";"915,2";"916,0";"915,2";"0,0";"343,0";"2,3";"";"0,0"
"17/01/2026";"0600";"19,5";"19,7";"19,3";"100,0";"100,0";"91,0";"19,5";"19,6";"18,2";"915,2";"915,2";"915,2";"0,0";"148,0";"1,3";"";"0,0"
"17/01/2026";"0700";"19,0";"19,5";"19,0";"100,0";"100,0";"100,0";"19,0";"19,5";"19,0";"915,2";"915,3";"915,1";"0,4";"156,0";"1,7";"";"0,0"
"17/01/2026";"0800";"19,8";"19,8";"19,0";"91,0";"100,0";"90,0";"18,2";"19,4";"18,1";"915,6";"915,6";"915,2";"0,0";"309,0";"2,0";"";"0,0"
"17/01/2026";"0900";"19,8";"19,9";"19,7";"98,0";"100,0";"91,0";"19,5";"19,8";"18,2";"915,9";"915,9";"915,6";"0,1";"268,0";"1,3";"12,30";"0,0"
"17/01/2026";"1000";"20,2";"20,3";"19,8";"91,0";"98,0";"90,0";"18,7";"20,0";"18,5";"916,3";"916,3";"915,9";"0,1";"228,0";"1,7";"185,90";"0,0"
"17/01/2026";"1100";"21,2";"21,3";"20,2";"82,0";"92,0";"81,0";"18,0";"19,1";"17,8";"916,6";"916,6";"916,3";"0,0";"335,0";"1,4";"478,40";"0,0"
"17/01/2026";"1200";"22,9";"22,9";"21,2";"75,0";"85,0";"73,0";"18,2";"18,9";"17,6";"916,6";"916,6";"916,4";"0,2";"136,0";"2,2";"996,00";"0,0"
"17/01/2026";"1300";"25,0";"25,0";"22,8";"66,0";"75,0";"66,0";"18,1";"18,5";"17,3";"916,5";"916,7";"916,5";"0,1";"325,0";"2,6";"1539,90";"0,0"
"17/01/2026";"1400";"25,0";"25,5";"24,4";"65,0";"67,0";"62,0";"17,9";"18,5";"17,1";"916,2";"916,5";"916,1";"1,0";"310,0";"4,0";"1797,70";"0,2"
"17/01/2026";"1500";"26,0";"27,1";"25,0";"59,0";"66,0";"55,0";"17,5";"18,8";"15,9";"915,5";"916,2";"915,5";"2,3";"3,0";"4,4";"2075,10";"0,0"
"17/01/2026";"1600";"27,5";"28,0";"25,6";"55,0";"62,0";"54,0";"17,6";"18,6";"16,9";"914,8";"915,5";"914,8";"1,6";"337,0";"7,1";"2565,50";"0,0"
"17/01/2026";"1700";"27,0";"27,8";"26,7";"56,0";"59,0";"53,0";"17,5";"18,5";"16,9";"913,9";"914,8";"913,9";"3,1";"271,0";"5,6";"2085,50";"0,0"
"17/01/2026";"1800";"26,5";"27,4";"26,3";"62,0";"64,0";"55,0";"18,5";"19,1";"17,2";"913,2";"913,9";"913,2";"2,0";"230,0";"4,9";"1212,20";"0,0"
"17/01/2026";"1900";"21,4";"26,8";"21,3";"100,0";"100,0";"60,0";"21,4";"21,4";"18,1";"913,1";"913,2";"912,7";"2,5";"47,0";"6,4";"499,20";"0,0"
"17/01/2026";"2000";"21,3";"21,6";"20,7";"100,0";"100,0";"99,0";"21,3";"21,6";"20,7";"912,7";"913,2";"912,4";"1,4";"142,0";"5,8";"489,90";"2,6"
"17/01/2026";"2100";"20,8";"21,6";"20,7";"100,0";"100,0";"100,0";"20,8";"21,5";"20,7";"912,8";"912,9";"912,7";"0,4";"106,0";"3,2";"170,60";"0,0"
"17/01/2026";"2200";"21,3";"21,4";"20,7";"94,0";"100,0";"94,0";"20,3";"21,3";"20,1";"913,2";"913,2";"912,8";"1,7";"268,0";"3,5";"22,20";"0,0"
"17/01/2026";"2300";"20,5";"21,4";"20,4";"100,0";"100,0";"93,0";"20,5";"21,2";"20,0";"913,3";"913,4";"913,1";"0,4";"132,0";"3,5";"";"0,0"
"18/01/2026";"0000";"20,1";"20,5";"20,0";"100,0";"100,0";"100,0";"20,1";"20,5";"20,0";"914,0";"914,1";"913,3";"0,9";"150,0";"2,2";"";"0,4"
"18/01/2026";"0100";"20,2";"20,4";"20,1";"100,0";"100,0";"100,0";"20,2";"20,4";"20,1";"914,8";"914,8";"914,0";"3,1";"166,0";"5,5";"";"0,0"
"18/01/2026";"0200";"19,7";"20,2";"19,7";"100,0";"100,0";"100,0";"19,7";"20,2";"19,7";"915,1";"915,1";"914,7";"2,0";"152,0";"4,7";"";"1,2"
"18/01/2026";"0300";"19,6";"19,7";"19,5";"100,0";"100,0";"100,0";"19,6";"19,7";"19,5";"914,9";"915,2";"914,9";"1,2";"3,0";"4,2";"";"7,2"
"18/01/2026";"0400";"19,1";"19,6";"19,0";"100,0";"100,0";"100,0";"19,1";"19,6";"19,0";"914,0";"914,9";"914,0";"0,5";"12,0";"3,0";"";"1,6"
"18/01/2026";"0500";"19,3";"19,5";"19,1";"100,0";"100,0";"100,0";"19,3";"19,5";"19,1";"913,3";"914,0";"913,3";"1,4";"71,0";"4,4";"";"0,4"
"18/01/2026";"0600";"18,5";"19,3";"18,3";"100,0";"100,0";"100,0";"18,5";"19,3";"18,3";"912,5";"913,3";"912,5";"2,0";"75,0";"5,1";"";"0,0"
"18/01/2026";"0700";"18,4";"18,8";"18,4";"100,0";"100,0";"94,0";"18,4";"18,7";"17,7";"913,1";"913,1";"912,5";"0,9";"36,0";"4,7";"1,10";"0,0"
"18/01/2026";"0800";"18,6";"18,6";"18,4";"98,0";"100,0";"98,0";"18,3";"18,6";"18,3";"913,0";"913,4";"913,0";"0,3";"40,0";"2,9";"";"0,0"
"18/01/2026";"0900";"18,7";"18,7";"18,5";"98,0";"100,0";"98,0";"18,4";"18,6";"18,3";"913,3";"913,3";"913,0";"0,6";"4,0";"2,7";"10,00";"0,0"
"18/01/2026";"1000";"19,3";"19,3";"18,7";"100,0";"100,0";"94,0";"19,2";"19,2";"18,1";"914,0";"914,0";"913,3";"0,1";"312,0";"2,5";"137,10";"0,0"
"18/01/2026";"1100";"21,3";"21,4";"19,3";"85,0";"100,0";"85,0";"18,8";"19,6";"18,4";"914,4";"914,4";"914,0";"0,0";"46,0";"1,4";"549,50";"0,0"
"18/01/2026";"1200";"22,6";"22,7";"21,2";"80,0";"89,0";"77,0";"18,9";"20,1";"18,0";"914,5";"914,6";"914,3";"0,8";"9,0";"2,6";"1121,70";"0,0"
"18/01/2026";"1300";"24,0";"24,0";"22,4";"71,0";"81,0";"70,0";"18,3";"19,3";"17,8";"914,5";"914,7";"914,4";"2,2";"352,0";"6,2";"1318,70";"0,0"
"18/01/2026";"1400";"25,0";"25,1";"23,6";"64,0";"72,0";"63,0";"17,7";"19,0";"17,1";"914,2";"914,5";"914,2";"2,7";"347,0";"6,9";"2227,00";"0,0"
"18/01/2026";"1500";"25,1";"25,6";"24,6";"64,0";"67,0";"62,0";"17,9";"18,4";"17,1";"913,8";"914,2";"913,8";"2,0";"309,0";"6,6";"1441,30";"0,0"
"18/01/2026";"1600";"25,3";"26,4";"24,7";"67,0";"75,0";"63,0";"18,7";"20,3";"17,7";"913,1";"913,8";"913,1";"2,4";"348,0";"6,6";"2294,40";"0,0"
"18/01/2026";"1700";"25,9";"26,9";"24,8";"62,0";"75,0";"61,0";"18,1";"20,5";"18,1";"912,1";"913,1";"912,1";"1,9";"359,0";"5,1";"2717,90";"0,0"
"18/01/2026";"1800";"23,0";"25,9";"23,0";"92,0";"92,0";"62,0";"21,5";"21,5";"18,1";"910,9";"912,1";"910,8";"2,9";"17,0";"5,6";"927,40";"1,8"
"18/01/2026";"1900";"22,3";"23,0";"21,5";"100,0";"100,0";"92,0";"22,3";"22,3";"21,5";"910,4";"911,0";"910,4";"0,7";"27,0";"5,7";"568,30";"2,8"
"18/01/2026";"2000";"23,0";"24,0";"22,2";"96,0";"100,0";"86,0";"22,3";"23,6";"20,3";"910,2";"910,5";"910,2";"1,1";"336,0";"3,9";"875,30";"0,4"
"18/01/2026";"2100";"22,4";"23,0";"22,3";"100,0";"100,0";"95,0";"22,4";"22,6";"21,6";"910,7";"910,7";"910,1";"0,4";"52,0";"3,5";"322,20";"0,0"
"18/01/2026";"2200";"22,2";"22,4";"22,1";"100,0";"100,0";"99,0";"22,1";"22,4";"22,1";"910,4";"911,0";"910,3";"1,1";"37,0";"3,0";"62,40";"0,0"
"18/01/2026";"2300";"21,8";"22,2";"21,8";"100,0";"100,0";"100,0";"21,7";"22,1";"21,7";"911,2";"911,2";"910,4";"0,0";"283,0";"3,0";"";"0,0"
"19/01/2026";"0000";"21,3";"21,8";"21,3";"92,0";"100,0";"92,0";"19,9";"21,8";"19,9";"910,9";"911,3";"910,9";"1,8";"44,0";"4,8";"";"0,0"
"19/01/2026";"0100";"21,0";"21,3";"20,8";"96,0";"99,0";"91,0";"20,3";"20,7";"19,9";"912,1";"912,1";"910,8";"0,9";"352,0";"4,8";"";"0,0"
"19/01/2026";"0200";"20,6";"21,1";"20,6";"100,0";"100,0";"94,0";"20,6";"20,7";"20,1";"911,5";"912,2";"911,5";"0,0";"96,0";"3,0";"";"0,0"
"19/01/2026";"0300";"21,1";"21,1";"20,5";"92,0";"100,0";"91,0";"19,7";"20,6";"19,6";"911,7";"911,8";"911,5";"2,0";"44,0";"3,7";"";"0,0"
"19/01/2026";"0400";"20,6";"21,1";"20,6";"100,0";"100,0";"92,0";"20,6";"20,8";"19,6";"911,5";"911,7";"911,2";"0,9";"338,0";"3,7";"";"0,0"
"19/01/2026";"0500";"20,4";"20,6";"20,3";"100,0";"100,0";"100,0";"20,4";"20,6";"20,3";"911,2";"911,5";"911,1";"0,0";"279,0";"2,1";"";"0,2"
"19/01/2026";"0600";"19,8";"20,4";"19,8";"100,0";"100,0";"100,0";"19,8";"20,4";"19,8";"911,0";"911,4";"910,9";"0,0";"90,0";"4,8";"";"1,6"
"19/01/2026";"0700";"19,6";"19,9";"19,6";"100,0";"100,0";"100,0";"19,6";"19,9";"19,6";"910,0";"911,0";"910,0";"2,0";"1,0";"4,4";"";"0,0"
"19/01/2026";"0800";"19,4";"19,6";"19,4";"100,0";"100,0";"100,0";"19,4";"19,6";"19,4";"909,7";"910,0";"909,3";"0,9";"349,0";"4,0";"";"0,0"
"19/01/2026";"0900";"19,5";"19,6";"19,4";"100,0";"100,0";"100,0";"19,5";"19,6";"19,4";"910,0";"910,1";"909,7";"0,6";"356,0";"3,7";"4,50";"0,0"
"19/01/2026";"1000";"20,7";"20,7";"19,4";"97,0";"100,0";"97,0";"20,2";"20,7";"19,4";"911,2";"911,2";"910,0";"1,6";"342,0";"4,2";"327,00";"0,0"
"19/01/2026";"1100";"21,3";"21,5";"20,7";"88,0";"98,0";"87,0";"19,3";"20,4";"19,1";"911,5";"911,6";"911,2";"2,0";"4,0";"5,5";"591,50";"0,0"
"19/01/2026";"1200";"23,6";"23,6";"21,3";"75,0";"89,0";"75,0";"18,9";"19,7";"18,2";"911,5";"911,6";"911,4";"2,5";"355,0";"5,5";"1359,70";"0,0"
"19/01/2026";"1300";"24,7";"24,8";"23,3";"65,0";"77,0";"64,0";"17,5";"19,5";"17,5";"911,9";"911,9";"911,5";"2,3";"327,0";"6,0";"1877,20";"0,0"
"19/01/2026";"1400";"25,0";"25,7";"24,1";"65,0";"69,0";"63,0";"17,9";"18,7";"16,9";"912,0";"912,1";"911,9";"2,8";"313,0";"6,6";"1789,90";"0,0"
"19/01/2026";"1500";"25,4";"26,6";"24,6";"66,0";"68,0";"61,0";"18,6";"18,9";"17,2";"911,7";"912,1";"911,7";"3,2";"281,0";"6,9";"2174,30";"0,2"
"19/01/2026";"1600";"24,3";"25,4";"23,0";"72,0";"80,0";"65,0";"19,0";"19,8";"18,0";"911,2";"911,7";"911,2";"4,0";"280,0";"7,0";"1063,90";"0,4"
"19/01/2026";"1700";"23,1";"24,6";"22,4";"80,0";"92,0";"71,0";"19,4";"21,3";"18,4";"911,2";"911,2";"911,0";"3,4";"257,0";"8,3";"1511,50";"0,0"
"19/01/2026";"1800";"21,3";"24,1";"21,3";"100,0";"100,0";"73,0";"21,3";"21,4";"18,3";"910,8";"911,2";"910,8";"4,2";"226,0";"11,6";"1266,30";"0,0"
"19/01/2026";"1900";"21,2";"22,4";"21,2";"100,0";"100,0";"85,0";"21,2";"22,2";"19,4";"910,8";"911,0";"910,6";"3,5";"240,0";"8,5";"894,80";"0,0"
"19/01/2026";"2000";"20,7";"21,3";"20,7";"100,0";"100,0";"96,0";"20,6";"21,2";"20,3";"910,8";"910,9";"910,7";"3,6";"230,0";"8,5";"537,90";"0,2"
"19/01/2026";"2100";"20,6";"20,9";"20,5";"90,0";"100,0";"89,0";"18,9";"20,7";"18,7";"911,2";"911,3";"910,7";"4,3";"200,0";"9,3";"375,20";"0,0"
"19/01/2026";"2200";"19,8";"20,6";"19,6";"100,0";"100,0";"89,0";"19,8";"20,0";"18,7";"911,8";"911,8";"911,2";"4,6";"164,0";"9,6";"95,20";"0,2"
"19/01/2026";"2300";"19,2";"19,9";"19,2";"96,0";"100,0";"88,0";"18,5";"19,8";"17,9";"912,0";"912,0";"911,7";"5,3";"165,0";"11,5";"";"0,0"
"20/01/2026";"0000";"19,1";"19,4";"19,0";"88,0";"96,0";"88,0";"17,1";"18,5";"17,1";"913,0";"913,0";"912,0";"5,7";"162,0";"11,4";"";"0,0"
"20/01/2026";"0100";"18,8";"19,1";"18,8";"83,0";"88,0";"82,0";"15,9";"17,1";"15,7";"914,1";"914,1";"913,0";"5,7";"160,0";"12,8";"";"0,0"
"20/01/2026";"0200";"16,7";"18,8";"16,7";"100,0";"100,0";"83,0";"16,7";"17,5";"15,8";"914,2";"914,6";"914,1";"4,4";"151,0";"15,3";"";"0,2"
"20/01/2026";"0300";"17,0";"17,0";"16,6";"100,0";"100,0";"100,0";"17,0";"17,0";"16,6";"914,5";"914,7";"914,2";"3,4";"152,0";"9,3";"";"0,0"
"20/01/2026";"0400";"17,0";"17,2";"16,9";"98,0";"100,0";"95,0";"16,7";"17,1";"16,3";"913,9";"914,6";"913,8";"3,8";"147,0";"7,5";"";"0,0"
"20/01/2026";"0500";"17,1";"17,1";"16,9";"94,0";"99,0";"93,0";"16,2";"16,9";"16,0";"913,7";"913,9";"913,6";"4,0";"158,0";"7,6";"";"0,0"
"20/01/2026";"0600";"16,9";"17,1";"16,9";"92,0";"96,0";"91,0";"15,5";"16,3";"15,5";"913,5";"913,7";"913,5";"3,9";"153,0";"8,9";"";"0,0"
"20/01/2026";"0700";"16,6";"16,9";"16,6";"95,0";"95,0";"90,0";"15,8";"15,8";"15,1";"913,4";"913,5";"913,2";"4,4";"158,0";"9,0";"";"0,0"
"20/01/2026";"0800";"15,9";"16,6";"15,9";"100,0";"100,0";"95,0";"15,9";"16,4";"15,7";"913,5";"913,6";"913,4";"3,2";"152,0";"8,6";"";"0,2"
"20/01/2026";"0900";"16,2";"16,2";"15,9";"100,0";"100,0";"100,0";"16,2";"16,2";"15,9";"914,0";"914,0";"913,5";"2,7";"142,0";"7,1";"8,90";"0,0"
"20/01/2026";"1000";"16,5";"16,6";"16,2";"100,0";"100,0";"100,0";"16,5";"16,6";"16,2";"915,0";"915,0";"914,0";"3,0";"150,0";"5,8";"87,00";"0,0"
"20/01/2026";"1100";"16,3";"16,5";"16,0";"100,0";"100,0";"100,0";"16,3";"16,4";"16,0";"915,4";"915,4";"915,0";"4,7";"155,0";"8,3";"341,20";"0,4"
"20/01/2026";"1200";"17,6";"17,6";"16,2";"95,0";"100,0";"95,0";"16,8";"17,3";"16,2";"915,8";"915,8";"915,3";"5,4";"157,0";"10,0";"782,50";"0,0"
"20/01/2026";"1300";"18,2";"18,2";"17,2";"84,0";"96,0";"84,0";"15,4";"16,9";"15,4";"916,3";"916,3";"915,8";"3,9";"138,0";"9,9";"867,70";"0,0"
"20/01/2026";"1400";"19,9";"20,0";"18,2";"79,0";"84,0";"77,0";"16,1";"16,4";"14,7";"916,4";"916,6";"916,3";"3,4";"136,0";"8,9";"1937,20";"0,0"
"20/01/2026";"1500";"18,9";"20,5";"18,5";"81,0";"83,0";"72,0";"15,5";"16,1";"14,8";"916,5";"916,6";"916,4";"4,4";"162,0";"10,0";"1844,40";"0,0"
"20/01/2026";"1600";"18,2";"19,5";"18,2";"79,0";"82,0";"77,0";"14,5";"15,8";"14,5";"916,4";"916,5";"916,2";"5,5";"160,0";"10,5";"1055,50";"0,0"
"20/01/2026";"1700";"19,4";"19,5";"18,1";"75,0";"81,0";"73,0";"14,8";"15,5";"14,3";"915,9";"916,4";"915,9";"3,4";"144,0";"9,0";"1022,00";"0,2"
"20/01/2026";"1800";"20,5";"21,0";"19,4";"71,0";"76,0";"69,0";"15,2";"16,2";"14,7";"915,3";"915,9";"915,3";"3,0";"140,0";"8,2";"1541,00";"0,0"
"20/01/2026";"1900";"19,4";"20,5";"19,4";"75,0";"75,0";"70,0";"14,8";"15,4";"14,3";"915,2";"915,5";"915,2";"4,3";"146,0";"9,5";"983,30";"0,0"
"20/01/2026";"2000";"20,1";"20,3";"19,4";"72,0";"75,0";"70,0";"14,8";"15,3";"14,5";"914,9";"915,3";"914,8";"4,3";"153,0";"9,3";"984,40";"0,0"
"20/01/2026";"2100";"19,3";"20,1";"19,2";"75,0";"75,0";"71,0";"14,7";"15,1";"14,3";"915,2";"915,2";"914,9";"4,4";"153,0";"8,9";"522,40";"0,0"
"20/01/2026";"2200";"17,9";"19,3";"17,9";"82,0";"82,0";"74,0";"14,6";"14,9";"14,1";"915,7";"915,7";"915,2";"3,6";"137,0";"9,0";"144,60";"0,0"
"20/01/2026";"2300";"17,0";"17,8";"16,9";"82,0";"83,0";"81,0";"13,8";"14,6";"13,8";"916,3";"916,4";"915,7";"4,7";"145,0";"8,9";"";"0,0"
"21/01/2026";"0000";"15,7";"17,0";"15,7";"100,0";"100,0";"80,0";"15,7";"16,1";"13,5";"916,9";"916,9";"916,3";"3,6";"139,0";"10,4";"";"0,0"
"21/01/2026";"0100";"";"";"";"";"";"";"";"";"";"";"";"";"";"";"";"";""
"21/01/2026";"0200";"15,1";"15,2";"14,7";"93,0";"100,0";"87,0";"13,9";"14,8";"13,0";"917,2";"917,2";"917,1";"3,8";"145,0";"8,3";"";"0,0"
"21/01/2026";"0300";"14,9";"15,2";"14,9";"90,0";"93,0";"87,0";"13,3";"13,8";"13,0";"916,5";"917,2";"916,5";"3,9";"148,0";"10,6";"";"0,0"
"21/01/2026";"0400";"14,8";"15,0";"14,8";"94,0";"94,0";"90,0";"13,9";"13,9";"13,3";"916,3";"916,6";"916,3";"3,4";"137,0";"8,3";"";"0,0"
"21/01/2026";"0500";"14,8";"14,9";"14,8";"100,0";"100,0";"94,0";"14,8";"14,8";"13,9";"915,5";"916,3";"915,5";"3,8";"148,0";"8,2";"";"0,0"
"21/01/2026";"0600";"15,0";"15,0";"14,8";"98,0";"100,0";"98,0";"14,7";"14,9";"14,7";"914,9";"915,5";"914,9";"4,4";"153,0";"8,7";"";"0,0"
"21/01/2026";"0700";"15,0";"15,0";"14,9";"96,0";"100,0";"95,0";"14,3";"14,9";"14,2";"914,7";"914,9";"914,7";"4,1";"155,0";"9,4";"";"0,0"
"21/01/2026";"0800";"15,0";"15,0";"14,8";"100,0";"100,0";"96,0";"14,9";"14,9";"14,3";"914,8";"914,9";"914,5";"4,7";"158,0";"8,6";"";"0,0"
"21/01/2026";"0900";"15,1";"15,1";"14,8";"98,0";"100,0";"98,0";"14,9";"15,1";"14,8";"915,7";"915,7";"914,8";"3,4";"149,0";"8,6";"11,20";"0,0"
"21/01/2026";"1000";"15,9";"15,9";"15,1";"95,0";"99,0";"95,0";"15,1";"15,1";"14,9";"916,3";"916,3";"915,7";"4,8";"153,0";"8,2";"253,10";"0,0"
"21/01/2026";"1100";"17,8";"17,8";"15,9";"84,0";"95,0";"84,0";"15,1";"15,4";"14,7";"916,5";"916,5";"916,3";"4,5";"148,0";"9,7";"805,40";"0,0"
"21/01/2026";"1200";"18,6";"18,9";"17,7";"78,0";"84,0";"77,0";"14,7";"15,1";"14,1";"916,8";"916,9";"916,5";"4,0";"148,0";"9,8";"1576,40";"0,0"
"21/01/2026";"1300";"19,2";"20,2";"18,6";"74,0";"79,0";"69,0";"14,5";"15,4";"13,9";"917,1";"917,1";"916,8";"4,3";"143,0";"9,9";"2497,10";"0,0"
"21/01/2026";"1400";"20,5";"21,1";"19,2";"69,0";"75,0";"68,0";"14,6";"15,6";"14,1";"917,1";"917,1";"917,0";"5,1";"145,0";"10,3";"2779,50";"0,0"
"21/01/2026";"1500";"20,4";"20,9";"19,9";"69,0";"71,0";"68,0";"14,5";"15,4";"14,2";"916,7";"917,1";"916,7";"5,1";"146,0";"10,2";"2121,60";"0,0"
"21/01/2026";"1600";"20,9";"21,3";"20,1";"67,0";"71,0";"66,0";"14,4";"15,3";"14,0";"916,3";"916,8";"916,3";"5,1";"146,0";"11,5";"1925,40";"0,0"
"21/01/2026";"1700";"20,7";"21,4";"20,6";"71,0";"71,0";"66,0";"15,3";"15,3";"14,5";"916,0";"916,3";"916,0";"5,7";"154,0";"10,5";"1920,80";"0,0"
"21/01/2026";"1800";"19,9";"21,9";"19,8";"77,0";"77,0";"68,0";"15,7";"15,9";"15,0";"915,9";"916,0";"915,8";"4,3";"154,0";"9,6";"2028,20";"0,0"
"21/01/2026";"1900";"18,6";"20,0";"18,6";"81,0";"82,0";"77,0";"15,3";"15,9";"15,1";"915,8";"916,0";"915,7";"5,4";"163,0";"9,3";"884,50";"0,0"
"21/01/2026";"2000";"17,9";"18,6";"17,7";"82,0";"82,0";"79,0";"14,8";"15,4";"14,6";"915,5";"915,8";"915,5";"6,0";"163,0";"9,9";"417,90";"0,0"
"21/01/2026";"2100";"16,7";"17,9";"16,7";"86,0";"88,0";"82,0";"14,3";"15,1";"14,3";"915,9";"915,9";"915,5";"5,0";"155,0";"10,1";"255,40";"0,0"
"21/01/2026";"2200";"16,6";"16,8";"16,6";"81,0";"88,0";"81,0";"13,4";"14,6";"13,4";"916,3";"916,3";"915,9";"4,3";"144,0";"11,4";"63,90";"0,0"
"21/01/2026";"2300";"16,5";"16,6";"16,4";"84,0";"84,0";"81,0";"13,7";"13,8";"13,4";"916,9";"916,9";"916,3";"4,7";"146,0";"9,7";"";"0,0"