timestamp,ambient_temperature,soil_temperature,soil_moisture,soil_ph,nitrogen_level,phosphorus_level,potassium_level,action_target
2026-06-01 00:00:00,16.682893403025776,16.66099225438184,72.98805426393295,5.742630713416428,210.44858743000455,46.70873528746982,195.77712129758373,0
2026-06-01 01:00:00,15.031122764219745,15.808841588546725,76.83515536766804,5.7869376385038755,208.49970777606998,45.122554306315415,232.80057412252512,0
2026-06-01 02:00:00,15.97153280715104,14.099383846758233,74.24725532619303,5.825717951435032,171.90440462583527,40.688449335826355,251.51886374829655,0
2026-06-01 03:00:00,17.523064000588562,14.872224541482577,75.92441343402433,6.178744584658472,217.38752665291216,44.97473339152213,280.98675643698766,0
2026-06-01 04:00:00,15.586592111423926,15.586263265457395,83.68198212360085,5.501113076605303,155.29751973270146,49.908416254929435,315.96649306427514,0
2026-06-01 05:00:00,16.699047096270395,14.116910999582291,72.5059326987695,5.4614612033949355,180.37447022719013,43.738378710211606,302.7654377348706,0
2026-06-01 06:00:00,20.868819223261088,16.37468450570272,76.36151942092876,6.29464789685719,140.02736561306577,49.19767630230274,227.8270080621006,2
2026-06-01 07:00:00,21.339418778011716,16.56179273212128,66.88433710465151,5.614942103247481,246.75879550888445,36.63331221576953,260.1315095133739,0
2026-06-01 08:00:00,21.295788421097573,16.41261334242317,66.60691783219849,5.294785858569173,193.05351518164113,38.961063488542955,278.05502354810267,0
2026-06-01 09:00:00,24.625573381096594,17.851500109719638,70.94228503440014,5.605948023160051,265.0065210444893,37.65679496726025,264.51171502214004,1
2026-06-01 10:00:00,24.804873460781305,20.278657446112828,71.24383373710053,5.6679789059024,224.08849779558486,39.34868628207594,264.22819096526825,0
2026-06-01 11:00:00,26.25115283795045,20.622114431214776,69.15566627827272,6.421985091090306,213.44294640053073,57.87181046706091,206.09026701382913,0
2026-06-01 12:00:00,28.42512123384012,21.007026923918517,55.710867478301154,6.169930484950695,182.41316917157002,52.2603879311036,228.8906339544144,0
2026-06-01 13:00:00,25.89156041703678,21.638280471177403,63.000372609195615,6.259008246652897,168.6094989293774,34.230768813156544,258.8824060344291,0
2026-06-01 14:00:00,26.41262325123045,22.525388871499082,68.81979505854007,6.127989456938714,215.68914721690837,49.37498296408455,151.2709730021935,0
2026-06-01 15:00:00,27.918049490162016,22.45429245880243,63.10604981462505,6.178497468646126,197.85457972181052,41.0941768735143,300.6257728003942,0
2026-06-01 16:00:00,26.54293114598944,21.316200395424787,59.18001839382536,5.5247671493678725,159.82189053544096,38.17615414528434,220.0928360115572,0
2026-06-01 17:00:00,27.421118467198745,24.49744563358406,65.78624753498872,5.720559137858606,154.49424750475043,30.14260534277493,302.4735253306055,0
2026-06-01 18:00:00,24.137963886718182,22.588361614497273,63.86040704098083,5.4040338747905805,171.23888812569248,54.71918693820244,298.9566401788364,0
2026-06-01 19:00:00,21.693277763714708,22.14694493684422,79.34069092550341,5.715804787785187,254.6290167579869,31.361368503328613,253.25227827550464,1
2026-06-01 20:00:00,24.19847315338233,20.95367380009847,75.0860395280325,6.073641996373897,266.3983375403391,44.48036821990126,315.02193302806154,1
2026-06-01 21:00:00,19.84960223355255,19.447182739830414,75.60096445151478,5.853833313924898,206.14967441926728,35.536887542751316,304.7278937969973,0
2026-06-01 22:00:00,18.601292307031887,18.851260415240983,80.8834827554106,6.324592327584118,204.46828388723864,52.758439470699244,262.6415411666144,0
2026-06-01 23:00:00,14.913130252373985,16.68520800983447,78.82820044776813,5.3434336831091125,189.91038884511437,41.65648173686049,258.1296153923321,0
2026-06-02 00:00:00,15.121248086721154,18.821669198442642,82.08168976780969,6.000095340279295,171.96543955071493,43.65537344479655,318.8893114265743,0
2026-06-02 01:00:00,15.404903100541322,15.183963276515891,85.30271775586078,5.300678879252272,241.2553717282173,43.992657370699675,284.28055357630654,1
2026-06-02 02:00:00,13.273509633866546,14.710325357784502,81.69928184833171,5.837670587669456,256.2072918169141,48.02570334935783,316.7878867347257,1
2026-06-02 03:00:00,15.80206624349503,14.784089331334608,76.16158465023456,6.096133369022591,173.19742742482143,45.130047639833094,179.44103702589052,0
2026-06-02 04:00:00,15.036864138630722,16.0304605798819,69.83265324275754,5.714198973270312,197.51484864726194,44.56726811038884,278.93940388077846,0
2026-06-02 05:00:00,16.61271190700425,15.14790389425385,76.04907808298744,6.020450641634782,186.50401097869496,39.81598024745222,211.90363652122508,0
2026-06-02 06:00:00,17.597440081655904,14.546989748037877,79.40018782482449,5.416107066066826,187.3928277540507,29.252706266579068,273.9684597005295,0
2026-06-02 07:00:00,22.96668396104576,17.17504356385968,73.56814638458323,5.1345240087214465,235.57724766289587,33.81449040458145,303.55280833383534,2
2026-06-02 08:00:00,21.979754162893098,17.584800501428386,72.54612033312033,6.022811848995121,160.64115363901635,52.18479738680645,344.5656058299641,0
2026-06-02 09:00:00,22.225166922283794,18.39547178536308,67.02330421844825,6.497604093630293,213.9940907280892,41.94180536673702,237.47333086251257,0
2026-06-02 10:00:00,26.733817368154785,19.572587392936672,54.435311313476305,5.401582023932043,221.84714321917596,38.359902222775204,253.97180778792068,2
2026-06-02 11:00:00,25.1184819933493,21.950765700876044,63.78174611795717,6.288877672042718,195.73546479194542,30.94271855581955,271.1786837169785,0
2026-06-02 12:00:00,28.375473218998202,22.74807591602889,60.8277077819324,5.817369363526565,226.7920348096032,27.803528599096477,236.01875594152438,0
2026-06-02 13:00:00,25.821975598203814,21.279054850343556,63.84898444620536,5.265723391322769,204.4295552161235,37.96793119871801,314.1423891515703,0
2026-06-02 14:00:00,27.007720926652354,23.763209609386674,67.0835166729068,5.347397879459135,236.51389763468336,53.88052854045257,272.1962181853751,0
2026-06-02 15:00:00,29.056772637827162,23.170237856963396,71.46025488968161,5.80631390934426,154.33384085222437,39.42929806377681,279.87828093504186,0
2026-06-02 16:00:00,29.16987769648419,23.3992766529102,62.01379277342444,5.6382150848303585,189.5367421697939,49.00485525241447,299.8069250709664,0
2026-06-02 17:00:00,27.20679989009079,21.50988663984161,62.66818118610874,5.274834809296705,197.84560571446897,38.96940170602042,272.13153934498365,0
2026-06-02 18:00:00,25.32652757641764,22.327793002827196,64.71205784327837,5.1223842875098375,119.83377846585952,51.38866696028849,242.2984348729654,2
2026-06-02 19:00:00,23.360077772333714,21.17816825247694,68.98983050773812,5.461312268829397,167.42141799264397,41.48249198191331,272.47919046806135,0
2026-06-02 20:00:00,19.78221701444886,21.662447051914647,68.51987078091938,5.877523603332447,175.59202236923642,32.681157544495036,240.75274561946443,0
2026-06-02 21:00:00,19.10850037169029,20.892140580732327,74.07079234770192,5.797439698958745,228.44617984470048,42.31046932100556,279.31923556465944,0
2026-06-02 22:00:00,17.80904184356032,17.34041091918695,77.28321146938661,5.599504816999969,178.794699610562,63.34000418280407,314.87750883207184,0
2026-06-02 23:00:00,18.635935871022543,17.9470959283865,75.0853072726454,5.880754877716593,175.4576303808207,62.898843155508544,228.00086830910672,0
2026-06-03 00:00:00,16.453249607861622,17.897489203835402,78.94381014058996,6.216010687945075,224.52457341968574,49.865333027793646,213.7051599423163,0
2026-06-03 01:00:00,12.59395898293242,16.022229705403053,83.45598726722378,5.957650604173659,151.46268062629838,43.629411845862975,276.96999743678697,0
2026-06-03 02:00:00,15.486125954092193,16.119149300864137,68.95716544385715,5.751476531444167,137.86267797669285,48.039018020950834,244.28801533024375,2
2026-06-03 03:00:00,14.660895795352047,15.417229068945394,81.99127583755455,6.171228802664276,189.15223099791962,48.1685233873329,276.26981097647877,0
2026-06-03 04:00:00,14.922439173049993,15.273328185562102,75.13799876402774,5.416059879113482,156.56879695764934,44.601132476328985,287.816140824388,0
2026-06-03 05:00:00,17.96776696495547,14.919244712389089,69.35948382703364,5.710032184177859,157.70962116021053,49.40944019922617,189.25255084285843,0
2026-06-03 06:00:00,20.046499283743927,14.562633741553679,66.8219417202323,5.719564825759853,217.20301375063946,47.08226862153563,302.5939771063417,0
2026-06-03 07:00:00,21.58518686295665,15.274348757313787,72.66548381681466,5.305218696622862,226.27921513737738,41.840276146356864,228.21325988179004,0
2026-06-03 08:00:00,20.741173715166042,17.567482011564255,70.39771690567649,5.632050335086257,223.66592647556377,33.047432006163575,274.10608197741243,0
2026-06-03 09:00:00,23.347914751940824,17.980290424005023,59.972658377743954,4.970016127641879,233.263299809217,40.39940757779834,248.6247065824628,2
2026-06-03 10:00:00,25.996895147105345,18.88919020431422,67.593914899435,6.564871219065181,237.23402960044405,52.99518849073597,252.92171940862823,0
2026-06-03 11:00:00,28.413065158989372,19.6961641465522,55.10628115521862,5.425034484625475,136.14229373519208,44.68537775504635,342.7583175847195,2
2026-06-03 12:00:00,27.343416469723135,20.7558489236154,64.2870070289233,6.434445652568525,213.512358797884,48.002868915875055,287.77070083182645,0
2026-06-03 13:00:00,28.48299231902775,22.665956560336703,63.412903845531964,5.815233802287797,184.11175401291325,42.16984472295587,311.1875361181436,0
2026-06-03 14:00:00,27.34049753899096,22.195906349643334,68.01928836168607,6.025945652862383,177.57727262028692,34.40402494989375,281.0376541681097,0
2026-06-03 15:00:00,26.96717084790247,21.79085153451502,72.9478189148513,5.604480080659627,216.81243896626117,42.61370285128177,299.80054298619814,0
2026-06-03 16:00:00,29.28096656008237,23.59492142043214,54.43945849839845,5.88317187678467,148.09113560312744,34.77544099250649,291.6951344857381,2
2026-06-03 17:00:00,28.98410751116207,22.6998019740645,61.35670170629027,6.060195855995374,147.4667418238304,34.137108263964485,285.17824578747303,2
2026-06-03 18:00:00,25.3919848176295,22.489218307563974,64.54794174362351,6.0658209657576725,219.0071823224515,57.05636608869409,319.2862363665872,0
2026-06-03 19:00:00,25.317032662555683,23.1144897698658,68.18830923473799,6.109909356029743,214.63358052532695,40.79913995065783,281.2602181537708,0
2026-06-03 20:00:00,22.542454037571453,20.983551554119593,70.42739900958235,5.652666915984329,204.1019796761453,37.58515274539966,366.4059428887082,1
2026-06-03 21:00:00,19.22058705237467,20.266623118905063,71.5725643234673,5.607856131003458,173.6025978583059,61.17959684380905,313.4212629124975,0
2026-06-03 22:00:00,19.04209340826262,18.05686120696134,71.34497696703058,5.162329469892958,222.31488903746373,53.149850354042414,229.4183720904124,2
2026-06-03 23:00:00,19.357307381393124,17.78898825770915,67.58897686640802,6.009287604470774,220.40908676181428,41.284907744981616,267.9380116406807,0
2026-06-04 00:00:00,15.884083114844001,17.48762083616688,82.27840817421975,6.2329514845293765,202.55913545142363,49.276363255523684,290.88310397962675,0
2026-06-04 01:00:00,17.58548469969753,14.927273888180814,77.59343926836061,6.446392671967172,164.68036876190686,42.642116817392974,276.7798734284815,0
2026-06-04 02:00:00,11.070382343865383,15.696574459354812,87.70438217633723,5.922069053832203,187.2425496281148,38.073203207204,302.4749367588867,1
2026-06-04 03:00:00,16.471372972539356,15.216929552959572,75.08237175057519,5.4934080908365726,225.13501032573328,49.746912244850044,306.88066819335495,0
2026-06-04 04:00:00,16.068392775866187,15.033029964469952,73.83375132548842,5.121161542684217,239.8157366840536,41.75698114679797,220.6165205680414,2
2026-06-04 05:00:00,16.601741505995363,15.966023813770322,71.08633485965943,6.21666669323334,190.20390189871014,45.754980089994035,326.24310178865977,0
2026-06-04 06:00:00,18.637641164803252,15.803449196741063,75.8294185209394,5.081489373288986,192.50981096575214,55.21363234899671,255.12730138055824,2
2026-06-04 07:00:00,17.206913312381015,17.354030393938963,70.55273790250162,5.663758368902493,195.14932675924817,54.112131037953766,251.1638197654097,0
2026-06-04 08:00:00,21.670492168243733,16.20512838752477,79.63872474294027,5.710277268822542,208.24679026732917,39.499067081439236,251.0351042917784,0
2026-06-04 09:00:00,24.347402172985266,18.073463473364594,60.64490448695048,5.772217944859592,182.5679809981993,49.86031602287086,307.3430562396233,0
2026-06-04 10:00:00,27.716841067112274,19.06757342911196,64.50809131552778,5.8143210400143355,113.17444827285249,33.72143753854244,264.3172920740886,2
2026-06-04 11:00:00,26.172342140895363,19.17987258540602,72.8274629669945,5.85525902254703,235.7830700494129,49.504141613157046,248.45793422649172,0
2026-06-04 12:00:00,26.84943742215129,21.765036001673078,67.1761238897375,4.833854695168588,253.8406684148765,46.48495305801106,258.04163370225854,1
2026-06-04 13:00:00,28.00884521864667,23.688165769428444,63.66775430008289,5.805862363948051,181.62800421182862,48.78979362363431,203.2123336433649,0
2026-06-04 14:00:00,30.373103176553112,22.450496755550688,55.10985795332679,4.908169770355249,168.00039893243678,42.02555245355767,241.31344944194052,3
2026-06-04 15:00:00,29.254607448513003,23.26772017577529,54.38562511894588,6.092887229236398,195.88698432829332,65.84071273652489,225.416658053876,2
2026-06-04 16:00:00,27.267537520840516,23.067614780652264,67.5292055195793,5.577949937678555,194.37488348813682,35.98700292379686,264.23322678016433,0
2026-06-04 17:00:00,27.719648617975867,22.292835569230533,70.6671578623037,4.937185309910659,229.86555731488878,54.71551710968461,301.5677308109437,2
2026-06-04 18:00:00,25.64561632402206,21.00749339289614,63.43101045878267,5.47431812904585,201.63918324935113,34.683016802316686,297.15503603732907,0
2026-06-04 19:00:00,25.26470080151698,21.2638083382699,60.38705150009786,5.571969864326138,176.22131508886451,50.04344174629321,325.2700199018633,0
2026-06-04 20:00:00,20.94692035918397,19.886433295238614,58.972848416234136,6.276279847022002,160.44771648325855,50.75789977251783,316.35903269186485,0
2026-06-04 21:00:00,19.6967734643857,21.39855784285738,67.86004762442447,5.878655096700098,225.9690255445902,45.54975871562285,253.85613140326492,0
2026-06-04 22:00:00,17.911837770301762,18.907912244861407,74.33751046314268,5.9377779777402315,217.9853372349275,40.046755894562956,275.76285603014855,0
2026-06-04 23:00:00,14.854980109495992,17.68798835635218,86.56964007278849,6.2724886536882405,231.81679634275457,46.41134890745299,273.6977562311433,1
2026-06-05 00:00:00,16.38200258910579,17.711323059830246,80.1072653542379,5.761542284830204,170.95439747836718,47.67010333430174,188.95789269112453,0
2026-06-05 01:00:00,15.630102124246356,15.274171992969098,79.16930447443814,6.1016751844129615,255.1531069858499,62.89936486306283,226.30961852361023,1
2026-06-05 02:00:00,15.007670184963692,14.922407154458602,76.39019747153792,6.0735444455727965,147.68916478828288,36.27659714699704,268.3085329139555,2
2026-06-05 03:00:00,14.886638515913802,15.190754510242623,75.62020519462365,5.2854122025722345,221.2880306420444,39.44086503685998,268.0841425943677,0
2026-06-05 04:00:00,13.814766060433309,15.823015193138785,86.85051871501986,6.389193431051932,142.71251698409296,47.84735557069337,295.49300216820666,1
2026-06-05 05:00:00,16.419284547546127,15.537644730978759,77.7005512467366,5.231879287971722,176.29005854904597,42.439462096047485,293.54566518143395,0
2026-06-05 06:00:00,17.985928225209847,15.734558498874952,64.30388267014307,6.166946659791139,246.83068791343877,43.999589622693996,204.1722999160106,0
2026-06-05 07:00:00,18.984850780449925,16.234067063442623,70.25048082397387,5.193170785237747,224.9409276342797,55.703518353637605,295.7438693783012,2
2026-06-05 08:00:00,21.758071432500987,17.32018868442142,65.99923412214068,6.040494715260669,183.61338753538453,16.797334965707652,282.14348825815057,0
2026-06-05 09:00:00,24.417809600939453,18.12604614369332,64.36730843298533,6.544765951260069,184.43488871534936,39.02050654982189,299.9349272657852,0
2026-06-05 10:00:00,28.329278851815793,18.17602218017845,65.21941867924647,5.714808537379915,203.01866332506327,27.576307737487507,317.6746235056636,0
2026-06-05 11:00:00,27.211614187553593,20.072139557716604,63.20883856596444,5.697457742858742,215.42422972282168,33.0418356309593,269.28468108848114,0
2026-06-05 12:00:00,28.448503412575217,20.141049072865798,61.87746886989143,6.04417599972674,237.5473814804809,69.0462449207247,324.8235294792032,0
2026-06-05 13:00:00,28.649811910374225,21.89329315906685,68.5875915141771,5.668241417614983,186.31297986174516,50.98168133952756,239.42398184427813,0
2026-06-05 14:00:00,26.12184317705144,22.07958326194716,61.57148273860483,6.5273114814971285,151.64644809538396,54.51564925058104,237.17047518511126,0
2026-06-05 15:00:00,28.721709970849652,24.895208603382564,71.25494566441716,5.876876899783478,204.7090588114628,44.19470350213569,292.15088760542164,0
2026-06-05 16:00:00,28.152523141402614,22.96808449299863,59.26043427346143,5.671932196711709,186.27707487474817,52.5871382483191,260.2492981877928,0
2026-06-05 17:00:00,30.644610637033765,21.740311652147003,60.07245821862234,5.583885788841727,160.98098885754658,27.33435492479751,285.4653025847588,3
2026-06-05 18:00:00,25.211458552828315,22.356757446596212,64.74023175959219,5.426820611930792,208.93006745938382,55.38298411769601,354.71928479377965,1
2026-06-05 19:00:00,24.264054329218066,22.243914121256502,67.90023047244313,5.548898005297004,193.60658737721633,36.801558814401005,290.73980294015905,0
2026-06-05 20:00:00,21.947932345442133,22.338691156922017,72.28544116083508,5.659730642536561,209.19536619409382,39.68684180674087,283.4867815545648,0
2026-06-05 21:00:00,18.435249627853057,19.563714260459108,76.44687664702072,5.604944370600568,173.16667399438458,50.05151070454652,240.2311848539261,0
2026-06-05 22:00:00,20.214234221772532,17.734057620781087,68.37733228077006,5.536729890345159,214.60131590976496,48.16446758582215,207.00080773502614,0
2026-06-05 23:00:00,18.17815208072433,18.618193428734703,68.97164411589294,6.639536492140976,160.48705409735066,45.84620048393549,272.09813538905956,0
2026-06-06 00:00:00,17.124370094073498,15.895521035280279,88.36661484164036,5.387961969404204,175.1680583091025,31.369038464196812,317.67480986432787,1
2026-06-06 01:00:00,13.874438033784413,15.822648522047821,77.33075266145593,5.858653035058469,192.71257306738167,45.99813668821642,262.08247971757305,0
2026-06-06 02:00:00,17.10419146640415,15.32980199645345,79.37103243367496,6.037008403904348,252.25455244879143,54.60561353483229,291.05849996821473,1
2026-06-06 03:00:00,13.1357426217881,15.08058993220364,72.59890230123828,6.052043198233493,223.5447610564548,39.67512903900206,332.0598909087433,0
2026-06-06 04:00:00,16.818107814209334,15.551331565659469,74.82020702342541,5.776557169687011,232.3157751280337,58.14937045340296,331.0606525292144,0
2026-06-06 05:00:00,20.335935970409135,14.589389269014617,71.36087991559683,5.703718971261076,242.51231100029435,36.2730806408599,292.1526355040713,0
2026-06-06 06:00:00,17.014195512303967,15.316914983128838,78.34704073487441,5.980618996495802,308.0849640743262,45.06547891718374,281.8042591462937,1
2026-06-06 07:00:00,19.338820089878197,16.160156592894296,59.581145187186465,5.90660865999128,201.247672026753,60.35327733376613,214.25467803987698,0
2026-06-06 08:00:00,22.14947704763146,17.11967836601503,70.6513306082339,5.696416466092995,242.61202769389567,38.186000873003906,249.7922142329224,0
2026-06-06 09:00:00,23.056519834543348,18.042985559356254,62.98346892170852,5.175248571310227,230.37905763205822,55.53985483377074,263.7697676792771,2
2026-06-06 10:00:00,23.174004853400803,19.348804620178065,70.21292273189366,5.612830511066701,229.88097509922576,64.74652362221809,240.9067355426339,0
2026-06-06 11:00:00,27.052591930514875,20.71034778812347,58.75524369919133,5.3413799345170165,253.22718854120544,46.7104406892415,284.9381305181106,1
2026-06-06 12:00:00,26.468722255901913,21.314107292520774,60.3601198132898,5.533136179973469,187.4206090704657,39.72983012616693,351.465927339444,1
2026-06-06 13:00:00,29.47186942997625,22.191295543553565,59.66561863206216,5.813289295406784,185.03944928190862,37.27261197049977,335.7104637064647,0
2026-06-06 14:00:00,27.620863648649294,21.198323081740572,57.99331627360487,5.943494457598646,209.59296540445584,58.04602703347325,284.7551944732483,0
2026-06-06 15:00:00,31.086382391549783,22.90388546448882,56.718668896463484,6.512181100516962,194.51900684234337,57.766941993396486,306.17736288099314,3
2026-06-06 16:00:00,26.88729788798672,23.383606038401286,58.16836369169936,5.585037448438475,209.5550255899452,59.49309122868675,245.85582738575525,0
2026-06-06 17:00:00,26.46665519399732,23.446856260812634,55.47416150870958,6.10985025411006,246.88246355159035,44.67161649344053,333.56357402675206,0
2026-06-06 18:00:00,26.720275826054504,21.91022099575072,69.4254542708814,5.922384009775135,185.65559831881166,55.37806941527105,212.52133616219277,0
2026-06-06 19:00:00,21.965436841066712,21.301195704835276,63.561232326600305,6.318399068255916,190.8596311221881,44.5116060887393,311.5131264434465,0
2026-06-06 20:00:00,22.341189901906194,20.540719459773122,68.69716767967265,6.03049148783825,205.22933010579732,36.16944878391641,294.823588407991,0
2026-06-06 21:00:00,22.148980815705997,20.464407300323156,73.58567842862173,5.396607429085473,193.1504472192449,56.24176785112353,244.76562452982301,0
2026-06-06 22:00:00,16.08877514815816,19.827104843939367,74.01874930963,5.1107815882835075,142.57982515959537,61.33870278278205,266.6485297304825,2
2026-06-06 23:00:00,17.327203319492625,17.638755733756636,71.48152651788115,5.924504679867002,182.59617071903182,34.7939802721868,229.62989187375763,0
2026-06-07 00:00:00,16.327646364881563,17.72636985090164,77.93801480547923,5.588619600839843,220.62119726712513,34.6056903709933,231.3343980879107,0
2026-06-07 01:00:00,16.411253523642486,16.270356722585483,82.29616488526479,5.4078745016197605,243.1264025279794,45.39981934230125,211.3578399750428,0
2026-06-07 02:00:00,13.144573933682878,15.436469763132296,74.77993495414819,5.2929689181867685,165.3614429738682,54.56128605741,305.70055608802846,0
2026-06-07 03:00:00,13.257834296350108,14.967189310989353,79.73985968429268,5.864390199034862,165.2215280230747,33.661808062460466,323.21379877706727,0
2026-06-07 04:00:00,16.720734521934276,15.597289091681725,67.67264559884224,6.403083079725346,200.90701408152006,47.27015736955906,188.52768544746294,0
2026-06-07 05:00:00,17.495729541543945,15.396758948273384,73.43911953173631,5.636531061717583,137.7321480536649,39.09573045940248,348.53222064606024,2
2026-06-07 06:00:00,18.875739275518814,17.356558726980357,73.92013629206781,6.036108124430129,186.65089391038617,52.00829099825002,274.5196705345264,0
2026-06-07 07:00:00,20.70793899852782,15.48979316085595,67.27734999299129,5.759093459912963,147.9187382134582,37.02113178504109,286.5941281950735,2
2026-06-07 08:00:00,20.979962917632264,17.41448136162398,68.93908532971513,5.284247164358643,241.07183899527396,52.71803000274179,216.10348657659694,0
2026-06-07 09:00:00,24.160113861459152,17.541363011740707,60.366729524711765,6.093924537404167,176.92006536948787,43.41785189182292,327.8330300065946,0
2026-06-07 10:00:00,25.939608709948022,18.304570410409085,65.65786260496985,5.362123182389051,249.5850255901708,35.628594763189575,283.01000372667335,0
2026-06-07 11:00:00,25.87822034126628,20.026582470782106,70.62460683489621,5.808650652237426,233.40564060375016,45.63689955426889,320.55304959085197,0
2026-06-07 12:00:00,30.860839593208205,21.10988198352563,53.88127313929783,5.663391833997878,180.6104810690775,25.620266855116473,323.83433282590977,3
2026-06-07 13:00:00,29.472230165391156,24.162965968794264,57.919964968768696,6.157230973826277,167.8412108946177,39.4090542789506,328.3949769088508,0
2026-06-07 14:00:00,27.213044754196027,22.316784962591193,66.25707752723568,5.376739603011725,194.19362752497233,48.37401070324662,249.0687689659119,0
2026-06-07 15:00:00,29.746311196974222,21.959560321568528,66.76488016024462,5.956347963120784,196.86060127225392,27.282452209681047,266.68151968427185,0
2026-06-07 16:00:00,26.60015532115009,23.218408573995507,57.01386455357523,5.464081037060519,210.38440831857204,19.288631468945887,250.53191701081943,0
2026-06-07 17:00:00,28.130374373919512,21.20399127511918,61.79962706421684,5.595557915068486,176.70370131409464,21.606326801868327,310.8038585096513,0
2026-06-07 18:00:00,27.237893368511106,22.39053618905434,65.13018206938429,4.345919908983959,222.3918462056661,58.2712855550037,288.31556917454964,2
2026-06-07 19:00:00,22.58070983819008,21.84124735058232,68.79286624102765,6.636839428647163,207.95984164999697,44.232409872372706,317.7657945605295,0
2026-06-07 20:00:00,23.445064193866482,21.635680306356168,55.88196263297479,6.0202227731304925,189.78814529852409,39.67534605992813,319.5095521222893,0
2026-06-07 21:00:00,20.807438074687102,20.81417397995236,73.93652435691934,5.4930610056247335,178.6387803374593,54.4515473566683,205.9096203624437,0
2026-06-07 22:00:00,19.733090239991736,18.597144304873826,80.31697346746314,5.350137724666802,194.45345050703943,40.95550317530889,329.03080522215487,0
2026-06-07 23:00:00,19.89544200567509,17.84423260788597,73.10877834903741,5.6017404988482635,175.4929624451729,47.68461899866732,313.0344383106287,0
2026-06-08 00:00:00,15.569739999504623,16.387103335511462,72.56078173412314,6.086751813927781,201.75316084650763,45.25755350923263,260.23100467258007,0
2026-06-08 01:00:00,14.107914969440287,15.269122831407653,76.90486580485025,5.04316602976603,202.5631605565973,40.29000579247022,288.99171066118515,2
2026-06-08 02:00:00,13.665728355561715,15.783814208366753,88.85069131160391,5.7433662322822645,207.8512185042902,47.94145883889106,270.05321713669184,1
2026-06-08 03:00:00,14.014803788528365,14.117428255966448,84.13204815806876,6.508256748985069,252.9872722901556,52.732612214201446,299.64222714524703,1
2026-06-08 04:00:00,15.822169609387775,14.668298479542509,80.61352956065632,5.346421465612878,196.02665840901284,43.15093382983012,260.1441447718049,0
2026-06-08 05:00:00,17.561980493919133,14.340157526924337,77.10768632496892,5.832154015505462,230.13793601373447,40.39444426845385,294.1570896467643,0
2026-06-08 06:00:00,18.91503619899503,15.975644933894454,70.3962710002511,6.6813239261031026,206.88762190927105,41.57487592000547,277.6922121863741,0
2026-06-08 07:00:00,21.42904155783639,17.612716954667,69.68229422731748,6.052860651876309,192.85267094304638,22.020874672142682,257.7122438601878,0
2026-06-08 08:00:00,22.019502837816862,15.958729613757335,69.58698291622719,5.850369528194182,196.42522190146298,47.83059546508912,282.6054497960823,0
2026-06-08 09:00:00,25.99203443145362,16.48230903327186,67.95743026257787,6.002654581963601,198.23520772495849,32.908887110114485,383.2587829395503,1
2026-06-08 10:00:00,25.103014750143068,18.900090491719947,73.82097677116283,5.639653865996119,208.3930312318465,51.29718724118924,247.57853480697273,0
2026-06-08 11:00:00,31.03000121819026,20.04783441717629,64.75568922213733,6.319852514121376,171.22037704343091,44.09575899324706,265.0022563495372,3
2026-06-08 12:00:00,29.00067884813858,21.17492744540584,54.5022636032535,5.640267990839915,156.039788496651,46.051210965304406,248.27550401467877,2
2026-06-08 13:00:00,27.475744449399052,21.471370712558716,64.54908150522638,5.0163273565056095,219.62892180422827,52.00329170606202,252.47134457889666,2
2026-06-08 14:00:00,27.39366125290833,22.303590176077407,67.21142322234948,5.643478758423816,226.94371497743776,35.73476233659065,307.6309741354143,0
2026-06-08 15:00:00,29.485189406888253,23.157711633588757,64.11207436245728,5.413306188049319,222.36907498408408,48.69248443350957,303.6352983854427,0
2026-06-08 16:00:00,27.726983648502298,23.83234471411587,59.981450804860145,5.687522395121028,204.64916055669417,47.67621052562665,274.7654598671476,0
2026-06-08 17:00:00,28.020748209443973,21.29966428890165,77.34564822750903,5.696366376367748,223.01673882359867,43.15219167357207,316.0518634107645,0
2026-06-08 18:00:00,26.209856436860317,22.168950063912582,58.562749464112024,6.278969279921963,221.40287078051426,35.71813799236462,306.7377318197724,0
2026-06-08 19:00:00,23.70248994673234,21.99947415989904,62.54106983059095,6.078117090665754,223.62888076864863,50.95238364055164,268.5066325589514,0
2026-06-08 20:00:00,20.729809422897393,20.265619116311413,72.692204098831,5.905306195030159,174.2137753597366,52.034545444193164,213.64541032823178,0
2026-06-08 21:00:00,17.915995847253555,21.420211885823925,85.484820258115,5.798821835466962,167.09144608536107,46.13602025977884,308.1913203179601,1
2026-06-08 22:00:00,17.830227571899467,18.49167209581701,70.82275266019978,5.376456796456802,188.34292259743188,34.296975842853556,281.786584840079,0
2026-06-08 23:00:00,18.33485072317938,17.93168966998409,73.06903730394978,4.927529904933729,199.47847671372034,39.72550967074546,275.8889385480237,2
2026-06-09 00:00:00,16.258962789704235,17.444817677473832,82.27571301743339,5.845264004557113,192.74236618603132,44.39667277579933,256.3580791996114,0
2026-06-09 01:00:00,13.36991104790854,15.698545044212294,80.26679596807108,6.117856481429463,143.69929005986373,51.88494549982094,304.78595796465265,2
2026-06-09 02:00:00,15.259771388776773,14.058639946618712,76.41525506081639,5.756666446702164,251.65077836405425,29.165105988868834,288.93985009714004,1
2026-06-09 03:00:00,15.816495285569777,14.7933730733105,80.24837016674988,5.58605827088532,191.77862033342794,39.36196535695623,265.5268782879081,0
2026-06-09 04:00:00,14.612036019207231,15.823552444741633,80.22814672809929,5.985800866085685,205.1811324973086,40.97327440057798,225.98181811124354,0
2026-06-09 05:00:00,17.28084019061246,14.866780593415616,80.81518569944902,5.766667119750261,237.33646972289176,44.16778420596971,317.7171640752031,0
2026-06-09 06:00:00,18.587313077669,14.858750943695064,80.55256875212402,6.474297676789584,129.65083191436383,31.98674715975153,299.1962089262351,2
2026-06-09 07:00:00,18.47381123753642,16.912110642855986,75.76644181498311,6.293091336827313,184.64918384264863,42.82467221626667,285.2161159978238,0
2026-06-09 08:00:00,22.536681040522424,16.735380083181557,70.81464637826464,6.183803222809332,188.38648179260588,41.895164356874105,168.7290401954401,0
2026-06-09 09:00:00,24.65291010527,17.556595168669745,67.88706278510666,6.103093645683962,189.91069863648067,34.624081285103436,273.4842297153576,0
2026-06-09 10:00:00,27.124576864762915,19.11956487173065,66.29616054553094,5.283933034219417,194.7954022785814,43.820324158313156,265.35185186097345,0
2026-06-09 11:00:00,28.53045054635819,20.651876348105112,62.439312533727495,6.065197480821039,243.41404395334536,39.588309032144984,250.26017259782637,0
2026-06-09 12:00:00,25.995673774555435,22.905370825386036,65.20214905892203,5.95053038305863,220.20376627181668,49.95586142509707,305.1694111425714,0
2026-06-09 13:00:00,27.35474322415079,22.490216010872132,69.55744373515526,6.042569891356465,228.7410580588649,36.14672438995662,303.5944013666911,0
2026-06-09 14:00:00,29.77255290081299,23.39197358824843,68.25351742079962,5.99704379472522,201.4136081543277,45.898341221284554,292.47298868769553,0
2026-06-09 15:00:00,29.532159710391788,22.45893034596599,53.423643624362754,5.981105035139226,158.01880861563495,36.916111627707316,316.51563659070973,2
2026-06-09 16:00:00,28.834749355950144,22.17930551522442,61.848406531562674,6.8803465878198375,137.6090889456198,39.002457618411874,234.1080594386463,2
2026-06-09 17:00:00,32.728844704287916,22.913568384851573,53.68191418762832,5.769525732019233,154.11776830305107,47.972916277054054,256.85383772922773,3
2026-06-09 18:00:00,26.356335766039752,22.54983754734543,63.21753974832194,6.174534952331732,210.7929711249806,47.34717732842156,277.99169052743224,0
2026-06-09 19:00:00,25.515081775988545,20.965616931654512,67.79448291749036,5.611604075894398,200.95309138092904,40.82977817421639,250.1199192308834,0
2026-06-09 20:00:00,23.431002645239804,20.85976437607679,71.62998868342459,6.116256633555069,193.69509057331976,42.30589381667332,304.0867688681417,0
2026-06-09 21:00:00,21.16535356124105,20.354730261785388,70.44094350845401,6.175727956092982,188.9426927977959,30.463935548904757,254.11196607473218,0
2026-06-09 22:00:00,18.027096133039482,19.288314716014465,65.2007829667386,5.945770430854139,260.3516472632824,59.027643105807,326.93480017787016,1
2026-06-09 23:00:00,18.188706362434072,18.368154102297336,69.74832446219821,6.4676987769506,175.31289227070576,51.87456397878028,237.75362392999241,0
2026-06-10 00:00:00,14.778584351702571,17.232771784109953,83.14819712895775,5.446289585455832,227.83458368348175,51.51448050871107,360.2793459800247,1
2026-06-10 01:00:00,14.883291305866509,15.765965947837763,64.83791832278553,5.605111623332711,200.0573880806298,29.049677830437847,356.17189422409695,1
2026-06-10 02:00:00,14.271954678256344,15.124777883543171,85.21079014450238,5.8849520344093955,198.1718146464201,39.04510007510713,271.2098741473862,1
2026-06-10 03:00:00,15.361330425056005,14.177135576448627,80.5725534431555,6.1523227413936885,235.29912645850231,41.65453971076377,320.84681803702995,0
2026-06-10 04:00:00,19.409810023519192,16.427820031348077,79.68910837942708,5.871771808517973,243.87591148074335,25.68938507965988,258.98287757965574,0
2026-06-10 05:00:00,14.249354742806545,15.147056986539162,78.30792837422734,6.314303614604226,192.81351629345485,53.89950096076087,315.5314599292538,0
2026-06-10 06:00:00,19.52939028556177,15.356015940226365,62.657704537211345,5.535324051613472,223.97608157726427,59.53884488548136,267.96086674172915,0
2026-06-10 07:00:00,17.769192877497876,15.428539210091841,77.22878175453504,5.343768604204578,210.9167408645016,65.61934956003614,223.58240405966063,0
2026-06-10 08:00:00,21.29210220131585,19.348526321862224,77.22274297861269,5.923251334614601,200.22311416429744,34.541161724822636,133.68727249284404,0
2026-06-10 09:00:00,25.445159211168694,17.1060613938116,70.48941797416467,5.769127889554522,206.12764827971077,46.17323496834274,264.2514621571756,0
2026-06-10 10:00:00,25.596420028643195,18.65692165951514,62.37083854818799,6.017145488143288,179.35973555465486,58.228182691504216,286.1625003474117,0
2026-06-10 11:00:00,25.333130301411874,20.36794564943893,66.43404901561898,5.789039083653398,190.81701820006745,42.46381521053046,328.21265704144867,0
2026-06-10 12:00:00,26.989222262601118,21.48017037259542,61.348751940979035,5.663992083750617,182.58094160741882,39.33012086157322,276.4650012860556,0
2026-06-10 13:00:00,29.78087740742549,22.594772768918737,56.56661479014255,5.7700249713105105,227.04130149286758,26.33982326455509,315.1164053887036,0
2026-06-10 14:00:00,27.904450052424295,23.910188421353165,67.6916027929901,5.811539557917274,197.14396653376812,56.32622457771749,256.84233811113893,0
2026-06-10 15:00:00,29.08616866839644,23.268629429524843,55.50893604159846,5.678007480060668,161.06857926154885,44.80739243926635,261.5088412187422,0
2026-06-10 16:00:00,28.130535586346795,22.155175360026664,58.17427514347578,5.718747181470628,178.29688330510737,37.706581410369374,317.1614273011434,0
2026-06-10 17:00:00,25.972346946897108,22.65814720505885,59.71305549636154,5.638562665205236,104.02206064363466,47.838572898288604,176.41302061322912,2
2026-06-10 18:00:00,28.71591613398799,22.71036751314886,54.48966302271918,6.142666047947762,185.16522194353556,46.53005373178665,275.5193531561166,2
2026-06-10 19:00:00,24.762611849194663,23.48300795795085,67.41693724017942,5.87760840180232,201.12935195291448,46.68259102354592,259.0015460177654,0
2026-06-10 20:00:00,18.962286120013587,19.881755617260563,79.45277189839358,6.702700988867506,195.9159245339908,42.82901937673325,329.4244481940914,0
2026-06-10 21:00:00,20.467948156436496,20.997337384590264,70.91407843104987,5.864281820511384,259.40463054594176,61.22358158763366,253.8701482008072,1
2026-06-10 22:00:00,17.50732030284742,19.143931495637133,67.86247663376227,5.579657011868536,217.2471812274511,43.66340266737578,295.66339878280377,0
2026-06-10 23:00:00,18.328902533888506,18.634988247773503,78.60503965804392,6.868270149945226,215.91355559267453,61.19322076323304,311.86067877338775,0
2026-06-11 00:00:00,14.749041065859878,16.918404226691255,87.129659491143,5.965450551085734,150.70192896289166,50.641169264001974,215.2961602347836,1
2026-06-11 01:00:00,15.066414553776173,15.497626771152747,75.0890909147356,6.196049914757126,189.06073837648603,48.51170142761731,269.42518766904396,0
2026-06-11 02:00:00,15.757480918470685,16.13659660838331,75.0982515642466,6.036841193280996,185.40011578028913,43.86725246721845,257.7345426365625,0
2026-06-11 03:00:00,16.537152007231704,15.659841516528225,79.13372074173893,6.049204411719099,176.41756403575977,54.73956693545921,312.8517298731838,0
2026-06-11 04:00:00,14.137377562925266,15.777645572591778,87.54451566341494,6.01426162054099,176.0035800345996,46.12991767577995,302.0032736324878,1
2026-06-11 05:00:00,16.548500677932743,15.12565298654082,73.94262845785457,5.359166174089574,145.7563113817513,35.67868784886468,265.6719187976327,2
2026-06-11 06:00:00,17.787582033258566,15.056040766206367,68.39265265509869,5.947011619024565,161.72440385956014,35.34507809001964,233.10367798335793,0
2026-06-11 07:00:00,19.208272835421788,14.924543279234735,76.50716562885589,5.270055478459904,226.22280208294848,49.22484621934272,316.5258678408036,0
2026-06-11 08:00:00,24.648181360421646,17.655498614511526,70.81752273320552,5.730254865434986,195.71255924020454,35.92621114833504,272.29388893604875,0
2026-06-11 09:00:00,24.41920588215908,18.303835405545104,67.12761019358524,5.509753017374685,184.80792745176998,44.377689430275005,210.2649373733015,0
2026-06-11 10:00:00,23.608674068497432,18.227373893708833,65.27892481951584,5.94298807433949,199.83765996041876,55.57184538551091,213.70478404120306,0
2026-06-11 11:00:00,28.326540388888,19.604417241772783,67.38004518829463,5.933650498935294,235.02172036103454,48.03970177894334,292.50533720291907,0
2026-06-11 12:00:00,31.24541212201002,20.626592950438848,61.5456854763278,5.9924583563060745,200.12631562627357,37.778651296712525,223.96775228937926,3
2026-06-11 13:00:00,30.310178674850196,20.642039579160258,56.1856080056623,5.914918629099635,216.21122392793114,59.0998751161614,349.3858997441445,3
2026-06-11 14:00:00,26.72094505106898,21.809955697853646,64.58033959524559,5.55726986328544,174.6018547283523,50.47875236994702,237.51718862562677,0
2026-06-11 15:00:00,28.0351296747241,21.95663901971119,55.99930673020785,5.695598604259328,181.44110147759844,55.17792987204089,274.98557098570893,0
2026-06-11 16:00:00,29.96254455027101,22.67001679048965,63.87439882186439,6.1681584645017935,210.61930655191026,22.324416567906976,281.36447864641224,0
2026-06-11 17:00:00,25.888243269877663,22.272745306492624,64.02294022923253,6.227142670917759,256.7796112501134,48.30852878262746,245.82489043052618,1
2026-06-11 18:00:00,26.16572914221934,21.162497678444353,62.822570867413106,5.34128676054938,242.89324578544623,53.42157836379893,185.40691877688124,0
2026-06-11 19:00:00,24.97368439586165,23.446499309201776,66.26720629920385,5.187628946994941,217.48484208368416,62.00288642297992,282.6358039046491,2
2026-06-11 20:00:00,20.609604292632877,22.002032584823386,71.87001334549178,5.509244246718115,204.54301280482156,30.361814158489583,244.87040039590968,0
2026-06-11 21:00:00,20.098978650189654,19.412060643194096,76.75587592760021,6.2180830328129,242.03208066881513,57.06114589194533,279.6615371046577,0
2026-06-11 22:00:00,13.638098989896392,19.217937117322887,82.98973386875043,6.285953612073214,223.8403496913537,61.44380285701244,270.1067579104516,0
2026-06-11 23:00:00,15.513671069692736,18.298695891446954,77.0015483224047,5.430115247839531,131.19013932888015,24.827110227210206,285.53164992287213,2
2026-06-12 00:00:00,15.558969946419188,17.95286868381878,81.54757681289195,5.922923741494535,168.38207456434333,49.785911098697426,337.4748048262424,0
2026-06-12 01:00:00,13.366844443029247,15.516688853925746,82.36347293682297,6.533772533256035,210.14420976073794,51.17620814340702,253.1526794909151,0
2026-06-12 02:00:00,17.448616955897453,16.409583812048187,73.32866147149288,5.966124590896134,146.39097303347083,41.729923373480936,256.24621382630016,2
2026-06-12 03:00:00,13.093307149035573,14.69797245147818,80.0644406299749,6.368601314093238,173.07232985729414,40.099055399337104,208.3681078898444,0
2026-06-12 04:00:00,15.277755443463455,13.93131007666511,77.32557902362825,6.19949062803324,179.00555169026077,51.67853913287822,267.19264195602824,0
2026-06-12 05:00:00,17.246363397623302,15.715605942295324,78.23067063872304,5.435920517508835,192.315022812625,38.85018246589368,291.39479957099866,0
2026-06-12 06:00:00,20.661909933599173,16.56850512416019,69.77059500607278,5.724007430601168,191.37709375321376,42.82750671581902,255.66020489715893,0
2026-06-12 07:00:00,18.034473457513194,18.241900054078357,72.80658591887601,5.813901791316739,191.32638718499518,53.124349008239214,291.65722001621964,0
2026-06-12 08:00:00,23.74474562823244,16.04021978792783,77.75009179329086,5.8416533552085355,224.75922551720942,62.54043050326864,267.8996589804324,0
2026-06-12 09:00:00,23.827082907247025,18.523859567654547,72.5061779200391,6.166531581375429,192.04328403648398,50.37984272542018,222.9093504812404,0
2026-06-12 10:00:00,24.027737023428074,18.672159004965174,63.76371224976061,5.963473904910163,188.46109603786297,46.33484495414512,287.4794028473242,0
2026-06-12 11:00:00,27.64290267970074,20.661963148829308,66.08322175407011,4.625519622488754,159.52483687569452,39.8360251533923,266.7667146573993,2
2026-06-12 12:00:00,28.360767369851274,19.823608359015,62.958829484454355,5.2748638907629095,230.73038605957476,34.89399959348944,279.91031285637433,0
2026-06-12 13:00:00,27.861155468285283,20.81821130418734,64.92436931435813,4.925047634009583,179.85507458157542,56.095782415009495,252.32200467158333,2
2026-06-12 14:00:00,29.104703127485028,21.843401756604568,62.16106286984349,5.8701460962621335,167.38909015996174,43.46550148873116,248.78389908036422,0
2026-06-12 15:00:00,28.183510388730834,22.926874541690744,68.52800076094918,5.896195059787105,206.39271724606914,56.507032746667285,281.2964323021186,0
2026-06-12 16:00:00,28.232453844367946,22.487134986769316,64.24915711001569,5.913289983444288,176.99176212850813,41.70448122004538,265.7760035183146,0
2026-06-12 17:00:00,27.942943480087404,23.39094678028701,62.55802433282368,5.416428692914153,184.2214178061712,38.50711338638989,343.9711299667706,0
2026-06-12 18:00:00,27.87902522421803,23.285617309744087,68.15612261585345,6.069657602047996,207.75380522957207,49.20798888827516,306.94922048644656,0
2026-06-12 19:00:00,21.95501006747737,22.308089157742476,71.22041312446652,6.086504998587412,190.2055212866133,44.234640607315995,296.80017037870755,0
2026-06-12 20:00:00,25.1995500619844,22.295030111728693,66.76793282226402,5.297940373117937,269.348281259019,32.944713953892624,267.9007679399434,1
2026-06-12 21:00:00,17.2601349849986,20.36793748397436,77.25795103043225,5.213584719420451,197.75514370042407,63.17368329781848,193.95906206093963,0
2026-06-12 22:00:00,18.272322357446626,18.026482631727866,74.00516805423221,5.799947325509224,218.53514656637665,38.73016226228363,242.69620289529286,0
2026-06-12 23:00:00,17.932728341421036,19.05542503042059,74.9268609552721,6.516712909445344,141.74917857521166,54.27591521174214,249.10826189662728,2
2026-06-13 00:00:00,16.35930997511148,16.515875011515202,73.83535508605686,6.479897096879457,174.18052604255809,53.418566293964815,264.00062454840344,0
2026-06-13 01:00:00,14.304469936245631,16.899907675002265,75.47879997838585,6.025361744179221,167.39258915249863,32.40537235085643,273.66562002440185,0
2026-06-13 02:00:00,14.687816624464087,16.79488575810633,73.7817681182309,5.50800133136797,171.36860830092115,34.97612355383515,301.24299861941984,0
2026-06-13 03:00:00,14.499017813988273,15.501647103428047,72.04126218922869,6.154737063795434,212.46613981511007,41.98490660299872,285.9258224428026,0
2026-06-13 04:00:00,15.053775038092613,13.80307294946828,73.93688314736609,5.619030294076383,231.06695203332228,36.34353455421683,321.3681276587962,0
2026-06-13 05:00:00,18.324655677225703,14.401726961635894,73.53907801499453,5.492997185330475,210.33891513903532,62.26456371878688,262.52392105923,0
2026-06-13 06:00:00,19.03552322894757,16.594093958370355,74.0729600374911,4.942413267351202,193.20066129301074,42.99824363201488,285.28651776680647,2
2026-06-13 07:00:00,19.148902291391373,16.036274726739556,72.06483443459214,5.840952879339061,181.07434883862743,53.897490428140685,288.75376911115205,0
2026-06-13 08:00:00,23.349399813149876,17.063658827953734,56.60220277358335,5.548053060345049,233.40799253559527,50.13637389000204,284.8290513743436,0
2026-06-13 09:00:00,24.27268259703256,18.571783352520804,75.14571267237264,5.838572151811402,262.1376636246459,47.640224489963536,326.2756099176057,1
2026-06-13 10:00:00,26.71929317825844,19.55705828966426,69.76924880054177,4.880256921505175,204.05167114351073,45.40321210739588,307.1509729098877,2
2026-06-13 11:00:00,27.89419073119125,20.25831603031845,65.15577037865614,5.867930669033475,228.18089192214717,57.37130707788697,222.2238712199431,0
2026-06-13 12:00:00,26.81868531010796,20.833065303023627,73.7550309906368,4.827551534411349,210.30111049386426,36.74907026664984,270.42675603762643,2
2026-06-13 13:00:00,27.92120922372802,21.578292368160305,58.00772834410782,6.23517610130742,222.66514719396767,62.263353104565866,274.4410527108082,0
2026-06-13 14:00:00,30.12094040768489,23.150420675370828,69.69299711390815,6.008756493654033,165.06359665669652,32.127768194959046,361.06164254780026,3
2026-06-13 15:00:00,29.677036182173673,23.30655893001051,55.96148619763885,5.6885340914301645,185.35591159573627,52.81511725622424,261.8083527501812,0
2026-06-13 16:00:00,28.030825435544852,22.79415999950577,63.95669910380296,6.0250879440328315,211.86408320136752,30.948361400602174,235.70064386655272,0
2026-06-13 17:00:00,27.125738543269005,23.729393155550788,57.479927122406174,5.408770294934579,236.3747283224594,41.8429444777304,292.5330171790657,0
2026-06-13 18:00:00,27.416497343682636,22.360874323033926,63.57367366530267,5.828950206245957,175.45597335086975,45.93309938060967,294.8794287849512,0
2026-06-13 19:00:00,22.9243762324639,21.147097385278677,70.82158101103526,6.117909615384134,139.0010266687962,40.13304651170486,272.0490854508123,2
2026-06-13 20:00:00,22.820646071755057,20.392823440877326,68.24177305822116,4.562284300363444,185.05206720676253,43.183304303831086,266.1895598811644,2
2026-06-13 21:00:00,19.884977705631513,19.252283511362272,76.10741397369287,5.62111025612899,230.3039214304475,31.130295520692066,312.9561582424834,0
2026-06-13 22:00:00,18.17347819515917,18.78207198671705,75.08689841324528,5.7909423479454505,152.4831322673645,35.125495312764485,240.85607382960717,0
2026-06-13 23:00:00,18.698417809674954,18.951703242258873,71.34982498650251,5.721482552901693,164.69240323605248,49.98264707195882,261.36186628525854,0
2026-06-14 00:00:00,17.175946696990973,16.355923855175593,72.95479737459914,6.382840730490962,204.67755758153336,45.29671824977445,254.1140055154645,0
2026-06-14 01:00:00,16.45878366997748,16.32235348406829,80.70402845910552,5.350439550030846,196.52086241715608,38.09471974178493,318.75578390482355,0
2026-06-14 02:00:00,16.958218210731495,15.010546908360315,72.78142799808738,5.5515363026219084,217.83399444659682,58.24277763129672,286.41976813145374,0
2026-06-14 03:00:00,15.27002497842566,14.928049461826577,82.65298487831389,5.033652389476621,163.13819718663262,32.80069100009784,232.40023610714917,2
2026-06-14 04:00:00,16.960751630451377,13.791967030411797,82.160657007618,6.404114660509258,190.25064217493997,41.38409534135937,236.41974426948923,0
2026-06-14 05:00:00,16.58485239680398,14.959866111518497,68.15460781210457,5.70148394295648,235.85556207209294,39.94343721821528,349.936604944486,0
2026-06-14 06:00:00,18.986249528732664,15.380934081018276,79.28113250202598,5.624636444785317,164.21311419089648,51.15037627761045,318.3287099242816,0
2026-06-14 07:00:00,19.99305210273083,16.603803230482363,82.7104509689465,5.779006927075714,244.30736888930807,45.48163691137194,308.66201126093915,0
2026-06-14 08:00:00,22.145493947489076,17.178624730604298,71.08542606902274,6.05449433137213,167.97749042333933,43.91834753465403,275.4898776389337,0
2026-06-14 09:00:00,24.704468853873017,17.006010119628282,69.75005830182648,5.93894536140645,225.48144732132832,26.55783296132761,335.33892960481637,0
2026-06-14 10:00:00,24.27266897514979,19.867358595234833,72.45782385166605,6.859153685422835,188.81124469360623,53.65034480632093,230.86380856086964,0
2026-06-14 11:00:00,30.088328381834025,20.20351861258768,58.91659436590406,5.981574355361509,165.65275227083072,42.82174185168263,305.1187004881796,3
2026-06-14 12:00:00,26.553151754241515,21.15871481374199,65.44761901259953,5.613901828332367,185.09302858542205,46.1566101761042,257.2690597389775,0
2026-06-14 13:00:00,26.940197864841878,21.82108124203808,57.5007649140742,5.575457304990421,216.3478756453698,37.514367799061226,265.0442672137908,0
2026-06-14 14:00:00,30.737166310250103,22.04989565735998,60.20857557035213,5.642896419033276,199.79438015295528,35.94171237182927,304.0315705932955,3
2026-06-14 15:00:00,29.94897482496788,23.037945176955255,62.95179018826125,5.199265230148065,233.5540823433003,59.99287758475687,269.2576996527397,2
2026-06-14 16:00:00,28.998357552069304,23.380470748742866,64.18278605214918,5.8159456829966345,243.07220182804645,27.267614217375872,257.61200562154966,0
2026-06-14 17:00:00,27.892265732202254,21.46618675207983,68.2564047393452,6.113387242483567,164.50908004046448,34.45800972217228,255.19369407648298,0
2026-06-14 18:00:00,25.481629840729628,22.033092945260876,61.9480333004468,5.5546545597507055,162.31192565268964,59.804921526690805,195.54617017955502,0
2026-06-14 19:00:00,22.4658517584889,21.62446954842332,66.77794410644584,5.477047977486356,160.85618679137474,51.40746380998654,305.52814477102623,0
2026-06-14 20:00:00,22.11370683729059,21.20493648455542,79.34108852520808,6.406378058517693,173.02411711855942,41.7453746825758,234.73479708804825,0
2026-06-14 21:00:00,19.172524117014188,20.989924985151784,72.64132919076442,5.229406737351534,233.12643562459232,57.46596314288653,349.3363762263711,0
2026-06-14 22:00:00,19.962679600126627,18.382607348322573,73.44495341640969,4.972872649409079,216.81085852000206,49.46860116396009,263.4954980074003,2
2026-06-14 23:00:00,16.82966645944096,17.566354342135643,75.86935004004475,5.338839222541047,183.64917281232704,47.326600919744195,327.37759189783833,0
2026-06-15 00:00:00,14.699576378320161,16.58997271148276,74.6521042144907,5.183826913150281,199.66692228131498,47.25562017102418,202.63875869269276,2
2026-06-15 01:00:00,14.756440453497031,15.530350803170176,86.8099175102626,5.954490425641833,242.12916515497815,49.65238217214494,304.25932084794397,1
2026-06-15 02:00:00,15.619397181413436,15.258149188772435,75.01821632270085,5.65571819982017,257.2403255293736,50.05692501297453,314.54222930047246,1
2026-06-15 03:00:00,14.39293238677056,15.752938470834104,73.49205351734068,5.712125181990464,207.78153000328408,66.95973052895957,327.14254537457737,0
2026-06-15 04:00:00,14.704491580159283,14.156931603708523,76.5009087172951,6.261173670789909,120.22156447857805,43.05107188327328,213.87844908853546,2
2026-06-15 05:00:00,17.415783348932035,15.47854821096605,65.49252997265388,5.52346605553489,208.9186128427992,43.35952811851796,246.89125451652285,0
2026-06-15 06:00:00,18.867449856663086,14.174376600847578,70.50262284708839,6.110035764698257,228.04244388624042,32.63106812429286,298.0603981102432,0
2026-06-15 07:00:00,19.42785192122566,15.722502478100044,68.24593470526757,6.404529119681281,206.73896947568224,44.48102613178982,280.9376791537644,0
2026-06-15 08:00:00,21.293442541572517,16.736408559825612,73.9350121047496,5.617735000794536,221.7954475620435,63.62886899544819,286.73438570255337,0
2026-06-15 09:00:00,24.1598082217541,19.30461155792117,64.04115893609571,6.094809142222525,210.71196123381154,54.84485002434656,260.5885357676267,0
2026-06-15 10:00:00,23.327873487754015,18.78015815619785,72.84557149258941,5.703272834988407,162.96063747554405,39.56332256124672,337.03194460222767,0
2026-06-15 11:00:00,24.838551806741002,18.274281401649347,73.58615779725741,6.169639251536315,173.41284699909613,45.30041364521285,379.3386179311925,1
2026-06-15 12:00:00,26.984511494612416,19.400888874511,67.9244628879031,5.17140432496949,190.3654343860953,32.035616244150056,279.15919696036354,2
2026-06-15 13:00:00,28.441310056455706,21.855650793823536,61.193486487952775,5.141795101949861,231.96244334715055,35.308806557016936,293.13684982021005,2
2026-06-15 14:00:00,29.466361348397008,22.95511829976968,61.745938865451556,5.643492914036983,177.0234779503814,46.49441152613718,277.2497498249127,0
2026-06-15 15:00:00,30.974515109447804,23.164067991258076,51.60565716794234,5.444430076376092,213.6770789950294,40.05545397179547,326.3621359618975,3
2026-06-15 16:00:00,29.348667261294104,23.134056084640793,60.51270242384088,5.593316356228046,209.1107778176359,34.55400210621582,308.16465137027245,0
2026-06-15 17:00:00,26.709839673360694,23.793510983160807,60.046000051632994,5.712189367021144,247.5859179523739,49.898407647378924,232.34477717452626,0
2026-06-15 18:00:00,25.47147568814597,22.032428638548048,69.30586107997134,6.088005412734501,198.74960665611755,44.17749913346676,250.4919195802142,0
2026-06-15 19:00:00,22.307939268760933,22.544355569567653,82.49423482370925,5.636935768573625,147.35724745171223,29.32449628308961,234.62812827976452,2
2026-06-15 20:00:00,21.972230296011414,19.694388091978865,72.53243182465535,5.470455475750765,219.40611394690333,24.24853033832212,382.79289328782045,1
2026-06-15 21:00:00,19.755278725902148,19.31131791405963,62.73796478414409,5.65939464929644,264.14165634902014,39.299885014257455,300.41247134328273,1
2026-06-15 22:00:00,18.984077840507133,17.554366884054545,71.81295562681957,5.492341888077353,221.3715003459937,29.11734856558472,251.1725509556087,0
2026-06-15 23:00:00,15.809406116365686,17.744847579054085,78.04116728723345,5.426397799174914,176.3701522456878,26.310885935293463,247.9779183750064,0
2026-06-16 00:00:00,16.716841944870687,16.962991026186927,76.77657679245648,5.154793274569212,167.54162362463106,56.28969201402086,307.2092509186764,2
2026-06-16 01:00:00,17.53762758548039,16.262854069035026,71.70078126937976,5.827791246488431,171.41093499477785,44.02289110134707,311.19680598636535,0
2026-06-16 02:00:00,14.836859777314714,15.585405067171953,79.82222698040701,5.572517717361179,260.0993564114614,42.34553621774497,306.9243085233764,1
2026-06-16 03:00:00,15.841086799124934,14.394254030194345,71.17819165645314,6.1865114956938685,190.18017678435692,43.11594183849251,257.97770565401123,0
2026-06-16 04:00:00,16.9730381610756,14.847807324469427,71.30781059328395,5.221041563176423,180.12069818515917,33.6216784920703,287.2337457765671,0
2026-06-16 05:00:00,16.448421823865413,13.938339359959128,79.89088201938007,5.583166577980848,195.246900676183,49.109761650141685,279.43660390533535,0
2026-06-16 06:00:00,18.836138722715624,16.626481564968046,68.71831737834212,6.525162888263499,190.49278854182896,43.692996732674594,237.5495851024629,0
2026-06-16 07:00:00,20.207155285455045,15.928672016935408,74.84247168491522,5.42415619316086,247.0295107936251,37.42591344020588,237.94024628495913,0
2026-06-16 08:00:00,22.146514147823247,16.608891104765046,62.97686414933182,5.70538669916155,169.5656752695109,38.923713154750004,291.4786017817254,0
2026-06-16 09:00:00,22.652218639934446,19.235876082345182,78.04146705103734,5.313662406869852,235.4192969498134,32.72541286787705,282.8580432417463,0
2026-06-16 10:00:00,25.536765261388414,18.006202773160616,61.88453207431363,5.2606289948876075,203.66276289353254,40.93757127098165,297.13406843368847,0
2026-06-16 11:00:00,27.696744905174008,19.13480648918451,62.04557325477397,6.418924393235072,236.21079540283057,42.60372119217486,306.64092154774875,0
2026-06-16 12:00:00,30.238893238183632,20.123023740105147,61.76639441963167,5.868415797054858,247.47857131202153,40.67716670870036,334.9753048999012,3
2026-06-16 13:00:00,30.200387023151286,21.774130019386607,57.33278580971299,5.853471535295049,202.54392901739286,45.551545573415865,243.96382455535814,3
2026-06-16 14:00:00,32.229773686267336,22.80940691884783,58.44130138183572,5.121473505953511,190.54809171202504,44.21488295238244,300.20944794901527,3
2026-06-16 15:00:00,27.6104594396914,23.455443679650543,66.14423229497095,5.943496555243321,201.9853649559531,47.30768538664607,304.9679526611474,0
2026-06-16 16:00:00,29.37065878157209,25.057596253995975,65.95827562463091,6.26296877839753,197.15687983984606,54.43097036921594,262.51478349898224,0
2026-06-16 17:00:00,27.22476047691336,21.064157341795664,67.68777460756876,6.259790824331412,150.29100632783815,50.93023477213081,279.87452734277076,0
2026-06-16 18:00:00,28.78470439982651,22.951090086437286,60.99930240119482,6.0673332918424645,246.5744112135522,54.54589840510336,263.5376577321571,0
2026-06-16 19:00:00,22.599285887684918,21.382722666688405,68.5476980645601,5.348205768961838,207.3735505214357,36.522657701737714,359.343615334287,1
2026-06-16 20:00:00,20.740417236728835,20.53086788088898,83.25704210605056,5.925249366877196,165.10702444846837,39.913851059113426,279.19410761764425,0
2026-06-16 21:00:00,19.28917771611632,19.53945847780698,78.00243208190687,6.067033984190643,137.97430039404773,51.535966839459675,293.0602043484557,2
2026-06-16 22:00:00,15.31415641353529,18.27298426335362,73.41389402215658,5.0822225659644396,130.17202301208954,51.71477671432086,264.44062812331157,2
2026-06-16 23:00:00,16.26161999917303,19.31234368727268,77.38599681982012,5.351488163407286,223.1144131006251,38.21379382463118,255.81461734996842,0
2026-06-17 00:00:00,14.799123181178382,17.673837861611123,76.96533648869497,6.155262928697376,181.43067294778714,51.11583925781743,222.91989353193293,0
2026-06-17 01:00:00,15.464109895690834,16.190129658099707,77.16639695555546,6.150418310668771,186.352979956846,35.56467883354058,318.9947449890133,0
2026-06-17 02:00:00,15.512633963665738,16.616710986851846,71.63736345506067,5.180566786551443,214.6446279361647,49.81055724141794,305.73749989586406,2
2026-06-17 03:00:00,18.052775474800352,13.926273522604626,72.67705325830981,6.1180085837076685,184.51855531694665,44.73703799134359,262.95614222240863,0
2026-06-17 04:00:00,17.363457930788005,13.935435894935258,84.62162934902396,5.8381213596614465,216.3957324816054,31.155643960936636,238.9852038774423,0
2026-06-17 05:00:00,16.18489704820056,13.393922509087977,79.87350504653683,6.112403581842861,202.85792193130146,40.65926178240593,282.19634105680575,0
2026-06-17 06:00:00,17.152377992977463,14.976366752763617,63.36133936766975,5.5461914706264235,197.4761125055229,66.82267809695493,255.09212774812124,0
2026-06-17 07:00:00,20.92614544154211,16.30093169661761,77.37224293263921,6.05807339859236,152.81748782925533,47.02780362804995,266.1182972547151,0
2026-06-17 08:00:00,20.019650189469036,17.082286862345867,77.82456738718295,6.1375315097942496,175.40805930683422,68.00449976718261,224.45760221588463,0
2026-06-17 09:00:00,26.55892146449918,18.084197348437822,62.7328677210689,5.659466025817715,218.07606096760597,30.560734701249636,283.6827832259212,0
2026-06-17 10:00:00,27.26916018108193,17.871154535147134,67.26332550161776,5.807101018469314,179.53934555407847,52.507417926638425,284.48012807954996,0
2026-06-17 11:00:00,26.245983990148776,20.6777999745013,60.60782315773546,5.540591348198139,236.16108667353473,19.656638081928843,318.78891536958736,0
2026-06-17 12:00:00,25.492476032854753,21.191702014591197,63.45775017924251,6.460655579474352,270.39203971980197,44.997645150852165,268.9703372546957,1
2026-06-17 13:00:00,30.792289345271595,22.41487054991899,66.94198458902336,5.751891224269693,219.69155902523968,51.31217377651321,261.65750091184657,3
2026-06-17 14:00:00,28.828190232121074,20.949891873065713,60.44752152210617,5.431190269929127,244.78495674095473,53.37890094996276,212.729565355311,0
2026-06-17 15:00:00,30.618205251983667,23.112895992194506,50.30949538784464,5.5136696344501,221.62181714888206,37.00730275419587,319.03843793450517,3
2026-06-17 16:00:00,25.670536338299524,22.04978780806598,65.27884028013389,5.850708240456845,183.97213931983435,55.390904219767364,310.7129246622784,0
2026-06-17 17:00:00,26.050684933875175,22.545844703115186,64.746236114778,6.101332468711284,206.00454994422273,39.66285239955305,276.14953765627206,0
2026-06-17 18:00:00,25.507865549577275,22.89159353404686,71.78240418737457,5.265669261939792,260.39962838292325,43.35902748887603,221.83075781878512,1
2026-06-17 19:00:00,23.882204206364758,21.90130200975092,67.81303706324108,6.539064001176979,184.29338772117646,40.666777806433664,226.41891875647434,0
2026-06-17 20:00:00,21.324901792781134,20.318768016176545,68.70220629146118,5.923470117622246,168.82018103365778,33.63610649267669,253.11576284942842,0
2026-06-17 21:00:00,21.122541582803603,20.040294705357617,76.27823082679171,5.986582389187765,165.97416730654191,60.69719587420859,313.6090283546665,0
2026-06-17 22:00:00,16.898569355926107,17.774771747805087,76.72566793539423,5.761124182470625,193.47411848499354,45.48017817158077,286.6135054096655,0
2026-06-17 23:00:00,16.83668330416223,18.884937736308554,72.44586662717674,5.80770358694045,169.89583734070814,55.87318378658628,215.265712444729,0
2026-06-18 00:00:00,16.118265621076777,16.835772784402998,82.83306905741595,5.740686744829039,250.22058282311713,55.447112417646004,291.16847658400883,1
2026-06-18 01:00:00,16.010177467064647,17.06641283065807,78.15609586210641,6.207118387614384,206.49069603773864,35.32059785727017,241.43413683316572,0
2026-06-18 02:00:00,16.067422317133335,15.11467303518541,77.1337230528372,5.796828565018652,229.1517892928151,57.161272476716015,254.11151093951418,0
2026-06-18 03:00:00,13.551556078219718,14.71743590411846,81.0276746631946,6.106820087397084,191.04003828260906,50.03414243549322,313.8695205008682,0
2026-06-18 04:00:00,13.636650917405497,14.388650570689723,74.68267704203042,5.626460990658971,165.79408406731645,34.59098135527111,305.62016335123326,0
2026-06-18 05:00:00,18.96676776454193,15.837235840198188,71.00160980165799,5.878256211324926,160.7181816370017,49.488508313415046,318.7239953130169,0
2026-06-18 06:00:00,18.998471017969386,14.968353458999466,73.61974778760066,5.478431862304231,172.7602477346564,34.77032115131932,274.07465923663153,0
2026-06-18 07:00:00,19.065536879447524,16.68724922118595,72.54803726953956,6.286611293019814,210.42576482080133,61.0645836797864,310.3209823146475,0
2026-06-18 08:00:00,24.326727963283783,16.69403808186457,73.57006835814245,5.466501103712353,215.59648795303843,53.13786744922096,251.55454944947772,0
2026-06-18 09:00:00,23.985245267156934,16.38395317967662,68.7047349430467,5.670008222295469,218.09588219176055,44.288514378089644,264.6973626157883,0
2026-06-18 10:00:00,27.26894577609574,18.543748745770827,67.95178468186712,5.674015835018102,155.3398194865443,57.648036182171836,261.9482710238084,0
2026-06-18 11:00:00,27.051025190420997,19.091989608919803,63.98574654437405,5.658419444930493,199.9877244230519,29.180123552964623,275.95460072897976,0
2026-06-18 12:00:00,31.15329971381405,21.02712217894587,64.29748276215376,6.0889983077771745,169.21814507322821,37.506586998799584,223.54035654751686,3
2026-06-18 13:00:00,31.39449204768828,20.876100936206598,60.714248325639836,5.673336894105343,212.04397902753584,42.47580278259628,265.99980387506554,3
2026-06-18 14:00:00,28.62655377728139,23.204881695709446,62.11523789420463,6.357569812216429,214.37231166492356,67.35684681425518,333.06629206074956,0
2026-06-18 15:00:00,30.21883721045501,22.790842616873853,60.07097990265889,5.4726099655479326,164.83480858920686,34.29517099126595,231.29887352754264,3
2026-06-18 16:00:00,29.030241750868793,22.85792320419301,56.79151676750263,5.867750987977082,229.04088821589045,27.926940582593264,221.8271487233987,0
2026-06-18 17:00:00,29.002694804604356,23.38841701538634,64.13134483515633,5.4896856042749596,270.16468824584734,30.556144855017294,225.05246689351088,1
2026-06-18 18:00:00,24.052614809129842,23.235227162398445,67.33583855636229,5.968389113012586,225.04507212753987,54.06215869205601,381.4743777629857,1
2026-06-18 19:00:00,24.840810505715304,21.81234812333047,64.08106759223561,5.793620109209292,195.11497881346685,39.05807729461143,293.5940792348151,0
2026-06-18 20:00:00,23.587636730274383,20.383039760360568,73.6271447777311,5.737975182120609,190.50362890370775,43.409133356313866,264.1893846263447,0
2026-06-18 21:00:00,17.55015745464768,18.61610048752038,69.08873092494878,6.275389986601409,193.72808054982474,52.62832641674484,277.73281652032546,0
2026-06-18 22:00:00,16.725112231001336,18.451160194371855,74.21738584563623,5.538263251577958,177.17798459668967,43.41915372042089,284.1055759698727,0
2026-06-18 23:00:00,13.991404265054019,17.47095402227155,84.74890862583285,6.0346060630472,207.57194619956147,47.041466045080554,249.38200097082478,0
2026-06-19 00:00:00,15.533711921842093,17.085645962393837,79.33716039839075,5.492416034930083,165.84612226537087,50.35215147609695,254.31133005163588,0
2026-06-19 01:00:00,16.314832599670467,15.895455370343386,76.58290624213166,5.845074080064149,143.309066402063,40.693236080397845,268.6926747119188,2
2026-06-19 02:00:00,17.253535578144042,16.086244762503387,76.95077502197789,5.321769868710621,206.58805045440647,43.33682940070316,246.00979647060376,0
2026-06-19 03:00:00,15.349661386606185,14.645910077827175,78.87747719131679,5.534993141477304,200.63699197327463,47.41955402321012,259.12261571915246,0
2026-06-19 04:00:00,18.380745491865866,14.954367066517646,66.75979267833137,5.767142781770854,182.86489950688417,53.6817927305322,289.12366309321385,0
2026-06-19 05:00:00,14.980100344371829,16.083486649401237,76.67757016001399,6.525859666929231,161.519101321689,37.07630735819351,235.11387281519603,0
2026-06-19 06:00:00,15.944926340967267,15.80935855602622,85.34869666340803,5.840321548183909,208.69232080742105,14.794240781702204,379.3979768379141,1
2026-06-19 07:00:00,20.104945135937427,16.123542841902957,68.97744516298924,6.461867326346683,170.29474884288646,51.79583149385647,305.126264435448,0
2026-06-19 08:00:00,22.576098173408962,16.51844444645186,67.71717712138756,5.888129316676367,195.83166947403996,54.27715918750084,224.19661045949394,0
2026-06-19 09:00:00,23.762691193576508,17.458138702217937,65.17666675116224,5.645166302210024,252.94915562379333,47.00034162130172,175.8838596359755,1
2026-06-19 10:00:00,22.398836849940185,18.31950939763844,69.08631966348108,6.415742609040278,219.53569308726154,47.682932189565356,247.49986859448885,0
2026-06-19 11:00:00,26.816067409036652,19.602470687783764,61.305104952534535,5.974807048829367,158.9260201285491,39.3569010585983,302.37442598428987,0
2026-06-19 12:00:00,26.10547357573379,21.60453267099545,67.50713921990975,5.542911362446914,161.75445286963094,50.00183421534924,294.6187957780042,0
2026-06-19 13:00:00,29.765989607268533,21.650916507712378,61.66737953272909,5.988228583760119,204.55457278231276,53.531668196841885,270.5660595860555,0
2026-06-19 14:00:00,29.549897369145274,21.38428315963277,64.80786123256077,5.6829621000369555,158.74037953822938,45.564963414184845,250.94230155427658,0
2026-06-19 15:00:00,27.351661104532443,24.278238739604102,58.323300843616266,5.004386321531482,139.9482355629714,69.91248330007267,238.8347450403228,2
2026-06-19 16:00:00,27.29137745048603,23.25597215291613,61.94864464500224,6.174389263706247,215.9711603389017,29.362589123286206,258.8966771556197,0
2026-06-19 17:00:00,25.360927185472406,21.73814858474574,64.83827421937244,6.237973622256772,209.62807262962602,46.62961670856347,234.50480104689592,0
2026-06-19 18:00:00,25.405981354090244,22.110622473345096,68.19105692553468,6.5351768119969105,213.51794993837396,33.256470376826854,259.044889751662,0
2026-06-19 19:00:00,25.244446796469504,21.917136231008925,62.14055785820142,5.968857476878105,207.8910554545371,53.7984592395689,328.23803743291285,0
2026-06-19 20:00:00,20.521410930496685,22.3636736746379,76.3525759046957,5.700510630366987,198.04067864982815,29.185245719578184,244.150408030024,0
2026-06-19 21:00:00,20.94433645755912,19.14878621380299,77.1988742035171,6.133995770951434,180.13434356970018,31.660784572823015,299.4352513220795,0
2026-06-19 22:00:00,17.70461357244134,19.78083257548476,70.21010197489248,6.139928146127563,215.48404898263828,38.66813059450796,305.5369525193681,0
2026-06-19 23:00:00,15.860943283300653,19.084312961167793,74.9125035855714,6.455312473254569,245.89650465215453,47.658321698554,231.81594725856337,0
2026-06-20 00:00:00,15.777276633577092,16.497076555940343,74.80761049824703,5.782148950773423,184.96312977669638,39.045286113383824,241.26512501761985,0
2026-06-20 01:00:00,13.685655732347461,15.94956198016562,93.13914414457054,5.733768410972962,169.37779369375104,39.14558737400907,317.7577374794716,1
2026-06-20 02:00:00,14.169526041979227,14.706850986963229,77.2470682235855,5.513782232096589,165.94641741766281,43.19109545073915,237.96943841397209,0
2026-06-20 03:00:00,13.44170237709325,14.973527781979483,88.65808435826877,6.014984834690081,173.99809299998847,42.57759840938494,272.70057003156785,1
2026-06-20 04:00:00,18.884909872883515,14.970728020525655,67.40494817700673,5.180695332707666,206.07795573428223,59.87449388318524,356.59935288674103,1
2026-06-20 05:00:00,17.10314785965176,15.664016693309623,70.92796773759608,6.110434949145025,135.8111730933932,51.85911119668968,314.19329028245454,2
2026-06-20 06:00:00,17.450411738011123,16.408045161678604,72.02648325514565,6.035134048746316,213.17511273296978,41.75423260215356,278.40921806942265,0
2026-06-20 07:00:00,20.509236550383687,15.573096023556491,67.56046958230696,6.034028080983349,219.31739030888468,65.97011911213613,308.62922298125017,0
2026-06-20 08:00:00,21.831507925463754,15.426139948619204,68.862696818651,5.855290094600736,146.05764920171362,49.91661174856009,272.76311658743924,2
2026-06-20 09:00:00,23.480278916417813,17.947727996168922,64.67977428669113,6.413191299012434,170.62458691167203,35.310379446864516,315.72927332813896,0
2026-06-20 10:00:00,26.421250050065137,19.23483002397491,60.59779197624897,6.148797386170745,202.39042939536242,47.56513739991844,193.14938274614116,0
2026-06-20 11:00:00,28.08600903337679,20.234810330558116,68.48914914231449,5.55716912344972,195.69590809086807,50.35512544865315,269.4293601450022,0
2026-06-20 12:00:00,27.26642610507528,20.738661401992765,69.7992567864755,5.564328380120941,215.58912404805773,38.12375280938652,191.54640373628712,0
2026-06-20 13:00:00,27.897753423056457,21.92822880447734,67.66917838420883,5.448130474634145,195.765895354509,34.47491089193961,281.45420752927316,0
2026-06-20 14:00:00,28.587422454272534,23.676457461819552,64.71508783279461,6.020513333110235,237.94308580324895,45.86459090042442,265.55288406909204,0
2026-06-20 15:00:00,25.3085990369201,23.16909064032628,66.49339648459365,5.399944431504017,190.36491802868954,41.397782286939645,329.4291938656932,0
2026-06-20 16:00:00,25.789391233193243,22.701305259997532,62.96757706683856,6.233356857433341,170.50901039840738,59.79127888455442,303.4730947439067,0
2026-06-20 17:00:00,29.00005886947262,22.46354505147948,56.8341418328574,6.329189323338217,168.0967440121473,52.411558240849146,253.95649249839735,0
2026-06-20 18:00:00,27.967451570251924,22.32821972899557,64.65403663286112,5.448393492419819,222.06405527845067,38.5922472591342,258.7513497367654,0
2026-06-20 19:00:00,23.43817925638308,23.137819094210705,62.40603292960631,5.725780586162858,200.8886342587075,49.259381109485886,290.22786120919125,0
2026-06-20 20:00:00,22.86483544458365,20.853359432379044,63.99259282062265,5.8066483925449655,219.01147702175584,57.67128142724739,252.0975762978691,0
2026-06-20 21:00:00,20.65514191609766,20.019440704793517,77.37839598170686,6.153593264187867,218.39367497687553,31.0619555410035,273.7050885446182,0
2026-06-20 22:00:00,23.118321212682858,18.61414914325096,78.16125975339101,6.443737350243951,139.40450441708478,34.77221759012248,327.6679225805948,2
2026-06-20 23:00:00,18.729614898846034,18.843910505543487,75.89093781221717,5.125803042852569,165.7975219692967,44.88831382720469,241.83479265878486,2
2026-06-21 00:00:00,15.745945786287779,18.56786980379574,83.03715081792788,5.672727712989326,169.38124878488537,45.35601967905034,257.0930253617442,0
2026-06-21 01:00:00,13.805208555075883,16.53206331479892,78.60450814668903,5.693593321775861,175.51807434524713,44.478024945371395,262.7027061820273,0
2026-06-21 02:00:00,12.59033051961364,15.602116707890586,74.6032324460252,5.239732058045381,187.38934020270423,41.89222821212322,401.32293704742494,1
2026-06-21 03:00:00,15.543714669777357,15.165722961383114,80.80840048936008,5.605955992278375,229.97448783851559,41.739396775479804,299.3297065002867,0
2026-06-21 04:00:00,14.803296055582475,13.092554568971403,81.48249134965135,5.971107577740244,235.954470571517,48.84258136821629,320.2827335619137,0
2026-06-21 05:00:00,14.916871967297656,15.732417386271582,78.85809640864403,5.688528438864177,191.21327509391008,56.33942553639173,305.7250284751354,0
2026-06-21 06:00:00,17.53014067363621,15.643231517658922,74.151953901111,5.182151532557034,192.46157416025767,40.19047270311573,308.41575463941194,2
2026-06-21 07:00:00,18.56594467886076,16.51424651578239,78.93191927827259,6.949633079203966,178.8369882782814,69.38399345170654,293.9429414932915,0
2026-06-21 08:00:00,24.530712452608846,16.430830244733038,62.034479889732005,5.906471146081672,202.67563091715633,64.60691435740317,289.61076800236367,0
2026-06-21 09:00:00,25.13419295114182,17.657158316408243,62.37006556417653,5.8446776520426695,206.0756264820181,58.292556295800814,216.97021382125854,0
2026-06-21 10:00:00,25.488041038025074,18.67118005079746,60.77381822056777,5.360829454773182,224.19426665006796,51.22483334561562,289.31458225371756,0
2026-06-21 11:00:00,29.169663676640873,20.852574567668515,61.821268401210084,5.90428246478851,223.9531617794766,65.07988106470157,270.66625630428166,0
2026-06-21 12:00:00,28.178230287962496,20.696992130717526,57.146658593898714,5.734314486383402,130.93645846792845,42.098846350005914,296.81827611397983,2
2026-06-21 13:00:00,27.469554482031082,23.49455538243403,60.01532371898648,5.044590634913837,195.42365157088645,36.67395588009765,272.1656333343821,2
2026-06-21 14:00:00,31.284686115904485,22.808791550349785,55.32959884977863,5.371897823994233,241.5230009267031,39.74027940596016,305.52657170911965,3
2026-06-21 15:00:00,29.569845849550465,21.84315717715969,59.61314331886965,6.117970407069578,186.8565521808525,34.97057196909918,312.5973028459672,0
2026-06-21 16:00:00,26.50630859500139,22.897162965398433,57.15555745397844,6.577607060000177,234.17725455089865,46.218013223133696,158.51359901416942,0
2026-06-21 17:00:00,26.66423945118042,22.34236320743114,64.83893761876982,5.946866162017217,190.80644599966433,47.998304641277436,257.64428727336167,0
2026-06-21 18:00:00,24.186572619922863,20.708595639281732,73.61263110941596,6.241233311317346,205.2477040232589,47.008398386811066,200.7045237644749,0
2026-06-21 19:00:00,21.73753371927114,23.108003876837223,70.99241639845843,5.737697876566716,165.89327922802553,44.875686478182004,284.5577821856798,0
2026-06-21 20:00:00,23.389266321297463,21.562514033776004,76.03948613844965,5.765381535727759,167.02254327300454,46.33154528171615,262.97166488583997,0
2026-06-21 21:00:00,23.05239164498755,20.461842034729532,75.40712095539956,6.236391611047786,221.76474716789045,62.36323808849889,329.23313882346423,0
2026-06-21 22:00:00,16.40214863927129,19.132322928239763,80.60609686911371,6.465110915671787,226.45454840601994,51.20051867639084,283.2897864720351,0
2026-06-21 23:00:00,17.894706386730025,16.859109764635967,75.29978154910839,6.320438677386249,200.79286718601477,54.225087966048214,255.57880094145148,0
2026-06-22 00:00:00,14.961858319826188,16.613106288355652,78.55827195743576,5.373454769846072,163.17427272084825,46.90789936686788,312.5428615938234,0
2026-06-22 01:00:00,14.507831140329477,16.844997495081017,82.80960149342093,5.773216443873902,201.31413669821643,28.844113015319227,262.2719016869023,0
2026-06-22 02:00:00,14.111409113641697,14.694922361036243,77.5079560161098,5.911009873790518,237.71704882022834,26.86117529530489,255.08009776425325,0
2026-06-22 03:00:00,13.942533061456798,13.110881241843076,70.25635656891451,5.696128814596988,252.28599410155283,65.82809990208514,290.74501658567425,1
2026-06-22 04:00:00,16.01060461542617,14.818315193775259,79.6472947320034,5.955143017366238,190.49876203022257,39.68177724768778,339.51885559757886,0
2026-06-22 05:00:00,15.80382735707761,15.022890651621696,71.780064021832,6.128230724667579,150.2039644922663,38.83248655848068,309.1420763295929,0
2026-06-22 06:00:00,18.905685238669758,15.644349117994015,68.90247157264437,6.201123900782056,225.21090798664335,47.45663241377249,297.67723861125904,0
2026-06-22 07:00:00,20.112909520108648,16.754387790065437,72.26562831584857,6.474348060888609,191.72110710634996,50.50402978329927,385.03794134086655,1
2026-06-22 08:00:00,21.641577929700386,17.510084649784968,69.95448209659219,5.668223558110066,228.2912192468312,51.768621373344125,245.7035985456203,0
2026-06-22 09:00:00,22.450387822655248,18.171739663785054,62.399156581235545,5.2543867340642745,208.43216675052858,62.74418532880004,244.81128652231573,0
2026-06-22 10:00:00,24.634843004147502,19.956425110469368,67.6656462156887,5.943293837605781,173.4966768271445,60.007363826579414,280.8227792175897,0
2026-06-22 11:00:00,28.082834307044468,18.820100355759433,67.53129713585189,6.553524412473921,201.74733081978144,36.89066775361179,335.6010553641886,0
2026-06-22 12:00:00,28.81355360792764,21.40366545158191,56.182027819157916,5.609209656018376,239.25015101162984,54.68734573421789,237.3325609482159,0
2026-06-22 13:00:00,27.29514791682565,22.329657815415747,70.00823915405302,6.074738790825488,195.5253803309827,41.159090817892015,345.1829039025224,0
2026-06-22 14:00:00,29.14899845814384,21.472451786273563,53.62034772457767,6.0782983169890565,168.95584509663865,43.624912555692234,217.4351004236645,2
2026-06-22 15:00:00,29.88856146908116,21.661406818210363,71.12034695895737,5.876576818937844,152.3406749421003,34.060107940486375,270.15127797115287,0
2026-06-22 16:00:00,25.558069904809017,22.403246298819518,63.67401396181177,5.802769888417486,176.83505939406047,28.069271461685904,281.938626626746,0
2026-06-22 17:00:00,27.764787756875737,22.334470151144043,63.81033967588357,5.4306283177114425,187.69591214687054,44.68438287367711,239.6947233472839,0
2026-06-22 18:00:00,24.50606436158123,23.066837185939697,57.53255490367417,4.8873351710317685,224.59997407751777,35.44018083888754,250.15062540271197,2
2026-06-22 19:00:00,24.667631318607384,21.336796097793314,66.4881620853246,5.3552597173343885,166.37452196565135,54.27813678572036,306.8652191734266,0
2026-06-22 20:00:00,20.855111265186224,20.314921185375038,72.51627737036749,5.64387834035532,246.61255657188906,42.18921756479879,332.66222970044936,0
2026-06-22 21:00:00,17.480943533285576,19.545969191054436,74.99205723955984,6.2389690749690825,159.88543367476427,48.08590218949873,190.41558550015912,0
2026-06-22 22:00:00,16.058686343175257,19.89490586732337,74.31417100292782,5.758748775059449,269.9445827767051,58.675257539154316,282.20945541837256,1
2026-06-22 23:00:00,17.12237995168624,17.97515851909148,71.12032146533744,5.59238971243274,251.76555670263411,30.14704818217892,270.4676438553679,1
2026-06-23 00:00:00,16.327405926091153,16.856599179714472,82.45974598637717,5.443605823218627,204.23498748163976,37.75382611450313,279.295854224958,0
2026-06-23 01:00:00,13.88204427831991,16.083568476292967,79.89558254100587,6.062722331403792,150.56919395691222,46.8088362456585,262.3293409753519,0
2026-06-23 02:00:00,15.957888688166062,16.569546652323464,84.95429545678459,6.343342866572242,198.33727814052733,48.12524815823261,223.3805212177469,0
2026-06-23 03:00:00,12.746239122573083,14.536959313561134,78.47210127893769,6.225374288746984,188.39477126040484,56.03497501272326,336.69187912178484,0
2026-06-23 04:00:00,15.838702475537955,16.05240663275208,75.21958356249337,6.0424598799033875,161.77138330847228,53.67153129040598,321.373183933228,0
2026-06-23 05:00:00,15.233728232050481,15.30469373398093,82.19749734452024,5.209754901446824,208.73028881742326,45.96933625730739,270.8404324441247,0
2026-06-23 06:00:00,17.52224583829676,15.407562879281969,67.25843018402607,5.659330302862491,175.2907061043307,48.03404670597255,255.46747150106629,0
2026-06-23 07:00:00,20.259364691256977,18.172293273601234,66.021445569727,6.57892169155587,178.55282458851255,48.3107589099049,250.6223748397648,0
2026-06-23 08:00:00,20.709379952074073,16.155488408161123,77.03616891427693,6.24878019676609,193.88964096282933,30.302876353262445,171.5738710074208,0
2026-06-23 09:00:00,23.234899999372907,17.681775211936312,62.65845035463654,5.1849987127061095,182.7527351388289,43.43624522645038,289.15280298409647,2
2026-06-23 10:00:00,27.00943921382166,18.014055008668798,54.893417866901274,5.777763790720291,262.3446985133009,47.48473217997092,306.21294361211375,1
2026-06-23 11:00:00,26.08440966402111,20.79724575683902,74.44134434354012,5.945239373064416,183.9285610100135,49.585508587851066,280.51608464439073,0
2026-06-23 12:00:00,29.315715994588782,22.351351146921342,54.25205256712244,5.495136614789512,213.22643034183426,35.7563655993584,271.5465426160099,2
2026-06-23 13:00:00,27.06692050203705,23.164365349869904,64.84029238919639,4.8763183914364605,204.36567476631086,32.31202087471109,280.33534033946336,2
2026-06-23 14:00:00,29.794706266872925,23.44326061765456,60.99177844337385,5.839529618006573,210.58250675776617,42.6546740748192,240.87096076969692,0
2026-06-23 15:00:00,30.923833715010325,22.7056069309195,45.238257958897194,5.484896696951824,212.87265210832797,64.67366111091494,255.01779090518676,3
2026-06-23 16:00:00,24.354711076300138,22.707807218008124,65.83776159260078,5.486463304366126,226.44084459818367,36.807524872713316,268.3466788707137,0
2026-06-23 17:00:00,25.75440458510012,21.526767487161024,67.7367807452754,5.658127856027696,207.99338226855926,56.739282473548094,302.86706299059585,0
2026-06-23 18:00:00,26.36560819077081,24.09280044328319,66.53281707866932,5.746529634138075,206.7468738465896,60.8473964304512,330.15433493180444,0
2026-06-23 19:00:00,23.507165236653158,22.203609587264967,72.70900513503372,5.796366882361725,201.7543120540442,45.454665262331936,265.83408628108174,0
2026-06-23 20:00:00,22.556718810056964,20.606434476104415,67.39448085340447,5.446404040431199,195.84746442980077,38.20152065346549,233.20857849738337,0
2026-06-23 21:00:00,19.282288904208624,21.097721691599656,76.82377552541045,5.711916188146369,172.6460635501797,50.128195636582255,276.4258716305372,0
2026-06-23 22:00:00,18.62988468120935,18.221788386592,70.59749304214841,5.097030651838898,198.17394867739395,46.94990292099496,355.45964450355683,1
2026-06-23 23:00:00,16.816736678606052,18.290021446968055,69.16757890360887,5.924415626147231,207.238021257966,36.40896019809691,236.68774259465062,0
2026-06-24 00:00:00,17.68949526599864,16.86189669256733,68.68396380239548,4.6574898346635365,212.06493669718384,38.41197173628224,310.4336298853125,2
2026-06-24 01:00:00,15.620150480928341,16.68251458715805,70.34526714690892,5.684203967826552,205.4085431897071,49.53579852145331,328.4384222448242,0
2026-06-24 02:00:00,15.506403993112803,15.485039553513348,82.84024504772061,6.1676744614707815,193.011349596544,54.33440408168548,260.59940560698055,0
2026-06-24 03:00:00,14.620703766792822,13.975554381954748,71.28228793455584,5.37626372509007,198.28760290412308,41.77209798684613,246.97101689123838,0
2026-06-24 04:00:00,15.20641283740019,15.060461098136031,79.52249879836629,6.08657208146296,183.39060546347625,44.30866435111947,297.9982673133301,0
2026-06-24 05:00:00,16.401415249964735,15.975388008344018,75.38868072968015,6.2622930848483565,209.3967197301969,51.6863857051108,289.1286709121666,0
2026-06-24 06:00:00,19.091678213567445,15.512525260179059,72.97674327646591,4.4768400190010444,193.36615316257635,43.27513115826064,302.7909668528355,2
2026-06-24 07:00:00,19.55678996305196,16.791664972525076,79.74988852033614,5.739454838569703,205.41682814592411,42.006730267041156,357.9483772595922,1
2026-06-24 08:00:00,22.43466228534462,16.163576411460756,67.28626842151009,4.64969062894869,230.02409130147657,37.44659180272774,281.68186213506254,2
2026-06-24 09:00:00,26.924834513685806,17.943715184974035,67.14820639132544,5.752716621771621,178.7192327107274,37.27315376625969,227.31100604175592,0
2026-06-24 10:00:00,26.80668705514754,18.500391635929137,64.41979229072851,5.797131515607469,217.90086142731454,71.68882758223256,277.66560008673696,0
2026-06-24 11:00:00,26.460712170054073,20.632860852493852,63.88705086777162,4.806982405635664,200.99630539656118,43.03798339920918,284.66227176821525,2
2026-06-24 12:00:00,29.863998709736986,21.025193249809597,72.06304717024798,6.569935344831946,260.63580798742265,58.65058321512224,325.68674548352993,1
2026-06-24 13:00:00,28.14936772449115,22.380486065815482,55.41405000203377,5.91440632305385,193.5109901460947,61.83993337519071,267.12942418289185,0
2026-06-24 14:00:00,25.94281319723322,23.334269956064045,71.71428334050736,5.460390627167186,220.85493749453198,43.164177105068404,258.6372866521846,0
2026-06-24 15:00:00,27.24935131764737,23.416998165253386,66.98281124627302,6.386151770999407,200.46060355267932,48.68429808434769,220.15224015333638,0
2026-06-24 16:00:00,25.25598994495229,23.218494747434914,63.69518709289833,5.0817547117430735,158.35086475059518,46.02478482033032,296.89651168256523,2
2026-06-24 17:00:00,26.422477242243872,22.06513349834715,72.83961989651542,5.308331586592673,184.37932713442567,28.878176493413232,408.92828742155905,1
2026-06-24 18:00:00,25.52762756878433,22.461872726604234,56.52629635551612,4.88021779053204,226.4141331628518,29.480269877518378,266.09636063984243,2
2026-06-24 19:00:00,26.32638928413057,21.401954803133524,62.19949957254796,6.520418078615734,187.0191661817518,45.48848466904273,293.07819818087796,0
2026-06-24 20:00:00,22.490391060646242,20.724748834636618,63.369119705879136,5.932938548588801,133.3923105548116,40.75086461391404,253.08668586740148,2
2026-06-24 21:00:00,19.85961589106906,19.73564885980988,74.62887825507443,6.063760715939398,199.05790949226488,63.9158033839359,223.74860320016637,0
2026-06-24 22:00:00,19.744108371775233,18.216059540174204,67.14174944793383,5.92040049356739,167.2299110614697,42.634270613053815,292.3694375680212,0
2026-06-24 23:00:00,13.733549568182342,16.398852948282723,82.08506025188778,6.029507104457833,203.95453197790155,64.50928997068125,276.1275313374877,0
2026-06-25 00:00:00,16.29124401067178,16.465485561337786,75.9183251080861,5.831231085558396,246.53441244194056,40.23608603864456,179.57783427736706,0
2026-06-25 01:00:00,16.394817006806974,16.326276436793137,74.32944987855122,5.908368537082977,223.0837193240871,64.12200420608934,339.4011486296048,0
2026-06-25 02:00:00,12.782120631330237,14.457356748520253,83.00469147257026,5.8430413744891805,246.09967486219932,50.064244969473464,291.63857505348466,0
2026-06-25 03:00:00,16.954150280786916,15.148842484021026,74.71191154336539,5.556563277772288,183.15463935666526,50.63291895771197,277.9558220041442,0
2026-06-25 04:00:00,16.44556678475055,16.52021473944877,71.22214564300415,5.781350093914132,195.70500999093403,39.8823604326635,258.12092543630763,0
2026-06-25 05:00:00,16.427320660842966,15.954741939045519,90.69408015516333,5.909437829304671,168.66691409576663,50.76917180403689,291.2117644197237,1
2026-06-25 06:00:00,19.449172799159427,16.85073159215867,70.62515672586296,5.844219647820852,179.47869664879715,61.92713433081251,293.0558380966414,0
2026-06-25 07:00:00,23.594305970988948,16.48447517679999,56.99878743405319,5.208891156898673,172.1934550314146,43.55172505939863,291.0528549490685,0
2026-06-25 08:00:00,22.272799382587742,17.93400785838916,65.46214729228777,5.262005332556636,160.79831092364128,41.60603184633382,317.7197217801396,0
2026-06-25 09:00:00,24.18406419516815,17.38555203521569,61.042739523934564,6.233136573566556,240.9756987599402,42.53237461139911,326.8108493533338,0
2026-06-25 10:00:00,24.810958650689635,18.48452778638241,70.757577699375,5.677202381646639,137.24119114920734,61.20111605006437,355.2237225447359,1
2026-06-25 11:00:00,25.674980914108644,17.843964015500106,67.19828620102756,6.033890138814376,241.1041671441367,53.55351207001087,241.52631270205114,0
2026-06-25 12:00:00,29.30768155130744,21.94891637923384,63.224346147382796,5.363152036111042,237.38176774760694,59.476799904711186,252.0631394493113,0
2026-06-25 13:00:00,27.477355045160174,23.0606863086021,61.57706161662157,5.210741649341388,214.99378026436995,48.136227104842696,289.4472866816655,0
2026-06-25 14:00:00,29.10734935582909,22.021559818859938,60.07442953772049,5.462561354987314,166.56478195717793,45.39319356777832,243.8363656504886,0
2026-06-25 15:00:00,28.0449946138758,22.660541940038488,60.8913509453107,5.710973971691434,152.5347466567038,49.23944039070632,250.27939710511117,0
2026-06-25 16:00:00,28.780647565110662,22.396910309047232,61.45725700118986,5.533943880286235,183.54788956209308,55.7015853441254,294.0091832602652,0
2026-06-25 17:00:00,27.450240626236255,23.169826146338266,67.63637842534067,6.317573409242286,218.7536136901977,42.52881757412135,311.033694199194,0
2026-06-25 18:00:00,27.056309916386848,23.364047651380346,65.61280516286251,5.871809320614984,200.09190912322023,58.68676993356786,326.03711811115454,0
2026-06-25 19:00:00,23.046708717435525,20.43420954564136,71.2445136871817,6.539575447424744,168.69501514715728,48.65830557065877,267.295423449696,0
2026-06-25 20:00:00,21.595187597059944,21.327550824513803,72.98356942477407,5.961763261628567,234.4461435396947,20.937218619698218,293.5261185415188,0
2026-06-25 21:00:00,18.720121110608893,19.813938763034766,78.35806685417802,4.834979672832075,250.53149984544615,53.83493427105195,284.7103094357508,1
2026-06-25 22:00:00,17.833560109885834,19.09071551357335,76.44047807583827,6.222416642583422,193.20202507956208,32.276949867380175,275.70629780719946,0
2026-06-25 23:00:00,17.616203271261448,18.331919020929348,77.05479643788085,5.1961793510120176,203.28010710792037,53.59172760673987,242.3596333916793,2
2026-06-26 00:00:00,17.073305098476958,16.849438048981742,81.85606508779344,5.892213466884535,154.73453949111513,54.01517998238166,237.27155643189914,0
2026-06-26 01:00:00,13.855271229710084,16.088703392529183,76.44844493433234,5.4901263769344615,187.56839851672893,48.29892597381208,301.66699119823824,0
2026-06-26 02:00:00,16.30440888015849,15.364798250818534,72.55599644405227,6.657084413785674,215.31319934002983,50.436808988766934,241.6872248046319,0
2026-06-26 03:00:00,17.271976004183948,15.912549656274352,69.74402079904499,6.375839170972054,210.64569620773332,55.98870787843987,203.92324700691893,0
2026-06-26 04:00:00,16.55797452834448,15.335007968101998,77.4450033840879,5.503271743319297,184.7699645237088,40.04372326189272,273.7295470683925,0
2026-06-26 05:00:00,19.865446250531264,15.312763525033615,63.29280329326687,5.7490569327515555,191.7726947457066,52.93429659702478,333.20961208599,0
2026-06-26 06:00:00,17.33931620134464,14.51913700798842,77.90359103868482,5.897839227859687,186.58367790366344,56.63023302957036,163.20598246391032,0
2026-06-26 07:00:00,18.32128462931523,15.868709080683285,73.86849297231896,6.145365628624644,191.64605858844845,62.60082597538478,263.4667890738595,0
2026-06-26 08:00:00,19.331919626643582,17.71893532827134,78.87489494713299,5.8116607649300045,212.6970440755438,33.942197139402964,302.0085946130493,0
2026-06-26 09:00:00,26.05579978295142,17.994881078089055,61.773453708133346,5.390042040247653,140.97388743892634,49.08516064987768,202.06014267140796,2
2026-06-26 10:00:00,26.481548484531086,19.52762517567131,63.60555039147516,5.5129765443199785,197.76951455576233,35.385108009385355,266.4666833519567,0
2026-06-26 11:00:00,26.86637046194015,21.44848562067219,69.77137211213866,5.798207281449283,210.49926606877068,34.96077982298502,229.42171021789832,0
2026-06-26 12:00:00,28.4821307659708,21.830884855367053,69.1371213147258,6.293782791505876,182.8854594307677,48.5902777240598,234.71287543972457,0
2026-06-26 13:00:00,27.073247213075913,21.902953794905986,60.5113415155498,5.971135144214418,185.62000868105355,45.774558147961386,258.9032716919192,0
2026-06-26 14:00:00,32.66862796942524,22.05531027898117,58.106552599625516,5.490634029353993,186.4881667755365,56.45001478521985,230.0740843947132,3
2026-06-26 15:00:00,28.955312556986318,20.820863628311557,63.125719820036664,6.0593491110839155,185.6285007938852,41.53823550405791,226.7479718739275,0
2026-06-26 16:00:00,28.226270018398413,22.86529206202172,64.39674300602765,5.645206064448736,200.1765133355112,43.65948563802989,272.6307299383198,0
2026-06-26 17:00:00,28.038397404153873,22.602893308502797,61.44104481843724,6.156163202074737,203.87008274041352,47.11504262338185,364.0855624214274,1
2026-06-26 18:00:00,26.22151384760507,22.776394570654055,71.34110037349208,6.810804167331442,136.984570512986,36.381711485635435,305.3097326979142,2
2026-06-26 19:00:00,24.147559352136344,21.70530294316644,57.974411359328656,5.65646945162258,219.58641114416864,37.76930154984069,315.4213106815342,0
2026-06-26 20:00:00,20.814288316832034,20.743691952450565,69.31720284579615,6.120642063890548,191.30003346959123,56.16098665772553,306.8904975367538,0
2026-06-26 21:00:00,20.895469219986346,18.611757036004306,73.56509059988112,5.501842667184908,257.988895264056,39.510449587188916,247.0994554928313,1
2026-06-26 22:00:00,21.32303674471255,18.248025736679946,73.09847996609166,5.75509449312348,164.25054383303876,56.82476566449685,287.4332891646464,0
2026-06-26 23:00:00,19.068382600926636,18.34604465223036,80.28173603196186,5.811824914748841,173.98056473737006,51.073125806682945,318.9077704376934,0
2026-06-27 00:00:00,18.327602113468025,18.372726104906157,80.3980044298448,5.722526535982247,193.91273064250217,29.524689745110646,308.13349871127167,0
2026-06-27 01:00:00,14.471695701329745,16.09355256825731,77.60625703186818,6.7852054755100095,212.39676349058107,50.30378691837788,282.7820402947354,0
2026-06-27 02:00:00,13.515592769612129,15.798147243721543,86.68064489411847,5.677362770128647,141.47698017885494,50.224798230941275,295.80185976775573,1
2026-06-27 03:00:00,15.04983883582705,15.898279220405971,74.76998467812027,6.034740615513947,175.1269984365168,49.229286085112854,373.5149586067661,1
2026-06-27 04:00:00,16.02140954194197,14.3512848510398,81.82874546362882,5.027965252270627,217.7396048172153,43.581232736169895,308.5777286862538,2
2026-06-27 05:00:00,18.691539809400588,15.42974792947208,83.02276462082426,5.972798625347844,171.55628160702372,35.59932544608148,262.39362571209404,0
2026-06-27 06:00:00,15.96130305542777,14.94350629979652,83.32115686776152,6.256821836940898,241.10079129128684,58.4621276611262,272.03851974941614,0
2026-06-27 07:00:00,22.482592163473274,16.863432426046618,69.94974132145268,5.588961062968379,186.38349203452782,43.98420411277164,232.83394413634213,0
2026-06-27 08:00:00,21.762988152131516,17.121122438361386,68.62552035858157,4.795911143583835,173.0188039597431,36.16593839664632,368.8814379178518,1
2026-06-27 09:00:00,23.171411710796516,18.20348527077507,60.95134946574775,5.78453929246907,218.30732773368558,49.574686860880085,339.15478901774173,0
2026-06-27 10:00:00,23.98184343710975,18.373921122065127,69.17448606503932,5.806873540154211,248.22852160473337,37.57220029266743,278.3285214508846,0
2026-06-27 11:00:00,24.46746246050718,20.600902068098712,61.46295890753679,6.089630020297721,212.4918877623169,35.509139717148784,362.23280475067105,1
2026-06-27 12:00:00,29.29693370243394,22.667770336984812,57.27800623900959,6.604361214165373,237.81288197669775,41.24527387797561,300.2960017981991,0
2026-06-27 13:00:00,28.871457734806082,21.022097768403626,55.80052171454935,5.647978539759877,250.29906021910892,38.346022356819255,257.76614329536727,1
2026-06-27 14:00:00,27.06505865038842,22.192294409019734,61.61996795625062,5.457484750535888,172.34423960217265,35.87757748015426,311.25810162079193,0
2026-06-27 15:00:00,26.818862625928052,23.048989284490748,64.07751777645142,5.3332328794514225,228.1517400217876,53.06411762261759,290.94573887186607,0
2026-06-27 16:00:00,27.55850077755588,23.629124969596653,64.69787197276146,5.879231446812639,154.29588472089358,43.861721855376004,308.514271131056,0
2026-06-27 17:00:00,29.453279756239922,22.4160662769247,58.053531115442276,5.991741703527401,212.74707595359155,57.52279945515892,220.23632561375132,0
2026-06-27 18:00:00,25.11061297295459,20.19767738302356,71.61368296443041,5.581737842254966,197.86046328455544,36.454905222700646,242.5874337121092,0
2026-06-27 19:00:00,21.55701888604049,22.915778720077412,69.49055104680158,6.111473098290316,237.28850609126187,27.72438962363664,334.538833204927,0
2026-06-27 20:00:00,21.631385403871082,21.608404895667313,66.50372534902709,5.98615363072767,235.16754538954524,46.48770349249416,342.72549966256224,0
2026-06-27 21:00:00,19.779181329660847,18.64091815602075,73.79644374062417,5.817292675857956,217.09350051603207,63.559789218064154,331.6045090787222,0
2026-06-27 22:00:00,14.454670035587643,18.513944966576354,88.8721601250139,5.43903411170235,208.95283698448455,50.30986829362002,363.74587614347433,1
2026-06-27 23:00:00,16.968810231917452,19.219269763211777,77.71323055437465,5.60725427380611,215.25106030165853,77.15374196212832,298.09473192855455,0
2026-06-28 00:00:00,15.591420378195911,18.158237134766292,75.87601740929686,4.828097880926982,201.85312614129637,48.320591209490885,295.28333451321726,2
2026-06-28 01:00:00,16.28282876319665,16.922484893396962,69.22329870357049,5.8943148256792135,198.1641277667629,47.355522112880905,238.4717239510475,0
2026-06-28 02:00:00,17.77343414241802,15.395008437694354,73.97481742423803,5.810536515498974,243.2773451675733,23.446373289420826,251.7787423661478,0
2026-06-28 03:00:00,16.928366760298157,15.202686629893735,77.26060051308279,5.875391596435795,246.8866945903453,49.27947440588528,195.46956310761794,0
2026-06-28 04:00:00,15.534489137676685,14.895259355899098,75.82070857851012,6.001727606225824,195.7502240689338,46.686677600192915,262.1405595052917,0
2026-06-28 05:00:00,15.390463668581662,16.038888521458798,69.604520406497,5.954328594572889,207.12909209032233,40.92578801795463,192.6589564466701,0
2026-06-28 06:00:00,22.36003970487479,14.835224459666158,65.31512540663309,5.755846727741586,202.44965674318323,43.632211329409294,318.23864683454775,0
2026-06-28 07:00:00,20.277094335304085,15.526933151346444,79.34017910207389,5.8194672172651005,151.64904674188415,44.31899425657821,290.53595474201813,0
2026-06-28 08:00:00,22.02089393786942,17.808219669468812,77.144932293209,5.238273433321532,189.90693267163982,43.20070847067936,193.9532301441564,0
2026-06-28 09:00:00,23.77554568505264,17.929234655180668,63.436149331913846,5.56651174172423,247.9911260314431,65.89714963125961,267.4054523134607,0
2026-06-28 10:00:00,25.797127141151783,20.102773884363046,68.80723136661497,5.820188421473384,177.50672374904568,41.29137972194991,353.70622489394,1
2026-06-28 11:00:00,26.73320685041992,19.498066414825647,58.42728785564523,5.505658569635056,263.436303869039,46.693137238538576,269.97335396657024,1
2026-06-28 12:00:00,27.201684816170715,20.95617731172894,70.7795596305699,6.144060318349019,235.16378928768148,40.960989166137935,235.0651622544803,0
2026-06-28 13:00:00,27.941192372162888,21.090496736871028,64.09674839287571,5.536547167617988,212.04494451638627,52.8343118664388,203.57990922779038,0
2026-06-28 14:00:00,28.950870094676002,22.469991760276606,66.40716337947147,5.886522164499326,216.82529857929262,46.76763699972207,204.77413550224446,0
2026-06-28 15:00:00,27.94634362732283,21.680865755557235,54.28892091129991,5.846626262726134,172.48379910994925,42.20089426829519,296.4231987142401,2
2026-06-28 16:00:00,26.992909152475328,22.609893263236028,67.39669452665404,6.098511037444164,192.04313743325895,25.740320540928174,257.6450951070102,0
2026-06-28 17:00:00,27.10939280984368,21.71470021321378,63.83035830976507,6.16031646961132,243.2419733096528,47.4330822528875,260.96023433602244,0
2026-06-28 18:00:00,25.117534173868716,23.01924020169076,70.51860434531176,6.077613044387175,181.564119824794,41.90423726420249,257.81013346224125,0
2026-06-28 19:00:00,26.067722798591678,22.401698596553913,69.69307163217924,4.957597519446747,231.83395270846398,44.39259343112899,269.39040202141024,2
2026-06-28 20:00:00,18.02354528741048,19.615789815612523,75.10066910248118,6.277659259205251,158.68879431688825,33.17542052754666,225.91348005187808,0
2026-06-28 21:00:00,21.825526962166048,21.102384776810542,67.20521944992117,6.410923289677839,164.05524762574967,59.33282172720196,287.64419974757516,0
2026-06-28 22:00:00,20.369127788746443,20.997932101135884,75.85552756440174,5.607150286271412,257.0415399675895,53.56743175843872,218.09175024973223,1
2026-06-28 23:00:00,13.940167183081947,18.00152892897899,79.37102688327603,5.894658765069139,199.64488561279026,59.30705997640632,244.76630167834986,0
2026-06-29 00:00:00,15.423790782388405,16.487108591820284,73.52752629349571,5.443667327947687,183.84500339016978,56.46979300780954,315.43310790660496,0
2026-06-29 01:00:00,14.681357916982835,18.431037348056247,74.18160934233217,5.020648597307139,240.88222480996887,50.923173021274614,290.04819998900757,2
2026-06-29 02:00:00,12.888732457923268,14.480723586220236,73.54769896893016,5.504513893783045,237.37464664890513,33.57717491273557,302.4272738480553,0
2026-06-29 03:00:00,14.071794184590209,15.152381868339006,76.96239118067643,5.583944384214556,227.62263695771716,63.433871640718586,361.01553571271546,1
2026-06-29 04:00:00,14.271958405310187,15.143697818105538,84.78711014399967,5.658059707459274,182.90306241763682,35.72364849112489,272.6138395878201,0
2026-06-29 05:00:00,19.678658196829602,16.21241479120566,73.67475916233165,5.416434363997604,191.39247272186972,42.31592375925038,275.8584104009991,0
2026-06-29 06:00:00,19.90351758972119,15.823689564963678,69.86694036271936,5.506629933273104,209.3488647117419,52.06902280626921,264.4271617659864,0
2026-06-29 07:00:00,22.09559932677359,15.772665758623047,73.9095604987721,5.7955974713486365,220.83198026441713,52.56540787187405,257.2634341043141,0
2026-06-29 08:00:00,23.082508096064853,16.239052503689635,64.53860717610523,5.491909206755943,184.74549277944388,50.722367269445584,234.57636690424854,0
2026-06-29 09:00:00,22.1181556588918,17.69126636339301,70.33496458099373,6.017409733020011,205.1221133186209,40.9971151867091,278.3625924478341,0
2026-06-29 10:00:00,24.713219600580338,18.194458111243886,65.84598461567602,6.072664260558976,208.02173902392218,38.93068372644525,289.20194426384626,0
2026-06-29 11:00:00,27.683809310147712,20.07353643623783,67.0750819557645,6.752155098465796,238.6030926912576,70.34532568606136,291.43081356771586,0
2026-06-29 12:00:00,26.22898611315315,20.54864305611161,57.03907480961872,6.250271972849385,222.63397486805357,44.606860615001665,277.57455307468314,0
2026-06-29 13:00:00,29.83097842928206,20.63319689011439,56.35183715578825,5.897241223331366,154.7959506549413,43.38228615361164,312.0468321927993,0
2026-06-29 14:00:00,28.6395119027628,23.468218245837676,53.841357421211974,5.551894281332928,193.59109074543844,37.86443509061247,276.17746762969546,2
2026-06-29 15:00:00,28.19924957269908,22.465565286413042,61.26291690371475,5.917498940669599,172.13649890049751,47.446703490709574,258.6279244706415,0
2026-06-29 16:00:00,29.12861777879631,21.98549055601975,67.50279618360658,5.930638383966542,217.0426226183502,46.98022800578071,237.92047272101928,0
2026-06-29 17:00:00,27.616142435534893,22.72909599756624,60.733393029090486,5.594674764397736,227.69460051515134,44.837737912957046,213.04099153688284,0
2026-06-29 18:00:00,24.958550751271382,22.51879886791188,63.89631940749609,6.113492558701151,203.04667956830733,48.81726646787886,333.4166071174594,0
2026-06-29 19:00:00,25.55072802076402,20.431253744282966,70.09774849600386,5.24076079412725,191.9561890811645,62.63537502442354,247.03781498050677,0
2026-06-29 20:00:00,20.378405008600154,21.26531813370061,77.2886617819563,5.702240065784996,202.0750937910795,39.04947293709102,237.9733142685083,0
2026-06-29 21:00:00,21.11217009469875,19.197550125457873,70.62254055001755,6.022343383726962,206.26757820433264,45.4308374220212,258.2984708669211,0
2026-06-29 22:00:00,19.389651886952574,20.36882304735263,76.55599200590638,5.684966340963161,180.79701044849278,38.52151547449444,263.86444853864816,0
2026-06-29 23:00:00,16.585932872723184,18.383892229251305,71.11210784834245,5.717298238628291,163.43866697691902,47.94698360825628,340.54049743611097,0
2026-06-30 00:00:00,16.427021706872107,16.680080007912547,83.57744562138055,5.744885655523087,138.4958287233394,39.31530498625581,261.8741158763532,2
2026-06-30 01:00:00,13.361848851398568,15.575438658999929,91.10931284800697,5.465759503724902,238.0154639521665,39.7455700856581,380.33534261606576,1
2026-06-30 02:00:00,16.38604052881035,15.451924218811346,79.34283032137121,6.269560372629683,214.89098730904897,30.40476625944374,277.5478881861273,0
2026-06-30 03:00:00,14.961166011312038,15.626529288110358,68.02494267971154,5.3927849312308735,210.87533034032518,45.97794782819675,357.2811299588503,1
2026-06-30 04:00:00,15.153737642730372,14.97960469713184,75.42436351673463,5.927263730963954,237.95596663858848,49.29769621904977,310.75717125722883,0
2026-06-30 05:00:00,18.623766370449502,14.962569649134242,77.11560696380721,5.96545915931295,162.3359597092275,63.604763531922956,289.44149679379046,0
2026-06-30 06:00:00,17.44348446418586,15.582594617516563,73.36040365714516,5.4205512395164135,147.93107372434943,49.69502481189845,338.11392532949947,2
2026-06-30 07:00:00,18.075574739737014,15.688485730264244,81.07030308356607,5.829241701752297,211.5269574955727,40.503158767026804,319.88919175761197,0
2026-06-30 08:00:00,19.665056239714144,16.725435258525568,75.74271883452235,5.4361471309021185,208.7981412633029,31.403209123139103,300.3871633674436,0
2026-06-30 09:00:00,24.720748242736107,16.296089868465913,63.20272460488769,6.356416990022378,148.0607957098174,32.78712994334522,367.70376039086767,1
2026-06-30 10:00:00,23.579355971255577,19.778980984681894,68.26609688834957,5.344486825209515,210.78563186421417,32.04371660528028,255.06429152185507,0
2026-06-30 11:00:00,29.58193874128238,20.274314404667493,56.432507407265696,5.538441162307214,187.99331142801296,63.78042035449381,235.20345296153073,0
2026-06-30 12:00:00,24.939283714665486,20.381235324773257,65.55993515033921,5.310309996657768,175.78735820787256,47.878104969263696,247.95077032752184,0
2026-06-30 13:00:00,31.306165336458534,23.347415109830383,56.059635394087,5.256920509252979,189.9972887515276,39.170337807381074,345.09092760334215,3
2026-06-30 14:00:00,29.316526200803928,22.533714799451662,67.09397756020047,6.436486116352917,126.7541428724459,35.401403948467355,333.03040084344383,2
2026-06-30 15:00:00,28.616411116217886,22.034788447576116,72.64036694469351,6.017109869565025,182.25877329824186,36.43892159606078,253.9895240207846,0
2026-06-30 16:00:00,27.244799196277647,23.685389937176367,56.55029929828806,5.856117370280217,178.87116291547386,38.90700605493622,180.81394849624536,0
2026-06-30 17:00:00,27.54845163983394,23.182141878363684,53.725776601150514,5.537369214661231,216.7130734080842,58.16255216255152,266.76619854485114,2
2026-06-30 18:00:00,25.443547946362727,22.779765603525128,64.6418803551078,6.163044724418707,195.25309590467342,44.700565529422505,234.46942765634913,0
2026-06-30 19:00:00,25.46668613874243,21.48782264102492,58.24789813936567,5.470311024253019,219.16606621036644,30.52533582726051,255.24256114042186,0
2026-06-30 20:00:00,22.17134147299306,21.360396579022428,70.02544825076292,6.1174557177320406,123.51381965789957,68.10459274730371,232.82363809016329,2
2026-06-30 21:00:00,20.41371932647517,19.825869548233207,75.64821737725944,5.450995489357745,174.82705332286855,33.598388606341025,210.61847692083904,0
2026-06-30 22:00:00,17.954581681679215,19.444753161316672,82.32521146831907,5.542196919249731,216.67991154714332,39.091646900761326,350.32817473323604,1
2026-06-30 23:00:00,16.96483409611257,16.440768256381407,77.04917187824132,6.103312954447168,190.73406108280534,58.10144387633882,247.65327184226328,0
2026-07-01 00:00:00,16.399524826847017,16.65290122961665,75.75479408353569,6.145530937662307,225.363815989231,49.151496326090665,331.5067121303667,0
2026-07-01 01:00:00,12.673266626991584,17.549296953500363,71.30015546474468,6.038989173558704,145.8619127183233,40.300770003757904,266.1451636061257,2
2026-07-01 02:00:00,12.977721866841431,14.922244420542004,80.95765950571928,5.3801303536972815,221.93332519068423,32.68633073906165,229.76783181790225,0
2026-07-01 03:00:00,16.353415357010594,14.653226056849178,77.1323378743346,5.621309253710868,180.82582346644878,35.33309891074973,295.3627355971601,0
2026-07-01 04:00:00,16.194120330700844,14.64163092924002,80.1618396742227,5.862759496479405,177.91408746851977,35.93503880923534,259.3577257226828,0
2026-07-01 05:00:00,16.774277527165147,14.164451786132812,72.72842645975638,5.460287615235963,229.73141140782354,45.070317978495495,266.7159557734701,0
2026-07-01 06:00:00,18.52765089959809,13.769273763879644,71.99155591930298,6.348385104051717,234.8570338986952,46.91061817281304,280.7962373735907,0
2026-07-01 07:00:00,20.70963924232486,15.987103756434918,64.15842163268924,4.8392212224197815,231.04099088261844,43.51345371368657,242.51148657005245,2
2026-07-01 08:00:00,21.190360479535958,17.108687539265325,59.515103390136524,5.4885041938523385,261.15925775144797,44.60786186075671,210.15454583518562,1
2026-07-01 09:00:00,22.644276227614178,17.922719764758995,63.68438307287907,5.596173398852067,238.00410825330005,34.49276804805679,272.9492154106265,0
2026-07-01 10:00:00,25.793767882646524,18.88409715044169,57.595849469559084,4.662422534091292,176.13690248803104,47.93136106223889,313.55670810535344,2
2026-07-01 11:00:00,25.482188301883287,20.06970887709039,67.50493551484311,5.241508347905524,204.24914384406952,57.80518636836996,238.93634964352978,0
2026-07-01 12:00:00,28.674556960062777,21.818273177240613,59.399861364590386,6.050115805016827,189.19406274545196,43.37208318250431,281.1584906506254,0
2026-07-01 13:00:00,26.207605377666717,21.676070176002817,62.259687896425994,5.812113454621185,260.87269579847197,43.17713293570527,335.22028594196786,1
2026-07-01 14:00:00,30.543733455988466,22.004835553467938,54.82545462193778,6.429254408817161,233.14609864096127,45.83001052052848,271.4094045090461,3
2026-07-01 15:00:00,29.47037700764304,22.638802917245805,44.872720428266184,6.418090578353928,194.33359589859631,56.18204859759391,278.44377487183436,2
2026-07-01 16:00:00,28.446222427961885,23.46347740780542,69.80608683018349,5.973218551441579,226.33729393259006,36.052770005613596,277.20849414401545,0
2026-07-01 17:00:00,28.423783944224105,23.993324807990874,57.29010665304713,5.925295299600284,163.03404601060686,59.50847335732135,247.7062229642776,0
2026-07-01 18:00:00,27.998211666693866,21.96158662380241,60.740045650717825,5.82637244343156,207.50785212936418,49.212222394352374,235.26581926266496,0
2026-07-01 19:00:00,25.33328841324484,21.9075741543693,58.725593077659646,4.7379671928482034,171.86232522190747,45.28680695698868,235.42950522715702,2
2026-07-01 20:00:00,19.238688653002534,21.270685953548767,78.17322533360013,5.24217619466957,149.3422339811778,57.1323883666432,289.72732788029094,2
2026-07-01 21:00:00,18.268901234178802,19.241213775027024,75.19446320417207,5.840270201239574,223.536087125895,33.17937926123544,305.31489447730974,0
2026-07-01 22:00:00,17.56277213345648,19.016333733770335,71.19284701352288,6.0464102834990685,227.25773285562656,50.22045536244708,307.2032895375141,0
2026-07-01 23:00:00,17.08938910701042,16.79218473371624,73.93158501486738,5.915867924855256,213.71637908635958,49.30309564506618,259.8582858497815,0
2026-07-02 00:00:00,16.714310704212615,15.58475975700848,84.7337267655692,5.4430140129137365,194.51098878300496,35.64544935606207,318.7323416372259,0
2026-07-02 01:00:00,14.149903496246324,16.464970001567615,79.05526864509801,6.174962512987798,162.00924035460773,49.60638122953821,287.29455278041706,0
2026-07-02 02:00:00,15.280150146715618,15.228798591797618,77.15515213586173,6.392977611501855,165.15959387848258,47.83305179380486,277.82968887164077,0
2026-07-02 03:00:00,14.10544481744654,15.298121020940702,74.76655878836783,6.175195840116536,170.92160060783607,43.21261880310066,141.4257334958566,0
2026-07-02 04:00:00,15.020545469021009,14.98568401839332,68.90243968481327,6.195839731836188,192.9898012482523,53.628175552303325,242.30361553574468,0
2026-07-02 05:00:00,14.940260886421832,14.35517665591269,77.67149356839708,5.576309680817915,232.28536200814744,39.28245747642335,214.15608391050898,0
2026-07-02 06:00:00,17.115150130833644,15.499694943290777,77.48924540462271,6.230373649080319,231.81212633235958,47.70321245843369,300.0829402825644,0
2026-07-02 07:00:00,18.160739775857852,15.185091831241925,80.10503459060892,5.858303455731063,150.5429720116137,43.683262175446814,278.8013332772013,0
2026-07-02 08:00:00,20.536190120534002,18.11277788640112,60.51408918286092,6.004622211408802,179.20299989849158,38.85303176992333,232.12054454459565,0
2026-07-02 09:00:00,25.392196010629405,16.879947543701945,60.303883152129565,5.946172737129883,178.39516941284484,50.028846851187716,287.1745023387065,0
2026-07-02 10:00:00,24.075901666752085,18.843371783225134,64.60521254711526,5.751405157823835,124.05250614496263,42.92264252650848,218.0603053517461,2
2026-07-02 11:00:00,30.89832056556192,19.201458909972285,59.304611078459686,5.455999009951079,216.98362840849722,30.26993541290453,233.24947606929663,3
2026-07-02 12:00:00,28.802154677812403,21.456336938688636,61.112245928983,5.767145334578381,192.61520527044436,26.989338952820155,246.59114676540239,0
2026-07-02 13:00:00,29.038734969565787,21.56328202772099,60.94507460808471,6.194704646993129,196.60572390107072,52.89057468083202,296.6054528737946,0
2026-07-02 14:00:00,27.71246332972818,22.049168239440785,65.1855242971759,5.623409677874836,240.37613175126916,32.79399892773169,330.97766716815613,0
2026-07-02 15:00:00,29.811945603136962,23.54626454119752,56.109199722340094,6.157338905043258,202.64927039853072,47.79384493400606,251.5596620662426,0
2026-07-02 16:00:00,27.198721087134412,23.023544473342042,68.43224190660717,6.094828268247069,187.07808605101945,45.5495189362815,327.8983456643311,0
2026-07-02 17:00:00,27.132762190273876,23.27701886190505,66.00794758016875,5.680425041192068,217.1623286301483,41.314682230291005,276.8961420244584,0
2026-07-02 18:00:00,29.34012680740319,21.67904086592378,59.59268651047577,6.35552004144783,231.76615539726686,64.5666845721534,284.44552643700894,0
2026-07-02 19:00:00,23.66764346613067,20.704573569604186,76.00336780008777,5.657781331523718,208.89402698147677,46.79674018460446,272.44781769090224,0
2026-07-02 20:00:00,23.723909989428513,21.085766369632108,75.71338819054462,6.4038187450450526,220.67568796094446,52.55633482682065,267.1074498645574,0
2026-07-02 21:00:00,19.133502046593524,19.780199096014297,78.10427432005682,5.973650792616389,195.63297050771348,47.84816215339809,292.572001469557,0
2026-07-02 22:00:00,18.447517264254557,19.501147737963155,59.17019543005557,5.793653632618595,197.54426760921012,42.684605768825186,304.6128474472818,0
2026-07-02 23:00:00,19.706453485147435,17.900797057459876,80.64698128141296,5.444879447864938,203.39062130896485,44.809112497640584,239.61554785456588,0
2026-07-03 00:00:00,14.997371586827278,17.164060271387704,82.37694670816694,5.764695907945983,177.40637148702015,59.585427656604836,267.4279812172197,0
2026-07-03 01:00:00,17.957192052971916,14.872866851300813,84.8834127249984,5.718496194602232,182.95815156891197,55.8810529260043,341.77100388893064,0
2026-07-03 02:00:00,16.061627903183215,17.04664793655365,83.31336947484783,5.296681445899638,241.3363892545542,64.51986431688601,282.08754617274093,0
2026-07-03 03:00:00,14.394819052135121,15.004903106818102,87.01793052492428,5.712953830912933,260.23868287586964,47.21642092972884,286.46775417716594,1
2026-07-03 04:00:00,16.88643378209221,15.55806957627136,80.52955371239125,5.478478727961166,247.7659374211454,36.23062934299252,321.6907415586971,0
2026-07-03 05:00:00,18.50908420613426,14.467423358668025,80.93256494586645,6.034396707591513,160.30227929694357,40.59483055640188,254.95022002861353,0
2026-07-03 06:00:00,19.432714943325795,15.78230630663612,83.05136077168125,6.322512190291281,157.40427396245082,33.122218082014086,273.6415751239499,0
2026-07-03 07:00:00,17.83292960444667,15.129297064434013,76.08325816655503,5.309233729481903,164.27871704164517,52.67044128875277,307.6737958639432,0
2026-07-03 08:00:00,20.909294236262696,17.361654270607737,63.44769419609412,6.484923091346769,204.03162325638442,39.14083683922752,324.5560892511337,0
2026-07-03 09:00:00,23.440455362390388,17.679944552081253,66.73414906505583,5.748579586245948,115.73826222927009,14.446820536804896,180.39426825978347,2
2026-07-03 10:00:00,25.38834985634993,19.023352403148454,67.88370816929728,5.409991446024594,182.33595300141496,69.63775698329931,245.53324836418506,0
2026-07-03 11:00:00,27.880755614631852,20.593655404514163,63.31753118429957,6.1031019120832735,242.21297867483338,39.293988615116845,235.06538774602902,0
2026-07-03 12:00:00,28.32872932789095,20.013967751023777,56.17271497573373,5.621418208697981,229.47316492186724,39.234090745141906,270.0469958643181,0
2026-07-03 13:00:00,26.758464245958322,21.280833740255954,56.134504778875126,5.767305329587402,184.72716048279477,61.71611692660366,238.09308893626127,0
2026-07-03 14:00:00,29.570296776508943,22.829961040007166,57.20983052501512,5.638288702315168,186.99933676488087,32.917485492024845,301.56421998039633,0
2026-07-03 15:00:00,29.67735940194921,24.54228048479367,64.8258664975817,5.47330482725404,217.01725120420713,56.36605886533167,281.89641364195603,0
2026-07-03 16:00:00,28.901863498387634,22.889534132270814,69.61946265604968,6.089598812960761,228.05806265732596,39.12557556575979,310.56760677416656,0
2026-07-03 17:00:00,28.570918556637768,23.33661219949542,66.69773580092318,5.685479438842325,184.0058819678072,31.76204555403141,313.1203182949427,0
2026-07-03 18:00:00,26.750883231823355,22.37852443925097,69.58607655738265,5.225339283128301,192.96901934841688,62.05717761378136,302.16344073663396,0
2026-07-03 19:00:00,24.5005034345603,23.38222360055123,66.59531801270985,6.020424049686373,183.0197081443993,54.230969470625276,261.56837795559903,0
2026-07-03 20:00:00,21.89475143281203,19.602222666427796,61.41588599209574,5.317767059590498,160.0595167587436,54.200009845150426,279.17110155026495,0
2026-07-03 21:00:00,17.696825284008366,20.110973016145568,72.88770675477645,5.338695930929896,193.40768755934556,48.676555467887745,256.5650437872079,0
2026-07-03 22:00:00,19.144427328698878,17.69956477315035,72.13286514619946,6.277042481990926,191.1221737937371,50.9910163307768,220.41058744120835,0
2026-07-03 23:00:00,17.361784062438836,15.959466563160543,73.08059669089499,5.321464040315915,162.18067652034034,32.67841975251957,313.15151388350864,0
2026-07-04 00:00:00,16.34519042930199,17.237969642494253,77.05924581171074,4.8734220572290035,219.38242812913188,46.116108572446606,271.6374149092281,2
2026-07-04 01:00:00,13.323396352246057,16.283171112171775,82.61902317676947,6.0491445939845985,214.49962035877667,35.71236999549155,214.8955214350155,0
2026-07-04 02:00:00,13.378415189387606,15.308028834668484,84.61097771395237,5.678454628207548,220.8715910253523,31.110594809369452,296.47798284350404,0
2026-07-04 03:00:00,16.818248495975876,15.051341422811925,74.82750248299728,5.712937951544753,176.95788933606894,49.10953330708031,266.0420432950901,0
2026-07-04 04:00:00,15.878489442723948,17.478639547257007,67.8270156405083,5.674199842659919,140.49272965656058,56.58149555659544,192.60784109516484,2
2026-07-04 05:00:00,18.072503577753103,14.92975658441858,72.2986071102406,5.89266797560749,214.01993388936947,41.16631175771936,220.05082910141286,0
2026-07-04 06:00:00,18.542477564195693,15.943997873862306,74.36757890792508,5.498912303238773,180.0766185611086,42.87987107665458,246.97555365355615,0
2026-07-04 07:00:00,20.232900893525972,15.652081019562704,78.23455853843586,6.390445949826305,173.27995600262898,33.6184935491696,283.42048233775546,0
2026-07-04 08:00:00,23.407425708963995,17.236186060032484,65.47204993832267,5.209507807876241,162.2884077606967,45.07217146087898,306.5207994020224,0
2026-07-04 09:00:00,23.037666223391586,17.774136879545424,71.31751867392711,5.977949966670849,191.74032415738537,52.60076112388414,305.15075722790226,0
2026-07-04 10:00:00,25.644181165411474,18.671585213816215,67.07742209968339,6.056848401550633,247.31981891151418,52.91527736727773,299.1145181972121,0
2026-07-04 11:00:00,26.25633453524827,21.490395006170342,65.11190122331902,5.496139295666649,184.83651435933456,50.451761756309324,273.6255051323208,0
2026-07-04 12:00:00,27.410433485342597,21.94174797054747,68.16014641421184,5.390506221888873,167.305908674992,38.81568832805465,343.8892924239287,0
2026-07-04 13:00:00,28.297722598820517,21.937824442665576,59.138526897652476,6.206869685668062,219.55800203090084,38.49870956572848,302.9948497599954,0
2026-07-04 14:00:00,29.33320065745057,20.62073206638258,58.324226962841735,5.4036556983933135,205.18436839313853,52.95404473240933,283.8842147696916,0
2026-07-04 15:00:00,28.04335785152826,22.57489592655422,62.68846646269495,5.557334423699773,136.42095896935376,53.119989322167314,297.66352422921443,2
2026-07-04 16:00:00,29.945812014851356,25.162422051524068,57.264293056709874,6.154923584983898,219.8703895925986,43.280050145681074,259.03859987377587,0
2026-07-04 17:00:00,25.607836514976576,22.67917397184451,68.21065763730111,5.813896493415609,263.85403305504803,40.738280924343144,272.7102559586018,1
2026-07-04 18:00:00,25.21969253375796,23.34667567278068,62.57040743765979,5.081142532948358,121.98392217712929,56.672470934456996,191.72183841793753,2
2026-07-04 19:00:00,23.152136728306385,22.981981046308274,69.74895696475801,6.498823657821406,162.9288192793363,41.40051335186753,259.53009350089593,0
2026-07-04 20:00:00,24.1704668265306,21.17517113268478,66.89457596422949,5.587995696488013,114.54418734045181,52.459322245237814,345.39552063067094,2
2026-07-04 21:00:00,20.483098849049718,19.36181887491556,72.89491120502386,5.638897084037433,197.74086737777495,43.63156825141901,280.93501109148383,0
2026-07-04 22:00:00,20.04776680920295,17.051750134573687,70.04397285364126,5.902313700930546,229.71158709834057,34.524672189629996,279.2695910944645,0
2026-07-04 23:00:00,14.821911972138711,18.512054386477082,76.91826416079941,6.050030718801629,203.1650224938884,61.123121400237025,314.94416380597124,0
2026-07-05 00:00:00,16.338397572312818,16.348195197741163,77.27396925320987,6.5844417165165865,241.7598709433801,46.20063895731476,289.3130166248951,0
2026-07-05 01:00:00,16.57296540941168,16.312493236763963,77.52281403951255,5.1359727402377215,224.916508709904,37.89256020111917,243.5406478297362,2
2026-07-05 02:00:00,15.123425983913137,14.536042113190753,78.23087924234846,6.130380883570378,251.0644197050653,31.091943322247957,275.9463004876129,1
2026-07-05 03:00:00,16.83673977857455,14.924106662467565,84.72272404827596,6.09720387762003,234.80632304321284,32.09999201763166,229.5912350128594,0
2026-07-05 04:00:00,15.161889498358372,15.026975243920843,73.25204800826353,5.745134035650353,187.91170794171487,41.27088595905399,282.3444868248113,0
2026-07-05 05:00:00,19.164273691972536,15.351171559679166,73.0818525948694,6.1149094779264885,202.0017936870452,64.25128883533593,241.49000190384237,0
2026-07-05 06:00:00,21.948347185428876,14.644040634980316,62.19383826690043,6.173709607054619,173.9396925355708,39.153381213257575,312.13178448134977,0
2026-07-05 07:00:00,19.644008843622867,17.12910163426289,74.6875967809895,5.247214886005198,193.08031493395853,59.474548323462045,254.59037512914688,0
2026-07-05 08:00:00,21.331746217898843,16.522484172214423,65.22567185663732,6.499906602352332,201.85495016054358,43.69236331396916,242.0118436346182,0
2026-07-05 09:00:00,25.9918100313942,16.62514825122732,63.818276682944074,5.176495098744743,197.45278029393938,33.18849608898318,270.48672046754086,2
2026-07-05 10:00:00,27.86935821859607,18.912781264029228,61.096448511028086,5.34587348750449,240.2676057891083,40.26788811549604,289.61567276518855,0
2026-07-05 11:00:00,26.16545742757593,20.062776427631253,66.40590671991474,5.695284930550361,190.09495812479508,32.19012076262557,226.70672012640634,0
2026-07-05 12:00:00,27.431897600847282,21.12847154653741,60.717768291257364,6.5699762052748225,172.03740759327928,36.44031548036146,254.14933610705654,0
2026-07-05 13:00:00,28.338803870732715,22.918133047694255,59.416906866650834,5.676697348098645,173.9116689529044,36.142519381240824,279.20649222773613,0
2026-07-05 14:00:00,26.983324233448585,22.274942545749067,71.1992932402912,5.787226443979676,219.65300814867592,25.96196132518734,328.5347419814611,0
2026-07-05 15:00:00,27.383502864297178,22.768007605661257,64.96263051521602,6.372831441561825,157.90584775733,60.12796068814726,173.851369428249,0
2026-07-05 16:00:00,26.55596667636297,22.117452495013524,61.72758572825309,5.679872742973811,193.9644148954725,47.11017030222281,299.6065281473295,0
2026-07-05 17:00:00,25.798051120649642,23.52014610746659,64.18817029616427,5.32862531482773,239.82500736366262,38.13721594381898,259.6573774237557,0
2026-07-05 18:00:00,25.447972668919828,22.611548866400238,74.08920755864993,5.633106065904674,208.7779533722249,47.21757746433389,255.21558612417329,0
2026-07-05 19:00:00,24.16305541452243,21.492404942910863,66.22850911131759,6.348316733522311,197.76183832643736,36.645196063579384,247.75492159456968,0
2026-07-05 20:00:00,24.325750739221114,19.47626024522763,63.76271599717273,5.828345998822054,198.9226878908471,18.289380346302444,260.44417665462976,0
2026-07-05 21:00:00,18.690735623174167,21.190805936454154,70.54613650155903,6.5722633036225035,169.11306223318482,74.56691633226549,299.8326880364798,0
2026-07-05 22:00:00,19.976483597714875,18.017856028435155,69.68258727779427,6.095173970504862,174.28595868696377,46.895998766770596,253.528541153789,0
2026-07-05 23:00:00,16.729269265355907,17.49170141209415,73.3523882694393,5.542076425442606,194.14454981256267,39.10986960685235,341.3436806325449,0
2026-07-06 00:00:00,15.863626609030279,17.286675608860804,70.96540882741745,5.820430521786031,208.1381909032788,25.660851883225668,299.9546713716962,0
2026-07-06 01:00:00,16.25074845422643,15.21432653236046,71.2781013701934,5.4587127527432475,228.4445003540633,30.0585020485744,282.9188850061148,0
2026-07-06 02:00:00,13.315916967656552,14.34109056225973,76.27429776700528,5.532626787740492,202.77681851514305,61.54491929554905,268.35775528733507,0
2026-07-06 03:00:00,15.812133835252599,13.437138628683195,80.38329448996237,7.591633700410303,240.58322527262743,60.01938548798467,322.5941681531241,0
2026-07-06 04:00:00,16.187500485828515,15.576797562324508,75.06881298064141,6.207449804013525,248.15594045628575,52.53215035998948,328.4407874703326,0
2026-07-06 05:00:00,17.78892942770639,14.70014769906267,74.01747624128214,6.144439195602669,223.8580163744661,33.84922961590186,228.54471410983024,0
2026-07-06 06:00:00,18.93375296586173,17.87771445884091,80.02993656724041,5.550727873876774,236.74944224167655,60.099739879770105,246.9240757840364,0
2026-07-06 07:00:00,23.871216894148695,15.376088822749109,74.22957547671366,6.427833626512431,170.27859435835717,49.49782617944353,300.3852082556811,0
2026-07-06 08:00:00,21.043390023623026,16.26283918125686,69.7373072559637,6.239766240717175,165.52403195935813,51.549244483515345,312.4672377777609,0
2026-07-06 09:00:00,23.01523788321492,17.512409443361594,65.62739698672506,6.552648515743108,215.53920128870496,49.461709444432465,262.9863780676293,0
2026-07-06 10:00:00,24.565289210362852,19.194507724110792,62.599501379196894,6.5332456593593795,159.76370564398857,29.930128153738963,245.3022056114999,0
2026-07-06 11:00:00,26.116531789565453,19.659113509381832,68.52404070106265,5.208364284760991,191.28884467952201,33.018390492531125,278.14450503866175,0
2026-07-06 12:00:00,27.106097135531293,21.48986577120201,62.84914726975101,5.356064204292037,223.13575715989217,39.897818335916384,334.0677372298394,0
2026-07-06 13:00:00,30.545005580684805,21.045556412755268,57.81351885156429,5.398484873814545,242.40118774055622,51.43639707533113,276.64137040208567,3
2026-07-06 14:00:00,31.13075637198478,21.35882824036689,54.9747694779305,5.422423742667025,192.37353049135803,31.195679177568536,224.44236920699475,3
2026-07-06 15:00:00,27.90536134339926,21.42513151362899,59.065234342863945,5.929380945704156,180.5016711407693,43.2465358505581,279.3833291030968,0
2026-07-06 16:00:00,26.81364446683473,21.221140665650243,65.82391759726455,5.573278619161673,209.61384864534747,43.23390489836949,306.30992284919415,0
2026-07-06 17:00:00,27.65687080288544,22.44924808957623,56.634563707101165,6.629039416305007,167.7936966942833,52.92739689327578,270.9449075460097,0
2026-07-06 18:00:00,24.671665433578543,22.223317365223178,71.76834494864544,6.5618719528326555,194.80164055119718,51.74671535607662,325.3266724993564,0
2026-07-06 19:00:00,24.76113104235091,21.323277502759645,64.0174195301043,5.797415362368384,199.75999855171156,34.89774070947867,309.63396142069945,0
2026-07-06 20:00:00,22.30438453127695,21.99472463774973,68.8865588412087,6.582130486459916,199.16048021987615,59.46686169487302,272.5296430521458,0
2026-07-06 21:00:00,17.914650511786505,21.01770034809659,68.21752959515342,6.395253850896081,202.65510421453646,33.3676017124971,276.7257607856185,0
2026-07-06 22:00:00,20.821257801995092,18.7321576100444,71.35266094639407,5.619717376329096,174.96455433283575,55.9223944190075,201.32961179267105,0
2026-07-06 23:00:00,19.744069041337454,16.52958692903635,71.06551243694226,4.996313862389775,178.1902102214475,39.49855101651602,323.4090689964865,2
2026-07-07 00:00:00,15.01863913778235,16.546635913555956,78.12723004037885,5.712812646015708,177.5865121690214,46.63925953433372,261.8193060531876,0
2026-07-07 01:00:00,14.656966876072547,15.69171576012016,86.1701842405224,5.54215114756861,151.39716982414828,47.25987460104305,259.0017304289461,1
2026-07-07 02:00:00,15.428798086087358,15.010190415039798,78.77393252564637,5.882602250058332,210.2549096553832,46.977074407087954,253.0058557389033,0
2026-07-07 03:00:00,15.74020440095706,14.57812157172513,73.53845879812252,5.8356913147499,226.83972355076014,51.7449919843457,293.26790249960385,0
2026-07-07 04:00:00,16.925638582518175,14.477229683420154,72.53263414824534,5.8252070635596915,223.88930248560607,48.91459497933533,229.85227996949362,0
2026-07-07 05:00:00,20.06555933984369,14.82706340212552,75.29698472175642,6.009473896551666,192.12509418617736,52.83649129870538,235.63308873149822,0
2026-07-07 06:00:00,18.234579158758926,15.0274655058098,81.01197146445641,5.314991221166529,175.66984281608336,49.64619960345136,272.89899593202585,0
2026-07-07 07:00:00,18.990820817474674,16.33823088215428,75.02060512278564,5.964544111027883,222.32943927088067,32.35544741074156,249.93946673660528,0
2026-07-07 08:00:00,19.931021157978208,17.28829497272389,75.9263383332,5.624153538793197,219.16769067123656,47.69799074557988,288.4093429349233,0
2026-07-07 09:00:00,22.715338255804767,17.236207749843924,72.1902827097178,5.879992879945474,206.52261927308888,39.361300974946666,251.40442882535268,0
2026-07-07 10:00:00,25.450309540689304,20.016852260805628,72.95495061796044,6.182963938092875,252.3293375726982,33.907375220927165,338.80145057502347,1
2026-07-07 11:00:00,29.641584263582516,19.25122633893759,51.08214802007082,5.310240090711588,199.2072343589881,42.101601073227,302.73830027137615,2
2026-07-07 12:00:00,27.285760877936813,19.70575950894773,66.99318164299847,5.687482538932172,192.29330048225333,46.832355990350905,302.2354484951579,0
2026-07-07 13:00:00,29.097162711481825,22.133049581838232,66.40208496573963,5.752586306388454,188.005480067762,47.496750279877844,250.80152984714766,0
2026-07-07 14:00:00,28.975365655890872,21.81017510760628,54.935942682253085,5.594292411371743,153.17366880557577,55.56024745140268,371.22718697757796,1
2026-07-07 15:00:00,30.544070694195604,23.120736481762187,55.318774246933195,6.159931798453183,219.84019892426878,58.073091189715775,257.4395594290269,3
2026-07-07 16:00:00,31.852576465301507,21.077065119119574,53.92299449849743,5.511844656479811,196.8354389852667,48.36280830757356,246.44758890839535,3
2026-07-07 17:00:00,26.15344430892535,23.97766805834273,61.37191584740266,5.5778398402230644,215.29793724070385,50.171063770094094,303.26970387821393,0
2026-07-07 18:00:00,24.765840836222665,23.001936341570076,64.27240574185517,5.516032346819174,255.2563400627372,45.95309033175655,282.8091253176132,1
2026-07-07 19:00:00,25.377974631321255,20.62804588541579,67.1594445076892,6.23682216457552,188.27744690286147,52.67225463649585,242.2646276303529,0
2026-07-07 20:00:00,23.022837234439468,19.816978300922973,73.1009685745095,5.6030223550351135,129.85973849625344,49.86988138837064,362.8338864835432,1
2026-07-07 21:00:00,22.958327672886405,21.373088903688107,74.256591581379,5.9840181563534225,214.43211108532319,44.45511906142196,314.0239799277135,0
2026-07-07 22:00:00,19.375892277988946,18.410096077201633,68.95981396057435,6.5902820404920295,205.00578169678028,66.519825670043,275.1602120507176,0
2026-07-07 23:00:00,16.51131439551358,17.297375940603818,72.36290773186879,5.770072631859765,178.0263837208604,39.53816636558181,371.04440524333046,1
2026-07-08 00:00:00,16.823804419547393,15.187158324680574,82.79054389662424,6.244824272013263,211.91799006864494,59.54456956708337,307.43120577153013,0
2026-07-08 01:00:00,16.901574586850884,15.890950310772565,79.35183017287216,6.468541633637251,223.58288960313126,31.45707073673063,274.5239612082843,0
2026-07-08 02:00:00,16.230723271796045,15.353722692993642,77.33745628318972,6.210876624016166,171.60170269365358,53.136165364514554,366.2575058070771,1
2026-07-08 03:00:00,15.99943026263747,15.708691172259316,79.56736706260988,5.793279473608903,190.96004415789852,59.36568351726837,301.35938933896824,0
2026-07-08 04:00:00,17.53783420789266,13.88073725745242,75.2055800412716,6.056843103599445,244.30261189546783,25.927809289920802,299.6098104928148,0
2026-07-08 05:00:00,18.804195917362676,13.920067261051239,76.45788831440287,5.285048562745862,178.35133426311904,46.389505730550944,259.5460949135799,0
2026-07-08 06:00:00,20.573238486556292,15.896668492683428,70.03178033360373,5.487982736740019,202.00009266241355,52.15414041244044,276.97653942798587,0
2026-07-08 07:00:00,21.161331515666816,16.97695693223546,72.35042685339597,5.558129927347232,121.26766501868346,47.51963604128066,258.5722801654314,2
2026-07-08 08:00:00,21.74932287952472,15.743078119105693,62.748082292722856,6.696244848069712,155.54463496756114,48.781559356069636,332.5894298416581,0
2026-07-08 09:00:00,24.03180384536763,18.82993508862971,64.1229139114317,5.474966194297893,204.725524919984,46.36223162376663,210.62343426330148,0
2026-07-08 10:00:00,27.309763449762535,19.03003347318946,60.243227976333245,5.4690092994952675,236.83963428756803,34.05752173638408,329.6348173225939,0
2026-07-08 11:00:00,25.724343961824978,20.9087204516698,63.65883707977546,5.382431607900406,159.13910953996998,68.68045592155443,239.90629885208227,0
2026-07-08 12:00:00,28.615187789800423,20.943823710785907,57.42920837834075,6.023924704772305,202.2369218618149,39.96462136684201,272.6831518734595,0
2026-07-08 13:00:00,28.171472565532437,19.810604790755832,59.92651479224567,5.857048557067553,188.7284627283885,49.341612387789056,263.1913444870308,0
2026-07-08 14:00:00,29.043117234402228,22.342527709284923,53.97618900672673,6.234703590810626,228.5926416497748,38.53160322914573,254.19390054019172,2
2026-07-08 15:00:00,30.679158577934423,23.71181836009329,62.328512088453195,6.068503866430942,163.46590084032243,22.241368099793014,302.5913659254197,3
2026-07-08 16:00:00,28.34882642852093,22.28500318473303,61.968840691217906,5.2478440613103725,212.90232945102457,35.754871262510314,274.79243146684763,0
2026-07-08 17:00:00,27.019402290540057,22.553331330030314,55.45067921247184,5.477088891995852,180.38927939011228,30.52393307724862,248.29204959404456,0
2026-07-08 18:00:00,23.46021578853012,22.323194812296972,64.07359150103049,6.346131499310328,206.69114074479427,55.91567539224489,281.15982120711175,0
2026-07-08 19:00:00,24.931113664758477,19.508816020851405,68.16567074010067,5.718680702169278,202.06793156925417,38.93131983955545,247.1565309333396,0
2026-07-08 20:00:00,22.968226271711615,22.33707806034998,66.12301874201711,6.275036727207205,192.44662777572145,39.85908660820037,253.48898003994313,0
2026-07-08 21:00:00,23.433148769240546,19.314175636492344,64.79551417622086,5.740127620833873,214.33435538808152,34.356692873962636,215.10947643844779,0
2026-07-08 22:00:00,18.0383326475705,19.40458834597824,74.38103743787502,5.412937428684591,201.30958202908883,45.94035398715103,256.98764026060945,0
2026-07-08 23:00:00,17.37897802319008,17.89536291067135,77.26321404806299,5.678695688933318,196.01581093769914,37.835414836387194,294.7681810557814,0
2026-07-09 00:00:00,16.31189769907506,18.006095245087486,69.64396047591413,5.412780081780121,189.30750397931772,54.92354731246789,276.4849967183215,0
2026-07-09 01:00:00,17.604699135621733,16.496417773196274,78.02500344334332,5.57377889503903,202.3279516923601,48.02039323089161,347.6025467589257,0
2026-07-09 02:00:00,14.857056701419571,15.347958967645464,74.57006555025964,5.880370282626099,206.66130644438215,39.28174214275552,379.51269894885223,1
2026-07-09 03:00:00,15.657051504632031,14.421484620828302,77.52189835319257,6.004642036147608,170.32573759758137,53.502330518370194,256.4312641471711,0
2026-07-09 04:00:00,16.84966693808374,15.638280561105711,76.00329897084195,5.163923470698281,189.5158628624787,45.07940523023238,241.66728969182844,2
2026-07-09 05:00:00,17.330166216428704,13.637543651680033,72.9684699490867,5.793052796996361,168.3444216610648,45.21496905689951,320.19266185435777,0
2026-07-09 06:00:00,17.830349578174207,16.05261072108296,69.88528177553738,5.565353705776099,198.80463731657642,30.373650962680742,288.40832968130184,0
2026-07-09 07:00:00,20.479401673629816,15.292337074009911,70.3962852511829,5.540634076416475,182.23003385437914,44.28913867214686,320.4349710805989,0
2026-07-09 08:00:00,23.610447624789657,18.00182692956531,76.19411439562839,5.8530738476532305,223.12349443943768,48.21544639317998,290.9532292481804,0
2026-07-09 09:00:00,22.271960366601057,18.093763453720072,62.86527240776058,5.579819250924315,220.18180933270068,58.335668221983454,267.22568613296903,0
2026-07-09 10:00:00,25.699454511220313,19.515299014280085,74.02221968206,6.35285519793867,172.3175430930689,37.48106370096677,267.4525980712488,0
2026-07-09 11:00:00,25.899566245897073,20.10086723146986,64.02191464954085,6.275224750500424,199.93077963804575,67.78108623385512,292.311071134642,0
2026-07-09 12:00:00,29.854747769878333,19.598098323887204,60.7511597615892,6.272731317576816,219.1554973774509,50.56868316828986,266.5554441714056,0
2026-07-09 13:00:00,26.476700426847813,21.13984379402992,59.19440543085898,5.602035921803879,194.74075039507915,29.80588123966193,323.7800497279148,0
2026-07-09 14:00:00,28.161617229092617,23.00201308522686,58.74971224170146,5.415000466032271,178.15347425583366,36.548018859144435,222.90651041995216,0
2026-07-09 15:00:00,29.327298596620256,22.99702795904415,58.6926934338656,5.8328119717552465,167.2278941586561,59.20999164216819,323.56574544244387,0
2026-07-09 16:00:00,30.410463870342582,23.944791924244537,54.67896850119934,5.739860653485493,225.62802684735087,57.432291429623945,200.06397008335853,3
2026-07-09 17:00:00,26.851122076696353,23.18632295558601,63.134063721110024,5.556470735030654,227.0813944485491,45.18093481560503,280.8040914544489,0
2026-07-09 18:00:00,24.667200709960202,21.690740102575624,64.7642796890139,5.329706221333216,193.76157203377855,46.49917703057852,261.7582907750581,0
2026-07-09 19:00:00,26.63346891987853,21.191575814569685,73.69374300832443,5.783392812292771,222.98412753580033,33.35389726274029,214.34577185395275,0
2026-07-09 20:00:00,19.827979149375633,21.08233391241859,66.77655409234694,5.6383722198990105,111.04368410343977,58.21442740235342,192.5992233328505,2
2026-07-09 21:00:00,16.89005774935223,18.18404092761,76.64538328452025,6.075338814815208,239.8266395212771,35.12232913225533,231.09941319579326,0
2026-07-09 22:00:00,19.16002167508,20.33875350849839,74.64720539941314,6.066042420608592,195.29165584168464,53.447411111234175,276.8273730624136,0
2026-07-09 23:00:00,16.29717119516525,18.318121208691963,71.49179182254251,6.240319922169086,204.25329682398467,58.520423686651384,250.91263484881125,0
2026-07-10 00:00:00,14.40597294781286,17.981627677639096,82.54696993988875,5.296281779247985,190.38446829002092,45.48155554219509,233.36204395315286,0
2026-07-10 01:00:00,16.30105388692555,14.907089722606473,74.84710027128119,5.960423323077453,241.87122445602517,54.67611366122199,329.09124331689543,0
2026-07-10 02:00:00,15.365701070656797,16.53155051314645,65.4992104572965,5.509013717506531,168.17805128133398,63.476397080256945,225.71261288285754,0
2026-07-10 03:00:00,14.39240126987143,16.921495823665925,82.42836653667712,5.311834315675566,244.23380979820507,47.67968799210738,302.16469326197785,0
2026-07-10 04:00:00,14.01736557550259,13.943297315698146,73.99445688888508,5.628559105220516,211.88812762835335,43.246981835680536,239.4401196647118,0
2026-07-10 05:00:00,18.358938524114382,15.75341813076674,69.13039904036724,6.227481992053847,218.67992647754474,44.33147142448483,230.08776267365755,0
2026-07-10 06:00:00,19.475301766937992,15.536786340612082,76.4691482941364,5.651072658571806,190.12386310013252,37.57012097327912,250.84645492308437,0
2026-07-10 07:00:00,20.03950288861328,14.936025796655212,70.61678912157183,6.426181863983645,160.75342406310887,37.34416207263126,299.79664188816446,0
2026-07-10 08:00:00,24.7699554940715,17.394307177481497,71.2649141598717,6.019551406208134,227.91532296608304,49.42406763825703,220.1413697360768,0
2026-07-10 09:00:00,22.20660616622842,18.631606383459797,75.80290307735248,5.642363808407769,209.34225053567994,43.36050177850716,286.49821042026804,0
2026-07-10 10:00:00,23.211712243612894,18.519098757864924,65.32130300605303,6.264019371562563,240.84870374926453,48.27569176851266,236.56960009314454,0
2026-07-10 11:00:00,25.911885363483968,20.96800939661426,69.27205004359439,5.978158708845714,194.18671039352907,30.100638501474286,243.76932519015793,0
2026-07-10 12:00:00,27.993798801957823,19.666589274568643,59.0301374306862,5.426976244621318,187.42305863303255,44.0738117481286,291.0256635616426,0
2026-07-10 13:00:00,29.126489958007515,20.632622207586476,72.61379163605187,6.543521054232206,241.64264709920906,55.30117850090463,361.9393131977791,1
2026-07-10 14:00:00,28.638145913215507,22.573379531608754,58.56943988148532,5.90379152923459,257.35682493492334,33.810757230239815,238.55932040049603,1
2026-07-10 15:00:00,29.289563878794922,22.884011527534092,66.38296055024611,5.807518476794197,200.2804152909719,45.16526414134551,303.79522334628007,0
2026-07-10 16:00:00,26.184868690205406,22.426741209260715,69.19710770116139,5.457786932037753,177.41727509428682,26.45390689101589,262.4915049106816,0
2026-07-10 17:00:00,29.11539437441572,23.511378853933785,63.0419658612458,6.271815307043095,224.31592288368648,31.94537977726826,256.0102618081281,0
2026-07-10 18:00:00,25.376773232411146,22.888817066510512,62.595156314023214,6.006910170944522,192.37938301487978,53.0766088767805,317.85504039000614,0
2026-07-10 19:00:00,25.487677063099838,22.514938381493405,65.05780006457314,6.0516952721180965,217.97788476202396,41.907157066870504,241.25908756560437,0
2026-07-10 20:00:00,22.514088019566557,20.901490851718187,58.61515381179737,5.596987462589692,192.2217207686374,63.22072865538542,228.8354709282098,0
2026-07-10 21:00:00,20.87339651301303,20.517340394792754,72.47402437629562,6.133640228764027,246.9204205463544,49.324431104243125,293.4070318087634,0
2026-07-10 22:00:00,19.354650920348305,18.643479757576003,74.92249555072397,6.164725437428321,179.01531484847902,50.30595664889324,338.7913518594699,0
2026-07-10 23:00:00,17.721815371720144,19.607778771659195,75.80131864924269,5.532488704487551,214.4158898756588,34.23517950105101,304.9997882116461,0
2026-07-11 00:00:00,16.901906313310246,16.349963383902413,61.25118156756491,5.233203944127603,185.3389408930363,41.14894623155547,218.71930477053866,0
2026-07-11 01:00:00,17.23224801117517,17.85581081882046,69.39312016114074,6.032549223735569,191.55480315737694,37.67363817952388,250.3866782412433,0
2026-07-11 02:00:00,15.294781754552206,15.563808742533771,74.30580698029404,5.170661220157704,187.6383303571827,34.34558260449414,314.1839296630724,2
2026-07-11 03:00:00,16.302024852359292,14.035887983188733,78.29586484311409,5.860806311135112,222.15824198280245,51.63893126096135,338.244408716344,0
2026-07-11 04:00:00,15.80321863207809,16.094463480390882,78.88283216972121,5.621101958085077,227.55089344801613,53.64515865768679,284.1484530109769,0
2026-07-11 05:00:00,19.210428354868377,15.237017805559695,72.49636701430205,6.287466084315568,216.73216486797114,48.989371941674484,251.83309863568826,0
2026-07-11 06:00:00,17.485411546911095,16.216797663566435,78.59373382672648,5.642862443693117,196.7604959976419,36.71932806774013,340.8407535747448,0
2026-07-11 07:00:00,22.889677333648578,17.150657610087883,63.8011753231072,6.242909188801521,204.20540093004777,48.30730035097463,272.0162565937933,0
2026-07-11 08:00:00,21.939763074033486,17.27036444331602,73.1234593396298,5.59431622225479,226.93164705378274,25.873215985343435,250.76765703382557,0
2026-07-11 09:00:00,21.665570662540574,17.490931143739665,72.77502572915077,6.199996402023844,227.87934761622816,58.2300926870804,244.00269847299867,0
2026-07-11 10:00:00,25.692156622366184,19.7805707021354,67.45718571735013,6.624136617534733,119.29173105939395,32.01849824362563,227.1992661204458,2
2026-07-11 11:00:00,25.92816998209351,20.03588058637376,64.3759938660595,5.372781144653503,191.83333484681913,33.795410175615366,388.34321717826396,1
2026-07-11 12:00:00,29.323143149974157,21.548686254886736,70.36594734418732,5.916814288692363,193.27223625681543,46.152922695701925,331.83831461842357,0
2026-07-11 13:00:00,27.78254481506989,20.10544266571302,65.52692466436552,6.899512966364026,220.07757692378487,47.04159560242046,248.74826735798888,0
2026-07-11 14:00:00,28.33072485017783,22.821686988745636,57.56145086351881,5.826635530761169,197.99687546867762,44.27251401548215,344.27303706887665,0
2026-07-11 15:00:00,25.92716968760518,22.35283464504025,66.5289237535537,5.824715308091859,221.57550142847862,33.898720590177035,296.332086936126,0
2026-07-11 16:00:00,27.383718347617457,24.322647709742824,67.30195486823014,6.115399578940408,167.64017686908343,56.33347993603292,293.9643200527659,0
2026-07-11 17:00:00,23.3139284783624,23.36217318346755,65.48274283134357,5.816432345637901,207.8016354638234,28.140507989307494,246.28331879535887,0
2026-07-11 18:00:00,23.124145764771416,22.65598781181719,74.0973863169298,5.117109602171778,227.00616960351482,30.167310095515553,254.43491287416217,2
2026-07-11 19:00:00,24.95235529993409,22.217475119426368,68.36734216865915,6.252914949935575,155.76851392045555,43.93017228045519,273.3030386166704,0
2026-07-11 20:00:00,23.178700237976248,20.201247317698627,56.873168026101766,4.9988206344539226,275.4093040462671,32.35766018155612,196.3780402223951,1
2026-07-11 21:00:00,20.8264530269598,21.333881532832525,72.90661625433786,5.633283339544663,235.7265779859956,57.22625276275925,255.52719426403723,0
2026-07-11 22:00:00,17.04953578530618,20.593096334733524,73.91041128556901,6.282970299662659,200.04059907396925,33.21785364587085,275.1795852493371,0
2026-07-11 23:00:00,16.9786854974812,18.27905462802849,78.71147647573123,5.657383028542886,175.14775678283695,60.57027152210313,327.3807562586895,0
2026-07-12 00:00:00,15.932418364873076,18.27232285485891,82.00217216341137,5.522521403014238,194.74744549178882,55.35122165771573,250.33809815725715,0
2026-07-12 01:00:00,13.500972182187708,15.716254316315782,81.17464361708385,6.151705562066624,202.5140707883402,57.350557355075836,307.4855244445789,0
2026-07-12 02:00:00,17.255097452650727,14.89820753188226,84.02014422654261,5.459554085266245,213.2198767043614,63.871059829532456,192.58024719715326,0
2026-07-12 03:00:00,16.55456265184003,15.169036493826866,75.64099039497448,5.311109712163218,245.01982548380093,45.81227924095766,321.6812070189094,0
2026-07-12 04:00:00,15.606375912764435,15.347952830694318,80.79643801995205,5.909805594997313,185.71704591671462,34.87025404180042,238.98612131552943,0
2026-07-12 05:00:00,17.090581290185963,14.82110734984923,79.91601531996359,5.726830680634963,216.88129512717683,43.96992124231358,280.2109187629904,0
2026-07-12 06:00:00,18.81257421192133,15.966112937157034,73.33818110123073,5.302530754324463,161.2271251219966,39.33334394591037,291.25372476716876,0
2026-07-12 07:00:00,17.12566438164592,16.41668446091254,79.7430742819138,6.054781015997948,187.59197857024196,37.90808727486278,283.40718229423436,0
2026-07-12 08:00:00,21.629233926219104,16.201354579767155,67.47155435272623,5.985795042230893,211.30150543608076,46.508534368068325,270.7288096538414,0
2026-07-12 09:00:00,22.788756943720948,18.379758233551293,66.94064957242877,5.656097993357747,220.73787473026414,41.882957857922534,225.33934858506842,0
2026-07-12 10:00:00,23.997569985157625,19.690822594017217,61.040472566129296,5.683467197550021,177.40302570006142,37.47790315683004,239.41836326842028,0
2026-07-12 11:00:00,26.5280970289769,20.172451634482396,65.77332914707796,5.988157096803662,186.77624911964259,42.54597607412742,314.8572777288642,0
2026-07-12 12:00:00,30.758707616765353,21.922118482609353,61.11580923915329,6.276144567900826,243.81669906750636,50.48978464203705,251.10490164826345,3
2026-07-12 13:00:00,29.722745075923992,20.85450408994863,66.62902170178737,5.68688271595627,234.85725858884135,54.56417206592696,270.8681762654603,0
2026-07-12 14:00:00,28.143231515325805,22.838461952843236,66.58382220338845,6.0618753972032575,206.25371651157099,28.970760868090103,215.31654971637673,0
2026-07-12 15:00:00,29.620354956057714,21.927478740038854,59.43159626949358,6.026080086833839,132.90064540337852,41.96798913671458,309.342934460997,2
2026-07-12 16:00:00,30.161210981370076,22.10873491341353,54.315648385684526,6.151722917083591,275.33397643070026,43.58656794525295,222.2206783943964,3
2026-07-12 17:00:00,28.336697992674985,22.358958638166044,64.56021442138989,5.815723679497386,199.40205315028265,33.17479977772368,311.6385123440843,0
2026-07-12 18:00:00,25.58944555488026,21.710453468278356,71.24643119621689,5.435069794373456,190.6229882593602,43.80294266959301,232.4915295742626,0
2026-07-12 19:00:00,22.841328149159285,21.39003046975328,72.76633109002857,5.615000338720012,184.32920222437656,46.479956095400276,315.580321213111,0
2026-07-12 20:00:00,23.047334970420383,20.82867975143105,74.16558565978198,5.937141386312659,211.29101111597325,50.188345452809905,275.407716612253,0
2026-07-12 21:00:00,20.77849476241498,20.70499976947519,70.40635862911081,6.527385751352637,211.5974776751279,45.7715802563167,252.64970414211638,0
2026-07-12 22:00:00,19.8427898300416,18.74307276903544,70.25555736307184,5.606392150721488,228.51883619379538,36.19050590002445,339.01607021792495,0
2026-07-12 23:00:00,18.003010234217125,16.696223254174242,71.11188095778046,6.12191497741096,172.2181350695296,65.12030027571846,272.2458002872707,0
2026-07-13 00:00:00,17.51215124648793,17.912054277196127,75.10593617114651,5.668777419729296,190.62515365576218,53.291267716215984,260.52750826976086,0
2026-07-13 01:00:00,14.43566639863567,15.501900768361777,78.6842463417931,5.844187502354454,260.91637169672606,50.52719744649867,311.3647171039204,1
2026-07-13 02:00:00,16.976091098451487,15.488922043178542,77.06207882455381,6.406158699705437,206.73771899749977,55.04831257010936,215.78171553920015,0
2026-07-13 03:00:00,15.534918623015121,15.493525900396296,77.1116103672043,6.105717032568173,194.82426880019761,47.44609171810477,173.91337583933625,0
2026-07-13 04:00:00,19.050713482446827,15.159688334722226,72.87100517242995,5.303480290903617,171.75146703248896,57.86300885521955,321.3191989454751,0
2026-07-13 05:00:00,16.016470804559816,16.011640332860907,73.2967647696675,5.571009990475363,215.17802917462254,45.56871950285764,241.54791685391874,0
2026-07-13 06:00:00,21.103945704747872,15.919100899576454,75.78336022206001,6.302488537776544,230.93054651127332,45.01747460274184,309.58489701545994,0
2026-07-13 07:00:00,20.485132859476327,15.482525211496123,72.20043087984696,5.856751217051398,226.23762937429422,51.35228478791204,276.84649487112085,0
2026-07-13 08:00:00,21.02287299457833,18.74284973919333,70.30033273507959,5.340463952153654,192.2359740917325,60.76357546290923,228.44042143490088,0
2026-07-13 09:00:00,23.085904564636163,18.120190590260503,64.95976825619057,5.472419022010511,210.8375685009061,60.12048615289307,299.29129678696785,0
2026-07-13 10:00:00,25.01947903770852,18.882127818702795,59.71705960279434,6.0813974090844685,250.14978309945835,50.928475982599956,258.5931923907569,1
2026-07-13 11:00:00,27.585996387908708,20.80641651885454,69.83662529725628,6.197764112487052,232.12646876514407,50.166118585768,231.90638654773954,0
2026-07-13 12:00:00,28.84643105854432,21.19956075674406,64.55747627040586,5.80714212059287,176.4751177342004,51.96042411096486,232.9481451121299,0
2026-07-13 13:00:00,27.900930778115608,22.147809679097655,54.79929385341144,6.790125520374441,123.61984806135591,54.85620913336597,205.68644983313087,2
2026-07-13 14:00:00,28.963468111608524,24.457848814018302,65.45954976961805,6.1296609453822555,208.90317521252706,57.98731939413242,291.12099528730954,0
2026-07-13 15:00:00,31.97488632194127,22.64360616255224,62.642542264836024,5.70260757214684,223.95704380245297,42.634159159961506,237.5839702221923,3
2026-07-13 16:00:00,30.65349258164214,22.745791284786083,60.23768951353408,5.473717580760262,167.32326524380213,58.180612898373916,273.6111148918058,3
2026-07-13 17:00:00,27.60423297281688,22.956966114766246,71.26547491137853,5.410046278144383,199.73631433631667,48.42995114071306,267.7311002195051,0
2026-07-13 18:00:00,25.5570052172523,23.321314363602585,66.81519194991165,5.9341685281921475,192.08902802380763,51.509316224999495,237.33773275281317,0
2026-07-13 19:00:00,23.99178030579504,20.62319990059387,60.5257459933,5.604489182034637,203.12858966696595,58.819493215339946,214.08401143444718,0
2026-07-13 20:00:00,22.920276959095624,19.427555286818794,70.72151265432686,6.46949750159337,183.65911138640863,52.470622500906785,376.34843316520517,1
2026-07-13 21:00:00,18.654077836484745,19.565583963913966,75.23959310478195,6.386524721167143,238.7153299288398,54.159955631528405,273.05869896087006,0
2026-07-13 22:00:00,18.113935193864982,17.69286163275257,71.64679352347125,6.053226618998891,204.4390664189829,41.105814667175785,347.9353181104119,0
2026-07-13 23:00:00,14.547376420877786,17.624858741569405,81.81094247933378,5.328401530817241,173.6294934150575,59.98311543749681,321.5974713490716,0
2026-07-14 00:00:00,16.536656857416848,17.401999756903432,68.21768544014546,5.5311124509790375,227.52386460781162,51.95686711076125,262.15338794038365,0
2026-07-14 01:00:00,16.209313125530635,15.458973784411997,81.90165838657718,6.30227101029644,162.07437212024885,46.260657178404976,282.2385854935924,0
2026-07-14 02:00:00,14.275220306550938,14.394437123437172,74.87912711411161,5.574773520081959,238.534831326054,56.01074386893103,281.0766312786859,0
2026-07-14 03:00:00,17.599499360911572,15.191766424216006,70.35587014132096,6.248856693567809,229.7317827266769,70.87830497760498,348.7680275572976,0
2026-07-14 04:00:00,14.099173679005418,15.690034787692136,78.91186772365612,5.989841569213905,241.6932588596236,33.310754981780654,308.1933476657365,0
2026-07-14 05:00:00,14.853690211379437,13.780317944030436,80.74043638656286,5.820687153925275,195.25260882675153,36.96267377076718,242.70909015894915,0
2026-07-14 06:00:00,18.83667772783996,16.192084303507034,74.6156070445592,5.518866874825823,185.1165806064987,71.85305308835885,289.064753462189,0
2026-07-14 07:00:00,21.758914138200584,16.82541783824447,66.57600720529742,5.7623024625901,202.5206528279928,49.26694842304374,307.17257365681013,0
2026-07-14 08:00:00,24.5258915371868,17.763268081725304,64.4384836994164,5.875859181949959,197.46689640933405,46.90869678631568,227.98723804379702,0
2026-07-14 09:00:00,23.123406921414237,18.939507991487265,62.9866999574156,6.213015559320448,180.41791143309462,43.84614258337835,294.7659737922141,0
2026-07-14 10:00:00,27.118021250146942,20.76161113972769,62.73497499167432,5.445705759746498,183.39130057623072,57.0843600097144,328.8195582482048,0
2026-07-14 11:00:00,26.891984764054772,19.750402541514838,69.50472435568882,5.694873262989554,189.00881458200607,71.11247308810287,240.70109393499416,0
2026-07-14 12:00:00,27.80323687657984,21.087657264062287,63.0148010598848,5.817929252772914,164.8998894068041,38.34811459266655,246.22725729661963,0
2026-07-14 13:00:00,30.086970690253484,21.49527637814777,64.59270644549309,6.065071343074465,220.33889868798002,44.03123272810666,321.4189002138936,3
2026-07-14 14:00:00,29.97848431762013,22.465683090942402,67.7028255074868,5.436614264990889,198.4310858728698,41.49272871432134,260.8305474837403,0
2026-07-14 15:00:00,26.3968925485471,24.090001989665325,61.78363634655864,5.273372082845114,190.7486459229906,52.32864976819278,235.71966346323603,0
2026-07-14 16:00:00,30.276988351079915,21.923988412855465,59.13474771342728,6.06958606068402,166.68937517174967,57.223934376505746,310.290921721363,3
2026-07-14 17:00:00,29.01988449952701,22.174863567423813,72.43210290588007,5.192820354021318,165.18881066997605,61.20932785333117,298.0741694690336,2
2026-07-14 18:00:00,24.561655947735705,23.565846364341404,74.14772992261689,6.313991885904867,258.07742152167236,52.667182826202804,278.7757562998431,1
2026-07-14 19:00:00,24.40543861587376,22.644456330267865,58.75145103188972,5.737629561006837,181.1822761141529,70.19332791243617,319.98330513794815,0
2026-07-14 20:00:00,22.741045279424107,20.70949468254634,71.0464872449956,5.180987567090221,218.3158518262798,39.25247016792587,322.82540972778224,2
2026-07-14 21:00:00,20.579277333018215,20.71879778130666,71.70766716207662,5.607831912238602,204.8790340970053,36.65459447567296,271.6870836470888,0
2026-07-14 22:00:00,17.67454226923187,19.27297267399363,79.32281483121557,5.951649453227695,116.74434616675693,59.69344293316209,353.97305550210814,1
2026-07-14 23:00:00,16.042817479787093,19.164943506790706,73.42372518683021,5.586919564978008,253.77352469415777,46.22832319596337,338.3355981370799,1
2026-07-15 00:00:00,15.89949106702176,17.059607675061418,73.12256885937053,5.808011899529739,220.5225193632835,31.24059676584719,195.62806200437564,0
2026-07-15 01:00:00,16.99761274486557,16.992078566351875,72.62251112969327,6.096031346282114,176.96989537085574,41.839370283625506,233.79530306267276,0
2026-07-15 02:00:00,15.815400231891648,17.64950791325634,74.56187699073786,5.719123865844952,199.14900486711215,47.55658654097274,184.78832721431047,0
2026-07-15 03:00:00,14.682597717847363,15.6147760188817,82.85750357262823,5.425176929413547,165.52449897789003,38.53751762092645,262.01140021100986,0
2026-07-15 04:00:00,17.095370239481447,15.039462532635875,69.97954984687786,5.680406401051264,254.786614353834,34.85339312905411,226.55127206799747,1
2026-07-15 05:00:00,12.777438600749054,15.71425428302051,77.95400417930453,6.365936054583704,172.77026875275607,42.92370863474124,242.42726405041302,0
2026-07-15 06:00:00,20.223148550558154,15.243673698299139,63.18715978682302,6.474025738133274,184.30748009916022,34.35466579638289,318.6227258713149,0
2026-07-15 07:00:00,17.578696016115206,18.081947039673594,80.34115389772361,4.99202953042309,178.11316765557225,51.35131038980232,204.8068376105968,2
2026-07-15 08:00:00,21.456338587895303,17.144056830156785,77.00754419168135,6.236411163676591,202.41138200627512,25.561951531071536,280.1894296412325,0
2026-07-15 09:00:00,22.13222847377843,17.746377163409505,68.20595867714695,5.900059086414142,241.10949500417942,45.90424927965422,279.94705769921654,0
2026-07-15 10:00:00,23.55797778641864,18.33144879598397,66.64067983223151,6.16959307164806,253.68123347285473,50.19509888108303,271.70442849791425,1
2026-07-15 11:00:00,28.690987649373614,20.913052333695234,64.23692433216615,5.579804695892948,188.0301156733311,44.094587602516235,280.23114727919096,0
2026-07-15 12:00:00,27.36062602452323,21.69374993026219,70.9396588074634,5.092694596199405,211.34776946953767,55.932228970708735,185.70873158336954,2
2026-07-15 13:00:00,29.28123660661955,21.430543627614917,63.305569809876125,6.033795515458984,202.4571623781222,31.294387657958644,242.6178193680923,0
2026-07-15 14:00:00,28.929619131681225,22.92526269123569,58.19674732960696,5.423609095486913,170.55172206667825,37.98910498623886,336.72003461029556,0
2026-07-15 15:00:00,29.477042024858157,21.65685853058599,52.933436710238006,5.244683027406059,272.6766672378783,41.6996535374911,227.12515657961276,1
2026-07-15 16:00:00,28.177410663081456,23.147976460058526,57.01147589098482,5.272639447010613,240.88278686888768,52.12724569409306,341.66443254256797,0
2026-07-15 17:00:00,25.025259132022978,23.22590838681763,66.73578629313475,6.040365512966134,205.67347549133103,47.185075860461204,218.72710352886375,0
2026-07-15 18:00:00,26.99440022917071,23.829965462785133,60.730082108991176,5.855780986411679,247.45628280496965,66.43365982742418,213.91837470350714,0
2026-07-15 19:00:00,23.07109844097568,21.21177208256324,69.68952040078298,6.112986408749869,236.36320138153414,36.94214103026107,236.92884730943615,0
2026-07-15 20:00:00,19.665127152010374,19.97731789695814,70.03722733640639,6.067630101798546,202.45584023245266,31.050111014193487,320.16331873147675,0
2026-07-15 21:00:00,19.546093942833487,19.31893381167005,67.65395511212776,5.631626574166494,209.7789081598398,62.89088982933061,253.1551668100249,0
2026-07-15 22:00:00,20.751139685951465,17.930745199748063,65.61347421959289,5.771810570449017,245.3637842712996,30.69141416067617,288.8162795375657,0
2026-07-15 23:00:00,18.32558514486441,19.034049705797102,82.22107037302887,5.595424988486984,171.6153925661096,51.83062711399045,277.94547688068815,0
2026-07-16 00:00:00,15.41484397189714,18.23891143601923,82.34712597964165,5.715868890853804,250.21072091964018,35.213299579780305,272.82151269078724,1
2026-07-16 01:00:00,14.714632659498879,16.42774613761287,87.39503056774114,5.413098104807573,193.24662317944652,24.30681649152314,325.96472370430297,1
2026-07-16 02:00:00,14.517547423173927,16.512934341410364,81.6786975959668,5.956193717549734,245.74030228542702,41.25216206186768,305.86071763948155,0
2026-07-16 03:00:00,18.353641191317784,15.243463399307915,72.22567352734447,6.230048299592703,199.8432020761154,53.9949996247716,229.28387211350497,0
2026-07-16 04:00:00,16.51072535185626,14.923910681839388,83.20383419022218,5.473354788071605,210.12818667418915,32.782289115269265,263.97716865633345,0
2026-07-16 05:00:00,17.695315002480772,14.869866599600718,75.00028199021423,6.3125078581605365,198.97074930282622,50.76094728144831,344.7375928012333,0
2026-07-16 06:00:00,20.04542518104776,15.287585591760195,73.44969863419445,5.845408598591177,184.0446913156632,52.62863561186452,287.78247156671745,0
2026-07-16 07:00:00,20.546450422822126,14.933331630206583,71.53013759723585,5.896431590562325,191.89835305567064,32.28309858480696,214.68616143634722,0
2026-07-16 08:00:00,21.611436781268946,17.211403810885873,55.731754766057186,5.1202281921569925,241.373342095057,42.7223871128763,217.5184439049284,2
2026-07-16 09:00:00,23.517208542090177,17.932456691418682,76.20302481096606,5.077095076173706,130.57508051982595,60.77074822327164,310.60581234264896,2
2026-07-16 10:00:00,25.392598110878904,19.5962885792623,68.3839019967341,5.857646545111873,162.8310216558549,51.50592619963743,303.0974926870425,0
2026-07-16 11:00:00,26.893914113541072,20.11009497756097,65.77641836809326,6.115892849852803,178.23584871925692,42.385075354239795,238.14537699450673,0
2026-07-16 12:00:00,29.15362214194654,20.869837038744727,61.10677311831135,5.5314478225420185,167.64965622691938,49.15295481253919,304.9052071589739,0
2026-07-16 13:00:00,28.839399612734425,21.131472700740087,62.60985956664935,6.468037560233236,245.29938831246466,38.14736691529552,338.97568546876994,0
2026-07-16 14:00:00,30.09896011582337,22.521824204595163,57.29485318178072,6.093974389701726,237.73030933559613,56.13695678385025,333.31435358642403,3
2026-07-16 15:00:00,28.6404059138606,23.454293089809205,65.11440966490363,5.436663499316806,217.76095428183845,56.132600646021395,339.1711214728983,0
2026-07-16 16:00:00,28.180130611965208,22.08532880713291,56.04835154364609,5.812339466821403,180.86587797567395,46.20905915086055,297.21955100251216,0
2026-07-16 17:00:00,23.95244644150767,22.933682308100867,68.58740643254353,6.790771653489365,240.0515560038241,47.307061564576934,267.8936072348045,0
2026-07-16 18:00:00,26.874491512053723,22.65053597636134,66.95847753839105,5.302974398880117,152.35610222013366,35.01203124994328,258.90079678132656,0
2026-07-16 19:00:00,24.331466029564634,21.25397529785158,66.20889509540793,6.011307975566042,264.2594792044381,31.479635729321707,274.3045244554863,1
2026-07-16 20:00:00,23.497015164789477,20.5297149560736,70.05792076460776,5.670902178910663,179.46110608467347,41.23395256058469,239.95906782172537,0
2026-07-16 21:00:00,15.843883616991821,20.219764859423055,72.43066769843855,6.082758516367405,192.13894334475685,44.12598290308822,260.6280510192388,0
2026-07-16 22:00:00,21.632562057171093,18.093263185365903,65.61179167691486,6.306909458527352,187.1196844851586,55.62627497387989,326.00478993190404,0
2026-07-16 23:00:00,16.84086808946141,18.24466279178943,77.37454389777828,5.645505164515453,167.8067775770397,54.22427750618311,210.63715966250027,0
2026-07-17 00:00:00,17.600096398615204,16.28371650107264,78.67263259476701,6.247564908682869,257.7533937181076,46.84832888359093,213.37321097234326,1
2026-07-17 01:00:00,13.678660325288226,17.02185582968038,70.61127933214557,6.688481357708785,223.6668389235346,56.90538984372787,308.22122417673717,0
2026-07-17 02:00:00,15.919160857593855,17.406160581172884,79.9071101464412,5.8265098949376934,236.46411626239362,35.56513821185597,260.99308301266103,0
2026-07-17 03:00:00,13.658395871216038,14.447691253482272,77.29391745265906,6.113955474997674,163.28992183817687,55.7733688727837,197.97427901766665,0
2026-07-17 04:00:00,15.002168732465222,15.427366289899739,77.43336708450468,5.56382369191869,205.42813481011999,37.09571285650532,272.5466337463824,0
2026-07-17 05:00:00,19.921299562494347,14.554903170938111,65.7968509071816,5.807703723612485,215.63086067994212,57.39694530064243,266.8351366074557,0
2026-07-17 06:00:00,18.21397639885498,16.368661723900477,70.28514212044047,5.729329962916703,208.1226957064953,44.86653535230019,257.75662094034664,0
2026-07-17 07:00:00,20.514415994051937,15.159366147985637,76.61332743478923,6.118774370263438,165.18879646796,25.017133234622627,302.42824105925934,0
2026-07-17 08:00:00,23.305101596033133,17.38446940674217,68.59819495466131,6.28187037430277,232.2650006339191,52.30157164031442,221.6721772483361,0
2026-07-17 09:00:00,24.555256147676552,17.266332646078435,65.01980061424035,5.756138060353016,203.64650248355463,53.0954575950078,275.5194165943838,0
2026-07-17 10:00:00,25.725628357715365,18.834412328721307,64.94680420758638,6.413449138293169,171.35107893070992,40.43419945511418,266.5611002155025,0
2026-07-17 11:00:00,27.497188972005173,19.210455960292236,65.8494323569153,6.412018976624651,144.3424838134201,41.287404216059834,276.51300911646814,2
2026-07-17 12:00:00,31.667301204348483,21.6578803767166,60.601711035598505,6.13874149727196,218.1999954046964,43.40454720115396,205.7125536745312,3
2026-07-17 13:00:00,28.675052588473097,21.15884284119452,61.61480189184828,5.593589387311308,273.513672023945,25.748481873737287,254.09404447439965,1
2026-07-17 14:00:00,29.30164857007245,22.905673022603217,66.7028172703964,5.5552684733040385,169.54237179961154,21.352718269048566,275.7907676414891,0
2026-07-17 15:00:00,30.337462378034893,22.58842488254641,64.84735833089147,5.475047458123984,205.11341151238898,58.01625638130389,296.6463854519159,3
2026-07-17 16:00:00,29.72046672592805,22.90842210256091,62.80230007453832,6.179666428095264,233.31491837274731,36.75932332589423,348.8558602165,0
2026-07-17 17:00:00,28.730292926646403,22.981908031076376,62.196707402574674,5.3152927170042545,161.91043201696095,63.55264109576363,307.2379355495608,0
2026-07-17 18:00:00,26.458095333043776,21.854641877810675,67.93689107594517,6.0707350616444025,185.60129692744925,58.70401801138914,293.4462080253366,0
2026-07-17 19:00:00,22.097225946621922,21.9967208155789,71.4546659730596,5.367556260870355,174.19523662215795,60.67195314269739,325.8589916912151,0
2026-07-17 20:00:00,24.450147298451643,22.22426765148353,72.36382360088777,6.129418447936789,229.54030084473638,38.49701047532845,262.84710213827066,0
2026-07-17 21:00:00,18.468748594754324,19.41280035174391,78.73530856998634,5.806887833092224,239.76567708062177,28.91598813069419,337.1571265453942,0
2026-07-17 22:00:00,18.95395319785855,19.937448114619077,68.5639866554811,6.3334554247439305,204.77108794195206,34.131176934056455,319.7709116024846,0
2026-07-17 23:00:00,15.918838756665133,19.163201926380143,71.86757763829331,6.256581831328508,174.74797793017697,40.53545272847089,257.16488837430154,0
2026-07-18 00:00:00,15.84161465361944,16.347076008777563,73.8838146936363,6.374026164800845,186.71627186216458,21.267702671493602,351.9582070293316,1
2026-07-18 01:00:00,15.731662831431743,15.007529191181368,82.40269805261651,6.384327487315645,181.0850445725974,40.245743108758326,292.87741259626716,0
2026-07-18 02:00:00,15.48203582317541,15.777467104999657,69.94001202833327,5.857452333595279,170.6819341513098,42.98321972488889,362.7187590424695,1
2026-07-18 03:00:00,15.87140034732945,14.698370676630228,79.32810652874463,5.336482773430158,196.93885397544605,32.05579028413305,287.1272901713322,0
2026-07-18 04:00:00,18.358389077096902,16.4948825753304,76.18264856294853,5.378990778001048,217.24479453385587,34.59514901754167,252.52280561957457,0
2026-07-18 05:00:00,17.730553983965137,15.164142727243593,80.9365755126728,4.965260588273624,214.70772333285558,42.79401478819198,244.29853426586374,2
2026-07-18 06:00:00,18.133765047064028,14.894138858434102,75.5411753968426,5.366533666628762,199.7530290629147,48.56286548310301,260.7702618106824,0
2026-07-18 07:00:00,21.63439743671489,15.25384526644444,63.72267612302263,5.827529463081859,201.7116151047609,36.09177331999756,252.14820231881336,0
2026-07-18 08:00:00,23.784205733386962,17.871923967272664,63.06217831669503,5.576138327669935,197.55347614730664,47.92252609576269,325.85554227834774,0
2026-07-18 09:00:00,21.97032159301216,17.507776640322568,64.1256364788963,5.727945758236059,161.0836538250118,46.36846007987855,273.84103021798995,0
2026-07-18 10:00:00,26.39610010477479,19.035063039568342,62.03496004260455,5.99708616778456,204.80404690948617,45.468858590183906,210.43909309750364,0
2026-07-18 11:00:00,28.00150658177218,20.799918376500067,61.88368426475375,5.678373896773697,182.49123243636052,38.47985876143423,283.52017263486755,0
2026-07-18 12:00:00,27.615832571451083,20.612593318455335,57.43379328315342,5.351268479834966,159.57970342521688,31.666204039646175,280.0205217244115,0
2026-07-18 13:00:00,30.825041003990904,21.79168406175406,66.76326074847236,5.778706532974627,211.1211670134675,61.9645197990074,256.25569515323957,3
2026-07-18 14:00:00,28.77491661945121,22.450846887279738,55.24369319689634,5.440603805290862,181.64809890744365,51.30305916457426,285.70368087937084,0
2026-07-18 15:00:00,28.94984546423079,23.41036291436915,68.39070256223545,5.691685401208375,206.83261763776508,55.05731653060738,273.23562267484414,0
2026-07-18 16:00:00,27.80257009006527,23.47259546840826,68.96273104911837,6.337110785769201,225.42913445208282,44.163703151610775,300.35061469506263,0
2026-07-18 17:00:00,26.973116039678036,22.68761232015241,68.52377350083152,5.69179787836153,171.49283836564305,43.35974557739862,297.9991575473288,0
2026-07-18 18:00:00,23.855587369657197,22.515020864334968,64.30446211892762,6.508383021339098,202.76363846218914,49.90659680725388,289.59611425596285,0
2026-07-18 19:00:00,21.651656991826204,21.5310039155274,72.13026600569307,6.3726543947751875,145.68731354808915,26.653116495477544,223.0457638491974,2
2026-07-18 20:00:00,24.391757594837458,19.817910074464443,60.74303521844197,5.5682778765683825,245.9759927182783,33.85356530646855,359.76066912569246,1
2026-07-18 21:00:00,18.91782466180486,20.241356866328587,78.25314558100291,5.3555504934336895,159.22800509333655,37.02225121971627,212.76057186670755,0
2026-07-18 22:00:00,17.01291147581554,20.513753408666453,75.61458232134001,5.778978335231923,184.55541012807876,40.454335774582376,269.8516329273964,0
2026-07-18 23:00:00,13.820167361288597,17.257748507037068,77.76919809352026,6.261331105358756,240.15139711291872,36.20304320529846,231.2226659460479,0
2026-07-19 00:00:00,14.979379551974676,16.381576232317837,72.30602030434905,5.603923637508524,192.9643122175704,48.32807125250746,290.853526466405,0
2026-07-19 01:00:00,13.253884525865274,15.474990657938815,68.10780797581658,6.163236119304855,164.078069410991,45.814472344628356,280.5362289922923,0
2026-07-19 02:00:00,17.463022740204554,16.11557180784074,70.25166842657576,6.283375995654435,221.39219696859607,58.92864689751377,268.24935661519163,0
2026-07-19 03:00:00,16.753244849990473,15.49508505820088,81.86009715807597,5.490389739854957,220.71597386453556,69.73759157112562,335.7109113575141,0
2026-07-19 04:00:00,14.905596655742345,14.873169846066835,76.49911687073516,5.529579564684565,181.004409819043,32.371497598515674,319.33983668708464,0
2026-07-19 05:00:00,20.428906239710628,14.401881445532556,71.038668226772,6.085064812850803,184.25220437658803,46.473052139684455,261.9153862763388,0
2026-07-19 06:00:00,19.97264823048739,15.609799818174185,75.7105939148574,5.860739019856628,186.9377308814574,46.45525878206974,307.16538567665015,0
2026-07-19 07:00:00,19.70101960901942,14.919875173385165,81.78712085975802,5.525575389382528,193.78928117941905,44.85801930235338,337.58721031353815,0
2026-07-19 08:00:00,18.25089142768964,17.114741253485995,81.12395356150063,5.659127820752165,143.2108676923458,34.15175429034498,319.0538015817185,2
2026-07-19 09:00:00,27.24814717460376,18.661943328460264,58.84054837139455,5.771792178909032,194.557284166457,35.8280255435745,269.55125658129987,0
2026-07-19 10:00:00,23.415641299854606,17.999040690693057,58.58837758298745,5.174058230017815,253.51742594549447,47.40405611916119,211.38796394281934,1
2026-07-19 11:00:00,24.481649347870494,18.809261558946353,78.82009207805592,6.1062572425930775,173.12090098289886,35.54649926692764,287.9859161967944,0
2026-07-19 12:00:00,29.59603347450553,22.26355031335589,72.22971788889063,5.608523124424323,182.4951921959071,46.59271972167008,301.7444134157596,0
2026-07-19 13:00:00,32.42110939353238,21.339019413142523,58.43693670990755,4.6865135104807605,164.49147010410812,42.54050215454395,244.21532398865915,3
2026-07-19 14:00:00,31.076409227765776,23.372859891892812,52.75586769877196,5.790451612676219,218.36485779186063,46.41657903121282,275.90181068232164,3
2026-07-19 15:00:00,29.607344464102017,22.74050517299801,65.68731931254727,5.503371496442597,236.0959207442713,35.46699529565566,271.68448764935897,0
2026-07-19 16:00:00,28.954309338989002,22.870436146446938,61.114910363150145,6.475528876921071,235.40953517532876,46.57469242334537,330.5084254322097,0
2026-07-19 17:00:00,28.229870806476296,23.21443346475359,61.9592494166954,5.565821991632013,162.5596823331902,36.19047416523409,349.15264702360355,0
2026-07-19 18:00:00,26.638392884680147,21.7569025297406,68.90622275390947,5.3609426545685555,214.99375191490878,46.606956086569184,322.0085788120281,0
2026-07-19 19:00:00,24.23352045167171,21.934424839542707,68.99164919236046,6.0031730679848065,243.01250102642706,58.393961224391575,271.5777726729556,0
2026-07-19 20:00:00,22.156301655927813,20.694808468140725,63.8833634578119,5.535821052796966,215.2898932313037,47.609838500160706,320.9086498779127,0
2026-07-19 21:00:00,20.09437699243307,18.97888142568606,70.66303793367045,5.4882175194991065,214.3522905003133,48.21870382383057,300.9515282332108,0
2026-07-19 22:00:00,17.369053116699984,19.26998565978112,78.86290090326675,6.0038005531297625,185.85072264094524,53.17206517497548,272.0040169447304,0
2026-07-19 23:00:00,16.62923991639401,17.754077574087585,78.99617321235228,5.383813076844174,206.6032947138099,30.96441655526737,358.69561156013197,1
2026-07-20 00:00:00,13.398386952215851,16.874380137244234,81.63201852913335,5.217090536720218,237.08954539119216,62.18921573723013,245.47926240469997,0
2026-07-20 01:00:00,15.091009775784398,15.203444120522482,82.95790304143804,6.490399200837735,209.8462690528629,34.4441000738763,299.1563590243817,0
2026-07-20 02:00:00,13.517113339273624,16.809018679072487,78.37087905378533,6.031799495040258,162.55175731910822,53.79660997368937,308.58242582215695,0
2026-07-20 03:00:00,13.583135240152865,15.83766804395262,80.99358658791192,5.694316286002254,186.31874977142087,52.46909987256323,263.50004641905065,0
2026-07-20 04:00:00,16.20766340023915,15.771324707337582,60.07290841882502,5.798609116119225,236.2783861666698,35.9783363849524,297.36552751517365,0
2026-07-20 05:00:00,19.138255961211065,14.891940932890382,71.18584187733265,6.002345743246463,209.74229961053285,55.08886136766762,312.8198900088458,0
2026-07-20 06:00:00,19.87747490900347,14.15255207325951,76.36654465207405,6.189334979845368,203.5718623472923,49.97812766413309,284.7853768211166,0
2026-07-20 07:00:00,17.83251577884759,17.733906781245416,73.04900872979718,5.497609883473995,183.379534002599,63.899786444022574,293.89982253371124,0
2026-07-20 08:00:00,20.515557795144495,16.951121993595304,69.45019368724104,5.946458610386273,235.65797541603305,46.93378751341293,279.21724491796084,0
2026-07-20 09:00:00,25.22289009769997,17.365683982773874,60.925267123885945,5.597318329515905,249.87237793466772,43.91456668477402,306.9008044610684,0
2026-07-20 10:00:00,24.026268909692536,19.33344125958649,72.58530677201469,5.72440750219495,237.895673690541,39.852374720817956,265.84085323224775,0
2026-07-20 11:00:00,26.612797743310296,20.968972810812723,67.2069590757305,5.864277146985962,243.27774864336118,27.566447286488266,262.5280886642858,0
2026-07-20 12:00:00,28.887255975027898,20.98155955513163,65.86236581908194,5.797328570778931,189.238812777015,41.817724352488405,275.822406153966,0
2026-07-20 13:00:00,27.308964101728023,22.851287259097692,54.998173268136924,6.094226759321028,184.9949270787829,42.24101605741123,322.3467549679324,2
2026-07-20 14:00:00,29.158063259218938,23.33050156595125,60.608073872609104,5.994834623646238,195.3096447950244,47.62058182557435,205.10547405316063,0
2026-07-20 15:00:00,26.76044254164617,22.00259835523463,62.88691391127456,5.196732316251129,201.1571972592876,30.768968891175344,238.62522733156732,2
2026-07-20 16:00:00,27.160126360564252,22.46096791547242,62.40498983433014,5.256870717173823,242.93059340375765,42.60987788813121,366.03080193141767,1
2026-07-20 17:00:00,27.42942036951964,23.629733035780088,60.40455783798665,5.652113326096282,234.9766021840525,50.76251392022115,286.007536670972,0
2026-07-20 18:00:00,23.110509399702497,20.294011564089402,66.93686736145692,6.53145010497673,216.15408161763483,51.75509675492517,258.7185581214919,0
2026-07-20 19:00:00,24.472445422658243,21.7088625702142,71.28128940634338,5.459363266999359,157.0643970245934,26.401848238626727,306.7940734195315,0
2026-07-20 20:00:00,21.97054330160998,19.85533503870026,60.47109127132887,5.716710916154899,149.35934466209375,52.06406608653224,243.598919991919,2
2026-07-20 21:00:00,21.017001615908075,19.654033139263262,80.06607190106257,5.585461589217391,207.2138823440511,42.53426086878508,190.8884435122005,0
2026-07-20 22:00:00,18.835871201096992,18.760943928776637,76.21616018381592,5.578382246364768,226.4078961680215,43.14989122501446,289.1919979098956,0
2026-07-20 23:00:00,19.096463176654936,17.678128317263912,73.27258470971302,5.871295897562022,197.61298853041586,21.354846301441622,245.76864663820686,0
2026-07-21 00:00:00,16.12565892748079,16.558190998309914,81.58338001888768,6.36031091047826,257.44713514935216,59.9357116255788,279.055591125196,1
2026-07-21 01:00:00,14.594410904288642,15.293857955550758,71.62753318901146,5.982387359952235,167.52676868658693,46.76798885011295,288.17603159353877,0
2026-07-21 02:00:00,15.183446254548425,17.369427398317193,74.85635996878682,5.478587615429163,163.74944151513205,29.685395734772932,280.6846467826311,0
2026-07-21 03:00:00,16.053466259531103,16.630266298172806,76.5304633266099,6.901291804321283,180.0715707657704,48.75201574916466,206.6401835155207,0
2026-07-21 04:00:00,16.011112278997487,14.070347343794973,84.0144671173639,5.8314292883844505,178.93108360426294,48.44478440847024,276.05123370349634,0
2026-07-21 05:00:00,17.11114006849999,16.401990095886582,75.63414901216723,5.569111617447154,215.78857606045938,57.22544152932989,292.78407765457627,0
2026-07-21 06:00:00,17.447012468289866,15.216325992483965,77.71385839397789,6.364838549871036,187.3486444446949,41.90311230709122,218.9976294710302,0
2026-07-21 07:00:00,19.193915307955933,16.274922853919175,70.41940665077225,5.612371752822472,153.56478616164014,45.11996068938586,214.23305764613866,0
2026-07-21 08:00:00,19.89609209230046,16.94938083208247,74.9588998340769,6.465165461994977,226.7473537008535,38.57192199762092,232.23901656582413,0
2026-07-21 09:00:00,26.436098430498056,17.436924906586743,73.06287984827462,5.451742883613333,147.2014422178361,50.97948613992738,304.8705895504095,2
2026-07-21 10:00:00,23.63420514691307,19.78708187488492,73.0165872820749,6.372012155568547,167.86345330967873,37.16509658324951,195.0673701404972,0
2026-07-21 11:00:00,25.910389671611973,20.13598540487141,64.90025245517623,5.880419065712678,151.31880287768394,36.0700948291977,308.19095404577416,0
2026-07-21 12:00:00,26.984566928137273,20.618758861424606,67.39597392256262,6.3164208930809735,206.2136383121262,44.32202462220079,290.6822299316092,0
2026-07-21 13:00:00,30.103867349440137,20.784755569705812,63.162943953707895,6.560706283480617,205.58143136453637,32.74136228696172,264.6999219787234,3
2026-07-21 14:00:00,28.55757548256196,21.749225604162458,64.66384777941202,5.346957083791498,257.4936296304906,61.02131218539235,215.7748135039835,1
2026-07-21 15:00:00,30.633093893034076,21.550599212674598,65.20005413266115,6.310308728303329,227.4147996843665,64.27266727741875,243.14129820435127,3
2026-07-21 16:00:00,27.05194189012527,23.009778838732135,69.46005825103701,5.236438438229838,243.24938550026602,40.464099145781844,306.27616208042537,0
2026-07-21 17:00:00,27.368238711641535,21.906370831328758,62.92232056165574,5.381126257900709,208.6582895389548,31.134049934428347,325.2690080737344,0
2026-07-21 18:00:00,24.246979420110364,22.25165320512292,70.51302000325641,5.478636216083025,170.6920453672831,48.365920389020616,233.74548729434946,0
2026-07-21 19:00:00,27.02945700737773,22.92450860763449,62.049176985347756,6.001454654471145,203.8432280598049,40.178974820310756,320.67454041135113,0
2026-07-21 20:00:00,20.21860237145573,21.959439658337267,67.52231517267523,5.813206350773943,217.7726302216192,56.74681132528032,302.43500930832516,0
2026-07-21 21:00:00,20.652997749622894,20.00945466512799,70.26893392193259,5.733145566334866,221.11422146754725,37.12853404470096,274.72651208940863,0
2026-07-21 22:00:00,19.450665321398148,18.93033221908548,72.6778108556243,5.858494111608945,185.82763567674974,50.44513222428443,245.48579481438392,0
2026-07-21 23:00:00,17.670951177871416,19.468623459126725,66.88695364066434,6.036515835717389,214.66359421347198,46.139935893916935,251.7443991488004,0
2026-07-22 00:00:00,15.659890685192366,17.41660489628697,81.90979397485278,6.067299249576541,172.00916087476207,38.2373848938659,347.916904646172,0
2026-07-22 01:00:00,15.043788166376382,15.90932770735259,64.51082708733635,6.237666734246052,168.7016721766785,47.400498284919415,282.1376725685223,0
2026-07-22 02:00:00,15.065717207968664,14.395083891165884,91.89522404786922,6.5280139251069755,166.52645865843544,53.78532558474849,328.19473368043634,1
2026-07-22 03:00:00,15.01801621353379,15.451395269375523,85.88777621274104,5.791455051023409,200.7387796567039,45.86848519055397,284.6623193315256,1
2026-07-22 04:00:00,17.383640848701294,15.66345901806629,74.23458736069688,5.591564415147634,164.66490934771087,45.972846651262586,256.8920829763427,0
2026-07-22 05:00:00,20.366037034081195,14.630975475232812,72.00788736192143,6.045414451674075,187.25766830386976,36.27216572146325,298.36360721740544,0
2026-07-22 06:00:00,17.66376232248825,15.768860588972672,76.71834458095051,5.342298073494152,227.08749654241873,56.44204797904136,361.3134028831957,1
2026-07-22 07:00:00,18.133562214913738,15.880714239321785,71.6939234021588,5.528518347155355,169.12610965765086,55.445465781431835,249.23533358055613,0
2026-07-22 08:00:00,21.867576927473117,16.8527740806408,71.12200342496693,6.199752378557116,184.8706389948705,40.894408113135036,311.5547561378941,0
2026-07-22 09:00:00,27.681297322199125,15.974466173540051,62.46244332485274,5.750348650072918,202.1489383032851,43.75711540517004,282.62035929150505,0
2026-07-22 10:00:00,24.294488148045403,18.82257487702709,66.77525063619068,5.316723016656784,207.406607045968,59.14220672690327,217.0192793451075,0
2026-07-22 11:00:00,29.408422676471936,20.810771622336528,62.01719810563687,5.20407877385393,185.02128227583316,33.66429178952545,216.12504628640335,0
2026-07-22 12:00:00,30.57872904760573,20.49487795554675,53.13788615110316,5.819486671757523,223.60580206205472,51.042883913587815,256.92065012245814,3
2026-07-22 13:00:00,27.931098421461485,21.870448219318444,63.08053051491446,6.256758614787204,217.71356902354174,39.41386226868872,288.89954336563676,0
2026-07-22 14:00:00,29.853474618777913,21.859341049784216,61.393069190553895,6.251418311012475,234.1956981308511,62.78077876751641,310.1349187875405,0
2026-07-22 15:00:00,31.204075718716282,23.15205664619049,59.59935724432003,5.844352201157135,197.5519422695882,45.63446728665337,212.1634778407506,3
2026-07-22 16:00:00,27.493486215009842,22.82678144197106,62.32866276480742,6.603563767638451,184.6154357163097,57.603785181400426,301.1079008062855,0
2026-07-22 17:00:00,26.64437692815229,22.11231007261067,70.11603656606411,5.7580718536238145,179.52103933963633,37.386726515388716,270.2647897787918,0
2026-07-22 18:00:00,24.627478629077036,23.530142789269856,65.07876287069979,5.744572950641036,209.21082553788088,32.514713176757326,275.13255126130196,0
2026-07-22 19:00:00,22.289598219678346,22.571572735571962,70.78911167050194,4.7730256361044,188.6853265156618,42.65740542798888,298.54447384131385,2
2026-07-22 20:00:00,21.02608368240099,20.51607458885746,77.65518725074655,5.621054820335513,182.92490666957633,47.626834579468365,344.8442128046929,0
2026-07-22 21:00:00,18.35235628413897,20.433506827944306,73.98029175893167,6.140806013963398,186.55138207264034,39.89268317983586,287.1456720162439,0
2026-07-22 22:00:00,18.55112520238884,19.429929602256305,75.21096609447115,6.425584534743882,179.48928544627245,52.583074262749676,220.7305206916384,0
2026-07-22 23:00:00,15.895292685106208,18.478564807598858,76.84372559629806,5.467906146533086,205.97063338288197,42.900464321895704,267.516299482831,0
2026-07-23 00:00:00,16.28850104119505,15.644595283203937,83.04064771838394,5.9849009317172195,157.62250452367817,24.185628382333945,309.0853609258593,0
2026-07-23 01:00:00,12.904675746671082,16.97685810807991,79.62576629606323,6.2187516129293146,209.09048877424888,50.52811979193001,310.40173587666186,0
2026-07-23 02:00:00,15.496320348321685,15.08013921452166,84.221188468455,5.804483261278359,220.29646281208852,36.174629408528425,301.6329749636123,0
2026-07-23 03:00:00,16.48881265838991,14.850034348090714,76.09548533669678,4.886687816989108,182.57362585468107,41.384026183234816,254.59875378643724,2
2026-07-23 04:00:00,12.947218709651747,17.11030540180816,76.56603893117781,5.8989159998297005,257.6611081881964,60.531312035393555,220.28698809530823,1
2026-07-23 05:00:00,17.611337386465525,15.377795399420537,78.66326098911198,6.104572249624357,200.5286393293056,62.7281172412109,298.5803102329572,0
2026-07-23 06:00:00,20.34150348870994,15.226840404504506,70.46685664476979,5.421030841992616,153.15971050700335,39.24506564907189,226.43052561608272,0
2026-07-23 07:00:00,18.373805156245545,14.407337377049084,77.45393830800116,5.698338187650245,191.5627128098999,50.7778663063184,302.7204406570073,0
2026-07-23 08:00:00,24.508858580256554,18.111811307157083,53.342347779073464,5.337801583148494,201.8796843480739,39.47725509577356,302.7315743477854,2
2026-07-23 09:00:00,24.440261829766715,16.888556082943033,67.09771211375467,4.771940980567859,213.46902666710642,42.13127021101397,256.29228253075877,2
2026-07-23 10:00:00,24.442482216362386,18.197248877200398,64.77099484657774,6.210801764715063,192.2770842766746,38.942245851014476,270.50146840063394,0
2026-07-23 11:00:00,26.866093851819276,19.770194341139803,58.844393945160476,5.79850058647926,169.65289172886827,27.756563196035152,282.94711468478215,0
2026-07-23 12:00:00,28.89966819527365,22.133129433360235,58.95419315647262,6.439069998681993,167.15058145663153,45.95055223733709,250.40741306715563,0
2026-07-23 13:00:00,28.875488871142093,22.4470191140788,58.88089763316623,6.142928876762471,180.39202144454987,47.881653869461665,219.73279863559787,0
2026-07-23 14:00:00,29.808133988669553,22.337831607265546,60.390310239343634,5.65831609533382,183.26673912443712,38.289982546888616,273.43122891812385,0
2026-07-23 15:00:00,27.380470394404426,23.110336956067332,56.70680322028991,5.766727735958236,165.95077505302228,55.87791711437109,277.6013044191938,0
2026-07-23 16:00:00,28.31621906254519,22.519691445703117,64.00190602624434,6.026470956308069,178.01560516688903,40.6391978290478,329.44189454612206,0
2026-07-23 17:00:00,24.829175722948364,22.975426256808554,73.4360630584909,6.186753366702297,219.78375573318064,38.62788175140985,243.72031713488565,0
2026-07-23 18:00:00,25.33316090797695,22.522771010960263,67.40484939516679,5.929068252296805,249.4523782308346,50.26503118108106,317.73984695124443,0
2026-07-23 19:00:00,22.455871853520463,22.603443041291275,73.49789682192049,6.242237258115794,222.6638514161289,29.573180100274712,229.11722084294257,0
2026-07-23 20:00:00,20.89670508611535,21.773742497951158,76.79676616973056,5.681332505330211,239.17583258560438,54.06679031702806,221.2159120120492,0
2026-07-23 21:00:00,22.04240644709801,20.4304580861746,76.13155982440327,5.401142581285725,229.22355404701094,40.97830842605637,262.965502211629,0
2026-07-23 22:00:00,20.136965180891405,18.710121953963117,81.58633524703684,5.774076298575547,224.99390985195032,54.892860763940895,237.3636395756111,0
2026-07-23 23:00:00,17.963959713054937,18.55818165510202,72.34723835295442,5.882073956294473,189.86611210828016,57.88130525829156,220.65536770486224,0
2026-07-24 00:00:00,14.29935302650006,16.926425227037562,75.64835644239434,5.3193858421042854,204.2273263516084,51.40153442357141,352.7732126325909,1
2026-07-24 01:00:00,14.76390654143432,15.306041380283302,82.6006403919025,5.265311166341351,187.38141972631934,36.88026707271689,256.9340945457623,0
2026-07-24 02:00:00,16.819646549968773,15.213268151333494,79.75775523832448,5.97895451858937,193.4267851299912,32.49168293515595,367.45214347024995,1
2026-07-24 03:00:00,15.45109458643638,15.203918281871188,81.7370629943548,5.63745725945183,202.04501301159758,30.65927336664764,235.21064804405694,0
2026-07-24 04:00:00,19.416816483481472,15.728172626931796,82.5462324910735,5.733663637735199,221.4069845473708,56.02910701701311,206.65813733468008,0
2026-07-24 05:00:00,17.640229290785726,14.989474157118005,75.2885743950496,5.65612293371967,212.6997014454537,43.65199887799817,326.65158875713297,0
2026-07-24 06:00:00,18.78807367473505,14.568539415870562,75.98509438854886,6.4082403607052845,195.14512210956931,39.00778205469151,245.93373470959006,0
2026-07-24 07:00:00,19.724591987978602,16.216966221891266,67.8285483570083,6.304704464158,201.66616222674998,43.679178484611086,280.55463192795276,0
2026-07-24 08:00:00,22.200311357173423,17.09076483204524,80.43623199127168,5.305058523984332,213.00391022580578,55.80621208954168,220.7746605994847,0
2026-07-24 09:00:00,23.58302856114683,18.11339392271212,66.41764112057825,5.586882714767821,220.02183314173504,52.7873978535955,273.4754743227983,0
2026-07-24 10:00:00,26.562163015032887,19.735897212763543,62.98432474115639,6.140001707187837,154.43014510228392,49.38506155708855,220.13495720571632,0
2026-07-24 11:00:00,28.38480094349771,20.850414772482,60.60448941276154,6.040774494841297,167.67833108303188,51.37886057426405,272.04370409156144,0
2026-07-24 12:00:00,26.883193635729146,20.524631302094665,60.91568834390333,5.783416815068086,233.21931601818028,46.801723554969485,256.0426984204608,0
2026-07-24 13:00:00,26.76463135368681,21.335512358307035,60.63525713133758,5.344959918014306,198.17391290206825,48.02113057296425,284.2107092154441,0
2026-07-24 14:00:00,26.245691940345054,21.631942646373375,62.28664825713831,5.5269839815385815,187.27770219899062,47.21025231151047,300.02765484435247,0
2026-07-24 15:00:00,29.52346777439229,23.422755841380656,54.14285903047453,5.593292972981484,192.09501581221883,44.99938754372446,284.6431999679688,2
2026-07-24 16:00:00,26.407127917230262,24.159056086670173,60.78485689800749,5.91079773244764,192.0888408327034,52.533738838312814,293.04186168648596,0
2026-07-24 17:00:00,23.72041157887711,22.611637762829137,77.68032166258557,6.4814908618788944,216.73813344573122,48.612821062003945,270.63869298401903,0
2026-07-24 18:00:00,26.082867906796444,22.27095716335776,68.77883423005112,5.525247906084749,166.75950818057697,36.19284968893042,257.5872519373745,0
2026-07-24 19:00:00,27.55123259186683,23.001853170265374,67.96804177339838,5.389585900977904,200.74333239490284,50.288743855226535,293.80474731158273,0
2026-07-24 20:00:00,21.99089363269016,21.404446282572007,75.89697157785639,5.7565654092688225,207.38353188351212,47.47247066379305,270.5420873648726,0
2026-07-24 21:00:00,21.446002845959818,20.384264744250927,79.83546940666017,6.212695592205623,211.8880374969651,51.11413468915099,272.06760871543423,0
2026-07-24 22:00:00,18.62274403782135,18.04726679522102,65.19559439739515,5.221246813295719,206.6859198863088,43.95793086384971,290.90979861787446,0
2026-07-24 23:00:00,16.901918051907455,18.50770627501345,69.96828276127836,6.381453660349979,215.47718690942085,53.11740313767158,233.67137607909928,0
2026-07-25 00:00:00,17.31643689799058,16.256690927592192,71.60165741793789,5.731187455153732,182.81911546825063,44.38591449133843,332.18444376377727,0
2026-07-25 01:00:00,14.803107399693545,15.264356726505842,76.28762213791977,5.5062719990746505,171.74591803025135,52.238796866005444,265.0257367777495,0
2026-07-25 02:00:00,15.401088471107855,15.258481123448876,76.41584688174433,5.159924285295136,273.7101332975154,40.43528484049489,279.9672646388028,1
2026-07-25 03:00:00,15.721065925270542,14.667662516084775,75.29983312564515,6.082608309368251,190.9620594627729,41.127459459010474,273.21922208277687,0
2026-07-25 04:00:00,14.935686493044358,14.822720244491968,79.57372077400704,5.731531521903386,194.46636588036296,51.02052523210125,301.1097261560848,0
2026-07-25 05:00:00,18.53831605599895,13.983511387223793,74.33049768652734,5.868282193101803,220.33520293153654,41.68226606255256,288.5672668388336,0
2026-07-25 06:00:00,18.237560364956888,16.302951430036384,70.90075358616049,5.439675303595454,247.88267876582722,67.05782694748162,273.0030421252202,0
2026-07-25 07:00:00,19.054648945043088,17.07372191086695,62.65667738101045,5.672361586299591,183.66415649195912,50.66444986779027,332.9501646454749,0
2026-07-25 08:00:00,22.804764765355607,15.442126020687349,64.06993875467978,5.605367501458105,170.03554195431423,45.24923486154201,146.86617563181255,0
2026-07-25 09:00:00,22.46403134303109,18.747490064123156,66.69696912179981,5.7597627578487165,162.7353994762517,53.19900776758849,324.7069752186779,0
2026-07-25 10:00:00,25.542271736053692,18.351577096142698,64.51387673269697,5.5321790694496755,247.79318664508776,40.193195900234834,311.80861620763835,0
2026-07-25 11:00:00,26.936068973339527,20.72085660999631,58.42837993543989,5.186327615725111,168.85679040616898,54.23014819233018,201.56733468790216,2
2026-07-25 12:00:00,29.691021175238436,20.94524280586687,58.31674225723178,6.891399898118642,199.173321904533,53.95235216663532,312.1713287086901,0
2026-07-25 13:00:00,29.473528133343404,21.85144757601099,55.376829297559986,5.254638301064994,170.68145503871094,57.5353405777955,317.33869782238156,0
2026-07-25 14:00:00,28.962459561882284,22.316023495600778,61.015951767999596,5.8725836027770155,156.54932246125088,40.591904686514226,297.47053959524226,0
2026-07-25 15:00:00,29.988130232823906,23.833406668543063,55.048787078798235,5.091188868630383,191.2287394071894,32.77266745862255,212.6365022527433,2
2026-07-25 16:00:00,30.147489150017044,22.008329589979976,55.97848973812722,5.0011810253528095,171.8664000097652,38.89845360797452,302.306108702569,3
2026-07-25 17:00:00,27.786462927833625,23.34997557614428,56.51282383165396,5.839130596740906,179.25114723730061,42.18369484027253,315.28787424007714,0
2026-07-25 18:00:00,25.515528929765072,23.345165747049393,65.013861806433,5.869747035107321,260.18315292252214,61.67211600851755,252.1117402087651,1
2026-07-25 19:00:00,21.843978967192406,22.40149918917852,65.85498638960712,6.304599596320953,212.74688312517208,66.95012029127749,292.64535423944227,0
2026-07-25 20:00:00,20.40232950538694,22.859759131458734,76.45112592691282,5.959818736406282,227.94408558661968,48.446623046439825,260.8716841792219,0
2026-07-25 21:00:00,19.730429627750354,19.612118770230325,74.75273578016407,5.7400757125016835,224.7397868854776,45.093906080185995,310.4150796206737,0
2026-07-25 22:00:00,17.585731696761076,19.765843858074824,74.9478626229685,5.420159902373998,196.97417230762926,41.50092169525789,262.45973259089027,0
2026-07-25 23:00:00,16.769795577216,17.87985131131678,72.28881782062186,6.39960482729342,186.80844921867129,53.24690350210867,251.7953014861595,0
2026-07-26 00:00:00,16.02279706085459,17.986724861082134,79.07524505355602,6.1715404984200894,207.4680383558335,66.88581391991518,273.42813829321125,0
2026-07-26 01:00:00,16.03305834751162,16.16542167867671,80.61383442972924,5.30146820890063,205.05352309797482,62.858508911882716,221.3339151806657,0
2026-07-26 02:00:00,14.894251832911364,15.225597759372269,79.24033986151451,5.815185491284254,182.93583748504076,56.379766126058335,269.4567206707055,0
2026-07-26 03:00:00,15.968271681715825,16.18115445794103,85.25658325927567,5.857620892610599,203.89543491400582,56.23302531113856,289.48370949432956,1
2026-07-26 04:00:00,16.034533795724112,14.606750448784856,79.45674603550515,5.661738537357732,178.81010879911125,53.323098862541144,309.798370774654,0
2026-07-26 05:00:00,14.08705268216336,14.006116087723282,84.06357286924414,6.108740194322718,194.8562620807748,44.52709354291465,284.95826954552797,0
2026-07-26 06:00:00,17.09099690927187,15.122420878323183,76.55863078655365,6.13269325533927,189.9414957644799,37.63451777459204,217.6959345165441,0
2026-07-26 07:00:00,19.97213535069993,16.666799232524635,75.81175984544497,5.723805720877958,161.93382222182663,44.79185910672059,329.0908455291905,0
2026-07-26 08:00:00,20.185457885738337,18.113631001269674,68.19354437376812,5.687652301680936,129.46525360663492,49.22339602131353,332.4463402549696,2
2026-07-26 09:00:00,24.711626410711954,18.053627319827125,64.45405649108169,6.399583385067013,171.82810250180904,30.46366101281705,279.5026902108313,0
2026-07-26 10:00:00,27.796126248515545,20.05455765378722,64.79146626919325,6.173135556944895,254.12313993758903,43.470492706337915,244.9223351540538,1
2026-07-26 11:00:00,28.777890245851808,18.94873624322801,63.57702911276474,5.828944155963353,190.70954653889817,36.740676454087264,253.7352825415382,0
2026-07-26 12:00:00,27.742013520095757,20.645389228145678,65.64764289060133,5.148316384367979,223.27904482689212,55.138411610681416,266.8591040912766,2
2026-07-26 13:00:00,30.997569989298405,21.597567031022912,64.70488047423555,5.937600042522014,136.26664570719925,39.502915978432895,286.1467382479064,3
2026-07-26 14:00:00,29.223001185803167,22.372454073159737,54.20754271795914,6.079233385967067,169.75141796107016,48.282203319809874,262.8205887396104,2
2026-07-26 15:00:00,28.25585182734642,22.930978815756433,57.620715069132814,4.69819134864065,159.3653114791295,37.999797070644235,240.66449864395298,2
2026-07-26 16:00:00,27.142073831179662,23.552728765913756,64.97737460795567,5.90074777932721,193.93099969738654,60.97699325960916,315.92039536865747,0
2026-07-26 17:00:00,26.49604293857364,22.507857834619884,60.98293031469432,5.633323205281705,272.65866441605726,27.992430634654145,285.29143552296404,1
2026-07-26 18:00:00,24.917734772188158,22.575324564700253,83.38755947982102,5.711658287948179,213.80716829683755,49.75840376843966,232.90511910256205,0
2026-07-26 19:00:00,24.06735764928088,21.79232881248695,70.09776891671362,5.437047618894671,250.8683759983426,32.227423315600674,286.65241825143164,1
2026-07-26 20:00:00,22.240860971574797,20.25928807688708,69.31931258945946,5.740724283838543,192.3668981694301,39.906673495151495,281.47483315116324,0
2026-07-26 21:00:00,20.192835714512476,19.944342829144933,69.59125077716573,6.356796630472532,240.94608121565216,47.06186703684505,246.27788352222436,0
2026-07-26 22:00:00,19.155407254619526,18.885072376082306,71.01269987849135,5.621440600473793,262.19770120048673,47.55357031316838,322.8019903844395,1
2026-07-26 23:00:00,18.83622194387368,17.832659367587482,73.94723697392747,6.186229423517274,196.71892800768626,47.29266841095413,280.39556825709263,0
2026-07-27 00:00:00,17.362153376670914,17.025407565265162,76.12532561110119,5.477467512448156,183.82205866317906,46.517491409755,266.33513431671327,0
2026-07-27 01:00:00,13.011172263301667,16.23211170774452,78.50309756057044,6.103502477062415,160.46567189029543,38.581557381265576,271.66073007698316,0
2026-07-27 02:00:00,11.169118297647067,15.190062241576381,81.63129681022401,5.80066234224878,190.7281922426909,43.35946676911189,292.75667183419307,0
2026-07-27 03:00:00,16.639999082835434,16.15446848202074,83.15342397677045,5.940809931515712,202.45690025602374,45.31634016178915,272.1126634187958,0
2026-07-27 04:00:00,13.8875041258858,14.064415496637587,86.6575198621922,5.802861302438995,260.9286085204745,46.953603967588826,271.778253078445,1
2026-07-27 05:00:00,16.71310442885514,14.55952060806781,77.60444458504821,6.056650092976483,161.1507807771174,44.343195271930114,317.63860273301515,0
2026-07-27 06:00:00,16.74483046091096,17.75986928424109,69.59990481072316,4.772965952826496,201.78985681090936,52.295904209844544,218.26382690050937,2
2026-07-27 07:00:00,17.485296027912323,15.341179791262425,78.11016054970044,5.232069874616972,145.57075635831148,45.93386970150942,224.93787441620157,2
2026-07-27 08:00:00,22.81219409230718,15.916996260232192,76.7967792972865,5.966832199203457,187.19711513484296,47.01325967621614,306.0785343996775,0
2026-07-27 09:00:00,24.950466056171617,18.55230521559089,73.30834624240596,4.982584658441505,209.34186072236056,41.173476516884826,371.63399148334537,1
2026-07-27 10:00:00,24.635234398909923,17.3383041169809,70.50984798535643,5.587767857741116,215.37749458065673,34.47558073385578,310.0598180060821,0
2026-07-27 11:00:00,23.06318403008847,19.84705705243213,75.83629394032295,5.7782636635853395,217.67069238925765,46.540289307324706,349.568351842909,0
2026-07-27 12:00:00,27.242811154112346,22.71665994006119,63.975547977460295,5.468743944954841,211.92212098660536,57.07446043962938,257.62513545137085,0
2026-07-27 13:00:00,29.349186792127295,20.592478387023473,64.32149069861578,5.52337543892249,217.41265820288723,49.43861230730413,249.51675286648728,0
2026-07-27 14:00:00,26.78163264683881,20.878530026546784,60.85816299216753,5.908632880061437,201.3721738700799,36.82506058785208,293.2613269298421,0
2026-07-27 15:00:00,29.036520663692208,21.664358343590116,63.017502484347915,6.2037179823119235,168.56401082033085,53.14740025818604,313.14595839308123,0
2026-07-27 16:00:00,28.03921305273158,23.718687654677588,69.40061555657473,5.416620247498077,144.45029108959832,41.648829322060436,222.5379639487058,2
2026-07-27 17:00:00,27.818684717707466,23.763524681144926,60.07046128131659,5.569976721525052,183.5993653478835,52.14653980480287,266.4712650868067,0
2026-07-27 18:00:00,25.67937055262123,22.054030577554947,61.2775381895331,5.5074956106691815,195.9615370081031,41.31204135103839,273.91931329423784,0
2026-07-27 19:00:00,22.352129904395312,22.374997047947048,70.0648888098441,4.831448099249088,237.61795391526442,48.533064398273694,247.84519137258505,2
2026-07-27 20:00:00,23.794857252496737,22.11220426200959,66.71286027838393,5.8566847161270035,196.98194974531438,39.81502663375653,252.51112693817026,0
2026-07-27 21:00:00,19.9504723247419,21.465153311953944,75.70517181566183,6.173887098331397,194.10292897349922,40.069475035296655,308.72277204236775,0
2026-07-27 22:00:00,18.459043190735102,18.80293177505612,71.98285054138267,6.206657282926352,211.56581380525338,29.337346329042603,293.7873792436329,0
2026-07-27 23:00:00,15.650350593084376,16.12354644545393,86.21177736631232,5.451693449423704,191.89964037646394,50.1207481916116,306.93805687437816,1
2026-07-28 00:00:00,15.272898796721663,16.34329686207225,71.62414095412873,5.299320780591943,224.31625996840816,48.70169634820337,288.47498761491096,0
2026-07-28 01:00:00,13.911315144936172,15.830129519305602,85.97509575717527,5.808642219036674,259.3800085515163,49.26442716260942,240.06973292589848,1
2026-07-28 02:00:00,14.740580910114865,15.328747347599533,74.88705676632165,6.131709474626587,265.723565426321,47.75330561131811,291.9241220735669,1
2026-07-28 03:00:00,17.806081936190036,14.986009174036752,66.05278800365184,5.8619401793241535,202.91121881733469,37.377499666766965,236.91628390489967,0
2026-07-28 04:00:00,13.879970459111895,15.895115678344535,80.93341123081005,5.9157218543495045,210.10677094086344,54.6589926449358,262.5298664386263,0
2026-07-28 05:00:00,14.629910434879054,16.15583943619379,77.57106754807572,6.256732371094493,247.3656836112045,54.9277930009227,233.550053807271,0
2026-07-28 06:00:00,20.706755491240415,15.398559461722419,66.00384657099634,5.504345376307718,195.50113931311188,37.117625348294176,250.5644883171653,0
2026-07-28 07:00:00,19.874281168554553,17.050360776095264,64.14397813915822,5.712011965330788,220.37576425772536,50.32123991349958,278.6191538941806,0
2026-07-28 08:00:00,20.996390892010126,17.286129093304872,71.16252699323057,6.453842204704481,165.94519610942524,53.74991185367977,256.70037582018716,0
2026-07-28 09:00:00,25.37159034681176,18.016328597879973,70.83327604194497,5.721275550760949,190.67482555175005,40.299017266562785,239.67350359902085,0
2026-07-28 10:00:00,24.591576690394703,19.725235325687972,69.81487543695859,5.293065213613371,234.68343849935923,42.03964310755648,320.5118988632832,0
2026-07-28 11:00:00,29.688762038626237,20.093077819000417,61.05701879784484,5.532257561499882,178.4541309863713,50.34113408211786,270.2163313048856,0
2026-07-28 12:00:00,29.079066633499973,22.64624894167821,63.89935790588871,5.424728059511503,196.15846463810968,29.896702305856987,253.882878142683,0
2026-07-28 13:00:00,28.02961367180492,20.677698191310544,62.62839293194481,5.9428650342805085,152.7737106319364,34.11482778466,231.70403557192094,0
2026-07-28 14:00:00,32.235962319898256,22.05196489586414,50.56822400097024,5.441621198564488,260.17304883528914,35.102249921304384,200.12020459427407,3
2026-07-28 15:00:00,27.85290839951847,22.762488187593114,55.87203999446062,5.9084137011444975,237.8908420945071,27.036836351745045,266.11811945075516,0
2026-07-28 16:00:00,29.175320884505034,23.35156215236639,60.37377229367056,5.50557391258374,205.64298698458245,55.8493977418748,219.87125185920115,0
2026-07-28 17:00:00,27.39868633891557,23.878071694838745,62.71830996147094,4.9506485846407084,215.22538616246985,25.118681858083328,303.48145837443815,2
2026-07-28 18:00:00,27.452611934098197,22.44458276134883,67.711779071616,5.922647914792769,211.87694320830104,48.431106634313664,276.17964778394116,0
2026-07-28 19:00:00,26.154000110807925,20.690643405141227,68.80172098590423,5.859385472618755,241.52935259092357,53.116833947552195,337.3344311655254,0
2026-07-28 20:00:00,22.04800622359865,21.674011117164003,72.96805761047636,6.007103126283536,184.43599872885883,42.06404045586733,283.92297092948525,0
2026-07-28 21:00:00,19.05813987876308,20.639243193323654,72.1288185800984,5.530805112333897,221.96802859784697,38.31632375268755,245.93368810961402,0
2026-07-28 22:00:00,19.189958214408676,17.446513072496476,66.46878929215889,5.488182209856249,232.3224949655652,47.32842450736639,199.799695905262,0
2026-07-28 23:00:00,16.03367947706601,17.961680512653277,79.21994031285091,5.960586743392618,236.45977911429372,45.01833000594481,307.2617545496703,0
2026-07-29 00:00:00,18.95790304479886,15.727886535455761,76.2763629125522,6.407607829012393,132.21887348504907,55.035048624164155,223.0420695785844,2
2026-07-29 01:00:00,15.443322212600629,15.639851997252158,65.92535603249081,5.804467203802531,182.02176565204567,18.714788596020426,258.67421909240954,0
2026-07-29 02:00:00,14.452017673031836,14.813651243292005,74.88588785944849,5.969834038418858,169.4248813609429,35.81292523851872,341.96352986219654,0
2026-07-29 03:00:00,15.515539674773885,15.783708453437315,74.32608050330185,5.6713649262297166,204.48764856712057,50.61576883916055,299.43933396194905,0
2026-07-29 04:00:00,13.917132739214386,15.093464139337748,80.29119171855992,5.182547791250526,139.51909341457184,45.504474427744604,290.5946181813976,2
2026-07-29 05:00:00,15.59283147392819,14.107823894238905,73.6718000674577,6.186971767661623,138.6313132716319,52.52034159196867,312.77289772480435,2
2026-07-29 06:00:00,20.300620861916638,16.23995115522812,71.84858212157684,6.1633656956344645,265.1028497562878,47.620199762396624,311.2819927562211,1
2026-07-29 07:00:00,19.20292526582526,15.024528216111078,72.30381497924473,6.084309610070077,218.53068164790022,43.652629367586876,338.2378572781668,0
2026-07-29 08:00:00,20.429633525977092,17.264091032376754,71.08869241113885,5.727221824663032,203.63027729596436,41.977115569064956,250.91282598124525,0
2026-07-29 09:00:00,24.616712444508575,17.313515284156672,63.277973598085985,6.038822439895416,210.91017943516945,68.25055015875586,259.9326338627694,0
2026-07-29 10:00:00,27.278556231994497,18.707458333975584,60.47080725127322,6.157504718955132,204.3902277124754,60.34946274031511,238.1046148375325,0
2026-07-29 11:00:00,28.028177434303434,20.43869277884079,57.36485177993242,6.448063473982683,229.92051969654577,49.95505098095222,273.69209454464107,0
2026-07-29 12:00:00,29.556249355199792,21.417159519247623,62.83283797662941,6.195410441858977,181.02667423808063,45.78463893448415,269.71069083319225,0
2026-07-29 13:00:00,27.626288151169284,22.89800238359096,66.1039673615537,5.825528490013455,205.59844478220708,50.38132549353434,204.80191050657703,0
2026-07-29 14:00:00,26.867283999887235,22.39829865540059,60.30616944950863,5.276698697830251,206.82263803813146,53.26834717872908,248.84396971621814,0
2026-07-29 15:00:00,31.013481261956706,23.108863995526946,66.78702296573718,5.862263319068696,168.59426124624986,49.18826685704509,332.56466136795865,3
2026-07-29 16:00:00,27.578158068227868,22.64981014207654,61.73320308091632,5.9026309583397225,238.30949177189157,37.48619876613442,284.7683437954834,0
2026-07-29 17:00:00,26.573497943623263,23.009295211254514,72.1627305866349,6.083611910127321,186.6296978029577,62.8451076772451,303.6159447234685,0
2026-07-29 18:00:00,27.492291212773587,22.815690453544562,60.198614675513674,6.34155674372937,230.52265009426702,47.46208227754019,270.17821328597273,0
2026-07-29 19:00:00,24.646078329818636,21.74977924678269,56.69181712122045,5.761939795177288,203.4473817911444,65.13930030389815,199.51625903208634,0
2026-07-29 20:00:00,22.68383165812241,19.556999612726003,71.19039113481487,6.640394875925244,249.00754497227175,46.87147486877334,269.85456312681845,0
2026-07-29 21:00:00,23.43577020163398,20.3004528974748,69.51980128363417,5.096285191983769,168.75862734435427,42.54346647874466,316.66786230083915,2
2026-07-29 22:00:00,17.534722654429785,19.291649181884367,75.53030179122217,5.96773674898465,167.4572359546865,58.841401240464634,227.57264835024364,0
2026-07-29 23:00:00,18.442012723816028,17.420585038511557,71.05842233920082,5.480591843126389,172.82913226987074,48.01186958077767,304.8815570697455,0
2026-07-30 00:00:00,16.023341860854554,15.972490371141989,76.99912863954543,5.037111200124478,203.99886651543122,46.334226345092894,206.92673322829293,2
2026-07-30 01:00:00,15.641407634271408,17.35227619565698,75.07401354952667,5.719290249480337,246.24405187334617,32.996357943574054,275.80764952929326,0
2026-07-30 02:00:00,17.292702639618796,15.929054793577766,74.1370090007987,5.217130920631617,247.7928085449575,51.60217805135828,296.78073800586515,0
2026-07-30 03:00:00,16.00027285041096,14.95303187010636,81.40783385833222,5.735428840786873,130.7009419868468,40.06689617044091,262.5154990292243,2
2026-07-30 04:00:00,16.74526629208338,14.090373693482011,77.22676659715042,5.813907699237783,207.49121483667616,40.52208790926026,373.898861618134,1
2026-07-30 05:00:00,18.65901353765887,14.47884483210665,77.05894069146925,6.2474165637343795,103.61139168454932,40.094511545948286,255.2723825164559,2
2026-07-30 06:00:00,17.952570905685672,16.577970702291232,73.69757238004824,5.196965946094425,223.85095381355103,49.39033834695303,251.86335049287192,2
2026-07-30 07:00:00,18.929452183273845,16.281702427948247,71.97457065104751,6.163378066258309,233.5450824468562,29.6462372642431,283.1796816742002,0
2026-07-30 08:00:00,20.43278620896845,16.559530346399434,66.11324389479464,5.839232180111917,198.79267175923442,42.89154657274193,244.80107456651166,0
2026-07-30 09:00:00,20.862198431653642,18.372475204569643,69.51517881917465,6.211539661443838,202.51944732484264,54.80278991109378,217.34649624738753,0
2026-07-30 10:00:00,28.584310694910485,18.34848145004294,45.49325438816172,5.627299529987549,202.2091667882072,32.543311306599925,231.09320900311133,2
2026-07-30 11:00:00,25.29493491972331,21.235950604634386,63.09496826480385,5.267102165294622,176.4667424377626,46.72878960934585,305.31947038191583,0
2026-07-30 12:00:00,27.730297391112412,22.08224042791738,62.71427224471091,5.313000269513653,212.95117355964442,38.68600579729166,262.8024176449858,0
2026-07-30 13:00:00,28.346260834190094,21.45516786778397,65.20285527032267,5.283277018533154,193.05775995040227,40.96306880534367,343.08083802007707,0
2026-07-30 14:00:00,29.46111004671365,21.961165417513065,59.703278556318836,5.991125661168262,227.90875127868856,61.55152260389907,257.3505501970986,0
2026-07-30 15:00:00,29.98508660283242,20.76919674620245,62.15626378782609,6.39076880888588,196.5911919644231,28.495108164549915,303.42041418929193,0
2026-07-30 16:00:00,29.35288805903069,21.814735382758904,50.27759102221195,5.574019389337912,174.16930680535222,52.656303381716164,295.43367917847485,2
2026-07-30 17:00:00,26.075131310452427,21.79212748519007,64.82565816642233,6.051654119303113,153.9240598740347,40.220717312227876,256.7539677127992,0
2026-07-30 18:00:00,25.24931742932038,22.572253887927662,57.70330512024852,5.190623176745752,144.07805524832864,39.72336014854333,239.84764283336364,2
2026-07-30 19:00:00,24.235603241450097,21.567440161193105,61.27575853196322,5.87212849967092,239.37528031863306,33.88437657511733,205.72785204296207,0
2026-07-30 20:00:00,21.62696331072468,19.923731610067808,69.51181628781107,6.067425046534851,186.26631941422943,52.53899637273636,297.1248311872037,0
2026-07-30 21:00:00,22.599285048312343,19.810344946438438,75.66217788139296,5.220750089889252,210.15722570244947,43.085953837159835,322.9303893020058,0
2026-07-30 22:00:00,19.236462427457376,19.404269718117877,75.17227890440144,5.718446612408058,253.49689675233557,41.82330586205348,211.40277312983062,1
2026-07-30 23:00:00,18.152569210768895,18.386995299522386,74.70807193276292,6.086366856194226,183.11587006106328,46.09836929204074,260.18220260013305,0
2026-07-31 00:00:00,16.93214407651005,15.480263775312896,75.98377516085243,4.626491741108209,181.17567546856537,43.297128742582,248.32326679229004,2
2026-07-31 01:00:00,16.99873000220451,16.068962090866744,72.43337953133225,6.334181224680697,196.03514742934027,24.993121202464756,297.05476601280833,0
2026-07-31 02:00:00,15.271532338055561,14.429225763284956,75.35424412746991,5.941471750356419,200.88298101259977,40.09175817022641,261.8538924818933,0
2026-07-31 03:00:00,13.293271294042752,15.857679652555946,82.58495467450268,6.086691059086937,256.6265405076754,53.95440890948324,327.91922281671265,1
2026-07-31 04:00:00,16.537354101137893,15.6273171330828,69.62837248641206,5.634912288322094,246.9746178228234,29.933835358876916,259.624272361326,0
2026-07-31 05:00:00,16.073217191006425,14.41787491378416,80.0774096222074,5.110911007373858,218.62626247720243,34.10062100143645,225.54466161856382,2
2026-07-31 06:00:00,17.707074977375363,14.923062222941926,73.20897469155531,6.013625182526781,243.48241306990604,40.73208604601474,256.2477869915675,0
2026-07-31 07:00:00,21.067812712414995,15.802559234855163,75.24641011944983,5.766963869833395,194.65342962296432,37.74376581362858,260.65541599364985,0
2026-07-31 08:00:00,23.857424607150453,15.197765284214928,72.57655775757988,5.812846182172928,208.97493701565435,44.72114517858392,296.04399781978645,0
2026-07-31 09:00:00,23.84364068082174,18.233498358342377,59.422211120485215,6.235042794079582,190.95459066383916,34.069232483212595,260.0592377853806,0
2026-07-31 10:00:00,25.963249518898447,18.781724362927896,62.33619676118577,6.104825549545039,161.2889485226108,41.12145476190627,292.6038605360151,0
2026-07-31 11:00:00,29.50306988525869,20.811416246464372,56.71867769798646,6.5684949668358446,236.11624225380785,44.52005468400666,243.38062911643925,0
2026-07-31 12:00:00,28.423307595723923,20.121272625629956,53.228391059765585,5.8615416915494,215.95096201969582,51.48940416207971,263.21293280821374,2
2026-07-31 13:00:00,32.66400545529407,21.333128766146245,52.040527072600064,5.523515024883553,200.5422042027099,57.44789386099596,243.59862893149915,3
2026-07-31 14:00:00,29.848264468447315,21.25888140870646,72.78836186418992,5.72463326123651,199.92596452063475,42.3845284614656,241.13433641295447,0
2026-07-31 15:00:00,26.12033664528975,22.060270854360873,68.10314550671451,5.966265349015442,154.81355387280473,63.88060241245825,325.9933422913605,0
2026-07-31 16:00:00,29.19219025814787,22.054414403145426,70.95581153325134,6.206342607597191,170.67574000541853,43.16095419455476,246.39481714162923,0
2026-07-31 17:00:00,27.52148504563,23.660482248233432,67.51971014533568,5.213186419424512,210.08459510342075,53.28875148256531,261.0958087140894,0
2026-07-31 18:00:00,27.43462913112412,21.90549213613664,59.769229237608684,5.803415046071668,184.12661998176483,64.31507734726779,316.7841783979772,0
2026-07-31 19:00:00,24.821505342622583,21.927767672541883,64.70533760548268,6.4438166628153475,193.4686087634753,46.39308409235935,305.0000558508612,0
2026-07-31 20:00:00,21.792316024024338,20.695389276910557,73.19140167237234,5.7039164515989915,196.86031805662694,31.264733784224646,340.6482886664614,0
2026-07-31 21:00:00,18.351819329848304,19.01970396759983,76.56534782154722,6.172404741947641,179.52593692948668,45.90903857207631,294.3120745801671,0
2026-07-31 22:00:00,18.186465114070963,18.865359661462687,71.68953178457318,5.997247010886402,170.96245039927848,38.88357111795089,250.9840244125577,0
2026-07-31 23:00:00,15.77447185038022,18.44400648508079,69.9206679266477,6.182344242609992,151.6292710722388,42.25567973027548,357.285785958236,1
2026-08-01 00:00:00,15.067036998801845,16.033792485965318,94.75836153838148,5.476095783360027,195.6044516296538,64.84976882495215,298.28322978221075,1
2026-08-01 01:00:00,16.121386822607437,16.81886310783891,76.34858745115704,5.477839331973767,218.5582564283085,32.772365767761244,268.81218644793336,0
2026-08-01 02:00:00,17.50485675652711,14.856121647680087,73.76547742625436,5.808108756848915,150.6909757334015,48.00466822305859,277.2986219880208,0
2026-08-01 03:00:00,15.830526510710994,14.749909553985454,77.97004050667331,5.187111285103875,199.27856524700522,36.222787196782754,282.1712631780286,2
2026-08-01 04:00:00,14.143997580456155,15.424546498408038,78.21355995689747,5.692103757355337,208.43429758074683,41.923420587990854,265.527525008427,0
2026-08-01 05:00:00,17.717156534024376,14.605547769068137,75.75305669769817,5.901150663006266,170.31258788812565,52.44842335204484,219.96577592331332,0
2026-08-01 06:00:00,20.29494722996848,15.565958272330938,78.48079975461992,6.513854242779908,242.66425434644265,48.18163943473023,340.06884208986327,0
2026-08-01 07:00:00,19.273592327803282,15.919820212223334,72.64894680820395,5.9610872757079285,188.42853892884776,42.74967731038411,274.12663695300915,0
2026-08-01 08:00:00,21.798974249990625,17.103494405363055,64.42767870337244,6.050091388349241,196.96220934630466,38.50199674735372,282.33986050810574,0
2026-08-01 09:00:00,23.83376560781144,16.06013253517112,66.99126229823322,6.265790338820002,195.16191498206064,48.16078192153614,358.1257623757792,1
2026-08-01 10:00:00,24.32265253037664,17.536254547833533,64.89080805649849,5.414136964441977,146.87676732226834,62.076867171533706,247.6685894712966,2
2026-08-01 11:00:00,27.92216811907162,20.528049785247553,70.01289294334832,5.733966935051606,230.26256215052132,35.986480573763764,301.21941298856416,0
2026-08-01 12:00:00,27.8807556035794,21.829745124519242,68.79868859939258,6.770165036721557,171.3344369474229,64.11663885457773,243.30805265720068,0
2026-08-01 13:00:00,29.39077944988402,21.100037761920973,61.668689662293176,5.768351111046196,192.90438453782792,56.99497450725151,287.84084650181757,0
2026-08-01 14:00:00,27.66876173329685,22.268878933400845,56.8038066459475,6.2465722995128825,217.92983003833987,58.69353367577767,283.0602298500543,0
2026-08-01 15:00:00,28.10529333353836,23.099478707478116,56.54418668255424,6.185495150869243,243.82710278433603,48.084323809296016,306.62404388561265,0
2026-08-01 16:00:00,29.14574986323273,23.55457408132696,61.500716472043486,5.208754514244924,167.60203154309482,56.71129775509894,323.3267487076133,0
2026-08-01 17:00:00,26.390497740168183,21.241561487819595,66.41301755840459,5.924191710802373,186.60549243216718,34.91168717549374,251.81915635201312,0
2026-08-01 18:00:00,28.090445776850107,21.755269417555052,60.8183509711496,5.85869898888209,241.4725589002146,38.319560921514885,331.66699362895673,0
2026-08-01 19:00:00,23.212279037295744,21.562363620866293,66.14441723420893,5.9319835151361735,213.9114163782634,52.65813813920393,334.4992375424525,0
2026-08-01 20:00:00,22.337027088627828,21.562512157788838,66.63157132775338,5.498355008083576,220.13514077154827,47.95845055223816,265.0005846122596,0
2026-08-01 21:00:00,21.58715293209199,22.03402056738728,70.37844668026989,5.353232195235136,168.46604792671496,43.51620741502231,274.7366967438748,0
2026-08-01 22:00:00,16.372451400600454,18.817595418552227,64.83924655891414,5.609595999991659,188.62371410220325,19.97391109392578,255.22599520202243,0
2026-08-01 23:00:00,14.409039313723007,16.839141849906724,73.60251967968385,5.760882001166319,194.9649370285871,40.64525951961829,262.7823514462545,0
2026-08-02 00:00:00,13.649337701653787,17.32181446176104,76.8855405307787,6.273993779040127,174.26315727971078,33.25946219701734,226.86097378999727,0
2026-08-02 01:00:00,17.132395371117294,17.228369506886377,81.87864152941884,6.526924327890242,149.7629112297828,49.935343113115024,306.1014308931676,2
2026-08-02 02:00:00,14.17221278116133,15.622309681645845,75.32427645296177,6.358639138489271,184.68504323709212,43.088314714327645,192.98824429900912,0
2026-08-02 03:00:00,19.0758181444789,14.410977858720292,74.41135893578135,6.144074084312738,240.62864598753288,38.71699455833495,247.11620596949257,0
2026-08-02 04:00:00,15.091450775522848,15.766395153184016,79.42297282402757,5.398263895080164,201.77520396681487,71.42910482624303,273.1535179572173,0
2026-08-02 05:00:00,17.327079486489723,15.667133189642476,82.09708714451615,5.636441530004202,241.2287274072013,55.38174476694235,326.9918932171176,0
2026-08-02 06:00:00,20.813164928851812,14.715033709505747,77.73708912019858,5.883970420965199,205.3706274268856,55.55872141356059,253.19021722792374,0
2026-08-02 07:00:00,23.19740601652104,16.47671336928128,68.27559793620017,5.5470243847695295,177.05876811236112,67.02215144682172,292.11406684410315,0
2026-08-02 08:00:00,25.092255364954596,17.797812454127097,63.911869856107266,6.03088226101118,238.32857039695165,53.02191782683109,271.76063542199074,0
2026-08-02 09:00:00,25.62428266160736,18.910235853637033,62.331695291942715,6.088194443301715,206.36978422003696,37.29045990527134,312.8047560188934,0
2026-08-02 10:00:00,27.036093788717192,18.946840819752435,62.751371341210465,6.014516025026187,228.8551649728219,36.121036483082634,290.02342995829486,0
2026-08-02 11:00:00,27.83853789210761,19.748812623466627,60.82358775785287,6.210053841823032,167.95015486638286,54.64902758754235,308.2083755215889,0
2026-08-02 12:00:00,29.229719440741025,21.98181905766501,64.09247371790192,5.43816351451477,231.16268868843508,24.406457202248234,252.9746033938164,0
2026-08-02 13:00:00,27.934702209530677,20.860298722361485,64.97990643598921,6.173131481636879,232.06667826632597,44.22220368990434,234.43900423366657,0
2026-08-02 14:00:00,27.77270167486654,22.81496504787456,66.03176394588523,5.521741819951921,208.69301433069606,23.288756224435517,289.6851327621345,0
2026-08-02 15:00:00,28.75641909790705,21.76768200326473,68.18871563969238,5.423625618942846,175.79233742570653,45.98843508389506,255.49087923842956,0
2026-08-02 16:00:00,27.80690089270368,23.852301017807683,72.34606453575647,6.012846453674553,198.61973513862165,53.54070250711953,276.21295487399885,0
2026-08-02 17:00:00,26.26990539431492,22.657266892667344,65.49943049385988,6.286349424879592,218.33873441714732,47.79415534603632,287.6909976105636,0
2026-08-02 18:00:00,26.544581171185072,23.47896820365573,70.04382145155618,5.995205394550403,207.037100598096,54.381093589705976,324.67630122618897,0
2026-08-02 19:00:00,25.24469112857341,22.221557329830613,64.34806972654083,5.808321609509018,218.03248214323293,64.64826941659915,306.46282573559995,0
2026-08-02 20:00:00,22.13261032943777,20.021423815950456,75.76590252258976,5.924061530440603,230.36737722958716,43.564615627379915,247.75961308904118,0
2026-08-02 21:00:00,22.404561805865246,21.174978366071876,74.82207161884094,5.854570767226912,180.54660039884237,73.0765078327888,229.19911048969772,0
2026-08-02 22:00:00,16.78746632879974,20.240996213142182,81.29712025515526,5.349619641545842,165.34773137119583,47.12669956170154,343.29524419017787,0
2026-08-02 23:00:00,16.759763342774594,18.67055301366929,76.7586331946281,5.302951942022034,198.87383595883276,54.49165062690359,211.6936131210262,0
2026-08-03 00:00:00,14.86258869260472,16.390729707971023,75.2231027489199,5.768469648210618,190.10770523390397,38.889372854349325,256.899886092358,0
2026-08-03 01:00:00,12.438714290366931,15.926761711767881,74.5009006622323,5.831942734307721,223.5753923946845,61.19313979630682,300.80979281288467,0
2026-08-03 02:00:00,14.87597897123595,15.652240158786853,78.34863919691136,5.804532951347094,167.76504831023576,55.41710198542629,340.5504498780013,0
2026-08-03 03:00:00,15.055897953401598,14.57332837537858,85.99798516716399,6.070440645459965,230.6114562253304,59.71451302567998,267.4135389950322,1
2026-08-03 04:00:00,18.207996788372128,16.353877257970563,73.00117934713307,5.713809313534264,240.60836328640298,45.545044217739544,276.0937197708357,0
2026-08-03 05:00:00,17.996470058526334,15.251757872224557,78.72986885706867,6.025191672761943,200.0091489278687,32.44582435616711,239.998903136103,0
2026-08-03 06:00:00,16.96371976350619,13.373219947176361,80.26329328638724,5.74216529306942,201.82208376743912,49.60397439625406,280.06464448540817,0
2026-08-03 07:00:00,22.969405533783636,16.443057525458784,67.41828225482378,6.529343584814586,176.9736049630954,28.029801866764842,228.99384082796482,0
2026-08-03 08:00:00,23.831550543288028,16.72147408254615,74.38386353565197,5.8322854906905786,183.720173030778,41.63814196378048,244.98860187125388,0
2026-08-03 09:00:00,24.684879870920568,17.904782574695158,52.234840432492796,6.73628904461027,187.7498995806295,46.91080436632251,305.5556221655392,2
2026-08-03 10:00:00,25.16027385172525,18.70510450737144,60.09391998423882,5.940804636436345,243.28820203513794,68.77224292510768,257.656927325523,0
2026-08-03 11:00:00,25.510588613220612,20.680913313695434,61.20913218234296,5.7145291317647136,197.84387642567677,48.18548611941941,311.68995688212283,0
2026-08-03 12:00:00,27.50386766238449,21.895750222842704,59.29678369080166,5.44022080949613,160.33481130079974,46.395374690830394,268.8597149340356,0
2026-08-03 13:00:00,30.394603713579755,22.054869654553116,61.60779029963377,5.222844570376923,207.6606302633601,44.36967575964707,220.2463962851674,3
2026-08-03 14:00:00,31.826879458901914,22.192652665427225,59.65793366458721,5.403423086241537,224.7887037386683,31.579090952349823,321.73461102845204,3
2026-08-03 15:00:00,31.07634607643176,22.830633541308938,61.07833756915693,5.448157476334404,199.23765892035215,45.858258400130076,222.38695659792447,3
2026-08-03 16:00:00,27.32890369381166,23.015679693262104,66.58572303808845,5.9579280081648704,244.07640319180967,46.028826761367725,250.9284996455754,0
2026-08-03 17:00:00,25.270321318372318,22.221759273264404,61.32509157222497,5.589533851575925,223.32526001797694,35.31391504546283,267.01203672247425,0
2026-08-03 18:00:00,25.711329370366805,22.92724453399474,59.455524421523236,5.874770821021799,168.5261381033644,33.13254385571635,315.2331448263683,0
2026-08-03 19:00:00,21.15907426737337,22.196460983834566,72.99070928919127,6.312791344950674,183.45701562810794,40.18429317232267,253.94060709239025,0
2026-08-03 20:00:00,22.484751571277172,22.23235299182134,66.26713774623519,5.764876659346059,206.78678844273827,45.649329785726934,237.93131350119666,0
2026-08-03 21:00:00,19.96686280483435,21.039556004640865,64.58738940735893,6.6316626793867215,150.0143228592018,40.42445818618542,281.5069228624158,0
2026-08-03 22:00:00,17.800945247197635,18.451460065927897,79.89558712607024,5.329675607864321,210.09070212411842,34.49124550348479,266.44137107093525,0
2026-08-03 23:00:00,14.658197930793976,18.62096251919709,85.7856720155587,5.739766580650029,147.15252718236056,47.89272252004305,256.30437603843353,1
2026-08-04 00:00:00,16.708222333363505,16.239237293524422,84.13593764845709,5.584274830555608,230.7030036669353,50.38866824169229,283.6594142595138,0
2026-08-04 01:00:00,14.439467956483655,16.72831855600649,80.0076770595932,6.174602642422803,227.21821054375124,46.21297709222235,226.8561513842747,0
2026-08-04 02:00:00,13.245124746434568,15.122607025854158,83.63551078414302,4.904083347853551,215.14344082745214,39.370172861230664,206.12637836137276,2
2026-08-04 03:00:00,10.930125896054047,14.31769411614326,90.1331900415447,5.222753884328875,179.72364906943065,50.948410212322585,360.54920429073024,1
2026-08-04 04:00:00,15.896549815932977,15.224036274157923,74.11706127076326,5.757061271019615,205.10608473840617,43.094627102730186,279.1674437344631,0
2026-08-04 05:00:00,19.708629926698784,12.996642992320414,78.30303250823192,6.420551088403797,184.59867537456051,33.10916292654851,281.9672352784908,0
2026-08-04 06:00:00,20.991888821821803,14.135117925338065,72.58671458452989,5.890336733614923,169.075541676498,55.362443550013985,243.72042477291689,0
2026-08-04 07:00:00,19.502622299402947,16.029579368234383,77.56541150242941,5.259381018294306,189.83770964685766,48.5350801926649,310.90795373976044,0
2026-08-04 08:00:00,21.09668190945733,17.065953413307874,72.01444681303089,5.3211333629239075,220.94796609476288,43.80709694304261,253.66058959416614,0
2026-08-04 09:00:00,24.514894699830183,17.669268803463368,73.46340990894379,6.469195881137981,201.31442578495282,29.28947795165275,163.55409248877862,0
2026-08-04 10:00:00,24.00242184121756,17.73645096102592,68.71471260324661,5.551546080481503,243.5212977240327,37.551397208647884,252.31866637965473,0
2026-08-04 11:00:00,27.40243531803503,19.38096270669928,56.097182321020874,5.4228146510200945,222.97341618440825,65.18565712382927,263.743476883022,0
2026-08-04 12:00:00,29.211298244068104,21.312967461789913,68.60607526869188,6.390949024252344,219.76072441716855,29.91657938119303,268.19665582661946,0
2026-08-04 13:00:00,30.601880619849936,22.29385254124888,54.94008955131952,6.2044388022347965,151.7322035166319,42.48650720358307,267.03953349021674,3
2026-08-04 14:00:00,28.84976888528007,22.451123121061002,68.0455683888835,6.309623857306718,191.44524409534165,44.8366423764638,249.20341532094892,0
2026-08-04 15:00:00,28.455970158758028,23.789170329985865,61.80162140228875,5.419983247893673,168.068827686974,48.20476789411555,245.3391576118653,0
2026-08-04 16:00:00,26.74520394635623,23.31791761876739,70.18581019036105,5.189957743594255,194.50991361128288,30.028290641735857,263.08085332831877,2
2026-08-04 17:00:00,25.709426937246043,22.265738781989704,71.22253074963858,5.853266595745082,179.20171628230528,46.741762564046006,209.1809565185634,0
2026-08-04 18:00:00,25.16028166214771,22.23969997240846,68.3583768769996,5.934050453229466,188.67185140826183,28.138945375283203,196.69614824757832,0
2026-08-04 19:00:00,24.362781575941913,20.706134198979907,69.70733869700535,5.945840721481932,231.8348819712155,45.97428796195511,278.9222195967855,0
2026-08-04 20:00:00,23.370376939349875,20.913488807686868,70.46869075874298,6.3912735742556,214.25749787017503,38.47602080990418,279.58939497059964,0
2026-08-04 21:00:00,18.983498258261836,20.924956675787154,63.55067830868041,5.1064931639967,230.21343286944904,36.3413073308219,310.17602320215985,2
2026-08-04 22:00:00,20.739032853439284,19.548232067768776,72.10481167036387,6.143878020519106,151.97950672952044,53.348171586675875,264.7773875851691,0
2026-08-04 23:00:00,16.643567130130318,19.086331280325215,70.84739856348413,5.361349982341073,201.73924089846992,42.64393756636118,227.25491147569883,0
2026-08-05 00:00:00,15.905771231986275,16.757691804960807,78.16901024034479,6.142294128344337,229.00114944189804,49.737108049075715,197.41412739208135,0
2026-08-05 01:00:00,14.117701697254788,17.248452710865216,73.74404523137818,5.610017318191449,245.18887744661467,50.06826911377817,239.39215696172536,0
2026-08-05 02:00:00,11.363639609590589,15.381255003703869,76.83887276236092,5.474411281643795,153.5573483092252,57.69953488955102,291.90078976230075,0
2026-08-05 03:00:00,16.564587310518096,16.31356476089964,84.5471677361478,5.556038917220319,189.4554909151649,32.91742258378975,332.6579561363569,0
2026-08-05 04:00:00,17.043088019147582,14.982514602046301,81.29553131764385,5.221755919689375,231.0268002201429,54.19015662519757,277.16341651086054,0
2026-08-05 05:00:00,16.628261196016847,15.702081793887148,76.42537364005902,5.816171575933387,194.23165061565663,45.16461622438047,226.45640438655553,0
2026-08-05 06:00:00,18.600486075837306,16.71598827631013,75.00325996024036,5.490930643735817,172.6874697749083,41.21875419630406,239.8031758997972,0
2026-08-05 07:00:00,20.962175510838502,16.016830772388843,70.00580925827875,6.114519292360111,153.50002464511977,33.50749480809718,241.0517630374273,0
2026-08-05 08:00:00,19.656181214670184,17.17471119003534,75.6619644222934,6.056022432413167,171.538953960105,51.06590861542862,258.7604559374076,0
2026-08-05 09:00:00,23.018154299698203,18.995814559754958,65.39794300761812,6.475262821161116,149.33294994308812,35.77775478666115,319.8358169997948,2
2026-08-05 10:00:00,26.691397019432742,18.893597468855948,69.33902489102049,5.946530993416431,201.75381370502078,50.17806586977143,322.9563780062713,0
2026-08-05 11:00:00,25.06831333355196,18.978562354405152,65.0525897946671,6.008271106832029,226.8893055733598,64.27830772967133,268.10976420900454,0
2026-08-05 12:00:00,28.50251472474101,22.714405643667927,60.097747351154645,6.360039924731125,162.1707572327419,54.799770403593286,282.3228044045439,0
2026-08-05 13:00:00,26.72660807708837,21.45261555327648,64.43663539991817,5.548934921589321,207.7318922363316,58.91434325150649,243.09768428506138,0
2026-08-05 14:00:00,29.69964497365029,22.591106455887786,57.8046918819916,5.204696714870787,225.35813088337602,37.80995222774968,206.60366222585174,0
2026-08-05 15:00:00,28.70801856057725,23.788508640717176,63.593789474789716,5.880037623651357,199.91875019454952,52.62733046131995,346.5335341385098,0
2026-08-05 16:00:00,25.63948010263281,22.51320487701504,62.94581093027362,5.230946612314238,151.67917115248264,33.557850448636096,182.10051797625843,0
2026-08-05 17:00:00,28.69685649999159,22.05740897457857,64.30639021410427,6.781575469170156,211.5863466398751,42.66517097425386,201.5663872934179,0
2026-08-05 18:00:00,24.398112634802928,22.66709145255762,73.20229753279388,6.382199316831577,198.3605916570659,62.4127205621912,346.8562342063858,0
2026-08-05 19:00:00,22.596354660196074,20.393966006416278,65.68776597372384,6.665590533320632,195.30486054197434,38.92157793573516,275.66461618681785,0
2026-08-05 20:00:00,22.300853795846415,20.769675138505665,68.98609815850844,5.824978790665251,183.59488262718605,56.113561841730935,229.9634037164783,0
2026-08-05 21:00:00,21.911222708425427,20.231307111862407,72.4131863150666,6.020229437480639,202.60362278822123,55.15646732999715,302.3081452435724,0
2026-08-05 22:00:00,16.976267271532404,18.78403848253987,73.84919249925407,5.616209827218942,215.2945372534088,55.74741250220838,305.9221322418391,0
2026-08-05 23:00:00,17.142772306466128,16.729963065041318,78.15027603637397,6.1531699222347,271.71944403007546,32.32998023878727,221.6925741940902,1
2026-08-06 00:00:00,16.581046924004788,18.27534236496321,79.27973799445296,5.313782715179577,203.36996205161614,50.2520096601568,253.68618494121702,0
2026-08-06 01:00:00,16.278177626871237,16.25440339841315,82.28249572922604,4.782762724210088,245.3342348003802,43.43401434083137,310.04983454822883,2
2026-08-06 02:00:00,15.264662332915838,16.680820079071637,75.05245497007644,5.483715752204573,210.7326525028063,55.88496857529112,242.32377014518036,0
2026-08-06 03:00:00,14.687977457351538,14.928267694699372,74.06055085002578,5.217810609753074,197.0141501705674,28.44999600273155,286.2865495445533,0
2026-08-06 04:00:00,14.696436842535851,14.295990414647388,77.22638884113826,6.391170694463814,204.45642583133878,48.67787889065603,331.9924874546509,0
2026-08-06 05:00:00,17.17946835626373,15.351641431047856,70.94587627474803,6.526270982032126,163.3479089092247,47.26375202840067,179.30060673835527,0
2026-08-06 06:00:00,16.89179148202159,15.36326868379967,78.95234124181157,5.238828371034756,209.17580812256114,25.098832627510646,261.3500672268495,0
2026-08-06 07:00:00,15.806240959040442,15.229363708860722,71.62375434826942,6.316686243008496,140.23804805535883,36.14579643905023,285.46543994269956,2
2026-08-06 08:00:00,22.6548397062365,18.175827407029995,80.87927444377964,6.1805539934003075,174.12000926334406,26.69847786883149,203.31802456226367,0
2026-08-06 09:00:00,25.16763557734694,17.46690764127472,72.67847661505243,5.172089326112449,203.29529279401433,37.736446980770936,253.81554438990128,2
2026-08-06 10:00:00,21.955601346687242,17.527786892163544,70.11615723197689,5.6438929876273525,235.81946819536535,50.492170846651476,316.77994576567255,0
2026-08-06 11:00:00,25.435151411240927,21.097809023575948,70.21479077150077,5.567934511150192,242.91873190995182,46.95365575648608,246.8273940502444,0
2026-08-06 12:00:00,28.990909217998865,20.5965615873499,53.42689961684741,6.0991981594508795,192.90360261077197,46.69400080593549,215.62694256456965,2
2026-08-06 13:00:00,31.847723988591024,21.342168010653694,70.79959787068856,5.308488259637994,204.67151958591322,34.60251891068617,320.23327292649043,3
2026-08-06 14:00:00,29.03119056151311,21.051791545513773,58.61149826518182,5.760450949736207,229.53087408746083,56.20450491510532,292.7800677412173,0
2026-08-06 15:00:00,27.669476372179773,24.256456494433866,62.594141283887474,5.525626198420152,160.11519283421245,44.8118032163866,272.2457483398152,0
2026-08-06 16:00:00,27.787833164833813,21.96841553023225,53.77493376625724,5.989336473354057,212.14242515946512,45.33703812257509,271.0643269156791,2
2026-08-06 17:00:00,29.01206209702811,22.910462889720794,64.01696200727075,5.713283187324828,175.16321397902573,54.403995689461304,316.13129884419766,0
2026-08-06 18:00:00,24.531053731313197,23.194197873170104,61.43101473703862,5.585901718423842,194.84524865969843,35.08654252307461,286.78113300036915,0
2026-08-06 19:00:00,22.612945305742265,22.16580067114867,69.77274444093943,5.714681369747169,186.22930248517054,47.285477698719234,300.82448585074167,0
2026-08-06 20:00:00,21.275884716726953,20.952276550406246,68.14756617530496,6.614417133136045,213.0607438114444,49.2346249160142,247.2973442077166,0
2026-08-06 21:00:00,18.758273771894284,18.67394349378015,68.50135179907514,5.633240145552244,216.5091102202727,39.54431849706152,198.30579964773023,0
2026-08-06 22:00:00,18.684005473992194,18.352220131386172,69.95738592239628,5.383597912686485,226.73236032192193,51.523733807597765,299.8765480083382,0
2026-08-06 23:00:00,19.48727021939851,18.114964090023935,74.1442159071494,6.033373427662386,210.44596485393345,49.77123170629567,319.0371168666473,0
2026-08-07 00:00:00,16.42244108318297,16.3702607440104,70.28561583583632,5.742590132230817,205.1496130990669,43.98823287722575,266.01752129310063,0
2026-08-07 01:00:00,14.85998896278709,16.334260443252823,74.8239548895376,5.233906427653411,255.62071401315805,43.678491098651385,310.51026335174055,1
2026-08-07 02:00:00,14.562283096626684,16.08129311191436,82.24162719037037,6.692598534080986,154.26922789408468,50.235476578713055,261.5914882729233,0
2026-08-07 03:00:00,12.893733002931537,15.90629900348381,93.93991977085372,5.659008421765341,250.86829580387717,52.8847104001319,271.3720335472611,1
2026-08-07 04:00:00,17.26248683922967,14.019056513749852,78.07295989068942,5.64885221841546,191.3053427339481,45.6289991740664,345.0971515354909,0
2026-08-07 05:00:00,16.933496736174963,16.89361353882689,71.4934957057036,5.863934140763239,217.12674759104917,56.20189460406847,263.33919785174277,0
2026-08-07 06:00:00,18.22928012961406,16.149881860505552,72.68929299410158,6.492046707683535,190.23020958219197,51.585259624305834,260.9772242978642,0
2026-08-07 07:00:00,24.977928036049647,16.170201552318556,66.58443138750332,5.128101869392402,178.9237511134512,27.11536050273185,200.20081907170743,2
2026-08-07 08:00:00,22.448129362548528,17.871629266461312,67.71512001176323,5.9103943397682155,214.53731578382684,30.951033024578578,302.60292639923966,0
2026-08-07 09:00:00,22.68404674057487,19.857050037189897,73.69443474499481,6.634908864717451,231.2638492584333,56.82235219021661,246.60634538182774,0
2026-08-07 10:00:00,24.860463605691685,17.849023919154504,67.6548110882411,5.8514914722958595,214.19023864902215,42.53226868529102,280.8890004405077,0
2026-08-07 11:00:00,28.672416032100966,19.855066066417,66.5323626860282,5.305866408278608,183.73652639951354,46.64175822797474,262.39843650269125,0
2026-08-07 12:00:00,28.232083442297718,19.097254672101336,60.94928091775459,5.552641258815739,308.3405018844701,56.39290517659145,257.1682913803223,1
2026-08-07 13:00:00,26.604063816547427,21.98254835086461,71.10262451874938,5.882753011902716,235.95721012598756,44.935887826281586,270.29082040553425,0
2026-08-07 14:00:00,30.378843401862806,22.756417008677865,59.112959996356906,6.332321566255945,228.00026912621757,45.37267609589349,273.36590641762365,3
2026-08-07 15:00:00,27.759264655714986,22.832373612802066,58.23293306745206,5.664265662233576,189.41107307773387,36.31270767208271,322.043162385409,0
2026-08-07 16:00:00,30.87212449081739,22.476373143201354,70.24005251623024,6.1306607189729725,181.24502635132882,48.699945072275206,335.80847426770316,3
2026-08-07 17:00:00,28.569819566877808,21.224091692205615,52.99132778494105,5.225852469181244,191.6048277247118,50.865122189668234,301.0286040976635,2
2026-08-07 18:00:00,24.829017156511874,22.76292856186717,62.911485785661114,5.222512652161978,232.44219633177448,39.22118162997144,325.8622365388343,0
2026-08-07 19:00:00,25.733257858320314,22.99277471187845,62.384951310863656,5.60687972452602,170.28186988772515,35.77978621694133,309.16589882986864,0
2026-08-07 20:00:00,22.101783265791106,20.527185235413253,82.41939144633349,6.375211488749304,167.9538850563705,71.26289255195229,294.7845640774328,0
2026-08-07 21:00:00,21.467427196965684,20.3873241236286,79.67338178437373,5.827549855805508,216.18642600083055,44.07091530151717,333.2057174117378,0
2026-08-07 22:00:00,19.22709922594171,17.74548454926396,80.79712164708093,5.915924478226647,209.57589333926362,38.163076603907086,222.66101476298707,0
2026-08-07 23:00:00,15.78071754920786,18.330494270543927,75.80984562906892,5.911231838229411,176.89059386327312,52.06586445292262,247.62151195003054,0
2026-08-08 00:00:00,14.972497425032735,16.685294161804276,90.5638931091696,6.243683193034692,167.26389264754326,44.49205964772108,242.16393892575627,1
2026-08-08 01:00:00,16.783460442348265,15.561638514771477,78.10160748838693,5.555911722984858,243.13690980105295,34.142336767378964,262.94448333442165,0
2026-08-08 02:00:00,14.497837001840189,14.92760747188934,83.88891244930738,6.075314043395292,210.71013275898684,49.83053571651445,302.43601432337175,0
2026-08-08 03:00:00,14.633046521113528,14.82140742921732,79.73882108019481,5.467646934457948,159.093924088159,36.46879030924181,230.39586191253008,0
2026-08-08 04:00:00,14.505138304484902,15.305946652554029,78.74650117800186,6.593309062368304,161.19123391753118,60.76458002155634,295.1119678724442,0
2026-08-08 05:00:00,17.68565113008436,14.086566133887313,73.91832527426688,5.479843558281324,189.15464082648592,49.94504629752402,251.51756326383048,0
2026-08-08 06:00:00,21.593787378864718,15.218206119607965,69.43925517826652,5.447044278768551,221.985254209929,42.23119575473916,261.11743787252226,0
2026-08-08 07:00:00,18.586967312900946,16.13839545285449,77.13809746790926,6.01986792539522,217.8502640632484,46.09347018022113,283.0166265373542,0
2026-08-08 08:00:00,22.036329185009137,16.120768620374513,71.79240397186598,5.831915372572929,233.95035611003652,54.032881210981934,342.24992556245996,0
2026-08-08 09:00:00,25.930064148840792,19.40205598092993,65.12656617037263,5.930740962504373,155.28950577617607,46.85961253560799,246.5061179098349,0
2026-08-08 10:00:00,25.380537913131427,18.317203615950927,73.49097446773656,5.890925518196927,206.7154006933897,66.22109457233549,271.79626426026255,0
2026-08-08 11:00:00,27.628305162680434,19.49972664950329,48.412268461079826,5.363843120477024,242.77730996964084,56.35867516395525,231.87099097611778,2
2026-08-08 12:00:00,26.46858753427075,20.217353640142,67.18713119848108,6.445343571631794,239.98405191428296,49.87607367561122,246.12209134621114,0
2026-08-08 13:00:00,29.403941429834948,23.267211194456685,64.70396381749296,6.157416882355643,210.7672994423806,35.63014126491516,231.506342603021,0
2026-08-08 14:00:00,28.719283602493178,22.906425798017338,67.67167401828404,6.3435799805068465,270.4405552596163,43.53111896098009,284.7914035186629,1
2026-08-08 15:00:00,30.24007577754327,22.11442970016136,59.787551861681266,5.58866764435583,218.2785534924758,49.78874970052453,292.0123507795511,3
2026-08-08 16:00:00,29.8432569038382,23.884985247087975,61.627692052313954,5.966609417886068,231.2823989852403,36.77138584241862,302.4819738689531,0
2026-08-08 17:00:00,30.834092931333753,23.024262260587378,64.32883039897311,5.878947384893876,201.3334375632652,57.934268749629496,244.85401156374635,3
2026-08-08 18:00:00,26.369449759820363,22.669904352026954,72.21249230961647,6.251201050480603,176.5707412146714,35.25842658221959,295.317723141801,0
2026-08-08 19:00:00,24.300427790590895,21.55284535774423,65.73680672539709,6.264099252731848,173.74372397663763,38.62774301954098,279.52400312992074,0
2026-08-08 20:00:00,22.291576452366005,20.40046721043442,70.9849871727986,5.877220321183246,205.4484564438326,39.377008151051186,272.6899001099469,0
2026-08-08 21:00:00,19.65851724506632,20.305489059653762,81.2026491276642,5.192819547262699,193.6549397944938,52.43824460633133,225.3430868996916,2
2026-08-08 22:00:00,19.007725765192536,18.563930216003527,62.9705937023747,6.511864754835075,146.94242990259556,36.95063632829227,281.13013997272463,2
2026-08-08 23:00:00,16.607150416485627,19.418128323250002,73.02135650114433,6.022394973476056,169.22619245222776,27.000234295809452,282.3982647964466,0
2026-08-09 00:00:00,16.19051363791335,15.984567115805516,84.30056352751879,5.556625183443543,190.44789277837722,55.88038835761713,279.06913778168934,0
2026-08-09 01:00:00,17.214915519388462,17.400498293537765,81.20479054477536,5.962616855306678,221.81838127811477,40.55613714894438,291.0020302910884,0
2026-08-09 02:00:00,13.490186152080538,15.446843305824004,82.82400267213681,5.19556258061899,199.51778341513776,34.31492367848063,302.78382636277723,2
2026-08-09 03:00:00,16.94833705767009,15.375565282060611,73.81901116525029,6.222141226988417,197.83807368498458,37.4514144679746,231.0790676416912,0
2026-08-09 04:00:00,17.91349477451873,15.666526213303548,70.49471377565042,5.211515302288339,170.39262118990052,62.167627491843504,266.3321565428659,0
2026-08-09 05:00:00,16.87314974120755,14.632097258840178,73.19614221433908,5.711666203185167,200.69498240186297,38.42956302727089,295.63070406256975,0
2026-08-09 06:00:00,15.317217651487109,16.227297092621157,85.75937992230894,5.897781779842219,239.57303082337964,43.76631894623098,264.2642071649999,1
2026-08-09 07:00:00,19.276533703640705,14.005537790948866,70.12594610985443,6.215535884792837,204.6672533827567,40.53081637713984,313.3769422824738,0
2026-08-09 08:00:00,23.945491819841664,16.42400837342245,68.17252463738829,5.84261787057375,154.78059255554416,32.673374565662435,278.6071398677026,0
2026-08-09 09:00:00,23.77743122226932,17.225473573717064,64.09854430896809,6.05398514944502,162.45431617086408,37.572814377530364,196.80309435505797,0
2026-08-09 10:00:00,24.001046651557633,17.99719519010259,71.81261416862598,5.788733236620178,217.6636663166946,31.98891592993505,308.57715676790775,0
2026-08-09 11:00:00,26.192585086463506,19.863312309946924,62.275266494511584,5.787125619622286,193.2705357433214,54.55881275680714,270.3158709257868,0
2026-08-09 12:00:00,29.3231078662479,21.308599974545356,60.724301109730455,5.834190900139319,197.76259309689456,46.00879064613596,204.21156667498855,0
2026-08-09 13:00:00,29.581581136325546,22.390555123545635,52.48519197119522,5.72437683165905,181.61797474955728,69.82677762174322,264.90840558852807,2
2026-08-09 14:00:00,28.641601851245458,22.656803020898078,53.96323659748075,5.125371902767426,215.10236636599737,37.91089275009411,224.26542485541546,2
2026-08-09 15:00:00,28.211244166301444,22.331148533241436,62.5848729670458,5.492670602521349,190.9724686026395,36.41139753854381,305.12525142376614,0
2026-08-09 16:00:00,27.47454060292534,23.295213150260135,56.80476550050078,5.897909936444679,194.40160334814186,60.337597683553284,273.5663607941534,0
2026-08-09 17:00:00,25.56613219155808,22.963131861036956,76.24607456680282,5.700351598604512,174.46329825010622,55.57977032068135,238.05018540792938,0
2026-08-09 18:00:00,27.92306353420416,23.212946549486567,52.58470819839376,5.7376763671272375,227.6507389442831,48.84765021771022,307.4339222785144,2
2026-08-09 19:00:00,23.328252611900638,22.449976487091405,64.40522037239872,5.670658532224514,193.36601625150735,33.863084849117286,293.34102663984993,0
2026-08-09 20:00:00,23.825737781238246,21.024381131136504,67.89261899885186,5.454560642907273,218.2364099935928,62.449962677279345,265.5694105189857,0
2026-08-09 21:00:00,22.470240762166032,19.317473775481076,67.61004639642184,5.602760215609482,164.19225307897946,44.27896840229652,225.17610241854555,0
2026-08-09 22:00:00,19.99746634722194,18.477639875334336,66.88231310001407,5.677267302244562,252.01649415135824,40.69324871504964,241.30104825853627,1
2026-08-09 23:00:00,16.402822062617098,17.52489233187949,71.92697432738314,5.80205725621674,238.32122115539667,56.4295973691828,240.70168361175845,0
2026-08-10 00:00:00,16.543417309013844,16.747786932866994,71.5946288416872,5.957351337787885,142.7060699102322,44.777048787462704,304.85988813057554,2
2026-08-10 01:00:00,15.202225806390148,16.386013217325612,76.7237205582315,5.727779883645704,175.94187574808853,33.34329914368117,207.76410857423093,0
2026-08-10 02:00:00,13.644447208904808,16.108037896964692,89.78630879690135,5.388137897723032,214.32903173029655,45.40302599498582,273.11060733747667,1
2026-08-10 03:00:00,15.725058138558927,15.095401740431425,77.91961671652034,5.240767184032487,160.40814031552986,37.18651198429236,264.98862436911656,0
2026-08-10 04:00:00,14.169262486769227,15.012899830320379,85.31138746281455,6.838974882950089,196.0521775351002,14.906588573168264,316.4215607110167,1
2026-08-10 05:00:00,18.83177161438651,15.25094173884373,76.3367557918769,5.348073987894175,212.7989535793039,36.18289807849868,284.3094623070128,0
2026-08-10 06:00:00,17.80307405405241,15.123174134356374,80.60562312504821,5.5925499994942465,194.4582226406155,39.722644291321494,296.40841140574673,0
2026-08-10 07:00:00,20.490006168091615,15.431259069139443,57.812171085322134,6.006800121005574,216.1651611061129,33.44354890706952,253.98559985079925,0
2026-08-10 08:00:00,22.42493180731921,15.595649682151432,67.96779172547579,5.944344243826272,179.20010286194355,50.75246532114038,225.76007249978954,0
2026-08-10 09:00:00,23.42337585516153,17.40860433312842,74.82762608955973,6.0083462770246285,132.67455373495633,37.22552242671218,261.9809609649403,2
2026-08-10 10:00:00,26.380040702212913,19.378516362614228,61.88527204359783,5.62291317218713,229.46345936495183,49.78426200834456,306.0864954370573,0
2026-08-10 11:00:00,26.237391983372046,19.472947029978428,73.72749544430161,5.895423228255819,229.2744396080759,32.66680263631685,305.99562524607074,0
2026-08-10 12:00:00,29.369123772676936,20.80975437005925,68.57650224162649,5.824537465696345,275.10909926864997,54.09218921082538,257.7764971553721,1
2026-08-10 13:00:00,26.742511263653352,22.201572154676047,61.96333290297867,5.675147452983485,133.78440446197055,32.235174733335086,240.57024781405767,2
2026-08-10 14:00:00,29.189569369319617,22.880653212275888,58.85669916158468,5.898163896708536,222.52496328040448,21.58469590608927,232.73283500371252,0
2026-08-10 15:00:00,31.669874282610902,22.000077023423444,53.32812164909458,6.222146218700282,140.93953585749838,57.37262585163227,269.53493589093756,3
2026-08-10 16:00:00,26.56168083958271,23.797647485162912,61.37801183318176,5.79111991062587,252.69479845025958,36.44106196268829,280.4620468687733,1
2026-08-10 17:00:00,25.933130012518557,23.765583376640663,59.11729866413315,5.79378113854257,214.6360050108803,62.56929058199408,333.9276605190303,0
2026-08-10 18:00:00,26.270861774488374,21.560221729362905,67.01902177277897,6.227264413950394,171.4421345697124,50.6459190120807,279.933230304755,0
2026-08-10 19:00:00,24.081105988627044,21.169357629033268,60.222440346915384,6.184544143927525,223.40667423804308,52.90263318381253,299.5506397522855,0
2026-08-10 20:00:00,22.52594514891034,21.952872546516954,72.3875309022587,6.433574576385393,183.40864976849193,55.45472500466073,243.78128048383124,0
2026-08-10 21:00:00,20.922047379503848,19.917793363405842,74.43393662909664,5.097507906208169,209.01248298653806,46.126793462490696,276.66804019716494,2
2026-08-10 22:00:00,19.452082202842654,17.22417764203852,64.7514793306692,6.162047673267756,206.1788214862725,46.24055417838539,280.60313822147464,0
2026-08-10 23:00:00,18.714802294628505,16.844978615803768,81.69133027808749,6.0406320181608715,252.32504408441883,57.813400241943086,269.3787788862249,1
2026-08-11 00:00:00,16.5525501589017,16.800504299862016,79.10498628139406,5.445739040898694,254.44777730259537,46.11358495698098,274.127248125203,1
2026-08-11 01:00:00,14.876632734048709,15.241138755026126,82.2965308263659,5.900635167199538,182.08203880179482,37.7182315320339,280.04873870480424,0
2026-08-11 02:00:00,16.008860551804098,15.205159368353092,73.39604133012122,6.2204486991031995,231.74316853988108,50.85758560162223,294.24147252377264,0
2026-08-11 03:00:00,18.088342118319346,15.16221366579059,77.80588505038239,5.46833643100584,210.6452046671089,23.863565856150476,321.7647217365505,0
2026-08-11 04:00:00,15.73887155393507,16.169803683227784,83.14532138388824,5.977024971609123,157.61953798979266,58.195588015602134,184.3780883344116,0
2026-08-11 05:00:00,15.588458574688204,14.903933561861496,77.20080771535076,6.148541470292407,179.1131485888346,58.404391359650916,319.54950056554753,0
2026-08-11 06:00:00,20.16062100393046,16.393931824520454,82.21686709152524,5.371592174987405,270.0843829879887,56.98166668123079,206.56767534728093,1
2026-08-11 07:00:00,20.007694938351957,17.314581004883223,72.61108924854234,5.743085723021941,210.73563203313967,56.59771962377694,287.3505128414701,0
2026-08-11 08:00:00,18.740995680978948,18.14744773548166,79.61473418508763,5.920387350656965,229.99338738552566,44.158246746588766,369.22515876353896,1
2026-08-11 09:00:00,25.08286583144328,18.19252749429837,67.76560503856135,5.481547397782818,193.63867062899027,43.93317615506977,273.2983884629687,0
2026-08-11 10:00:00,24.697007721069117,17.42936868172882,69.6911983990014,5.448338720362582,183.80174255841973,32.703599102291435,282.2007655765857,0
2026-08-11 11:00:00,26.813947544849594,20.403936072733174,55.86660160800662,5.74598215925489,200.81793522903425,62.48041251711048,262.5896114431813,0
2026-08-11 12:00:00,28.56014832234459,21.838719910250834,63.983090704263304,6.120655886761477,192.0168783426135,40.149818269737224,301.69049389059745,0
2026-08-11 13:00:00,29.047230303692075,21.76357344039786,57.86844812928318,6.057493600476843,155.20241206905206,48.39885309751881,289.48834210558965,0
2026-08-11 14:00:00,30.06417772570856,23.85976871119795,56.09099520026129,5.455434908325463,169.90023627637905,47.54045282954778,247.95811020883716,3
2026-08-11 15:00:00,28.10825122816871,23.55157015433024,71.39061444852744,6.060867154046274,221.23653543236694,31.595808183958432,270.42587779260714,0
2026-08-11 16:00:00,28.831836523755197,23.45461870172223,60.73294493118202,5.465624089533397,188.57927932692766,27.553249758767944,230.2625398489115,0
2026-08-11 17:00:00,26.560427451929957,23.732807874120944,59.51097790280657,5.155932080802626,200.7711464608372,45.055866208673486,270.2423431507074,2
2026-08-11 18:00:00,26.608215721331256,22.730797496146455,62.67448299385812,5.653142571581108,207.04769151491632,40.46243882388491,258.2251125233305,0
2026-08-11 19:00:00,24.734784541737227,19.834178725229908,60.21600740530577,6.249187748634294,209.3915014645616,44.10563140756665,280.46163806362864,0
2026-08-11 20:00:00,20.596841946933107,20.600688838823707,78.85321200466163,6.062384220856549,234.39737183946113,55.65415630203233,246.60344411432243,0
2026-08-11 21:00:00,21.8172398585449,20.993010602208365,66.74090844891354,5.799371277050722,167.03912554794402,47.24944150537023,266.422732396552,0
2026-08-11 22:00:00,17.69605483232893,18.353926927921364,77.81123387092363,5.633317806563577,217.10758170630874,52.58522540764731,275.3509110075258,0
2026-08-11 23:00:00,18.262339229115888,17.785945815400364,81.26572649611255,5.644095145553427,222.65083380558943,49.45328162175578,278.1367079182663,0
2026-08-12 00:00:00,16.48875314361094,16.164130948877542,74.11273282159323,5.843513962344319,229.57555337004516,41.83665806760168,285.97134862823367,0
2026-08-12 01:00:00,17.995794731169205,17.598710951415224,77.46515848396088,5.372625005661669,157.61247201755384,34.981968328069364,268.03329338876057,0
2026-08-12 02:00:00,14.664801026442221,16.881092350796656,73.65180849374718,5.660757061919481,207.64457655040994,47.64717868113468,243.53225364273214,0
2026-08-12 03:00:00,14.714544021799226,14.429201578731144,90.97139501940936,5.713772215456093,251.4822783919555,45.838926193460914,278.2829309059831,1
2026-08-12 04:00:00,15.908692764677332,15.117838400311268,81.99146935547031,5.259570216619401,197.0263844253013,54.15156337504747,267.8456869761695,0
2026-08-12 05:00:00,16.595482857442754,14.591901456632488,75.52238837726468,5.46462069964097,214.50484105892875,43.49099930277507,315.9858256842884,0
2026-08-12 06:00:00,19.699912852913076,16.02785409608735,68.89593592205948,5.964202716594553,223.41186783755555,42.026584548844774,321.0296600364144,0
2026-08-12 07:00:00,17.763800771627473,16.57931933704767,74.5134563098489,5.803804735976398,169.2359046680522,42.705006162184,220.11678258251914,0
2026-08-12 08:00:00,20.419476371280467,17.649364457290613,70.19670974270585,5.676495283522646,255.01474186999923,35.81273364994554,299.68618193671006,1
2026-08-12 09:00:00,22.210028933348855,18.230258577756228,79.5126880499789,5.435429024984814,214.9850239090671,59.469099448204574,307.7097664435963,0
2026-08-12 10:00:00,26.925461387960365,21.348324965110773,57.961772723373045,6.430739930235687,215.5850844258028,56.396287546157616,221.1667481654344,0
2026-08-12 11:00:00,29.51566752717872,19.212937168401492,61.65520608383655,5.464808314128272,150.13917865968395,32.869701710419534,298.17891275650857,0
2026-08-12 12:00:00,27.90550399868486,19.63151731645079,62.82170486840962,5.900637122904695,223.83634394639938,53.0394814197255,310.838196710652,0
2026-08-12 13:00:00,28.50824819923846,21.51395496418502,61.603050659189506,5.6048523647704815,215.19231024137412,26.549949360676347,237.01413448485638,0
2026-08-12 14:00:00,29.105078244669773,21.209711002689538,60.93082283170456,5.814511717055334,248.72573983166194,54.852892331110226,265.5463350751585,0
2026-08-12 15:00:00,30.50429823793576,21.66973348915148,59.214488063874676,5.983043896776149,190.6620435708694,38.036495488923244,282.4527974328089,3
2026-08-12 16:00:00,26.671148125205214,22.198948276641627,68.75995258141424,5.251897364316846,170.37025011204676,48.59900557678252,297.81832240397114,0
2026-08-12 17:00:00,27.307300942408013,22.125952180810973,66.67616110157256,5.797353502338605,179.53283015677002,25.70490310458328,235.46242358209585,0
2026-08-12 18:00:00,26.962796444673643,21.700407133577706,66.13920232325556,6.276291459591938,184.85065294978102,33.01295768322049,321.2802679126245,0
2026-08-12 19:00:00,24.563374570627413,22.24300228510252,51.754003704520755,6.504600757396801,166.4346044560588,49.68702967249409,193.8260747973759,2
2026-08-12 20:00:00,22.284372424898116,20.59504875113173,71.15772746093808,5.747994410697947,238.7048007129798,37.9909181661722,327.94982195702,0
2026-08-12 21:00:00,21.689835823133066,19.891664520512098,62.09400021138991,5.816672482886763,239.83093588795,36.60037129627801,297.0106987115967,0
2026-08-12 22:00:00,14.445151560501145,19.71538621960075,82.29741894307776,6.684533211440613,194.12624896579834,58.95861697452098,250.12913955428783,0
2026-08-12 23:00:00,18.06706551099053,17.351665799764778,82.09200822466394,6.253969712639679,188.2172023374742,67.10959211272875,309.5762337082832,0
2026-08-13 00:00:00,14.956708648817793,16.788363281036222,73.8207540584759,5.553086172297912,145.53554260042063,54.37013936819483,233.0880382559148,2
2026-08-13 01:00:00,12.492569870691836,16.464180864128142,80.10001254345626,5.55240661964555,220.87883765910814,34.08119428264936,279.597442175755,0
2026-08-13 02:00:00,15.76680389928747,13.982644144366068,74.48305679559004,6.182619784714907,249.6032032647753,62.635193328176996,284.5401949523438,0
2026-08-13 03:00:00,17.299007033720958,13.22837228768326,81.81835043831884,5.395585147981707,180.8841584822133,29.385677403516176,284.4453925583606,0
2026-08-13 04:00:00,15.731649401567394,15.276893863038179,77.9971601444795,6.235090700535541,196.49646422670804,41.95508545924674,241.41129771538616,0
2026-08-13 05:00:00,18.479564352498574,15.529908119297247,82.86616967983338,5.933719985500403,213.02874383947193,45.54777766987373,255.1569131056969,0
2026-08-13 06:00:00,20.918417386982966,17.187274492744177,73.36667015035738,6.007088305610829,251.73255081829717,64.2403784383875,280.0697946460326,1
2026-08-13 07:00:00,22.160638364658425,16.298048775947258,71.01948486558899,5.697306478607978,205.99328665505283,54.12659137551725,245.93025028133684,0
2026-08-13 08:00:00,24.45994679405709,17.655791773806477,67.38909776014567,5.548070078301436,205.86289748079557,40.3624230520048,285.85811177106433,0
2026-08-13 09:00:00,24.924924552325486,17.808345704721138,70.58005103349609,6.384797132347328,205.3795550347941,35.5504372922025,250.43496127093687,0
2026-08-13 10:00:00,25.61315045835239,19.23778177726807,56.97578845875042,5.70130508777861,157.2490247928898,55.021926538032545,315.00000104308975,0
2026-08-13 11:00:00,24.54679875046008,21.36908165380971,67.37056127705044,5.635625969370455,156.59628038510405,39.66641042779645,337.50739802283744,0
2026-08-13 12:00:00,27.693084094296147,19.300805745499492,62.8180668682048,5.767945172848076,175.76014492655383,47.16740087864975,263.10143301370965,0
2026-08-13 13:00:00,27.496610891049187,22.159320130803536,67.0311610665298,5.877208853087177,230.3867172211212,31.30223510740884,311.8103504388042,0
2026-08-13 14:00:00,32.25641407624672,24.172570999199646,56.75379507913375,5.387669949312221,189.9392878836202,50.692578552242004,266.507818336936,3
2026-08-13 15:00:00,28.49765206537497,23.089330680523748,57.00914535073668,5.574051402317235,184.11187853593123,49.88695145747479,237.54275213034626,0
2026-08-13 16:00:00,28.2469850366678,24.32045837058628,62.54037133059713,5.552787170437576,183.58476187568698,32.58379938341828,257.9712903777935,0
2026-08-13 17:00:00,27.776975532366535,22.36033358553272,57.653426716818444,6.138112121842739,195.8702936458197,55.3162311287164,278.42278963024853,0
2026-08-13 18:00:00,25.56540366955868,22.438463619806782,56.09520453359216,5.445614972800044,251.06323802304922,50.547458082427816,203.52169342291714,1
2026-08-13 19:00:00,26.354309876363775,21.85524688665706,68.41044055579093,5.097692856896778,195.46407842908636,52.40024252780098,300.02627045781986,2
2026-08-13 20:00:00,21.06602595739832,19.225927136512983,74.01607671459537,5.013162174837538,176.41107783875424,41.2132130724987,278.4408339574546,2
2026-08-13 21:00:00,20.480177867138217,19.100733918129922,74.15924127940201,5.211847946129713,200.75736887244898,46.789564112864426,315.0217582987662,0
2026-08-13 22:00:00,17.386294121452927,18.12249993649281,82.05108916398554,6.3446152811392444,252.6525081728461,45.63378868865325,299.32550215085433,1
2026-08-13 23:00:00,15.07021876486311,18.62237668201594,74.99057803064464,5.806482639793621,184.91525843193153,43.51829595245769,279.79793268655555,0
2026-08-14 00:00:00,15.020168537151001,17.697722484547246,71.22022704156252,6.000499634722881,164.56984974707166,46.70503278165846,260.76660258602146,0
2026-08-14 01:00:00,15.182964020403904,16.430802029419034,77.83029429147508,6.014595090848531,184.97026190808748,57.56442973796382,335.9144688681195,0
2026-08-14 02:00:00,14.35604666322411,16.19518070234681,77.43524250560151,5.822473567356928,203.862912090453,55.74950638703927,361.7949074734413,1
2026-08-14 03:00:00,14.199887746165738,15.004977164666307,75.14865612075076,5.770087481339477,220.64722852476018,33.18139322531143,261.43402379760755,0
2026-08-14 04:00:00,13.82834597800118,15.961545335631634,79.4067390589596,6.217810571927256,230.20650736046738,54.8540181690694,316.69173894810206,0
2026-08-14 05:00:00,16.925594172751126,15.143327448949385,73.03126126167572,5.858398365725056,168.62848178113015,56.91143372748036,246.7300136413879,0
2026-08-14 06:00:00,16.242919438953496,15.582189622803652,67.72847025647164,6.359638991705365,171.4746399662279,43.48822326647634,251.49256185243757,0
2026-08-14 07:00:00,21.328350629816757,15.95909876864388,68.60009579025109,6.048331978115947,190.3021322183753,50.084471037977764,259.55020194006005,0
2026-08-14 08:00:00,22.123659629401754,17.547560382109143,64.16973261119861,5.5528814906075885,220.53479074090689,49.94001667303018,302.38730750425395,0
2026-08-14 09:00:00,21.62540606652025,17.627764766299585,71.60775307823032,5.601146390452025,162.19976307043234,36.50033383325699,232.0034682264377,0
2026-08-14 10:00:00,25.036186384425203,19.781145101758455,63.07640254748649,5.509014077418288,181.78019268746908,41.18043712471672,336.9985690801694,0
2026-08-14 11:00:00,25.82151285991996,19.129556867837277,70.9723419388013,6.287019208780286,182.21768811764156,52.50810238851607,312.5148902949212,0
2026-08-14 12:00:00,28.54093959211984,20.120866996217444,70.17020282579551,5.637979618821778,228.25246566093114,40.04177763168549,301.46060821715525,0
2026-08-14 13:00:00,30.772156453058194,22.378368528847396,62.87031912138969,5.480610881280147,215.84782281993313,54.754995592623075,263.24741335989245,3
2026-08-14 14:00:00,26.187241295531383,22.393266243471345,57.22017953544574,5.9279112164507275,227.1115508314976,58.04972440849761,308.17950359426965,0
2026-08-14 15:00:00,28.934019902744602,22.50059017223377,69.20515611110167,5.761133157450999,240.16033922699162,56.436718419804706,158.30548554787742,0
2026-08-14 16:00:00,27.82197863314111,23.712046185980366,70.89222789209948,5.917827405030065,190.83049714732758,64.79804603169457,292.63605453969996,0
2026-08-14 17:00:00,27.95675758298153,22.377894173887405,62.94584345696187,6.555925561557537,164.37781535438955,44.09267717708887,281.40488270650985,0
2026-08-14 18:00:00,25.819794942356534,22.303940611697456,72.03087687084982,6.165228322371544,164.57109146458941,46.77201073969063,199.5513773912842,0
2026-08-14 19:00:00,22.683779318109416,22.94780948480312,66.4210891280353,5.810804221720763,144.8567730482348,48.206630477626405,291.25011930928673,2
2026-08-14 20:00:00,21.521419096500072,22.23131387664852,61.24306740995196,5.236630646317597,186.23699511001422,44.39602075009262,298.6356690350429,0
2026-08-14 21:00:00,18.99422789907712,21.293194748626345,69.80550432799949,5.600015001116546,188.47332155504785,50.42178974101645,200.85069020663286,0
2026-08-14 22:00:00,20.114010707897897,18.77429937845287,80.9096914807463,6.084418441018121,223.62660220415142,27.88795970988011,227.52914329391677,0
2026-08-14 23:00:00,17.082220004702084,18.949286143577492,68.44593637630012,5.331583584135274,200.5074265152981,47.04905388692519,357.5755660740381,1
2026-08-15 00:00:00,18.78960820213844,16.240837737785057,73.85007656709135,6.656388118532141,185.29014666972182,31.225633501171043,267.5458581559013,0
2026-08-15 01:00:00,15.147527995254592,15.446050575476159,78.39368587239555,5.805766625054219,196.52003821518244,35.37376722392422,314.0250423799355,0
2026-08-15 02:00:00,13.937389849634306,13.655533702762757,77.11026096059977,5.8195393572837935,168.83079548855707,52.328898110299136,320.072076971587,0
2026-08-15 03:00:00,12.967947627057281,16.47459125636255,78.62085484834569,5.533341922816809,230.7621971225386,43.0088376155098,290.7574725598107,0
2026-08-15 04:00:00,13.233112659125013,14.308816120739138,80.881510480231,5.998695102710287,176.42253311571474,51.97614474715806,315.68965404757114,0
2026-08-15 05:00:00,14.674048617185932,15.035070631046079,75.98032994970325,5.336799277391107,165.80206184192315,42.7922339639887,190.48446567341128,0
2026-08-15 06:00:00,18.900689976517224,14.80763891131962,66.60887954233968,6.665957035640583,224.5364590012241,56.064063163911555,265.7788235327737,0
2026-08-15 07:00:00,20.951354219127253,16.72770507391792,72.33353465176457,6.326940521860804,217.22492625091553,42.609192943786965,151.7760509130429,0
2026-08-15 08:00:00,19.6282139469518,16.69949307142613,78.2129761758827,6.193718578078818,148.28943864322966,25.45081510436877,205.1562534173101,2
2026-08-15 09:00:00,25.15429078683182,16.920870307243558,70.56271364906893,5.2438283976840765,225.65004904130666,47.253925820112705,253.1594201206021,0
2026-08-15 10:00:00,24.77540842247484,19.35333005134885,62.62083255608114,5.8821653081831,177.7522208271783,23.31140154297449,248.38462244015275,0
2026-08-15 11:00:00,27.169936986284156,18.8882921605619,57.539936039570634,6.283634559205602,188.7768641730824,30.472790974675924,276.65641156569916,0
2026-08-15 12:00:00,30.480508768874206,20.330075419747608,58.40245006657707,6.037242159743095,205.61060323081813,36.1705347100143,274.1739795358804,3
2026-08-15 13:00:00,30.106739757821774,20.142915833045326,68.11086983959218,5.39915635814649,217.59874647850467,34.92290522229813,280.34969719924925,3
2026-08-15 14:00:00,28.597204028141253,21.324935125379668,65.31134556102822,5.539962497876537,213.3643752406258,39.54949195583715,281.98838594522715,0
2026-08-15 15:00:00,27.424692445900543,23.006526640932655,67.01019244889052,5.619225544797604,198.50545007281994,34.57932176468894,288.3169089841188,0
2026-08-15 16:00:00,24.834454724497114,21.42837116951766,71.04793908953094,5.558624866204557,187.2607001325227,30.940473364143273,236.63821290352152,0
2026-08-15 17:00:00,25.871017489442202,21.678786725458902,67.45861182526228,6.411511534284123,212.36662080696343,60.41835744840774,246.00830722544794,0
2026-08-15 18:00:00,25.183304641758458,22.462206482231508,66.78307716795774,5.031594744470698,196.44836487967316,38.218554536081044,273.5248776282099,2
2026-08-15 19:00:00,22.33096402499087,21.39354160787175,72.9143776532508,6.062367655863534,254.16063377377773,22.692323468526023,274.14628197308303,1
2026-08-15 20:00:00,21.803114549361542,22.593629308767447,67.50543201967605,5.283078650028619,217.59227029909707,41.390816269907425,231.72290538814806,0
2026-08-15 21:00:00,20.303544508720506,21.502393417229584,64.9634315327038,5.415499405019573,172.29753125028935,33.75268941972446,318.26237524052203,0
2026-08-15 22:00:00,18.162716027287882,18.305662029799077,78.21972544037615,4.996106653252513,185.67200145879048,36.150323727071864,303.99202710203303,2
2026-08-15 23:00:00,16.075248660458982,18.4104339143127,83.29839213619535,5.580378227536453,201.4457653177949,52.10342481352485,240.61133258547486,0
2026-08-16 00:00:00,16.190804181459022,17.59942604550356,71.37987528546903,6.404292660615686,238.98293645211365,40.51842381214782,266.66535948333257,0
2026-08-16 01:00:00,15.901430190330636,15.693589788834286,81.42789118368273,5.905929696985911,242.33315027336405,33.474033987821144,355.38158603188464,1
2026-08-16 02:00:00,13.36440138383573,14.339465155663682,88.76654690633806,5.320655381200361,188.11595838903307,49.46253509957245,281.42308151337124,1
2026-08-16 03:00:00,17.354917785595926,15.126457935397282,75.56286764849929,6.206859069751725,171.9909735023167,56.49940830609086,290.8274382080026,0
2026-08-16 04:00:00,15.789939975082538,14.861723460148712,73.36206110619223,6.2925217054274745,168.15507076381436,50.36872162639845,250.6425779547548,0
2026-08-16 05:00:00,17.078526966111436,14.787685097267232,76.52086100830006,5.841618592415634,207.5728627164734,20.464444283495745,262.47551565886636,0
2026-08-16 06:00:00,19.562321634884835,15.889751879393835,70.17254419713468,6.613899663261036,269.1135292765248,33.85010497602986,335.4530394313361,1
2026-08-16 07:00:00,20.538090881177606,15.57098918964933,68.67064039280487,6.1286256498498455,216.17282312765306,45.47448530636205,279.53177709170143,0
2026-08-16 08:00:00,23.42970495086987,16.078401961936684,70.45027439531387,6.073061002917035,152.1826241994798,42.55700594735985,272.1628712450847,0
2026-08-16 09:00:00,24.242419563520382,18.05199019586978,59.29044914862606,5.478648517133484,178.21987690261997,41.72724846060804,275.3056434374586,0
2026-08-16 10:00:00,24.581343938039343,19.3087760740551,59.68274266189165,6.050959394248536,181.2825739446526,35.17243307159166,376.8153115366074,1
2026-08-16 11:00:00,27.492002756114985,19.09396022529004,63.506051094531735,5.886716511041797,175.33992439655276,30.944159169225603,276.59230012591536,0
2026-08-16 12:00:00,26.346588515510078,21.742472488792863,64.67255108682575,6.00793160106841,188.3631852519734,65.0778171781302,241.79693203145595,0
2026-08-16 13:00:00,28.92432034268826,20.41204221452533,63.408588473973765,5.526165752343467,211.08184583059824,45.27110953138912,248.78596393539047,0
2026-08-16 14:00:00,28.95015501403331,22.00161084816524,71.03594092557697,5.851239553743595,220.4594350796794,51.42121788867418,306.23024009552415,0
2026-08-16 15:00:00,28.449305498114665,22.657296476198187,62.78340358264151,5.4732553999140166,232.7529047274993,45.06251173583809,217.86075493412892,0
2026-08-16 16:00:00,27.869371559332677,22.491021029878457,65.94761488047476,4.941147160013587,215.72607719141533,45.4634869863799,293.0233192585692,2
2026-08-16 17:00:00,24.126973900059376,22.41165492631532,62.569966641855586,6.199321827431353,141.37549279013479,44.37896600190712,246.0472988940223,2
2026-08-16 18:00:00,24.676912638388558,23.960961200984244,70.62739315151642,5.199044407324193,168.2808623740606,33.79554140925568,200.6492177419197,2
2026-08-16 19:00:00,23.95100066742932,21.147719853515074,65.02684487353142,5.842874585912966,195.25717889422427,29.855105419657523,235.7971113234562,0
2026-08-16 20:00:00,22.239784587996102,22.952977377977533,70.06936265731015,5.933200851779616,204.41839567302438,48.86225373744987,276.1013523871464,0
2026-08-16 21:00:00,18.646753972893418,20.384977604194923,73.47965210718209,5.930625206345222,225.8425507962877,46.87842407271167,330.80669573971267,0
2026-08-16 22:00:00,20.398561761297053,19.073644109849592,77.08659706101369,5.6867683705607,201.2955252865032,54.38280898459707,311.5331764778655,0
2026-08-16 23:00:00,15.750990259372418,18.34571610230005,70.94892891687809,5.908484590111989,201.52121761591022,52.35360826642027,263.2523909531699,0
2026-08-17 00:00:00,17.392007974299034,19.02394219940156,64.11339725776595,5.988386827914065,207.13392089417178,36.91487807250329,313.8874827927237,0
2026-08-17 01:00:00,15.87931075878405,15.37669847210865,76.27766360401952,6.093985926300793,192.34934783656394,56.325913089218716,260.7288068304378,0
2026-08-17 02:00:00,14.030659035234295,14.639564049713133,81.90586544224446,6.493376535753705,202.60655419633434,52.65027195154517,216.33953661016443,0
2026-08-17 03:00:00,17.90148555489079,14.53240373758619,75.67956421316856,5.893677660599282,233.7749653703525,51.90841569857335,275.84350542530706,0
2026-08-17 04:00:00,14.147366925874211,15.025714517571648,85.5841808760205,5.82561953800708,197.48267303647992,67.49326791978808,214.7626401997286,1
2026-08-17 05:00:00,18.428983792109168,13.755679794993668,76.47208282036733,5.437308413859962,199.0936181964715,65.43958762508188,306.6563322994025,0
2026-08-17 06:00:00,20.000873477064466,15.553769776317132,69.57971016822334,5.9743785295597345,198.9924378569843,51.89913766554886,307.2352035602751,0
2026-08-17 07:00:00,19.182336370667386,17.526410581984745,61.75409558450073,6.066953241256227,238.93321441373507,50.6519720583753,239.8012024187895,0
2026-08-17 08:00:00,24.088697950096492,17.12112591249982,66.30700128890811,5.723078726287349,166.75840019511674,55.816551817696805,280.8239002730265,0
2026-08-17 09:00:00,23.43666354381922,17.730575452409695,73.41579875870593,6.0178450016736145,253.27540684373588,39.160462303296285,280.44196936765763,1
2026-08-17 10:00:00,25.933040443919786,18.5054716410531,63.32011255396068,5.682993522580263,164.7085443645346,39.3017074240895,309.87853527068967,0
2026-08-17 11:00:00,27.340230226462666,20.754085544051335,63.733325046633624,6.0683970608355695,180.3733921601672,51.73421407091913,225.19726984064607,0
2026-08-17 12:00:00,27.860714714285248,20.33933378140956,65.07394361439125,6.165040925611898,222.3421480914596,36.435239108724275,298.9795009427272,0
2026-08-17 13:00:00,29.977693193763148,23.30554386122559,55.350306296235146,6.159451146692194,230.90950086421014,50.92769485523255,222.3292299597796,0
2026-08-17 14:00:00,30.19023308082832,24.01078941330924,63.2878997862001,5.84713773045652,157.89502949004537,46.5683216653619,306.0875495069148,3
2026-08-17 15:00:00,26.138682824166203,23.069103944085704,73.21918956100909,5.384012739353179,167.21894410258741,36.43809895407881,317.50789605332585,0
2026-08-17 16:00:00,30.0186881908083,22.990787929538683,59.51350741156301,5.555234778943271,208.33528428415542,45.25866510288299,248.2163442544043,3
2026-08-17 17:00:00,24.45600948625232,23.688231151749523,61.4074665073357,6.038062929553891,270.3325816329139,58.050815921384164,323.7651546616616,1
2026-08-17 18:00:00,27.048819306512485,23.339940416919614,63.60841169707515,6.7795249222960905,237.38788342996043,45.82370450653838,212.03868147924845,0
2026-08-17 19:00:00,25.501791020959022,21.18363373989866,54.67593023180483,5.663711691387167,192.5570885110457,45.86547647617977,318.98333780842194,2
2026-08-17 20:00:00,20.3635503546772,20.578755893490637,73.64825589427043,5.982335071355256,127.42612585772731,48.289852789045966,332.53824952650564,2
2026-08-17 21:00:00,19.572045252350478,18.977398232663447,75.17491758542232,5.577578977008239,202.44928203263478,49.591885228916084,288.83260776606124,0
2026-08-17 22:00:00,16.841442997271095,19.327251950667247,84.5684498725025,5.41041318230036,210.86890410939662,41.69159533918807,267.17896875882553,0
2026-08-17 23:00:00,16.727870986261067,18.49802612635543,75.3565808536536,5.529473654569054,188.51914576751588,48.50261047967048,287.4967928039969,0
2026-08-18 00:00:00,15.475770747230317,15.920059489710981,79.87150179405597,4.967011209318931,174.47828028360215,34.509296404092666,250.84966525075492,2
2026-08-18 01:00:00,16.408010014380533,15.807413751400881,72.40394747081385,6.3413740251631,204.77495780964165,37.00928943166112,379.9850671665098,1
2026-08-18 02:00:00,16.96546311917941,14.458095250797165,74.25930865435932,4.907947898834154,171.73216418318117,38.28850891924377,251.53874838262834,2
2026-08-18 03:00:00,17.332044932161455,14.417256846648657,67.97561889809526,5.6944687078397465,256.1734598242617,49.697626896341085,327.69604678629275,1
2026-08-18 04:00:00,15.094570133641477,15.44081364818104,77.31256773321405,5.328748841859978,245.5023439260145,46.60232827556277,245.35090330303433,0
2026-08-18 05:00:00,16.736419721077375,14.549511041501104,74.78975056711433,5.446247913855118,219.73737894778282,43.65640422756047,338.872331180146,0
2026-08-18 06:00:00,15.974842711668575,15.295237620036408,78.72618757644219,6.350609063895467,202.69131707357948,51.90769989585287,355.4931432702068,1
2026-08-18 07:00:00,18.979461584538072,14.869723492895956,70.50666169689111,5.880426796012556,180.1950774015932,48.78862082742336,290.4396324407737,0
2026-08-18 08:00:00,23.447277449646187,17.14959216777973,68.67999381530004,5.41384153632732,199.37638448327297,42.100232200171284,286.466290742686,0
2026-08-18 09:00:00,26.235107551039995,17.929305163714197,63.250970660713676,5.5641931470013954,249.17891405621828,34.64769157180188,236.73683900861687,0
2026-08-18 10:00:00,23.648476692180118,18.41683259997347,66.3643310278863,5.4938075118231655,226.05962175309884,36.80291198773247,231.9732956172686,0
2026-08-18 11:00:00,26.061051079576494,19.884064742264105,65.52855033432337,5.782581731168448,206.11076835429378,30.331905346071082,286.91658420662515,0
2026-08-18 12:00:00,28.02256919105268,21.144235904402755,62.97553168232184,5.869156673915077,227.71923002502785,46.405695501508255,333.3276990872448,0
2026-08-18 13:00:00,29.181722522252887,21.176532605618718,65.18780316855472,6.558229909291423,216.36831990142485,36.37861217546328,253.07190043403878,0
2026-08-18 14:00:00,27.78559472011753,21.28309157993633,62.45407116520979,5.033479693600917,211.88832619660616,40.04677018016129,363.3171687117674,1
2026-08-18 15:00:00,29.39757235071961,24.308162851305728,59.37348643352145,5.786075074096819,229.41689776974607,43.72409319371136,250.59416241480648,0
2026-08-18 16:00:00,27.3514188058847,22.493381836231784,62.67426020750223,5.673772922986191,215.51082934474272,55.43995191330686,284.17567762999886,0
2026-08-18 17:00:00,26.928069061988413,22.786295222606764,60.51299654140894,6.1786194110867125,225.75654410310136,54.287905983168194,284.2806586561462,0
2026-08-18 18:00:00,26.319426372005548,23.272773403154005,63.01713288575999,5.941927247271357,204.84161148903527,44.45291528746026,270.93862499057934,0
2026-08-18 19:00:00,23.821366720434053,24.65167127480258,77.97015350084529,6.036144883245978,192.3762253042969,57.655034894002995,193.24689934695078,0
2026-08-18 20:00:00,21.345421164210148,20.00441084008891,66.22210079946849,5.938034474406033,183.55511363179554,24.876514906791392,250.23707598276417,0
2026-08-18 21:00:00,20.02385197839361,20.39513795139129,70.97809595653112,5.427203549886584,179.98071183587123,63.77220549766513,282.9855716921149,0
2026-08-18 22:00:00,18.367455561191996,18.433958171764715,72.42161001022116,6.284506198597205,151.84488672675403,51.92499714304585,271.16059616079144,0
2026-08-18 23:00:00,16.495235986870977,17.533691575928547,75.36985875453283,6.119401961846267,172.64180159565007,46.028032850199295,300.4481063761113,0
2026-08-19 00:00:00,15.549628079508276,16.423830383194566,76.08424976019809,6.166211916689897,171.77439411253457,36.08640319247937,305.27343647967405,0
2026-08-19 01:00:00,17.636489971733596,15.27104890101334,76.63241254002469,6.305620068202866,184.7796441204789,40.61932633869536,265.39686155284363,0
2026-08-19 02:00:00,15.841379171911859,15.502865295434516,68.8394694867468,5.967070040260784,246.86732631914873,51.093508955780415,236.50278510738215,0
2026-08-19 03:00:00,14.795298738932782,13.956694545205139,83.83149887594068,6.392396961646997,195.2731413333867,51.320793835314134,336.9327082153365,0
2026-08-19 04:00:00,16.983253780275035,15.757446053209497,79.18300946188094,5.951055828714656,207.2530066965293,51.68393370590787,220.78150677937393,0
2026-08-19 05:00:00,16.54952329706015,15.180299043670427,70.32621411321215,5.712376564790157,208.1995893353578,37.715032656335396,251.18771106271407,0
2026-08-19 06:00:00,20.259686956379962,15.873846363183398,60.742989287582034,5.797358435806654,247.627427385271,35.701522869847906,241.00160304104796,0
2026-08-19 07:00:00,20.742729972579493,15.79862198569683,66.6233633021976,5.7904624927455535,182.73243638464126,46.95205244352506,304.8583048720843,0
2026-08-19 08:00:00,21.839046783993656,16.706236852630603,68.979811552072,5.5922434711637825,193.32433759225816,52.69853957771473,327.6808789792236,0
2026-08-19 09:00:00,24.483308704433064,18.19477494372378,79.92148904813419,6.452755539348088,196.8140188467745,45.031848495048585,268.0522649795622,0
2026-08-19 10:00:00,23.14368577189725,18.06875949407534,71.34386189859467,5.918518146201467,234.09604567324305,59.81484246885167,284.1910704133965,0
2026-08-19 11:00:00,25.259596264941127,19.748883832879415,57.05053623616335,5.837895390333163,240.32317081263363,45.33137462190111,292.150872839566,0
2026-08-19 12:00:00,26.271290316892486,20.31230918889724,61.4261740952243,5.955309701970573,214.23751459081834,44.992913561670136,347.16016394355444,0
2026-08-19 13:00:00,28.975895426169036,21.11597207627338,61.362863307232246,6.991941806694859,236.9872812218564,51.70559991192669,204.05706231147292,0
2026-08-19 14:00:00,31.59877249922764,20.77623102263724,59.74989077241732,5.347310324560136,205.3298298940697,57.19230137592039,304.76887596507714,3
2026-08-19 15:00:00,32.108431003312425,23.935164576740274,51.29613849447297,5.461984595313489,194.82190257149531,31.50744740195455,290.0609899175801,3
2026-08-19 16:00:00,29.019254478652208,22.450768997476985,60.90194348573204,5.247771593021201,235.36172259756864,33.819882919644016,260.1664189901672,0
2026-08-19 17:00:00,27.70101418072252,23.794404149287114,59.57058729508027,5.706960304625805,214.62853025701392,41.86738562255962,288.04906942881183,0
2026-08-19 18:00:00,22.79841339877089,23.319135472253187,63.52311110846334,5.898207377330944,177.93408002277255,76.58941784588663,304.6331590331967,0
2026-08-19 19:00:00,22.997722616116615,20.799627359532998,70.10071109415483,5.613870992663569,229.92262814373052,42.38531437459068,298.3265084993121,0
2026-08-19 20:00:00,20.818324372137642,20.129271011461725,75.28739662064893,5.584109280739292,193.74522106939162,43.78217056989431,361.34002423665197,1
2026-08-19 21:00:00,19.25699528690568,22.08367854789463,77.49681204052128,5.856961946651253,190.07529431827388,51.18351929807918,280.0992635117474,0
2026-08-19 22:00:00,18.247784272122814,20.400740753541715,77.374590629122,5.5991568700681205,226.79013104599136,54.76928902813474,276.07620733161303,0
2026-08-19 23:00:00,16.342116665148477,17.939509008927434,74.3026123361205,5.9240703308731355,197.3350357746526,46.69785116454756,267.748048573209,0
2026-08-20 00:00:00,12.968872457945247,17.20589848513388,84.41010185778323,6.2456937386970415,211.6687560812087,56.64347495040256,297.1191534858355,0
2026-08-20 01:00:00,16.360384600152823,15.666895752896057,78.31281067033805,6.070812187920322,219.85818752212398,33.0602881697408,273.7176695405621,0
2026-08-20 02:00:00,13.39088546139029,15.881780556222516,81.00064686109171,6.152405338866081,176.51170762182846,37.33911575257275,275.52836580259066,0
2026-08-20 03:00:00,15.597389512143247,14.56255117426575,74.6246669769191,6.234367364602687,211.54551694046606,56.6248695057964,275.71319440025025,0
2026-08-20 04:00:00,19.04894617813389,13.374116988561292,71.0568839495317,5.913131264047481,240.48419315784872,45.10943114783474,269.61565722039626,0
2026-08-20 05:00:00,15.67117564431453,14.079052065634887,77.96402390744534,5.73654358958276,171.3059856878117,32.37549394991335,250.65308791390368,0
2026-08-20 06:00:00,14.704568715880505,15.552772583142715,90.9538898758709,5.491098771646722,213.49726666493683,31.774620683827926,291.7242615278764,1
2026-08-20 07:00:00,19.75926035146219,15.266719086851738,74.19509997870232,5.643528734545711,175.11596796259138,36.89059194655295,263.59809739933524,0
2026-08-20 08:00:00,23.651439452497858,16.946178028069173,64.96233014575114,5.590525786929242,230.64193051521195,45.02125542157916,299.5471801128177,0
2026-08-20 09:00:00,26.749254497048536,17.104994988043625,60.13894737869455,6.092668930648364,230.35716751249313,49.673795697267884,279.43070515711986,0
2026-08-20 10:00:00,23.655675608321374,18.374116861998406,65.55435620673333,5.938713021837678,189.37032979252703,41.7094000005586,259.5370049468381,0
2026-08-20 11:00:00,27.694796303160615,20.717808425540635,74.05271167395259,6.07870314508572,266.2888595657259,48.84999189239519,337.5932162014026,1
2026-08-20 12:00:00,27.36421214132099,21.197984438112083,61.566662200685,5.33586525755994,233.19875927411852,40.62933513306385,270.90749657812097,0
2026-08-20 13:00:00,28.602558252567274,21.820695587695514,66.6112827699707,6.372699793696431,221.20786955408508,57.23920201616917,299.9129205824722,0
2026-08-20 14:00:00,32.96651502052555,23.167272793594275,54.960540748012555,5.629207851397295,219.51832688318407,70.51840094572356,247.00068376031595,3
2026-08-20 15:00:00,26.507025291430747,23.248190179834154,65.89749235668125,5.359993343170135,229.51780727618672,41.07387267915576,193.97842675475283,0
2026-08-20 16:00:00,28.442787318732933,24.157250633001095,66.2273815875641,5.6243128940712745,170.1307277826752,49.79932810798945,252.3200332929181,0
2026-08-20 17:00:00,27.651287225953983,22.495815895304162,60.358941079805604,6.793506397035003,205.83822795383074,48.984108241501126,189.50205174400824,0
2026-08-20 18:00:00,27.12867948740902,22.120393632315746,60.64002634434533,5.644913253403373,211.49571156131984,46.386954262599254,265.52548532723006,0
2026-08-20 19:00:00,23.958708045923988,20.787539711633116,75.94389881716786,5.66996141141163,187.9959181009232,51.532509453412914,333.7458805815621,0
2026-08-20 20:00:00,22.462075809256152,20.656815426102064,74.3684735033716,5.723158127748129,213.94385808331896,49.78821188979827,238.78859911693397,0
2026-08-20 21:00:00,19.600793833149666,20.80709209585204,76.83240899367404,5.740551846627418,236.95082901302018,40.28946429615105,190.75824569623248,0
2026-08-20 22:00:00,18.90369041186766,20.039989897809708,77.65195297137338,5.487409573679498,187.3469273670228,58.165457726226876,335.01027964050104,0
2026-08-20 23:00:00,16.535464118448054,18.73296795405925,78.85532049941766,5.857285233282452,198.36727098886084,47.01666247486776,255.98580946702992,0
2026-08-21 00:00:00,16.870180008293005,15.56464650676045,86.24466305592372,6.230237963279332,175.38244112438167,41.151995801696366,274.3704647132525,1
2026-08-21 01:00:00,14.684103711911071,17.038089045382396,78.9986170550925,5.925715726191482,146.39032970567624,69.43202523847401,306.53119876524306,2
2026-08-21 02:00:00,15.565650590853279,14.065083486244589,80.60753112698066,5.355533880440006,223.36796541561532,43.837866228444,295.926910599566,0
2026-08-21 03:00:00,15.194624995449054,15.854790554141605,70.91188536249106,5.662261638026516,199.2279861548226,47.54943841423749,305.02049678447474,0
2026-08-21 04:00:00,17.626897549667184,14.705772378743156,71.12291950744319,5.579389039959348,201.42738251458363,46.75440344580337,311.01715958181694,0
2026-08-21 05:00:00,16.973161946311436,15.698323345990811,70.02811066525106,5.82117578729392,170.3967914547942,43.70105389048792,205.15541469642181,0
2026-08-21 06:00:00,15.840451297689679,14.469939706546594,83.76177636035314,6.332180668624926,194.43489412891427,49.486647050440155,218.42609039439924,0
2026-08-21 07:00:00,22.08114893535334,17.108506981418724,57.13992051747224,5.740446881591646,232.8978136754637,36.55000090908375,321.84678650515366,0
2026-08-21 08:00:00,20.64140154870607,15.82802020311609,69.6187680277891,5.764738052451843,200.0246401033838,50.96543386523057,243.73043427633252,0
2026-08-21 09:00:00,22.831083807744417,17.429959890907377,54.03416641740358,6.511057927527771,200.8755127416624,27.416459716075703,248.09416620145763,2
2026-08-21 10:00:00,24.60650805893476,18.201524297784772,62.71575085186883,6.150482396668664,206.22584833590267,32.01930248742871,224.48629911342726,0
2026-08-21 11:00:00,29.01140460806206,18.631848298152082,59.1315697216662,6.029632512842614,162.90853614780633,63.25724547168515,258.8020844261007,0
2026-08-21 12:00:00,24.858666505523026,21.075622054070774,73.49395566234259,6.583252646120711,218.7476139230707,32.43819973278214,261.0273574526212,0
2026-08-21 13:00:00,33.468103584513464,23.27329841901576,58.22141539469113,5.995924501917605,162.34405655252507,25.400411479631394,237.5015724925937,3
2026-08-21 14:00:00,30.584085213599078,24.59762579299376,55.53339012703628,5.0053891432089905,171.8115325616292,32.68583830933812,232.8766902049702,3
2026-08-21 15:00:00,29.096339155217215,22.941427934825274,66.81421161239847,6.133066303152144,168.52355692978506,62.40057269196734,287.74652368702823,0
2026-08-21 16:00:00,27.979836825566643,23.893345020054017,62.91335708196882,5.16319661715254,194.74325100108362,27.08138259727285,242.69322932446283,2
2026-08-21 17:00:00,27.37807858059232,23.049379015499106,63.734139996825476,5.980802147432979,189.42641889386428,35.441858174084494,250.74750972086954,0
2026-08-21 18:00:00,26.281683642569007,22.863208170952323,58.84862209005723,5.114502570348304,199.96324885075236,30.41807515683013,187.54886612903675,2
2026-08-21 19:00:00,24.779556694642732,21.5547082038444,61.71446339691303,5.613257835840032,172.8423152067067,42.258708029099914,352.528009701241,1
2026-08-21 20:00:00,22.833406699005174,21.156061540338083,64.87442546146616,5.654486188156051,230.16485960919135,40.63979101819263,312.67296117898803,0
2026-08-21 21:00:00,20.322637706165228,20.465259144095224,72.24514111837267,5.491952357107299,225.02082706178993,40.19243493272967,255.20775786692232,0
2026-08-21 22:00:00,18.203992369539012,18.537232216898936,74.94463779145656,5.66045920112352,194.78559461324838,63.561337994051364,239.0367625736912,0
2026-08-21 23:00:00,16.823342606213902,17.902728379675526,83.93245219016354,6.213024688144221,185.64899850236185,33.00924682362452,275.435551889325,0
2026-08-22 00:00:00,15.645459752979907,16.95325590480201,79.55072413611329,5.514418835136178,182.61927519964402,43.97812220282889,274.33865641609384,0
2026-08-22 01:00:00,16.939174361277118,16.83269552911823,62.53516229810691,6.0180563518042165,190.6956501496796,48.386012463207344,223.9613372194141,0
2026-08-22 02:00:00,15.890335083421293,14.6830726475601,78.6448078392529,5.41374014415708,157.9926431374647,35.19790737927856,172.9785508431056,0
2026-08-22 03:00:00,10.827936263980103,15.095062927957606,76.15639470238622,5.724200169443148,171.2117806336448,49.865899812466026,253.95696369933324,0
2026-08-22 04:00:00,16.92167333830357,16.529604375242158,71.26413737097803,5.92953570653098,225.803611759549,41.00189505446692,212.46501876401948,0
2026-08-22 05:00:00,17.342356823772327,16.067544816912477,71.52832445284156,5.401388633352576,209.05437458227607,48.74309066189856,281.8551978689417,0
2026-08-22 06:00:00,18.471936865331156,16.615241623973212,70.91698414404111,5.275311826835724,249.02823457929594,43.92000748474347,282.12326266642697,0
2026-08-22 07:00:00,19.605489004649026,16.191118347396237,65.99766623421966,5.996751260231555,191.02414549492036,24.494687744336957,236.07149206632366,0
2026-08-22 08:00:00,23.68616907997902,17.25679805094882,68.99400712128661,6.2492321597362555,189.15460318679396,58.06098712765741,253.61662929378187,0
2026-08-22 09:00:00,25.23302300890193,18.766512752952256,59.066360963862884,5.768373992205051,187.76303226369055,65.70458315354071,345.5216676791233,0
2026-08-22 10:00:00,24.340683498264585,20.248204423624745,68.97451783833174,5.617074837377318,190.42506550345493,43.23245818065187,306.0051410508385,0
2026-08-22 11:00:00,27.560325898992637,18.473993850103774,74.51246430651699,5.862270155075355,180.20137960560206,36.02047948133396,256.90988917164384,0
2026-08-22 12:00:00,26.60469272467914,19.947646954360124,57.82757343571472,5.822191967506152,208.129646440616,60.06012721175688,366.6783730774392,1
2026-08-22 13:00:00,26.69205353684008,22.87598240586831,62.946984234095794,5.8971610162845005,200.87312201445235,63.903829028674714,227.1225035211342,0
2026-08-22 14:00:00,28.059924163115053,22.24259013052271,50.11080419169959,4.788701959874514,184.70256494485182,43.31204588410002,242.4922110073378,2
2026-08-22 15:00:00,30.055070992597614,22.32632667374981,58.8292383440322,5.3723582835336146,237.53446739056707,42.81319384779485,270.5794331716829,3
2026-08-22 16:00:00,29.4918653945552,21.996671210403516,64.22334728969118,5.461907957825258,256.89748767458923,44.20088902328501,213.75971738494738,1
2026-08-22 17:00:00,27.719375598451773,22.419689943920986,66.73994543864421,5.8603470514046245,234.99731616720203,28.25451110754695,346.6123665851139,0
2026-08-22 18:00:00,26.587643680271995,21.342206188398695,64.8816462350941,5.874351153448907,216.74372039250184,42.08874121306772,282.32608154837123,0
2026-08-22 19:00:00,24.586000746390084,23.501302542932173,71.34311622812679,6.054472195473614,222.85309178791323,62.14941887549245,243.40204572400822,0
2026-08-22 20:00:00,21.037777607165573,20.98205115841554,83.88493955111528,5.903032699684174,255.69246553479005,43.3131133922944,292.91147805619045,1
2026-08-22 21:00:00,20.836150501293265,19.988915746999908,79.95814283563608,5.279705971845066,222.80957947278273,34.59965472127795,280.84223393191564,0
2026-08-22 22:00:00,19.700614287841525,19.470461340134264,70.14665820754199,6.3788018470340235,182.44442442202146,49.966856193044805,262.81395663496613,0
2026-08-22 23:00:00,18.18168952641453,18.734599955003173,67.32645263596886,6.308767321368946,211.76817579951646,38.328012015058874,226.65939332714078,0
2026-08-23 00:00:00,17.72119223072089,17.75671052524371,73.10381224026591,5.29672108398923,218.78732798189952,44.33547876332073,217.55152297883572,0
2026-08-23 01:00:00,16.30097498677812,17.030470430379864,72.1039161877795,5.933082117749673,170.1584817789224,32.31151219452721,362.4720398977291,1
2026-08-23 02:00:00,15.527172311312373,15.031221944229559,80.02413096574831,5.561830245902794,191.45207544070468,34.633758388132684,220.8906045956001,0
2026-08-23 03:00:00,16.843744573451165,14.898003250878238,70.28153881471111,5.855545595680219,233.01175472166398,52.37659254863593,342.91862077405506,0
2026-08-23 04:00:00,15.898040284635341,15.61522532435382,76.95823949548587,6.221324111856748,145.2952179485124,46.15866779401088,241.20963409536176,2
2026-08-23 05:00:00,15.72744055485259,14.71438544553203,81.71714160685845,6.652041706528383,162.4871436487822,37.23942613157184,306.6013027016129,0
2026-08-23 06:00:00,18.255399554084356,15.531813079240466,73.99004117101288,6.100511082057044,194.70778839115016,46.19535130304903,293.61732360323117,0
2026-08-23 07:00:00,19.07091271707268,16.490583886793658,68.7833356257738,5.917973894044054,210.61038786517113,38.928532912727405,301.61674801185666,0
2026-08-23 08:00:00,20.98723258753843,17.6281480658483,77.08939118288235,5.664071532676681,159.2710266515328,37.16239830629831,304.2805708896076,0
2026-08-23 09:00:00,23.59495530964437,16.542579049693757,58.69114890465762,5.872853948404471,196.19632245002177,56.64034397248306,210.53737510649955,0
2026-08-23 10:00:00,24.311370118500058,19.571796519911157,65.58738057841262,6.3439087573313255,234.613056172657,52.828775531887715,247.94616030103293,0
2026-08-23 11:00:00,26.487805173847274,19.8482969341287,64.4063336744766,5.782116497296165,202.0595437122285,44.787271503689055,220.27808163129143,0
2026-08-23 12:00:00,25.22175582606039,21.565966168691507,66.21343630072568,5.44555493946094,228.1726683089339,46.443373372497035,282.5720424339039,0
2026-08-23 13:00:00,29.081421345082884,22.449972478630055,62.40477466629095,5.152124053793349,182.2365763599499,44.916019826656566,222.06622671503095,2
2026-08-23 14:00:00,29.001808213043336,23.75043366403308,64.65002924339547,6.0052191469641,175.70249429632455,49.870092591735386,195.75811291707114,0
2026-08-23 15:00:00,27.53584783742119,23.946466223253235,63.17994539986782,5.898915250251096,225.46621490855142,37.00498341544306,265.500906538257,0
2026-08-23 16:00:00,29.05104632913968,24.077257330088237,59.69845299431398,5.541636730695081,211.0779660396857,53.62504733368643,186.63683790050214,0
2026-08-23 17:00:00,28.35610267474567,24.018639560489266,60.33473006700672,6.210405650282919,164.43211976676622,48.535658378908124,285.34952778883826,0
2026-08-23 18:00:00,23.088660203446537,22.69720480299051,65.63602874567238,5.6312892542449475,175.97477251511634,42.369436621104484,224.69481906489034,0
2026-08-23 19:00:00,22.667646147868325,21.854175194375664,73.13654124419233,5.746142363270081,246.93743723172244,40.12221968491458,241.3768100767909,0
2026-08-23 20:00:00,20.846286475319054,21.69825366654267,68.15181383223455,5.7933343466808225,172.26334341592053,53.411309417668086,183.783361073692,0
2026-08-23 21:00:00,18.778412032619055,20.6209409415565,78.09976110589835,5.659618903144764,228.02986240177992,43.49513683849894,341.00408855234184,0
2026-08-23 22:00:00,19.744212262897623,18.75274701060939,72.8019406958222,5.894346026299829,185.65439908298902,38.011069041701624,216.48340452087683,0
2026-08-23 23:00:00,16.759513323534964,18.288582546636533,73.6823099774774,6.260606058373201,199.90472429698605,41.15430233025676,260.4399506180842,0
2026-08-24 00:00:00,15.541049911543013,16.971922826572325,80.84277618486905,5.34300724075263,208.83777862830118,52.6920464888916,203.33045630155016,0
2026-08-24 01:00:00,12.232725669366392,15.488426548485764,78.08345957314474,5.995408055389603,136.97056368501205,28.8944679875396,241.5732876647691,2
2026-08-24 02:00:00,15.95312704531384,16.568266977963326,80.44716774926447,5.868863467842576,156.11847993718104,41.445910944195276,345.0728712409684,0
2026-08-24 03:00:00,13.379631623696314,15.180456088867798,81.40807265752335,5.861505531817882,202.5899905636149,55.70582669675764,286.8990694106139,0
2026-08-24 04:00:00,16.027721118908424,16.63896660615908,74.18511121185028,6.1487378279496365,178.2707730864836,43.317832278967416,246.05476014757681,0
2026-08-24 05:00:00,17.466317938631455,13.83590287868386,78.08359255031505,5.819718970086863,229.89743885823867,47.72816732277841,273.63306081378147,0
2026-08-24 06:00:00,20.540987893757976,15.090475366587553,74.48376315593363,5.992091704762281,151.81637357395627,55.86768964537195,252.57763773253555,0
2026-08-24 07:00:00,18.225036085603687,16.197683944606506,80.31755472632537,6.086345851828459,216.9576516877396,53.9232965339717,271.30317680689654,0
2026-08-24 08:00:00,17.470731766268763,17.90990487810313,80.26585694252397,5.598253919847757,158.7133633878702,40.59941226960078,304.75474876131847,0
2026-08-24 09:00:00,24.087507632848187,18.284299317671664,69.95136094421359,5.919673384325519,189.43685017566713,43.696064477961635,261.75608040371844,0
2026-08-24 10:00:00,28.20076677226628,19.2483782033446,56.92112511723665,5.699684957115747,168.06866707286107,54.04763901729014,283.79965895700417,0
2026-08-24 11:00:00,28.80816699771499,19.133465146366767,74.0731345436123,5.746927288112041,257.0728964141359,54.39469487283898,284.4598199059302,1
2026-08-24 12:00:00,28.37666694940301,20.074446882216424,55.329918605357335,5.671175441408667,159.81523511089893,44.11949874685059,261.9541741080903,0
2026-08-24 13:00:00,28.024026505575407,22.086430852978115,67.51748406472106,5.988432161638754,196.3382091389293,44.46454347707573,245.56296041319777,0
2026-08-24 14:00:00,30.210683894955967,21.372816820083067,62.303598410484334,5.832657883607301,148.19491555939544,47.676836945338515,253.99266573582156,3
2026-08-24 15:00:00,27.301161484466775,22.43820110492481,57.7678943562343,5.95781761372667,247.9871036621177,58.66900690017293,302.9674100614031,0
2026-08-24 16:00:00,28.776714480525403,23.400733863268687,61.246437928977016,5.7929930548417,212.03847248531616,55.67566120657956,306.29666819901803,0
2026-08-24 17:00:00,27.707952707055775,22.077843887334854,62.75669232030987,5.15835159501187,204.10919268796005,51.93386703799018,229.48822674926117,2
2026-08-24 18:00:00,27.09031486124832,23.7483863850272,70.41953574555464,5.812547366439883,244.22938817875178,34.213307239361086,264.56042662447965,0
2026-08-24 19:00:00,27.951223374084265,22.807576200136502,59.291977449697825,5.825415182062726,204.42267324267837,42.25166593451743,244.88312523590662,0
2026-08-24 20:00:00,22.588623950768152,19.74286400132936,67.98392622695644,5.897038374861384,206.5871406842323,42.77713326310097,306.99809718864566,0
2026-08-24 21:00:00,19.424821245721105,19.289379185864494,61.409866480028356,5.562508322525703,203.95175864195454,59.18485032603473,256.15187840880395,0
2026-08-24 22:00:00,18.46163853171201,17.17137820440404,82.91984772756348,5.321812113333795,216.90902976329357,42.61135608820362,363.0369527028547,1
2026-08-24 23:00:00,14.396638674360492,17.33865072955141,73.77169237566706,6.049842657957711,185.22675848236213,57.53442823077613,283.7158955958821,0
2026-08-25 00:00:00,14.89575247687534,17.61311078125792,80.15965134894547,5.690557377386332,193.57138077910002,39.29301329468916,322.27985816892885,0
2026-08-25 01:00:00,14.624595558806867,15.840456921433923,78.34344618082244,5.868497619073998,224.31003885372337,40.09116042339241,234.41556692786537,0
2026-08-25 02:00:00,14.213867403098112,15.904536179755018,78.85335428236557,5.687415968044681,208.32118854673647,49.81454105813141,275.4688859634346,0
2026-08-25 03:00:00,15.467051524027106,13.918429240218332,81.88884809552185,5.797575269690562,196.57268257693624,60.68146705571757,299.64692393480897,0
2026-08-25 04:00:00,14.704192274935629,15.638380203665525,87.11128157159541,5.6202858608256765,157.98432826907862,42.882228707321225,233.667990327128,1
2026-08-25 05:00:00,18.731798532680873,14.692209312501047,75.1793101104929,5.412766564338469,244.94150853609784,19.37232138138802,275.8137084724231,0
2026-08-25 06:00:00,18.500310597377297,15.54563413068857,77.47501737129987,5.989492664307463,180.1563767014769,29.35816597661113,317.07436128802146,0
2026-08-25 07:00:00,20.17431620257443,16.097273274139365,73.83527824054589,5.558751964709552,229.61711715257772,47.979615561644565,261.9019996830606,0
2026-08-25 08:00:00,21.508157925230623,15.982761183286172,75.67786760937638,5.865580592357924,205.27260955064256,30.25203973218232,240.929899817095,0
2026-08-25 09:00:00,24.044519341506113,17.04225635419809,65.23199489276102,5.964184088760831,161.1964843181039,36.344371736035875,347.1183782189007,0
2026-08-25 10:00:00,26.737647397001453,19.77423557520274,69.69177589568032,5.565274913758767,237.56826432591845,45.12341950638257,228.13018793414807,0
2026-08-25 11:00:00,25.649052144739482,20.35446990641144,71.17363675454955,5.318445746250806,207.63621939198617,20.506327542535388,281.2356251352635,0
2026-08-25 12:00:00,27.075003092878184,21.84003923324274,69.32268133196074,6.770434245541221,240.06036070211127,41.202742106745454,246.66894646652773,0
2026-08-25 13:00:00,28.305891740858478,22.088153713148206,59.13219057428745,5.588891249621829,194.52773897792244,33.35191442139731,237.52663044569792,0
2026-08-25 14:00:00,26.98119361479018,22.578494122985127,63.18087949106583,6.049366863440463,221.12153689901163,30.008202820992494,304.66628330813035,0
2026-08-25 15:00:00,27.53259399444123,21.48289481022286,64.5582221505727,6.575785419828049,147.12418665964958,36.978155607819396,266.77856353349847,2
2026-08-25 16:00:00,27.347846516174084,22.783706642591063,56.72837395644607,6.115963098741557,184.99352409218727,34.30791074930569,291.2354586167879,0
2026-08-25 17:00:00,28.261331239374925,22.84179584883328,70.46100355318016,5.679822876468979,161.81020003306185,49.69480217992303,184.79417115499223,0
2026-08-25 18:00:00,25.89384199350289,24.026587373755813,65.26600694028565,5.773153444985955,188.75648449884824,56.96526786682884,295.1247912784824,0
2026-08-25 19:00:00,24.10211818276896,22.377992430425135,68.89709761870085,5.466957112104461,214.15435218518434,41.35573148388937,246.17616352734666,0
2026-08-25 20:00:00,23.27634694325196,22.228848945367623,65.58336146946164,6.152678570783097,181.86259737037562,39.03874220953164,199.84592195366926,0
2026-08-25 21:00:00,19.98220900168326,20.513306345125866,65.78696140114498,6.0265082832234755,225.91526280916344,40.85794998842101,350.389582191487,1
2026-08-25 22:00:00,19.085697274893334,18.430957418440418,70.47701384275415,5.5942296726953025,174.30162069349967,33.91812892061537,299.0405410597851,0
2026-08-25 23:00:00,16.895419902295426,18.0584231925098,77.22151705541343,5.383130077160622,226.55709840949936,32.11258104380322,284.0910965071839,0
2026-08-26 00:00:00,16.335865697608373,17.188978917011386,80.16410522663841,5.271506504934523,239.29271497622108,28.544455471066627,324.9767539895946,0
2026-08-26 01:00:00,14.364381229559148,15.420248419437263,79.97170022754263,6.19460560152168,230.40578405272956,31.704790416818263,284.90277125554144,0
2026-08-26 02:00:00,11.341774262585357,15.228388483587908,84.52349096610732,5.848149251582224,189.67432844510682,61.31991007112629,243.05543959425574,0
2026-08-26 03:00:00,15.037100472697066,14.97168309990199,76.67034755935663,5.8859938145331006,136.2363920616757,38.09578964636542,268.0012955807049,2
2026-08-26 04:00:00,18.07194437765884,16.284495866052094,77.19490957803653,5.470820549655057,217.46500990212044,15.58371528236237,247.8653514723179,0
2026-08-26 05:00:00,18.439575635056556,13.471704274530945,81.68667356986167,5.214598758678237,196.2429585585409,39.12943061518993,254.98588428701163,0
2026-08-26 06:00:00,19.948096226886754,16.500553121435082,75.98623173993083,6.185045429884653,170.6482117961794,29.095854632391784,224.69185336563035,0
2026-08-26 07:00:00,22.04246276699168,15.422136687286303,73.99675412087468,5.816815614798892,183.3116280538877,45.59484939997163,236.19917696798723,0
2026-08-26 08:00:00,22.132986386442155,15.902336650184308,71.31049833280257,6.162893864023048,243.03275949334403,44.51646344762995,310.783421306747,0
2026-08-26 09:00:00,24.10770687682604,18.90867752362069,59.95497639981074,5.645626749393774,165.87979398169537,45.558856376920545,288.28301755212993,0
2026-08-26 10:00:00,24.573522156848476,19.585518455387504,61.6884407586256,5.7052728627852565,214.04927526863636,44.59273921254815,254.87947789873965,0
2026-08-26 11:00:00,26.475638184265257,21.038891142315034,66.9036131822009,6.085319270648252,206.5387452691221,41.27289695380251,233.8787254214746,0
2026-08-26 12:00:00,28.985834551147782,21.64056155803646,61.56230327882223,6.09293923186021,189.27837006010304,30.44103878460014,258.7841208476827,0
2026-08-26 13:00:00,30.5673074397767,23.476303126136113,61.918445504632096,6.119026249074381,219.33598061939142,44.25345928028576,207.64600788131725,3
2026-08-26 14:00:00,28.7908305864785,22.911080684693342,70.23312038544617,5.681919498758921,248.96735776696596,55.18924589135694,280.0652239769741,0
2026-08-26 15:00:00,28.086196886746357,22.73852140425775,66.32674373205104,6.045818895060347,191.12085488341404,63.136730837952044,312.81885927970256,0
2026-08-26 16:00:00,28.062969764775968,23.274341101857075,69.01886731098296,6.243639786190688,192.70457155768696,42.62008672693994,369.6789064023609,1
2026-08-26 17:00:00,27.851557591699507,23.858478607833046,63.45153783731424,5.758091195327386,218.661947149706,43.703900547163144,230.86965109743528,0
2026-08-26 18:00:00,23.334217775799686,21.84060135492966,64.36286028161818,5.594604654490379,227.54728464305003,50.004271790888936,311.15209783802436,0
2026-08-26 19:00:00,20.36746188601179,21.30691625872109,71.66971494071414,6.337099041326706,196.16878378554094,59.93241559472104,246.71154217208496,0
2026-08-26 20:00:00,21.174194725762625,20.752831988321674,66.96720726048916,5.538221706579477,190.83878791719056,40.13703389495453,229.8617483979595,0
2026-08-26 21:00:00,18.357198045411117,18.351609941397818,82.1628371293689,6.05179059884579,133.4706043784072,51.92651316950338,229.84407484576093,2
2026-08-26 22:00:00,17.737789703529035,19.11046272673404,79.06660773844251,5.776631075792055,176.6597326290034,36.77180734475611,280.62942905707865,0
2026-08-26 23:00:00,16.82858205346796,16.455820856429096,78.80826401897984,5.063373753406175,165.8206498379735,48.29848990265503,237.76825505226924,2
2026-08-27 00:00:00,15.257949559974408,17.042447450346096,84.27017653917122,6.251437626991432,220.53874988935672,54.7060417661837,250.7261691482606,0
2026-08-27 01:00:00,17.41722051768264,16.86380468016201,65.3990533061647,4.696858548181052,192.68291154197473,32.09139393452203,257.3839467705095,2
2026-08-27 02:00:00,15.49011714690348,15.154397216347176,80.75254918042913,5.006348773296956,191.50935183383214,39.74855277981782,245.40128640404356,2
2026-08-27 03:00:00,15.689230755392765,16.477989390993223,71.01969417200682,6.010932031792269,199.72831209131056,54.547830966950016,242.49661789203418,0
2026-08-27 04:00:00,16.871132889574035,13.831599280465209,76.11836204018284,6.010828479471246,173.894705896238,51.16161230514795,177.833609499261,0
2026-08-27 05:00:00,15.342002855023013,16.089305240149194,76.4310586116363,5.544968056848986,246.59741560066263,55.35946140314855,278.47813160447475,0
2026-08-27 06:00:00,20.0586676811304,16.076008029987783,75.63828184312825,5.859128836121298,238.94581735089832,53.484396464540666,277.7068595823381,0
2026-08-27 07:00:00,20.074620254479164,14.798746276605257,73.45139213942979,4.787427981688798,248.54320349143063,41.58896472083294,243.1062060105795,2
2026-08-27 08:00:00,23.00572092586182,19.168635439232425,75.51872075702477,6.082790185788239,220.50251693716675,66.99190148394692,289.41537081553486,0
2026-08-27 09:00:00,22.203947466157413,17.913727591186746,66.74577723594804,5.899890194821438,199.11565654934188,46.36909990753395,330.8763012826274,0
2026-08-27 10:00:00,23.169361850975903,18.298012782275496,72.14233772699534,5.781742858666481,248.44187909020656,14.442910508557993,275.94319331337135,0
2026-08-27 11:00:00,28.176581955343377,18.90960642458287,63.39921773808211,5.808336592855109,179.57099492261062,42.176536276227004,328.2103111662491,0
2026-08-27 12:00:00,28.626792115637343,20.82398557787226,53.87139811087742,5.997301670477213,173.86373062900964,40.308287430006715,364.5252768170848,1
2026-08-27 13:00:00,27.40840345248721,21.726501626834224,58.916833564400186,5.788439390600855,181.95465455690422,52.95249167367278,376.2209875648109,1
2026-08-27 14:00:00,27.695505378087958,22.546218037969485,62.41600337868361,5.050377798907512,215.68613800742895,40.488146848018694,227.47055653959995,2
2026-08-27 15:00:00,30.44963296064563,22.625466380177105,65.42190269668389,6.678532893809009,177.13684419836983,55.98969995819137,227.67747974325317,3
2026-08-27 16:00:00,26.27805998719008,23.506580248092074,67.18494330315748,6.28032032777138,195.33881035346005,50.58099372406708,257.22280013097156,0
2026-08-27 17:00:00,29.413756898189778,22.553599439025678,55.265987602768696,5.286022135218069,151.94434118345671,34.9990953852994,280.14860805039365,0
2026-08-27 18:00:00,24.149068898028197,20.916130321345378,66.71953618213035,5.661945107809363,214.43292996284734,43.59626664388575,338.4660799937432,0
2026-08-27 19:00:00,24.76932120413022,21.70893792822648,76.76584679900888,5.705586323937584,154.48689898450672,37.244665557245995,300.0896488436382,0
2026-08-27 20:00:00,21.507072286376523,19.106017877301376,71.14762993055247,6.231539826603585,172.03516835403914,46.8475864685367,226.8685148131,0
2026-08-27 21:00:00,21.093047830905867,20.318292685123193,69.45171472755098,4.936292425872093,236.51501404689932,37.18509132764879,250.53370366102686,2
2026-08-27 22:00:00,17.683828996828712,18.21655981577389,77.63810340758664,5.600396694228084,235.40954950958331,45.744352305090615,273.3199916813794,0
2026-08-27 23:00:00,16.806063172585727,18.09541210352256,80.04968959080698,5.095745422664998,211.22939268639493,42.27694249009589,215.4336008741802,2
2026-08-28 00:00:00,15.999200936602511,18.051259985219684,74.92011713867669,5.685961793668665,208.2699074520569,43.477767453201764,275.5467383016366,0
2026-08-28 01:00:00,13.735238032304313,15.412573919039408,82.43058823309201,5.610999642766038,184.07121058537223,65.509403797981,227.46257635763018,0
2026-08-28 02:00:00,16.111236518130188,16.38490339167194,75.42206869488973,5.8318776269530845,176.81289008773396,41.39514773292795,208.97115465770514,0
2026-08-28 03:00:00,14.468698866269143,14.789585041494805,82.63419936962421,5.558050240396327,189.1327490672786,25.655669123828098,237.12058882121542,0
2026-08-28 04:00:00,15.594922300498903,16.402555841652468,78.53455902925774,5.49959064344379,154.59037476613048,55.15826144734348,291.44084219569345,0
2026-08-28 05:00:00,15.558728469781398,14.844174604285156,80.13936497152679,6.047862676705259,207.5734566486099,55.07955901802008,291.1646284394608,0
2026-08-28 06:00:00,14.656499511807034,14.863503996456894,75.01628285499405,5.981869096377032,201.46493374425228,25.21059826203174,278.8661566674976,0
2026-08-28 07:00:00,19.9017250403821,16.72136363557004,68.41149803117717,6.020559337111297,171.99736199869199,37.991003787919325,314.6645464216351,0
2026-08-28 08:00:00,25.618923132419376,16.65136821630109,70.38477876439373,5.729239963803662,247.06045756524074,49.358105568465234,310.4233293685374,0
2026-08-28 09:00:00,24.988639747564683,17.29156420828671,66.01665039599492,5.571304567109924,218.20741130861146,50.24203261217067,283.1752536828111,0
2026-08-28 10:00:00,25.471109430398407,18.61772811943697,67.25984239401872,5.752459007191692,220.7552541202657,44.95276236547279,277.6552740010282,0
2026-08-28 11:00:00,26.555411224493433,19.99959095466368,63.00152939517528,6.000464828027381,185.37980221882503,45.17825378933284,280.18186820880385,0
2026-08-28 12:00:00,28.095876665709138,22.073744104995882,67.17858187121726,4.92928811961126,199.9600976592103,35.61412126916815,269.0941928025167,2
2026-08-28 13:00:00,29.58215945678629,20.28115692837853,57.86235875170817,5.957644772148343,218.82118010562266,21.001512865443132,188.02629093489296,0
2026-08-28 14:00:00,27.228780777036732,22.48256614229809,63.047456868051505,5.923655274933919,204.58347101300706,65.49507318183537,320.4193937927928,0
2026-08-28 15:00:00,30.432963326026783,23.36362618087951,63.81040807228352,5.824860362434291,248.05702354309614,35.313327222932855,290.9009132757471,3
2026-08-28 16:00:00,29.13524979965294,23.154758859993436,67.3025387362378,5.74027463125133,193.88637291749745,46.76505690064482,226.34690216691757,0
2026-08-28 17:00:00,28.027026056867737,23.911595440703103,60.148772276625294,4.773552245627034,184.86318403291668,43.41152004340664,332.1126647708975,2
2026-08-28 18:00:00,26.157713608214593,22.404625351330935,74.8091635799219,5.624058694759837,219.0275862941428,53.97197552273546,251.40080527148916,0
2026-08-28 19:00:00,23.84115830225863,21.680785970997434,69.35681850575772,6.515775484430949,162.06058183140465,46.148972134821584,270.6892398936551,0
2026-08-28 20:00:00,23.00929185395023,21.473863637610673,63.574208466216035,5.805160518227322,227.72890796924338,46.53440953092,315.94302382273014,0
2026-08-28 21:00:00,21.07598788489442,20.114727232371163,72.95407478107653,5.677084064530113,160.97864598224052,18.656817519910707,283.8055743355836,0
2026-08-28 22:00:00,17.968938933588465,18.687673009375622,72.92227720727655,5.8067624782360445,219.1575399817565,36.66660927457747,328.41503367663597,0
2026-08-28 23:00:00,16.18984987234882,18.37763905125902,79.1425225890973,5.941909147451203,180.55179337482014,52.44633046598997,260.9159400382884,0
2026-08-29 00:00:00,16.09060661640191,16.477977365426685,76.87699082201601,6.0635280978757855,214.2975244095018,51.54668225071929,342.6469284512134,0
2026-08-29 01:00:00,17.5620494432193,15.682631153638347,75.69690911908756,5.708447934736823,227.22028838183053,35.483471763827886,243.8878840066991,0
2026-08-29 02:00:00,13.14133938651915,15.113503167449753,76.07242585324629,5.969967840957473,204.60263586511755,29.21971417278878,327.7048931723847,0
2026-08-29 03:00:00,13.037231317347862,16.218752022976854,85.70562857276437,6.4706603211045435,164.0113714507796,46.2657930672293,184.39563124402412,1
2026-08-29 04:00:00,16.184963435363706,12.42318691521143,71.19740704180839,6.202500319773086,173.09674266478544,15.932259512041853,230.992317946634,0
2026-08-29 05:00:00,17.126584084478193,15.452775762654081,70.3042746216012,6.736120086342792,178.14022576898654,33.51325747662237,286.91864553957276,0
2026-08-29 06:00:00,18.76001249655561,15.563315836222424,75.7247867498707,5.537291856659313,143.1497931920668,62.6016107515531,258.9821829542757,2
2026-08-29 07:00:00,20.554196481145105,14.826876507863313,79.74918545851573,6.470475803000806,233.82433576195785,59.45067328873769,272.0100552038975,0
2026-08-29 08:00:00,21.66519661804779,17.2477814233088,68.63879857302061,5.483730544030962,203.30322757268988,49.87249358765145,276.66603680642845,0
2026-08-29 09:00:00,26.046528473620768,18.345325413055143,68.64902744517491,5.941426458696185,165.93445864433016,48.07336314481256,227.3638956749178,0
2026-08-29 10:00:00,23.098644032285225,19.47171138508592,74.04832804557545,6.09299061169524,243.67024572375072,25.49829215475601,230.3628154050973,0
2026-08-29 11:00:00,25.707001931135466,17.913813729974123,69.62501986910777,5.595689123238211,178.9601569958551,37.593327633508835,284.28488195233683,0
2026-08-29 12:00:00,27.9072956862675,22.09311152948355,61.35520373061059,5.83518571098971,207.51717467224614,42.04831402034224,248.3466819271288,0
2026-08-29 13:00:00,26.296697567292224,21.23823776099832,59.38872933327896,6.164184440980736,175.24188364411395,37.80586250498811,328.64135435844673,0
2026-08-29 14:00:00,28.736218393351894,23.013355812540293,50.87880009962095,5.515891640675236,139.45219540012917,41.49756665092136,267.32211378268863,2
2026-08-29 15:00:00,31.253686032615505,23.456562329702102,57.58137426354943,6.467753383819058,159.06678323446218,57.99224424346294,303.7500497242732,3
2026-08-29 16:00:00,28.093507558935016,22.298642331504567,68.57822777208885,5.246161350109061,186.54528707400706,39.581769387286776,292.7140667722843,0
2026-08-29 17:00:00,27.29579882688386,23.392071267037515,58.0242114839297,6.575876577091353,226.94890613618145,41.59060819443235,250.95355771309255,0
2026-08-29 18:00:00,23.60975285224113,22.155707022407867,71.56934581490448,6.2005304539198365,210.39599440457735,52.395312866837514,195.78684852190509,0
2026-08-29 19:00:00,22.88719120365843,20.171325381275665,64.18460790535053,5.764109769468888,204.20615378513736,30.805242813971965,322.3976547048419,0
2026-08-29 20:00:00,21.437205429514094,21.934193540422225,71.20571636651728,5.638932715505307,139.69917131765354,36.59795421161154,235.8436369321143,2
2026-08-29 21:00:00,19.711694039148004,19.41524020999709,76.28492522379749,5.597188694883591,238.10258443040283,37.62277412243157,258.84967778085024,0
2026-08-29 22:00:00,20.422465692505654,18.316405229809558,68.59556398480109,5.745681743897194,206.7103908948667,45.55592146551747,268.966302337337,0
2026-08-29 23:00:00,17.886789122781856,17.64227112516054,75.78827645614633,5.780601655380469,196.4174699032352,41.550379325063346,272.95953727585277,0
2026-08-30 00:00:00,14.270635238103381,17.21778938026191,77.1997810306493,6.302090498653833,233.97269329966684,41.86659090652866,313.47834650156074,0
2026-08-30 01:00:00,15.60827638362453,16.125756546596126,81.19581163434145,6.587461640153833,237.4249017070482,38.35146012897505,275.2329623169311,0
2026-08-30 02:00:00,15.747332622745178,15.974351924627982,78.67978669512897,5.879751968261603,234.63770742827575,34.29169739785245,269.90583638962676,0
2026-08-30 03:00:00,16.948742773758422,14.0647052016208,76.34404704363622,5.461748604804238,192.58740509890137,51.091429242105775,315.7382382618005,0
2026-08-30 04:00:00,18.30863320336149,14.406090903655413,82.2213899566761,5.581709583745522,169.89570317647414,41.62195881037746,299.0260948754714,0
2026-08-30 05:00:00,15.527611243952364,15.0434990369865,81.07839721909868,5.726763686155486,229.66768751426218,51.19018980147373,245.5771821607738,0
2026-08-30 06:00:00,17.28371373318449,17.05420821898921,72.20778418954717,5.3879511578812895,159.04836670788748,33.88372669518853,229.11378490084667,0
2026-08-30 07:00:00,18.30189989591043,16.0805228445228,74.00840062091868,5.328423439157048,258.41770215992847,38.347578422503574,242.0520089920032,1
2026-08-30 08:00:00,21.648970211339527,17.868177810929303,70.04174182099426,6.6388508849492105,200.83998635583688,42.78816972153234,273.0312099924714,0
2026-08-30 09:00:00,24.511270877387147,17.99556795461737,67.38807281026148,5.921045410378501,168.17347232901247,43.72132963183789,225.1578489931831,0
2026-08-30 10:00:00,26.98100177488365,18.613073090049944,76.64534425317709,5.466746746527861,163.0439433753017,52.5436872593221,278.6301218864987,0
2026-08-30 11:00:00,26.83582093284205,19.83789664111853,66.05127434414452,6.126641428143085,161.67185527831822,40.694907104076414,269.83206760838635,0
2026-08-30 12:00:00,27.582406541608805,20.865264230376894,53.12159929954556,5.328661550077261,204.2108872016253,52.467422428108755,173.2992387075775,2
2026-08-30 13:00:00,28.989117772396586,22.31134371591478,58.899063814539275,5.3615951808515785,199.80823039820638,48.749440085596945,218.7529925493082,0
2026-08-30 14:00:00,27.747285647554964,23.563790629198998,53.441396785455,5.478783039574302,162.9223347947242,43.931473899170506,159.56999025263386,2
2026-08-30 15:00:00,31.895788866565635,23.15144798330533,56.47606207489204,6.461805312346013,189.30632640332294,35.4870120350348,261.2438775582276,3
2026-08-30 16:00:00,25.650686285813986,23.949662142993404,55.682625308391074,5.69884797368865,158.96193841725972,52.5687526546332,317.96054581384004,0
2026-08-30 17:00:00,27.22685833664942,22.091871515052524,59.369817640678555,4.823317205239005,217.67905417832517,35.73662532686349,199.37368178287983,2
2026-08-30 18:00:00,28.53540932884446,22.13239720808653,54.553901157216046,6.284026373270237,198.3622020166186,44.78719619842721,222.10852720826543,2
2026-08-30 19:00:00,23.821933082557642,21.248985097380057,69.73448119076821,5.677447454335057,188.64792482247657,44.4605955706392,268.45048530907275,0
2026-08-30 20:00:00,21.714941447497758,21.251555672699883,70.3447670761471,5.0602367976486375,161.35667809797417,42.929048573827174,232.44987884586288,2
2026-08-30 21:00:00,19.652098550066714,19.748109472266552,74.3322932774136,5.673326604814636,190.99533199331705,41.10680277014686,232.25308931732832,0
2026-08-30 22:00:00,18.229412477356387,19.583818349627357,74.0019480843297,6.008401558641961,187.5581635596102,36.77923305038329,296.6637642469264,0
2026-08-30 23:00:00,19.109525243708966,17.219922450283963,66.49708095652714,5.9616196666131875,209.5318010362879,28.830635626299216,255.20418221708317,0
2026-08-31 00:00:00,12.620029306514668,17.034424778657026,83.82357167845608,6.519365991665928,205.0105393435088,59.03804732840352,215.53100450408073,0
2026-08-31 01:00:00,17.53866976792101,16.721059204063614,84.96471907984206,5.458892854972028,223.76180306238027,40.082765357427505,191.49136439771598,0
2026-08-31 02:00:00,12.864064271324782,13.883656164829755,83.009185767443,5.818688048105988,185.46270369484813,43.71887904882531,363.33631080254924,1
2026-08-31 03:00:00,14.8385407221249,16.83360174070789,76.4641281368623,5.520172288568631,144.18765493410518,43.657726160660594,320.1323621825068,2
2026-08-31 04:00:00,15.293955543060937,14.7734784920961,70.90691746779964,5.18312284232511,229.7327862979412,55.95604337228748,256.93466615751936,2
2026-08-31 05:00:00,17.933082436350247,13.51626476390279,70.33996622257987,6.1542109489223815,171.9190246085546,64.3319422151764,278.5143204665575,0
2026-08-31 06:00:00,16.10281347217438,15.662373503723675,79.34182211625104,5.985307827659008,166.79248840954233,46.598474195886865,255.45875751612047,0
2026-08-31 07:00:00,20.88152568340527,16.19832764963233,76.70775931391056,5.913471379879541,198.70650364658744,43.42997331543082,295.41826923165,0
2026-08-31 08:00:00,25.03646443493028,16.934484496342005,67.66057355169355,5.970716077303457,209.0681153886355,33.76542992840588,240.83142529128477,0
2026-08-31 09:00:00,21.76697230882843,18.75767670993125,74.27906967793581,5.525810858924632,184.07490782855953,30.56411550587235,253.27307134092706,0
2026-08-31 10:00:00,25.784559251415594,19.597955977141645,68.9969201184375,5.397721965072723,183.8392195559562,27.26025070355899,293.2160336077799,0
2026-08-31 11:00:00,25.95677420161092,20.27357713322916,67.78454291499649,5.815058948867744,188.26921046703336,37.04155040476532,333.1543641778563,0
2026-08-31 12:00:00,28.701008635780624,21.36012450715732,58.66642166075697,6.264484560964646,242.4962105297943,24.09145202686885,304.6566037864842,0
2026-08-31 13:00:00,28.790202450147103,21.744940365195724,62.72137461969924,6.443230854181419,199.91965737325603,55.788299537401116,324.3565551036371,0
2026-08-31 14:00:00,28.037769636433534,23.88449429452979,58.51278741686907,6.118173082722973,170.9611148161461,49.230962439934245,262.5033064995528,0
2026-08-31 15:00:00,29.493289211330087,21.68034649047006,61.0951977111944,5.811669770707238,171.266499292911,42.4835948531522,250.07958370492227,0
2026-08-31 16:00:00,30.76869999117119,23.111721339372718,61.13187766592913,5.907913571759974,192.47347461252892,56.0938398076079,197.46475443672304,3
2026-08-31 17:00:00,26.663391780714885,22.9157230101073,72.79784890007642,5.8046375437301485,207.13573802084022,34.28843922596725,277.88793429365137,0
2026-08-31 18:00:00,26.579636913222274,23.114725939989427,57.95577583229511,5.389622664120228,214.51940485898572,36.80018944635445,290.1618812542576,0
2026-08-31 19:00:00,21.871823878910902,21.153344022806273,72.56134950026345,5.809858951284217,203.72475811541645,25.66206719698255,262.99978417091177,0
2026-08-31 20:00:00,20.565345434772986,19.60506191808277,79.1277684363904,5.266069272964603,174.74379947248732,52.74353695020212,243.93194695601062,0
2026-08-31 21:00:00,20.89687610110292,20.160734593288637,75.11798750787048,5.750369109558784,187.28176101317652,36.896587136907264,324.7361375937253,0
2026-08-31 22:00:00,20.726174042803947,19.224984393774882,75.69331836276046,6.454442044238528,222.01723645593873,45.15695613275824,300.2721710878661,0
2026-08-31 23:00:00,17.58367255487266,19.156403347148036,78.23806744349187,6.129143689113341,165.61724118640714,55.02576400574678,327.51301802076046,0
2026-09-01 00:00:00,15.468235127724197,15.98371036293993,84.32979029560805,5.430752326305388,186.02739820767613,58.70850755499421,236.85683619935182,0
2026-09-01 01:00:00,15.237456324111553,17.095327888627185,72.67766157050428,5.771028372143086,217.92388573644058,44.70853648509429,246.67063493807908,0
2026-09-01 02:00:00,13.124388399045424,17.429829876083943,73.72110059129426,5.466249475298104,226.2584427990553,48.842374362713564,323.12708973006386,0
2026-09-01 03:00:00,16.145292205509573,14.834084784825745,76.99397865106224,5.774994492729116,194.2125388672585,35.961497539563396,273.10611680976837,0
2026-09-01 04:00:00,17.261321766994044,13.967246224405422,64.8806033617486,6.216443126609825,187.66379568287553,61.833733430075334,252.2358355328578,0
2026-09-01 05:00:00,16.372117032444546,14.81071720174503,82.9066885819566,6.0612031753239615,160.3364617566878,43.338494397006336,255.01939904948642,0
2026-09-01 06:00:00,17.794936778360746,15.547102358759352,81.14965184344432,6.793657632298134,215.76919768181284,45.8028495186812,274.5567789546278,0
2026-09-01 07:00:00,20.587084028760426,16.62260317525934,69.52874639006485,6.276990961003029,239.56339055440367,40.93146927736774,315.11807263341643,0
2026-09-01 08:00:00,21.344920395939106,16.526884216129563,68.93224254157053,5.881600152431076,276.95462175799076,56.99248998413756,268.57948591633647,1
2026-09-01 09:00:00,23.712534393778913,19.208882646907792,67.58322135171196,6.070859989653317,211.5933855055414,46.995939230831894,306.6213132071111,0
2026-09-01 10:00:00,28.649582683749774,18.10837414799355,62.280604031698374,5.719022730326666,198.47361045068058,52.609345774136244,293.69511107384193,0
2026-09-01 11:00:00,26.57920891718684,18.643912058671845,65.14081889534722,5.348998301165401,172.40568160547278,48.53958139978882,239.86643839276104,0
2026-09-01 12:00:00,27.524667598459235,21.885368339429853,66.16155941624044,6.322310631315008,143.63429258770552,42.79590616783995,239.83482528051508,2
2026-09-01 13:00:00,27.790168075570737,20.00873029978123,62.18866654427273,6.203596590772659,205.308777492195,54.29468561299592,256.9893363227409,0
2026-09-01 14:00:00,30.116287957249906,22.300797800039582,64.97642096868908,5.703578314162414,270.5101736046291,48.45316194575381,221.52649381350926,3
2026-09-01 15:00:00,28.489644524196322,25.35784820852271,64.44216545659093,5.909574294772535,238.1243668897074,35.39020939152766,254.4344457680243,0
2026-09-01 16:00:00,27.088118269008934,22.990365157632056,60.8594408478261,6.296375674953922,233.49692807341395,35.107886161906194,335.5373366692554,0
2026-09-01 17:00:00,28.931703516715352,21.967089184599274,68.35751911896206,6.138540570482408,207.36808451173746,46.488267290316344,273.7443865669052,0
2026-09-01 18:00:00,27.629404506770456,22.418183644108318,56.453429661263016,5.21475949950012,210.78569480840966,54.074579023876275,244.34189335650186,0
2026-09-01 19:00:00,22.911097967109587,21.787786493850565,68.44585338536112,5.897448008595929,127.28758045166067,61.394205485064035,351.6297860728191,1
2026-09-01 20:00:00,19.200190072959074,21.128519952282492,78.19435891782645,5.732947389804655,222.87531742291992,27.22786542419197,237.77530721095184,0
2026-09-01 21:00:00,21.699537219037737,20.56508656613778,66.74518981259399,6.245200279655472,182.61978291272553,45.25659849098721,236.5246813277845,0
2026-09-01 22:00:00,17.473055261359995,18.168711065305807,76.98011192020377,6.212417095513064,178.9481796021234,49.89647662174996,324.17942727226796,0
2026-09-01 23:00:00,18.236190930438323,19.31476226377935,77.23326886846925,6.327443131271218,190.30229140854178,47.95669134994763,301.4527223840128,0
2026-09-02 00:00:00,12.982666446941176,17.196091427498093,76.51818092376439,5.352842264511917,189.28986531646956,55.093271050337094,269.79764589894455,0
2026-09-02 01:00:00,16.577415223425486,16.75300811237525,76.14471313391924,5.486355386377504,178.47093224085012,51.55533976491502,308.2763559995665,0
2026-09-02 02:00:00,13.18324210607883,15.033378865057731,79.79759032165936,6.245632974454176,200.41616216527927,35.1449981641966,287.02400004916666,0
2026-09-02 03:00:00,16.33466539457631,16.165402404440155,74.03971226734697,5.563341673863022,183.25167211375842,34.85208311309269,227.55230337044696,0
2026-09-02 04:00:00,15.959231775263582,14.794358072949548,88.75729612993757,5.191426807634277,203.00968867268438,48.124548561517244,179.09661171942776,1
2026-09-02 05:00:00,15.619343402599199,15.358338705638552,73.84125614965357,6.013038595045626,155.38466556349903,54.905054244225255,252.30619393170838,0
2026-09-02 06:00:00,17.88944553060983,14.78941352311256,79.95731683360762,5.581112623893611,193.57826688103947,46.434175529526954,318.39699343593117,0
2026-09-02 07:00:00,21.217744369717405,15.374027574132107,68.9747016719334,6.51591630812336,167.11113230941245,29.22066930431722,257.86119646613537,0
2026-09-02 08:00:00,22.15884167967285,17.550564245162306,64.37620903996617,5.918473821595385,180.756520445064,34.52828584683727,293.40388793396977,0
2026-09-02 09:00:00,24.68835278642637,17.609838355424007,67.2880478720637,5.864103714656666,204.30196529100593,51.9151585586533,282.3794179378027,0
2026-09-02 10:00:00,28.46466087677323,18.316941529996498,65.48787386980963,5.652302443353697,151.88007155735127,41.513549090828676,207.25998821542402,0
2026-09-02 11:00:00,24.603385050739256,19.52072950678846,71.47848581444129,6.436334133570789,175.32777868183587,46.17957303203288,258.74417225174733,0
2026-09-02 12:00:00,30.487996688944005,21.559162457373937,67.62572952654254,5.9434217839559285,217.06893154509,55.65418039151758,289.3551732178631,3
2026-09-02 13:00:00,28.918014690308297,21.325196835783302,76.42461382130554,5.636600192737517,157.60466474402597,32.97790952380045,243.51414977982532,0
2026-09-02 14:00:00,27.65182392751531,22.369977669856024,64.47038230575961,5.482366517357821,253.33601420836422,40.85757344098046,260.49847371888194,1
2026-09-02 15:00:00,26.76601034541499,22.87572550538595,60.965326716375074,5.770610778174313,236.1322386839194,39.77127186626056,290.66988368388445,0
2026-09-02 16:00:00,27.77849724032552,21.46612089119176,65.33017494558383,5.408941265138077,185.16418746643163,48.55402536527867,277.9051999657192,0
2026-09-02 17:00:00,28.332222636192522,21.68680218085746,61.070268084536515,6.211550976671577,176.3837093664481,52.728881782719924,316.8763896369886,0
2026-09-02 18:00:00,25.308676319433697,22.733123926535804,70.65941906594071,5.076663178390306,206.05819710006446,30.19732543101218,290.34683652653916,2
2026-09-02 19:00:00,26.07846571108867,21.238803635824034,58.620019664864984,5.744194388666772,156.5761322891852,44.9446364083373,236.7660000639193,0
2026-09-02 20:00:00,19.823236464922662,21.845379929024336,84.45378895409499,6.0440534180351735,139.935718255027,53.693291040462114,255.89813144281857,2
2026-09-02 21:00:00,20.17013326251327,20.80872186381052,76.47608055886164,5.9368477680438625,186.219946278423,26.452135485391647,275.8118513690511,0
2026-09-02 22:00:00,16.621409833380323,19.57533493308435,68.03428811096279,5.513086810793732,195.97853700493425,44.35607558560393,328.5366030605617,0
2026-09-02 23:00:00,17.59570035563162,19.420541249439996,71.7400150616672,6.0641034826826195,202.8328167306059,32.84215559216772,256.05897478870776,0
2026-09-03 00:00:00,17.26815325865488,16.933528537805454,79.75862131018383,5.445584244645636,181.55778151646348,38.58433096450467,205.6972479040789,0
2026-09-03 01:00:00,14.607376525454942,16.69067841597688,84.75286845031135,5.791046137401276,238.2184018842484,19.94965410518478,292.6226761396475,0
2026-09-03 02:00:00,11.093679215059298,15.06837760358542,76.72639680576903,6.060736628792142,155.1458102454835,58.92734118755027,244.77607006624004,0
2026-09-03 03:00:00,15.536941436171263,17.098192625138708,81.32079952875922,5.9851651117972455,165.85213595125703,41.44170872596487,223.58794721700127,0
2026-09-03 04:00:00,16.592930001109195,16.586906921948817,66.75178463535936,5.529984395432213,214.59907868434433,36.928081359640856,275.75212051303356,0
2026-09-03 05:00:00,17.65669466413671,15.145801042457961,74.76528707568072,6.278997806625745,165.15057843088576,48.2826704545715,313.9147056723321,0
2026-09-03 06:00:00,20.35367328773323,15.8451673687864,77.53582626523615,5.834677828594214,163.9903864340805,34.576897673127505,252.04477841355924,0
2026-09-03 07:00:00,18.58168616480878,17.25901095474565,71.34439795171457,6.09719816437566,203.7006437662149,33.62755471118706,294.86295548730516,0
2026-09-03 08:00:00,23.020324158175676,16.882288396148713,61.24099951449913,6.411640402669299,168.39432139051905,60.10329169813727,302.2765465216973,0
2026-09-03 09:00:00,25.600494584434607,17.439424562950155,66.41048048056628,6.247008219509842,196.00746716237938,63.086630283267986,306.6718597466652,0
2026-09-03 10:00:00,22.832118623990226,19.699191800805504,65.97786331803434,6.248051762532417,179.0043032102673,39.079363277175176,245.70910761525593,0
2026-09-03 11:00:00,27.4292252071843,20.09802757727702,66.63272158170803,5.877071971939789,174.1500888988178,55.673547099161794,230.15671768266458,0
2026-09-03 12:00:00,27.305908079979563,21.146395559716208,59.206278142934224,6.117574048364204,136.9308382596518,48.56040443988086,235.6098758016562,2
2026-09-03 13:00:00,28.63919677437101,21.161010050291818,58.16977942248929,5.885438629825726,204.18689458464013,30.861687082896506,306.63898688489877,0
2026-09-03 14:00:00,29.521514725307505,21.089963896447035,50.869170725249774,5.316270212888634,162.58430023661214,35.71868106150215,301.6957261868325,2
2026-09-03 15:00:00,28.030637937853147,23.052617233059557,63.612958029833635,5.921097517002017,194.95273389408442,60.510997991969354,236.7139759719866,0
2026-09-03 16:00:00,27.048615707748656,23.72396963319536,63.13713645931862,5.902544393495386,184.63685304954305,30.732049671758233,360.3057610537454,1
2026-09-03 17:00:00,27.00097609453787,22.683057905895442,58.05690533285421,6.033491744608727,193.8047582390035,67.80999338074858,231.9454413365134,0
2026-09-03 18:00:00,23.869131091705796,23.613245230784848,68.7260362587885,5.7488012099146415,195.50973877960217,39.28637824088221,314.97856338802904,0
2026-09-03 19:00:00,22.182995622389868,21.265294064413755,74.91575675635285,5.49541777729446,205.8088475275479,60.80814906293233,335.78661756820844,0
2026-09-03 20:00:00,23.019059924434757,20.156236436027264,67.69928837358354,6.062602433270091,178.1672209552567,41.94436205357163,279.3903042397346,0
2026-09-03 21:00:00,18.46507563154437,19.981491934653178,75.58274399125663,5.274691085099101,237.28089437820105,52.99903591501151,244.21104625676676,0
2026-09-03 22:00:00,19.499468751363818,18.933925939718968,74.36719374628923,6.383527654342587,144.5779981743327,58.95033140120689,245.08487890206612,2
2026-09-03 23:00:00,17.744139470975096,18.580698804658095,69.08538349893509,5.7074327755180025,193.20226644418312,58.8995381768101,264.51639198548503,0
2026-09-04 00:00:00,13.349112080323033,16.380029740748814,90.66399460715034,5.898211268822467,225.08692929232603,39.1563446920703,318.23483112272135,1
2026-09-04 01:00:00,14.222172237473039,17.266048264705727,76.97914416442093,6.023423261312629,214.30317659007812,36.426119001008736,227.0049674920061,0
2026-09-04 02:00:00,16.79116410457106,17.109431954868846,79.53118408381609,6.036275217937677,170.7549327041421,44.187879902488646,201.449358703489,0
2026-09-04 03:00:00,13.766770919267,15.104981473269053,83.72595128302484,5.236406280019306,175.75263521035927,31.995203789660216,289.48219962277216,0
2026-09-04 04:00:00,15.241215780044849,15.999768336147454,77.41256542836743,6.129634632217705,169.79622322020188,47.39264175610558,298.26451005036324,0
2026-09-04 05:00:00,17.743343871572012,14.29109903834352,78.14196247941176,5.921261531350509,217.97682891993168,36.79203347722485,353.7187778719707,1
2026-09-04 06:00:00,19.675085763923892,16.396075617807778,74.01899319237327,5.545895446176556,177.80228814453474,55.827097735429156,219.70724098933078,0
2026-09-04 07:00:00,19.81095835521561,17.009394002101377,65.53865118760424,5.500133219621635,207.6536926437035,39.29887583781861,269.60773552151045,0
2026-09-04 08:00:00,21.103734707962538,17.690749824151904,69.41415484419451,5.666378767177262,207.92904242227866,27.5774103051998,321.47349728481913,0
2026-09-04 09:00:00,25.94528810826541,17.952273348493684,62.202899758311204,5.280503325355803,271.0518040470612,59.00914776169296,279.8344867041093,1
2026-09-04 10:00:00,28.10834949569637,16.636600847006374,60.36125539843372,6.4889069563948105,209.39753779405112,46.833680033318636,267.18243243753903,0
2026-09-04 11:00:00,28.418034544478527,19.52189446548838,55.77834265744258,6.394460530057337,175.6656795574861,45.29134890420073,306.5962198771816,0
2026-09-04 12:00:00,28.190155040338606,20.499267185852318,68.20398253532383,5.980680080390376,156.19549213800803,55.94394784946209,251.02444143173608,0
2026-09-04 13:00:00,27.549082201562086,21.04582317429781,71.35106463119257,5.710640633463163,191.72441856086763,53.71576502298157,309.05643367816594,0
2026-09-04 14:00:00,27.75433339016515,22.561896018775407,67.98481481179385,5.721156804825042,196.42742472718044,37.38146455989575,224.85747231238898,0
2026-09-04 15:00:00,29.54525194192211,22.528532548739285,67.29834379042919,6.103226282469587,133.67901417828332,40.502183939738394,214.22273186868412,2
2026-09-04 16:00:00,28.689775157824098,22.340310392187984,60.2490956255703,6.50313075980078,178.5843751912096,33.87044749940662,264.0564792435068,0
2026-09-04 17:00:00,29.05214535772548,22.01666318655802,58.35614139579924,5.571841304161302,208.92057628482658,30.355479448751847,172.46840852413732,0
2026-09-04 18:00:00,26.47567513880421,21.891691226749572,60.736254599376394,5.35296558295067,184.02932989201474,50.78592534915389,278.38798546851615,0
2026-09-04 19:00:00,21.55711286307792,22.725626494226134,73.75178917909261,6.419056309438108,229.0587135711751,48.921843100416815,205.69754629181153,0
2026-09-04 20:00:00,23.57792142658438,20.471179956298005,69.2418095538195,5.085144564966219,153.2493066583844,52.60829211522517,286.2968208226551,2
2026-09-04 21:00:00,18.691175743310733,19.623325215263463,73.584480550035,5.396587676698942,220.3064846045965,57.816054414959424,282.4183775246778,0
2026-09-04 22:00:00,17.92404309207147,18.634641907981404,81.36689101049095,5.701256842995659,227.4166922457786,52.74474794925673,272.28150455340733,0
2026-09-04 23:00:00,17.425552841071713,18.235918630637453,77.51404335979066,5.175826612877987,228.6948942752461,53.63459476305258,292.45634670152367,2
2026-09-05 00:00:00,18.931323408184873,17.364999590822826,69.48912372257521,6.244859625122639,153.02430846036864,24.220387418278627,283.1678987445635,0
2026-09-05 01:00:00,19.903397049984562,13.735847643859278,69.11137939434005,6.14276210820204,209.43658387572154,41.93014758075006,263.2799758667491,0
2026-09-05 02:00:00,15.910084588704274,16.35320655592433,80.7178649898256,5.570082709113873,179.93737644435456,54.64576494669987,348.24027921908527,0
2026-09-05 03:00:00,14.963724287895941,16.28539112223873,83.65219511779785,6.311845647671099,157.81572674051296,33.317912637947835,290.7324277420977,0
2026-09-05 04:00:00,16.739580646229754,14.159850770110664,79.07090438580414,6.37971697136153,187.58396825078876,45.91671382837764,305.8763234924351,0
2026-09-05 05:00:00,18.38173567050492,14.35845809905586,83.8263609347545,5.754731740683974,172.85066024297572,50.19464440613506,317.92318975890373,0
2026-09-05 06:00:00,18.018998561664212,15.175695674639629,82.95223755466003,5.619732728972797,227.6225140449161,49.428534938384864,301.7259751616836,0
2026-09-05 07:00:00,22.881083718150837,15.566769659688525,71.1478787124728,6.703840811096991,215.39190029040708,48.687963079583,357.5133167569922,1
2026-09-05 08:00:00,22.345106138787102,17.179141499157286,65.39296933604797,6.088464728833662,165.42666595673398,50.989127190455754,281.64027539284785,0
2026-09-05 09:00:00,24.558347949354737,16.407503590502827,60.38004490211547,5.902529861187541,178.27336058507214,46.807438949282194,274.7215461665576,0
2026-09-05 10:00:00,26.498886378081693,18.105657913570607,62.66442762122839,6.345418378655845,188.5790772315013,30.370717926089867,249.0171164877354,0
2026-09-05 11:00:00,27.582127384227515,21.266633940550008,67.06751437100776,5.920772254001208,197.82784558046308,50.06955535403493,264.7490425376007,0
2026-09-05 12:00:00,29.320588577195487,20.257424026121587,70.3485291039251,5.597751765632324,230.1913482441134,47.84746560553744,245.7510172379535,0
2026-09-05 13:00:00,27.83560100420309,22.823169747228533,65.08451396701028,5.832063904195021,220.723469794419,30.502515491445465,302.0884765200616,0
2026-09-05 14:00:00,28.162547369080954,22.748372171609862,68.44855712825904,6.215461714927894,201.5417590692452,58.79735211086571,238.50735010725447,0
2026-09-05 15:00:00,27.111249434565934,21.41628913348567,62.63996324758187,5.003125773460314,192.18053450315233,50.3383769974804,277.9516867959251,2
2026-09-05 16:00:00,28.72142967242141,23.508263356172964,65.04813001923206,5.684787704224312,146.79937896177583,31.196516790225417,297.381877372095,2
2026-09-05 17:00:00,28.118152223574004,22.769569463401993,66.77500147909706,6.3532229594326415,238.75992878378167,36.8277483602785,281.01295546380885,0
2026-09-05 18:00:00,26.186659299227827,22.099727970137963,55.07803746166397,5.595252639562593,186.5871020640303,39.3594795825382,239.16340497720293,0
2026-09-05 19:00:00,26.323471965738953,22.024392799283795,62.744639629230704,6.418443424172564,246.6452072127877,39.35236561199351,302.9577965602394,0
2026-09-05 20:00:00,21.99160597175643,21.379706788453433,74.75857475528163,6.365897527743925,205.88327876395505,47.930501888184416,271.5864116585621,0
2026-09-05 21:00:00,21.191379167671123,20.601349637989777,72.34268667697748,5.773788353804419,260.7585262586433,35.236482489417384,160.09151134214198,1
2026-09-05 22:00:00,16.86244868579103,19.9426022780384,70.1824863362961,5.5725842780444,218.18964600098948,56.28136747121935,235.66593237666453,0
2026-09-05 23:00:00,16.469602977982568,18.2912325498126,64.48586454778413,5.685056450340146,157.03941106337362,55.45803451367991,331.04528945610934,0
2026-09-06 00:00:00,16.981128809857594,15.89949272897091,74.19374170166085,6.865845796800574,181.56753559216364,51.193173095995895,334.37287366058735,0
2026-09-06 01:00:00,16.512172382091236,15.792656509132856,76.22746467702112,6.549769778773298,194.92595117984106,45.44241775393851,296.04444840260794,0
2026-09-06 02:00:00,14.559049578503727,17.890337053077143,74.5095257566538,5.850156388722695,173.78651338675027,54.37447515151537,306.3627590783332,0
2026-09-06 03:00:00,15.131120338189422,15.715889543149109,78.95808027931267,5.556738579351836,188.68817548453868,42.24052277195991,243.8682407496854,0
2026-09-06 04:00:00,13.661011553487716,16.895429840649197,82.53871987197921,5.846816414232505,158.99182524253672,37.75511138616791,264.59422325043766,0
2026-09-06 05:00:00,16.51470873048425,16.252643960603077,79.93578537705007,5.897530770646705,200.17163843297368,56.90109645619741,324.4146640183855,0
2026-09-06 06:00:00,19.83557474527968,15.729340042106845,60.81771568100277,5.302656504956258,207.1223584703282,48.175427570190095,292.03660970248296,0
2026-09-06 07:00:00,21.051074208442202,16.412698531078703,64.56728546082876,5.832016507686104,169.87671778381645,38.15942359418608,277.5979353554821,0
2026-09-06 08:00:00,22.750998582071816,16.970735968098523,67.57568845974015,6.328961729924692,258.2076288044574,40.82257632958421,267.52765828427925,1
2026-09-06 09:00:00,23.886393846489085,16.574480126912718,70.59719303940041,5.080257327513411,201.90539783841376,37.63572016234732,321.9788800493883,2
2026-09-06 10:00:00,25.510594737942263,19.01443780197458,68.23345638221946,6.130633586054899,175.49777401631263,65.22174858828605,319.8812861420058,0
2026-09-06 11:00:00,25.959265759095665,21.00381582244384,67.60823082846858,6.349919188021912,151.11382100104348,45.04098437450524,300.9868700307505,0
2026-09-06 12:00:00,29.11042045679487,20.520288004143037,59.550405742001495,5.575777061962253,201.79828668191504,46.577713112536685,277.65100264330243,0
2026-09-06 13:00:00,29.392940200607562,22.15798952399564,59.49030457272112,6.4776703032764225,192.1853440155994,52.212190478619405,260.7297405693285,0
2026-09-06 14:00:00,29.738028271989197,23.145374451852312,57.072719731504264,5.523865175020662,223.49122721859328,32.84639017392994,302.7205487873885,0
2026-09-06 15:00:00,27.972428520022106,22.135958953706293,66.67405641650271,5.976433064744161,195.69889205084095,55.96547266286223,230.9236062010208,0
2026-09-06 16:00:00,24.832163446684206,22.63895770852507,61.99895992528107,5.677290926134548,164.18843653193818,38.92153869212147,239.21720609653832,0
2026-09-06 17:00:00,28.595476535936378,22.049374112774547,66.3356101328242,5.6772014571349585,250.12154888532743,63.30016286115149,216.95634556860242,1
2026-09-06 18:00:00,24.781743815987394,21.806369129786226,67.70117361150335,5.553080372096781,213.06874638521558,41.87341269985407,324.40919111972505,0
2026-09-06 19:00:00,22.517569669652964,20.798342897823744,69.15369400414068,6.079430192344808,192.37673865204926,55.376400147631855,246.1733350348262,0
2026-09-06 20:00:00,23.04021836787099,20.279641230897578,65.46818595967248,6.13952218309258,204.93915594349215,20.03201882880913,291.160311470065,0
2026-09-06 21:00:00,19.60024772440366,21.170840725048354,66.10199342489497,5.774231120169125,214.22125869684976,33.2486692391403,269.9776991716189,0
2026-09-06 22:00:00,20.089904576069934,18.267618376727768,69.05385072682586,5.25601271453109,157.13430158319693,42.06392841002374,390.9015596048774,1
2026-09-06 23:00:00,17.975761456059217,18.065891194838468,73.17905190960451,5.961268066653756,204.7308265988843,24.69217001875109,292.67621816143344,0
2026-09-07 00:00:00,16.963176158309643,16.597704997063236,64.19906705212217,5.968805743764277,186.49629580118324,51.00884448841404,200.51436963018625,0
2026-09-07 01:00:00,13.18958564917572,17.114665624883358,79.58572144431581,5.713313995445429,215.21899956889254,48.12958125436249,322.01743026386333,0
2026-09-07 02:00:00,16.8179159780796,16.584828222145138,80.8402876664345,6.546892514872323,177.79454226181164,35.091723501401226,259.51396145577263,0
2026-09-07 03:00:00,15.630395012827305,15.827552680554884,80.4796155117766,5.174428294039738,181.85894434708752,44.84041370135501,266.96288792203785,2
2026-09-07 04:00:00,15.383906464639626,15.244907642482204,75.45828286372492,4.913086515898573,249.88613295692173,53.06477229923125,248.09950947959825,2
2026-09-07 05:00:00,17.265335232707542,14.951449065371008,75.91627921282708,5.507666040120932,236.92736272646408,23.969504831300263,282.8245007455385,0
2026-09-07 06:00:00,15.83564715065252,14.582398621509247,74.61640057210697,6.08416981363658,101.13316460098075,32.26510983765343,282.30052550699287,2
2026-09-07 07:00:00,20.80124590150336,17.726395980151565,72.18230858487445,5.377662145026464,234.70285947392935,41.649117007766556,249.18091289405487,0
2026-09-07 08:00:00,20.455942737726893,16.392261585797957,79.55340783344789,5.407611632589569,197.7904392122673,45.23723626632476,254.67421918054285,0
2026-09-07 09:00:00,21.782727886952344,18.49564089721619,75.10322054878156,6.180408534471262,178.75453811302964,44.41388578398456,279.0514453235327,0
2026-09-07 10:00:00,23.216461220673164,19.847652458098718,71.14421806365597,5.9850191691190995,169.7847579287705,53.892947854357104,181.29074053959752,0
2026-09-07 11:00:00,28.61878003079072,19.59105178288582,59.59303940113254,5.95082436385136,171.52647115160036,49.77211245655397,217.34010117985193,0
2026-09-07 12:00:00,27.118282735951887,21.83041002185277,67.60775268158193,6.112571567786211,179.60192165724754,51.96634840571059,341.7996838439207,0
2026-09-07 13:00:00,31.062072348898226,22.439797687417276,50.69112842445686,5.629922818690846,166.18602248954468,31.10124267195635,288.11283777280966,3
2026-09-07 14:00:00,28.196297805421555,23.846472683443167,61.30267522353969,5.6484063703767236,159.36201016782073,46.4482385479938,254.0036405303688,0
2026-09-07 15:00:00,26.200443847634055,22.488226132014905,67.87802448195889,6.12391170902457,168.78859547468267,41.928574907620565,207.1566867385266,0
2026-09-07 16:00:00,26.387391166568083,21.971308786176227,68.43723667035705,5.26204528768752,209.7018156519706,59.62071881668767,272.7473534021409,0
2026-09-07 17:00:00,28.803464898316243,22.459311500800666,65.18526457309922,4.942912061440581,201.5027044571239,46.743956373779,314.40768367124423,2
2026-09-07 18:00:00,25.266152733094998,22.631184449165218,67.55477016633448,5.626686330548858,216.6756935465557,38.30946065283971,380.5682441859976,1
2026-09-07 19:00:00,22.989302370981743,21.874997306414237,67.83421225940249,6.172349315626277,198.00890482369837,53.5250127595504,350.6822569998279,1
2026-09-07 20:00:00,22.240027338779182,20.68524968298036,72.40184704259742,5.902223879594721,160.79962008065624,50.63297795864648,239.5224791948586,0
2026-09-07 21:00:00,20.94094078853367,18.507918213228287,66.50656585082808,6.142916601649206,214.8332277048082,36.783983273595204,255.1680187446284,0
2026-09-07 22:00:00,20.176098223853693,19.376386396903285,67.96529581490933,4.993482275830734,169.85932163375256,41.51510297230825,216.1400307905331,2
2026-09-07 23:00:00,19.22300137653356,19.54259940285568,73.6410717304612,5.926198723329397,219.39842905966802,41.68553540391639,241.33379733504194,0
2026-09-08 00:00:00,15.398169204825301,17.371400990498405,78.78818516775337,6.061545801856951,165.0223999112912,57.274610922795375,266.4862734750099,0
2026-09-08 01:00:00,13.249447686853465,16.65888129049662,71.3725868829526,5.259681030955726,179.37570120789422,47.03241873878442,260.31452013495425,0
2026-09-08 02:00:00,14.379802258315086,15.993854629786327,81.41996919476948,6.144823036218618,189.15825078296257,52.26782478560172,357.1826922631773,1
2026-09-08 03:00:00,15.628939975850852,15.453934030749647,81.50891391857594,5.7553924413976825,220.23214403170846,40.067282788699174,222.3857223009514,0
2026-09-08 04:00:00,14.492183784193013,15.745332773494475,78.6229532716369,7.028534680642401,205.27991756382184,48.34800291139441,273.1962220324841,0
2026-09-08 05:00:00,15.614526159351602,15.45259563979226,89.53490002519803,4.929105572441306,200.60003966452774,58.03360902929658,192.46160950813425,1
2026-09-08 06:00:00,19.01568182232483,15.285756649139625,70.16650628163427,6.3476457470699,256.57006355165913,41.389232347493525,288.23563121950934,1
2026-09-08 07:00:00,20.115288156926677,15.534781747246805,70.45621839475363,5.64233676138957,144.89050516324562,46.15154803837776,221.331786372962,2
2026-09-08 08:00:00,22.04919549311738,16.80082107577546,67.9656308776231,5.153139314223982,168.84867071898347,31.36693743762393,319.1050523353117,2
2026-09-08 09:00:00,22.67399031366754,18.21602741675045,68.81027356714385,5.589217942574003,167.56434565883026,37.34441910089973,263.3589642793883,0
2026-09-08 10:00:00,25.15439892869135,18.747133631101622,64.57109722073892,5.910991696534986,146.88043070233175,41.65557108002177,218.92062926868428,2
2026-09-08 11:00:00,25.563397751903377,20.286747126915227,58.68986997469159,6.214986667826017,178.41441461341918,34.39160691048279,190.89192985768167,0
2026-09-08 12:00:00,29.39747544317825,21.351320106960333,58.39028798700372,6.48878571525287,220.63307491390117,58.219736775218465,235.85450045561316,0
2026-09-08 13:00:00,30.314354786109106,22.49497066976234,59.534670777798695,6.368757235481737,182.25057804452746,36.619929797584874,284.5752356297135,3
2026-09-08 14:00:00,26.23071820664286,23.490337590208938,71.06599856233856,5.413847191718202,190.00991084041073,52.867985921172455,291.8605458862585,0
2026-09-08 15:00:00,27.36721449373486,22.92610923993936,74.57055897438273,6.252065876906446,148.32335516359154,46.86836237531477,255.06248075306905,2
2026-09-08 16:00:00,25.817383943855955,21.95377874788187,72.09650875662612,5.9565139828483495,176.1042327451896,45.30851948510463,312.03188173731877,0
2026-09-08 17:00:00,25.974711566695486,22.587620027700922,61.353450971602385,5.538158791628405,186.1490385323725,59.86163644965158,229.57028428419716,0
2026-09-08 18:00:00,25.37484304531446,22.49935166906303,62.471140292491825,5.715235762609008,219.27201267641342,22.393997030724204,157.91760629965722,0
2026-09-08 19:00:00,21.637265486169852,20.35981211980452,69.63863852904943,5.51606293622211,149.75250806245336,43.03795103176895,286.3021460297,2
2026-09-08 20:00:00,20.61721028031203,22.110931616081984,80.5821421078935,5.814836936774582,186.34973762836586,34.19619663434558,326.60383250733537,0
2026-09-08 21:00:00,18.682330626160105,20.149178510418455,73.1540829876984,5.508136847082351,232.60454090206673,25.385795908669625,326.97334694630973,0
2026-09-08 22:00:00,18.810900994098414,19.30508226766423,67.18938135439475,5.388802370713024,186.6475014313021,33.05268266242308,223.0076303753866,0
2026-09-08 23:00:00,17.154269037248547,19.05714498961093,73.30899147053657,5.991647651113109,136.53315757643963,45.172375350030705,253.21227250713767,2
2026-09-09 00:00:00,14.855215843503048,16.495885735886123,82.35902099689342,6.051492219303855,238.37527332044573,37.746528707935546,303.9528006296203,0
2026-09-09 01:00:00,15.50375052418562,16.630806419961033,81.24520075545769,5.724961199963355,222.04690827615,53.96613589825149,249.91575568164916,0
2026-09-09 02:00:00,14.179979873119102,15.448007086380697,78.3829408197988,6.347060521574389,226.08191525236373,42.8615415205867,279.21539442433976,0
2026-09-09 03:00:00,14.831036550487442,14.989027201230991,82.01982950721522,5.695827765401955,147.68649059763817,41.75261645279057,246.3424041675887,2
2026-09-09 04:00:00,18.448000308956736,14.382246089756496,62.89653861651776,5.678890181949784,245.37367177541643,41.79719049493907,231.42444970154506,0
2026-09-09 05:00:00,19.06094410937969,16.46877926579295,74.04601324390785,6.064195592938279,176.80171744666407,44.01505593870461,239.1450539437297,0
2026-09-09 06:00:00,16.550628144608602,15.23549835280179,80.84267333331282,5.747029766022665,184.71683167339307,40.81521465057247,313.2290077180493,0
2026-09-09 07:00:00,21.432865311101114,16.73114427277037,66.516245250906,5.833919091610457,178.9166850202399,36.48746302435837,275.55131058523494,0
2026-09-09 08:00:00,23.217094831737388,15.49999409002245,64.3577935194337,4.791824611752373,228.40811545865623,54.89184883976036,325.8752655362223,2
2026-09-09 09:00:00,22.089338382588718,18.908714643341746,60.560553177076166,5.80668295389519,194.60604942484113,38.75904949611054,295.8168277981768,0
2026-09-09 10:00:00,26.72816646563229,19.841768924765645,72.27567821529472,5.069121625011496,214.45223097762877,41.16473383653814,339.2586092592377,2
2026-09-09 11:00:00,29.256645345924664,20.113223468647924,57.69125569978257,5.311619771600451,202.27703068653105,49.29405080090311,307.72272771834946,0
2026-09-09 12:00:00,26.37836061712445,20.81844602708966,65.95118364876123,5.265870984497798,197.14873988921238,48.18741246157253,305.37363320986816,0
2026-09-09 13:00:00,27.38522655250208,22.148427129237046,66.55731334441438,5.382966738586469,171.59647808761412,36.0656193765395,270.18048405457273,0
2026-09-09 14:00:00,30.526492200265253,24.295134143841985,67.32854910538896,5.580458456147099,254.36421761923296,52.549819441107466,395.368263059866,3
2026-09-09 15:00:00,29.168723750261947,21.453113946033486,60.62804262975749,5.605402953781805,156.09819114484313,50.376703398384045,279.50792879578137,0
2026-09-09 16:00:00,28.889392239350357,23.6256219100593,59.035580343887474,6.06571008170285,212.36761922104054,46.77974834187254,196.0630652349648,0
2026-09-09 17:00:00,27.46063129290658,22.13440946343315,64.31258069136487,5.888955125653879,211.29969776321838,40.68683149418508,285.7213415845587,0
2026-09-09 18:00:00,26.086043881392214,22.44816689809797,71.51714872504077,5.0395702284728054,234.63068858457277,40.93269309478591,235.7083102705028,2
2026-09-09 19:00:00,21.82202512325102,21.63012302948326,69.36270719509486,5.833317855018723,241.64270097137836,42.98202896998391,315.6808608640646,0
2026-09-09 20:00:00,23.570976559932173,20.657345393761794,63.34048272016102,5.927302098633371,195.87834201749672,32.681680588722344,304.03267032723755,0
2026-09-09 21:00:00,21.942651672924015,20.0269040771679,62.365028950914365,5.668573393498817,215.9118291777426,44.60731551403044,267.3394540026939,0
2026-09-09 22:00:00,18.15591388389796,18.09266308377777,68.50641641629632,5.775645609237319,252.94621131357528,53.92102040446999,239.48427946227355,1
2026-09-09 23:00:00,16.985037106973376,18.78806816849229,80.33991295866528,5.876124050158823,198.04469699233243,53.76371189834023,280.85702906883216,0
2026-09-10 00:00:00,13.641160919675345,15.56468519104112,78.42748451485552,6.105839839054232,168.00699574804472,41.19148228723547,249.3506476857178,0
2026-09-10 01:00:00,16.009901350003275,16.603384485516482,74.15051383039251,5.170048005014906,188.46595661901736,55.640832727255365,306.5121597113535,2
2026-09-10 02:00:00,15.858086162571215,15.274669702834588,73.79046048899482,5.70227318454414,160.860620041566,64.05904554529445,297.24062857032186,0
2026-09-10 03:00:00,15.145232690477556,14.199556779797764,78.65095007242785,6.403334439223092,211.15450432984167,41.83792464737173,392.43866369973745,1
2026-09-10 04:00:00,17.624352213314683,15.161906696478956,74.05350187519446,6.366664523319182,231.93368624421905,51.91514706432169,257.195418453963,0
2026-09-10 05:00:00,16.549136685224255,13.890735825478545,75.17537525913464,6.140374771110312,196.36875523797386,22.37190037309208,262.86297486061426,0
2026-09-10 06:00:00,19.3469088888404,15.567669442237955,79.93032897244521,6.0147298735822705,151.3711985163908,32.41853271818009,268.8089730425291,0
2026-09-10 07:00:00,18.658770176244182,15.033271349004565,81.69955719781514,6.461853899360835,230.64952505173034,45.9112102933352,270.56057862915674,0
2026-09-10 08:00:00,21.964671773688643,17.369017667454266,61.99228550702864,6.567139200642666,146.71103115302662,34.932669374816115,316.0831575184592,2
2026-09-10 09:00:00,23.55020192886339,17.225237952685617,69.77772134107872,5.748368004781259,153.62135666230876,65.39202044722448,263.9461741975147,0
2026-09-10 10:00:00,25.83796188306141,18.639204786376553,61.510135247219345,5.412227022684672,194.64984837515843,50.97879687296553,353.8952686457398,1
2026-09-10 11:00:00,26.395457075055795,20.270435690764614,63.484195940627586,5.691883072950202,207.55355737026497,54.658316468581305,298.29100438902805,0
2026-09-10 12:00:00,27.86496893298357,20.38196631052621,64.5084292060532,7.0386782055088215,212.66742496275063,44.70973593839413,255.57055808047903,0
2026-09-10 13:00:00,30.000551541185736,21.782055925011548,59.33573856592252,5.172257462909922,198.0158134386058,34.96791980136348,245.35017260077316,3
2026-09-10 14:00:00,28.344853644142674,21.25303721414187,63.53847503016696,5.611784344188233,252.80131295404573,39.81189717825119,316.63488773633827,1
2026-09-10 15:00:00,26.351615132915455,23.3684037880332,68.14291287066104,5.234923539002947,201.95505023249606,47.5438047962636,276.1408060754724,0
2026-09-10 16:00:00,30.686553682799204,24.411931044440617,61.049019583342556,5.849905545150954,231.0400430525881,38.62084661590989,275.3624021502702,3
2026-09-10 17:00:00,29.021928586341563,25.097470399484244,58.33950417555201,5.318923588442053,223.60863692284093,51.711919917272,251.06079094303524,0
2026-09-10 18:00:00,23.561605957341573,22.537036132470906,64.9800748163385,5.756499590866553,161.21378803386412,52.11414969204638,272.5421727631797,0
2026-09-10 19:00:00,24.846295023585437,22.458990437383942,59.3859194886073,5.019961935992496,194.90808538143435,45.049813039395886,249.44180596788914,2
2026-09-10 20:00:00,21.245537844172986,19.57549946167401,66.63575309938882,6.04704826603386,263.6996153984306,26.743649129830004,329.46845824903994,1
2026-09-10 21:00:00,20.583497507278942,21.237463641454553,81.51014480075791,6.28893810258719,184.8694743817923,62.14784933665959,303.6824060902159,0
2026-09-10 22:00:00,18.94133619352024,19.620982803779285,69.71037869729949,5.6464225511746164,179.76138426929927,42.873271433104826,268.00924642796906,0
2026-09-10 23:00:00,16.698640831219688,17.57757706362893,70.39473694031727,5.745947997169719,205.11726744431067,72.09276648471035,267.4212766778908,0
2026-09-11 00:00:00,14.762173675129334,17.98974464023121,80.28503089906866,5.734637107707475,185.94440212219845,51.52535696352195,278.68696672956867,0
2026-09-11 01:00:00,14.202707637502133,15.967992013937534,78.80492703853814,5.87236427009001,176.18886261493284,42.90044923267943,274.77839044511467,0
2026-09-11 02:00:00,13.625712126778136,15.1694782384506,79.07117926362011,5.784732165213429,185.5014981710724,49.47821876498004,236.7225528276333,0
2026-09-11 03:00:00,13.990785903630854,15.51656463518572,86.65628674770343,6.107246780972277,242.96029014105875,24.807144829213883,198.96903486460073,1
2026-09-11 04:00:00,15.837054738434897,14.149316400135746,80.14116769166995,6.293215653380378,195.90143925567284,55.26142403235966,243.09197334235887,0
2026-09-11 05:00:00,15.976612548028038,15.953596506363686,74.57810028384898,5.474371511003127,160.15774901735864,70.66941237529477,269.85930037339875,0
2026-09-11 06:00:00,19.52307809856893,14.691106535320772,70.84992669375838,5.676268602890281,154.64760385735508,24.10766526156621,245.48667209130036,0
2026-09-11 07:00:00,22.419135917286244,15.331529043395259,66.98410432972807,6.1606477795698975,266.2041479616341,42.12590990174292,307.77352121582277,1
2026-09-11 08:00:00,21.129920137944936,16.272248169273333,75.41779394236737,5.2313323807763865,193.29996891697692,43.94661877208474,265.83387456396986,0
2026-09-11 09:00:00,24.17084006652071,18.572323849602814,65.85425377290946,5.011711487261772,213.03735502896254,53.75228629163064,349.9429430011448,2
2026-09-11 10:00:00,26.2495276654544,18.506579710784234,55.934799289183964,5.8905263811593915,176.85868320981172,66.05975674165536,252.54022967083404,0
2026-09-11 11:00:00,27.657750874684744,18.956879552916348,62.969100556706586,5.9985385644281966,209.62957907814248,48.82882122595565,280.6286719480623,0
2026-09-11 12:00:00,28.176110728365202,20.515456000051362,54.90353712032211,5.511079924818563,243.77988954804596,66.41791824215528,263.44552975320863,2
2026-09-11 13:00:00,29.87550441156306,21.802793228201804,71.47054771489884,5.5685395783518175,180.43210448768735,46.704324768846625,292.5911223093929,0
2026-09-11 14:00:00,29.723373429020985,21.519323628206244,55.903612315938666,5.495923071303641,213.7576033984575,49.5142381879623,317.6300451598818,0
2026-09-11 15:00:00,26.90498715053253,21.9423584179288,63.30469159257231,5.453229904262226,157.82761172328836,48.28235566160255,299.33123835708386,0
2026-09-11 16:00:00,29.365911923074982,24.689037067279667,62.45191936581571,6.07739832824184,260.68598355100374,57.20299783005086,193.76814922135765,1
2026-09-11 17:00:00,28.280683724205947,22.175250982105165,61.01988872755671,5.327800605200944,208.05607790733725,40.77678941889797,294.99446441891473,0
2026-09-11 18:00:00,24.35507084373213,22.205667720119347,65.72376298019049,5.69379085542666,187.61618466943125,53.18286758761509,234.56487430875845,0
2026-09-11 19:00:00,23.86864006888905,21.534637524106763,69.86676834813753,5.437865532994059,191.0637763014151,32.69203393743573,262.6092328633489,0
2026-09-11 20:00:00,23.024993489216605,20.662914553783647,76.40108760692148,5.217884409639513,184.69885476456994,42.15495895348591,302.57316747349347,0
2026-09-11 21:00:00,19.87429595491331,20.532353572385365,76.38839026319052,6.148071269898709,186.2328450762952,38.63256377061192,230.20956366339843,0
2026-09-11 22:00:00,20.109467071649018,19.75851436037764,79.66120890688889,5.592069911130585,126.5751457295102,45.87961558617942,321.237920299402,2
2026-09-11 23:00:00,20.59606127362321,17.719960274364645,66.45163093118464,5.875376032168303,197.06102803709734,41.839202505962184,260.86456401795067,0
2026-09-12 00:00:00,14.758843124556455,16.01081737072612,80.27620141680907,5.196769648079596,195.80363958182863,56.32133692456975,361.8374949167246,1
2026-09-12 01:00:00,13.16695231124586,17.191125057532933,81.37588748679637,5.50322421849741,214.6598461178143,36.21331904828357,277.7471130317505,0
2026-09-12 02:00:00,15.455727893407314,15.459625511904898,79.6085829862949,6.102435152278002,184.30568760675422,27.686840641889873,343.2137097060708,0
2026-09-12 03:00:00,16.320862973665736,16.520554146729463,83.69612428477897,6.834908582338124,176.86891057576932,31.427161802884427,322.90716898134036,0
2026-09-12 04:00:00,15.591522612741777,13.20353128194787,76.5862271157496,5.009513574243875,199.76675166641076,54.94168046301319,250.5557967178201,2
2026-09-12 05:00:00,19.230143526675718,15.292619271870384,71.2963109352187,5.7195568818842295,151.62895645728548,35.304426566837776,222.93237089465913,0
2026-09-12 06:00:00,16.492091300415126,17.070783451963212,79.27939442659518,5.9649122392574,204.30269562603752,48.978444155207086,279.54509444950185,0
2026-09-12 07:00:00,21.22764461882977,15.888961566903282,62.035812819575035,5.553559938704287,144.14542221434837,42.052124967519205,251.694275259113,2
2026-09-12 08:00:00,21.09120876886166,16.819605261332292,69.90628923175512,6.139808794797649,233.6245594649239,53.24244054753255,338.18875120348025,0
2026-09-12 09:00:00,26.39080017502859,18.20113317286219,64.06005134353843,5.453306931735875,220.52809866982324,42.6923429488339,265.1256331330951,0
2026-09-12 10:00:00,28.488773029752178,18.552963344892035,57.611679282762765,5.8615390640866565,172.2144237072796,72.64348516117136,262.98384165924904,0
2026-09-12 11:00:00,25.799762586630813,19.785618634767896,70.72557995282591,5.591171238200656,219.8341404001411,63.98117015818505,219.16406157051924,0
2026-09-12 12:00:00,27.237842122628198,20.729747924646876,58.40338786612974,6.2877724331819085,203.34542672761643,41.847898195943074,291.76868052319077,0
2026-09-12 13:00:00,30.05086261449318,21.326490537205093,59.65959962078921,5.529454198785758,169.7296930674542,40.47865410905014,228.0311087221267,3
2026-09-12 14:00:00,28.41930402531573,23.447186855298202,63.76262129623597,5.659250481485394,139.31371528312732,76.32326150808461,292.6974765152286,2
2026-09-12 15:00:00,28.69336395712512,23.23256573099342,68.73522105883045,6.178275614998862,209.49307050279356,34.211490386714104,298.2036690599201,0
2026-09-12 16:00:00,28.10026045730469,23.200502585682642,62.62690527683011,5.388784536362854,176.17154458594896,44.44976452081651,245.0129955210254,0
2026-09-12 17:00:00,24.07023773400935,23.51056011066837,72.19648268982984,5.827500022705428,232.8490870908824,45.224489197054275,313.2631972407085,0
2026-09-12 18:00:00,25.479243380858644,22.25261694857498,69.32788492935526,5.070986262525359,200.42101201645553,44.97662102185426,264.00498242835044,2
2026-09-12 19:00:00,22.777141654621385,21.20906407006387,69.68471779530006,5.36482661654837,179.0125191050805,27.612882794694734,216.1502521638312,0
2026-09-12 20:00:00,21.260315766400343,20.517900556308355,65.44005403895231,5.952852510356321,253.93516199271414,49.966024096759405,336.8114936125477,1
2026-09-12 21:00:00,22.353714689485574,20.03670261329377,62.40263806809556,5.403720996185507,217.29339477809015,35.29649908607683,238.06117703702725,0
2026-09-12 22:00:00,16.615239658581114,18.15263063330168,76.9942394167986,5.582170827270483,90.34740454687682,59.35989124169071,295.28282165065923,2
2026-09-12 23:00:00,18.270060311816135,17.564515006320576,71.76244325630758,5.997234560819175,185.408246936274,30.440349575653784,292.03177896188976,0
2026-09-13 00:00:00,15.519377778011217,16.587106686502853,82.373052124793,5.568325543541228,158.4773302396273,45.594659273754765,290.5673869569738,0
2026-09-13 01:00:00,14.81887896323277,17.87121785911702,82.34662783461356,6.129136829286543,176.00606186839073,22.83879353048112,289.8744766372054,0
2026-09-13 02:00:00,16.185557844077568,13.316846432915112,76.05427561492166,5.886265114994425,195.65802803244392,23.45616293659276,236.1924945375999,0
2026-09-13 03:00:00,15.748596157829859,14.992600917719221,71.71311999089782,5.974273244769801,210.6214552576264,36.60648041707367,342.6539840601088,0
2026-09-13 04:00:00,16.793741669338228,16.380555034251817,78.80118774483049,6.296386239495413,207.84097226340722,38.01789917662972,313.2499660080256,0
2026-09-13 05:00:00,18.502529522493457,15.23377226614969,69.10721734233209,5.927929225045626,232.33619229694406,59.65726412989435,294.002269250016,0
2026-09-13 06:00:00,18.003037425225017,16.138632363599122,71.00403547507565,6.415538916187737,219.09795132526,44.59408163738102,221.68095057937484,0
2026-09-13 07:00:00,19.269911582520727,16.251433927333622,68.37902740989935,6.164504913215129,217.24240787376516,57.92406900911554,235.86528497378265,0
2026-09-13 08:00:00,20.372274210163305,16.466133295026815,71.26076583810426,5.590619028066217,206.04476969399823,41.20213405323323,301.29826506756655,0
2026-09-13 09:00:00,22.573617520749213,16.171191071982786,75.16262064545374,6.317259230008508,238.60396558177703,51.060851828803315,194.85263553212732,0
2026-09-13 10:00:00,29.923641637963087,19.164364549629042,60.466425683326655,5.905546408361178,190.51170370427246,37.74524683081099,288.54815439761484,0
2026-09-13 11:00:00,28.816766839411013,19.41479089672817,59.603786330568305,5.642128116535798,191.29090193794428,37.065269309013985,221.75292810457518,0
2026-09-13 12:00:00,26.035566277179036,20.359731675067756,57.52924581715894,5.911354278128353,142.8327994108241,26.791498610821055,240.2787288996155,2
2026-09-13 13:00:00,26.77779384890812,21.4292373199629,67.02727030495946,6.2449307297561045,231.68492131430108,48.357539938512744,218.55729569329617,0
2026-09-13 14:00:00,29.722799092577738,23.859990740436547,56.83061805926358,5.982018037696888,197.69222732662536,47.620834147001496,284.84425663129207,0
2026-09-13 15:00:00,29.582377980090428,24.787573338959454,61.48873451968197,6.528957133020559,288.00817118513817,52.77312887285852,319.65445807337187,1
2026-09-13 16:00:00,28.88550357946712,23.17376635002272,59.96630262505625,6.2346122231595285,187.83401924712626,47.149182871413956,288.9207009525074,0
2026-09-13 17:00:00,26.567313777975286,22.491889526026892,68.71010956442684,6.009264013360864,202.65734388250206,65.26195977193967,293.31332195688987,0
2026-09-13 18:00:00,25.31181860999565,21.522320481176784,65.23963570786246,5.3895727669035365,216.3951486082524,46.760276366775095,281.71835584619527,0
2026-09-13 19:00:00,24.30355260195668,22.203259253983045,66.94110510503673,5.728106994395952,166.94300081033862,54.91826714338121,302.3077404348256,0
2026-09-13 20:00:00,22.128839509439995,22.426324480052116,72.2741283259493,5.82866565590034,210.75643141637684,41.75890917000897,293.68342457000057,0
2026-09-13 21:00:00,16.85931612516105,19.837403870789956,86.70352156112266,6.078652600487098,201.03984296171555,35.91529965698611,166.39607224011274,1
2026-09-13 22:00:00,18.15530055413721,17.09680316739742,79.05587398682812,6.054933216508877,190.88935430969488,52.176951701866365,311.2522695064658,0
2026-09-13 23:00:00,15.7731428803037,18.500763557042337,77.02919801189252,5.867816164087314,235.17811876229018,44.10852012179659,307.046078478436,0
2026-09-14 00:00:00,16.200639301871696,17.78831976916004,76.9752227908304,5.848139966150868,172.88753846268034,53.320430459296205,260.50748677366374,0
2026-09-14 01:00:00,19.716407719881637,14.90289636294513,70.11601343451986,6.0881827580304275,208.24706339246666,48.52936541844681,196.0317308906923,0
2026-09-14 02:00:00,15.551222498211457,15.677085731792607,72.98855448454778,5.456565509748005,243.6399287415514,37.06986673209844,284.69896102537626,0
2026-09-14 03:00:00,14.768224686717925,15.497277507752607,75.91437644060689,6.478206327699942,178.80134732131106,55.743378776770285,288.06643216545996,0
2026-09-14 04:00:00,17.320524426474808,14.941514158392849,71.75462586967052,4.981133245934611,191.09342051923102,36.288100462153324,257.3806606975662,2
2026-09-14 05:00:00,17.774284362507984,14.503679959575445,78.33770068396984,6.382163792868812,270.35913690415487,51.25326263295505,282.46798897386765,1
2026-09-14 06:00:00,19.13014173567776,16.34864816371309,68.08785562784176,5.781925788629935,214.23173195468172,57.81611111525853,317.8736103188148,0
2026-09-14 07:00:00,21.09854257410586,15.848869078478863,77.74780171797319,6.201031925708637,184.81407570072147,41.154051615848424,370.90086873180667,1
2026-09-14 08:00:00,25.084815347244312,15.811851069840055,70.05845350140098,5.945536173717045,224.07874280235433,56.55994453672315,280.87614691663464,0
2026-09-14 09:00:00,22.115400662728774,16.32514423105417,69.96402785156381,5.938413764364321,182.95719345226922,48.97616834053193,288.3565472541297,0
2026-09-14 10:00:00,26.210448115217183,20.008679615999448,64.94905531906471,6.021701790410608,153.05252227519787,53.51943778396263,242.04844499258425,0
2026-09-14 11:00:00,25.560175773333526,20.528607361586978,62.941382523927,6.123621715635111,241.1709183579551,36.63244308897414,254.94431816093686,0
2026-09-14 12:00:00,28.895446796004443,21.070378837703334,63.07588590153349,5.6684676693651035,166.90822207606956,47.14300232053748,269.55829478514084,0
2026-09-14 13:00:00,27.383451016794336,21.47620741526555,68.98032109588974,6.213919652210494,273.55137874991874,30.919186899754965,322.1087214156239,1
2026-09-14 14:00:00,28.373949779592373,22.040902883775253,58.83547795321009,5.366211750568486,185.32002873613382,62.11300515310464,307.75831024112233,0
2026-09-14 15:00:00,28.318845912666617,22.003113986402987,54.7504244602064,5.79786777066955,263.99794044685564,24.86001678415493,352.1741337603185,1
2026-09-14 16:00:00,29.525902905508136,22.65483548435209,64.48500778767396,6.134387969708911,158.93986794439826,41.4524818037115,215.39095297359165,0
2026-09-14 17:00:00,28.327429134219454,21.167633533060133,64.02891491015566,6.198007031846355,230.76480758798758,35.682914058003774,222.0506011740411,0
2026-09-14 18:00:00,23.631423935330425,21.875250692362943,62.4412972703976,5.984315539304561,214.9917881895395,51.74700415202238,319.0833174094373,0
2026-09-14 19:00:00,23.89413448221742,21.579677111665315,64.0600817667685,5.642643024817706,225.13238676665455,64.23945945929918,332.9544150525795,0
2026-09-14 20:00:00,20.93563021787624,21.487904037752337,66.9817223682978,6.158683111347481,229.04068120028782,51.549150986875254,276.3251248668373,0
2026-09-14 21:00:00,18.300509318269352,20.003335009711392,70.81672747290554,5.532253504352498,185.06764573156485,74.61283696951351,96.3758454588449,0
2026-09-14 22:00:00,18.174474424363446,19.635938491100447,72.97221692055793,6.500563629499564,160.73468473991005,31.2205982344116,245.2588335240501,0
2026-09-14 23:00:00,16.58752834901044,19.04403190368066,75.16222945978375,5.766131641000134,198.47246808982345,31.98815867471435,288.4197460859756,0
2026-09-15 00:00:00,19.577896903027213,17.84653607505928,69.65255544102504,5.184149722317615,206.69090772755402,36.068857683846,239.02348053689067,2
2026-09-15 01:00:00,15.887958954017567,16.547980753156654,73.54363015767929,5.3221266127933795,185.84466136533484,46.212446952959056,282.40504627750863,0
2026-09-15 02:00:00,12.933573748868644,15.545388528206873,79.73578978176073,5.8174574547518345,208.32661910479584,34.7307762471675,350.9422179548791,1
2026-09-15 03:00:00,14.391358209720108,14.35166628811288,79.96882782263367,5.855930108530421,209.88876593524222,37.483372456949745,332.04531278380006,0
2026-09-15 04:00:00,17.46989711665303,15.591955241103452,73.85464077819213,6.587862673980438,172.69920660368402,51.20483523927288,307.35568981480554,0
2026-09-15 05:00:00,20.182916690999054,16.48009460062095,77.97383508750764,5.384600264954309,211.84913845071398,32.60828116886182,272.4220288464737,0
2026-09-15 06:00:00,16.121025031643065,15.809583216582581,79.59520853413225,5.815784879721572,191.98363928916064,33.66803987029898,255.21327768398433,0
2026-09-15 07:00:00,17.368380106573788,17.705380193994706,67.60371458781798,5.376231437167177,179.00057299389886,41.01461247009928,305.31005261109897,0
2026-09-15 08:00:00,24.806447763057673,15.779542633551133,69.25090151140006,5.6029380587146385,223.6212541467198,41.95556929160679,276.0157861000091,0
2026-09-15 09:00:00,24.396154581774002,17.041393111766283,70.1523344147991,6.473588812027735,176.69026364919367,55.10015717221316,277.3881775748948,0
2026-09-15 10:00:00,24.19756090218545,19.68416120619861,65.1892520767565,5.345465510737603,186.2999723028582,35.99360252021879,212.95137548475893,0
2026-09-15 11:00:00,27.751691097489488,20.246708348532685,55.62198274649683,6.034816969627133,202.16152550559968,37.79720015879103,246.4187847109643,0
2026-09-15 12:00:00,24.108556217965752,22.051025741257448,67.51006633549677,5.9571629436057565,241.22934861962716,50.81670116279007,305.07441869267257,0
2026-09-15 13:00:00,28.766544043919218,21.8160498121648,61.84160388988572,5.7903314294567165,205.78352233172893,53.01394323783382,230.9573263700565,0
2026-09-15 14:00:00,29.491731759264628,21.76972127711509,55.40169070621647,6.007774649276695,215.84864997424003,59.28724467126588,285.6282839440983,0
2026-09-15 15:00:00,30.14788599333022,22.69282871139224,52.966440726704064,5.335991847222685,191.0707239201051,49.69120354864754,291.5001437945656,3
2026-09-15 16:00:00,26.541333898052265,21.773852823261013,64.11263159007008,6.462529003121423,197.64531126870978,46.30364059961827,293.83551263016074,0
2026-09-15 17:00:00,27.078278210410872,21.960830766678647,62.74068018725285,6.5699381980494085,198.53368299441217,50.75038406746154,297.41056865430755,0
2026-09-15 18:00:00,24.11186306091062,23.24205681347216,65.3794375002953,5.818841879103725,208.79918708051073,42.32587194111453,300.1090421256026,0
2026-09-15 19:00:00,24.19480894922912,22.52665705632188,66.94917558719224,6.769242452245422,191.1209728085522,42.252324056245214,250.04827631829883,0
2026-09-15 20:00:00,20.656980516455462,21.29040342784486,66.09774151115185,5.640388827380032,240.19999656428627,27.258896877212464,216.29381745355306,0
2026-09-15 21:00:00,19.576115425542024,18.65841416364171,70.734558425019,5.960172797542512,188.80501284493573,53.93415956689334,240.058583504666,0
2026-09-15 22:00:00,17.006276907814655,18.71327713958969,78.65909286369414,6.3727556255098055,148.78276594383897,47.11458945051747,304.19684787619644,2
2026-09-15 23:00:00,18.026956894429656,16.984723908661877,73.01780132492797,5.616398215910836,282.2838981311006,52.770392663683054,226.9661362481722,1
2026-09-16 00:00:00,17.225498848493928,17.941226603030213,67.36953902284453,5.247380376448224,190.17893927168745,16.84189505522706,233.3755728046197,0
2026-09-16 01:00:00,14.8865883610404,15.704595168403728,76.17263257813366,5.155313173752458,239.39509361274042,44.52898292106454,233.15423996969304,2
2026-09-16 02:00:00,15.057356992440042,14.667300216237006,72.98037929153764,6.624330625561063,242.14372525879276,36.44118493622368,201.16102181026957,0
2026-09-16 03:00:00,13.065632094026206,15.160133626940867,82.05692296947721,5.588390139744488,228.35642936751145,60.01362504820233,229.11982535472802,0
2026-09-16 04:00:00,15.488307201498749,14.48787643453231,79.40821837510363,5.725705294632601,194.05918341207794,51.14216915483829,315.0158765329468,0
2026-09-16 05:00:00,16.97494560613155,16.32329182300669,67.736192147212,5.354894368671578,208.6005445962303,47.3423541081056,246.32941389137756,0
2026-09-16 06:00:00,22.431189636544964,14.948049666834894,73.27763728905698,6.179335711731675,161.7646937208522,40.680670306589754,205.04247373782616,0
2026-09-16 07:00:00,18.52031614562111,15.052190267874103,68.61468911886188,5.487376056310166,259.70443321454826,48.972083101316464,254.5342458034167,1
2026-09-16 08:00:00,24.196265858128655,15.277669187393988,75.16039242265737,5.603494788935471,174.4458200545199,35.71814370621895,295.4218886357467,0
2026-09-16 09:00:00,25.307021475916358,17.940094617659184,65.78769290639728,5.919808167766464,192.38297111777374,44.00274652314234,201.7690894046535,0
2026-09-16 10:00:00,25.920954606735204,18.55045590891366,59.06288697922195,5.374381629101771,202.96959461120753,39.2163661301258,313.13241239064047,0
2026-09-16 11:00:00,29.587678194598535,18.8921524952007,55.18485581301835,5.72856709219431,196.7768073548912,67.66489654981692,217.36076738563685,0
2026-09-16 12:00:00,28.620336035401365,21.951381169004627,63.796073216455085,6.360883835801308,180.29380153119817,59.6994775619084,259.1806544405326,0
2026-09-16 13:00:00,29.34521957752537,22.362223242689584,59.22923705747767,5.971301759006745,241.83017156164064,55.63047483982831,258.66939560017533,0
2026-09-16 14:00:00,28.92031902047368,22.44152731198797,61.21234762734088,5.852216916971344,228.5083785046484,30.096889778458422,252.54239572977895,0
2026-09-16 15:00:00,30.596834107651418,23.955164300492967,67.7477002343035,5.885945883785546,209.6614161297708,53.64157112284053,272.4079320607391,3
2026-09-16 16:00:00,29.7068816772074,23.53002882671889,57.25552166620575,5.644345961609375,188.0134083200975,46.87666675141938,306.1424141590679,0
2026-09-16 17:00:00,26.011231537061516,22.20541858394153,65.4863364440047,6.59846092790197,231.92827615533412,57.234601395161455,273.3679367478716,0
2026-09-16 18:00:00,23.521129208101847,21.63272548394514,75.27386738714304,5.475137147786373,186.06594101667304,48.223950951269394,250.77305359626948,0
2026-09-16 19:00:00,23.50726235962416,22.482812360309282,69.54385254578301,5.8843704647855715,247.11175521013448,44.93282333961697,293.29394739043585,0
2026-09-16 20:00:00,20.79994215340353,21.31709356517388,63.40705573912573,5.846010226537123,203.33662746450284,47.33784296336559,283.29054914490024,0
2026-09-16 21:00:00,20.09297982235932,20.17107439478661,74.8153692718295,6.2035050028532535,236.89344580918146,26.943667083774553,248.21985760292696,0
2026-09-16 22:00:00,20.35615720202621,18.322801757704873,66.15759706865133,6.241269575517456,196.5853902144925,37.325967278322025,276.6920568833746,0
2026-09-16 23:00:00,16.364300049063985,18.45108187319452,83.79687758478805,5.787192478205172,202.14599546122835,48.73335538703272,244.90629987169643,0
2026-09-17 00:00:00,15.873587101541567,16.39560089349284,73.23735745316023,5.91626659724522,236.76263184376,56.393883584065826,240.3704508641223,0
2026-09-17 01:00:00,15.325553318189115,16.089983551578865,92.85688355690138,5.931413901565579,265.81775455413333,39.495068836878815,307.2320485659962,1
2026-09-17 02:00:00,16.272646323307928,16.69345370197183,84.20970435366887,4.891143337771757,246.81100452514644,44.591931201360666,292.8783522627662,2
2026-09-17 03:00:00,11.868185214999613,14.60762930619561,78.17511489386057,5.16440415900889,226.3140385813355,28.990075553246097,305.8151854094619,2
2026-09-17 04:00:00,15.027771731360986,13.741608594341711,78.46674294737487,5.557974523711212,217.6785029887279,59.5931081335376,300.4051400460604,0
2026-09-17 05:00:00,17.367178070113376,14.294258941347639,79.32760772403127,5.575360529449252,184.7915392922112,56.13741732233121,239.51122963783789,0
2026-09-17 06:00:00,20.300118434640293,16.331337446212345,75.95816024956518,5.320287031214347,208.85689223316297,51.521026185671985,315.0512772026717,0
2026-09-17 07:00:00,19.450413013023045,16.375357785157977,75.27118568425333,6.099833028549452,172.60852448009805,49.0680618763089,263.0957155887231,0
2026-09-17 08:00:00,19.18517094093719,16.896898097048997,79.63859005570593,5.800847368406989,211.27346401054322,60.525490651467976,312.1687129306886,0
2026-09-17 09:00:00,24.74130048466685,17.55744877534066,66.09559468522792,5.714122181045265,213.20151982080722,36.94989008685283,269.99533560114816,0
2026-09-17 10:00:00,24.546956416761557,19.38828792604255,65.11006395700598,5.297537890197045,141.17464575595426,35.868384436733415,287.5265235151729,2
2026-09-17 11:00:00,25.165247479670292,19.355992299617903,64.4673830847726,5.782182054302084,201.1621582757512,55.61519786256429,288.7291171578807,0
2026-09-17 12:00:00,27.125659741921233,21.244532454914076,68.14107446955515,4.749326097600555,212.44624697267315,54.94313381708125,307.5280154113756,2
2026-09-17 13:00:00,28.4846927475397,21.243423469695827,64.0442739044656,5.734817475677663,197.48870428582933,33.06504413910848,209.61815515964514,0
2026-09-17 14:00:00,28.092883003192682,21.74597410691771,64.14495872462007,5.825273467523102,210.74146516569712,39.686401184231336,211.9440914916229,0
2026-09-17 15:00:00,25.45313169837487,22.353713357296265,69.83241320823608,5.896765993728599,159.7483326993106,61.890931310773894,301.86843460408704,0
2026-09-17 16:00:00,29.40777712182177,22.69967404281283,50.8554054145446,5.174359294608288,176.72407083319223,49.11667328215904,289.2544985997345,2
2026-09-17 17:00:00,28.862060030223915,22.824639436409313,63.31587208310705,5.88992669467659,231.04814489491798,52.87161518018172,243.97425407245515,0
2026-09-17 18:00:00,26.477282987009257,22.652466251226645,65.72010485995747,5.3834274920541825,200.0171499693733,33.409534574706434,289.57235636066963,0
2026-09-17 19:00:00,22.105204810080423,18.877734891603435,78.21779463440701,5.475012067083066,210.19636943944727,51.56644524537178,218.68159159584394,0
2026-09-17 20:00:00,21.697762699078723,20.35387955380259,62.71974484978719,6.087172554329066,183.60436517874263,30.8045845422912,405.5715804347604,1
2026-09-17 21:00:00,20.178484711438166,19.72202019852525,79.971751508158,6.605645489343898,200.5848206983057,25.20178634399315,327.4628554731177,0
2026-09-17 22:00:00,19.398191584342865,20.204049630886665,73.49921574341188,5.820543503521072,130.93963459594403,52.26823960180868,299.89210709631493,2
2026-09-17 23:00:00,18.05276326477129,17.10072173288421,77.18163173557467,5.473161816543907,225.380358152623,59.34445169634489,278.0252148270995,0
2026-09-18 00:00:00,14.836561475341185,17.13023729447993,86.97572016763746,5.875468179003999,254.2379851685741,42.46213924250832,250.2508782077881,1
2026-09-18 01:00:00,15.361512550596863,17.36759712304248,80.76999127931163,6.175611662999658,168.04947352356078,39.53449318145542,222.59255042616505,0
2026-09-18 02:00:00,15.685920606922862,14.485523560904426,79.57873671900536,6.048399026349094,171.79003437471295,62.1084865624637,270.44709490042305,0
2026-09-18 03:00:00,17.422252699196672,15.45147687553525,76.70475268997559,6.8972451489854985,213.22639694712447,43.05216630885392,240.60957457219502,0
2026-09-18 04:00:00,16.994581983246015,14.358182532852384,73.5891109451329,5.513864972362133,244.21637871520238,44.342312764427405,242.94232605387018,0
2026-09-18 05:00:00,18.233837562757444,14.732589701012339,74.37694930213911,5.900892591967719,199.93708047851166,61.93957226440335,218.32973440901827,0
2026-09-18 06:00:00,18.625739941894043,14.893409717699594,70.4715482391134,6.419567181367281,163.12045937562488,41.4641518697179,284.9865220772442,0
2026-09-18 07:00:00,22.30395540208761,15.5860870285211,69.41241902036747,6.3944636948074125,193.74148290086382,38.45972390655134,259.92025976708425,0
2026-09-18 08:00:00,22.614644193939245,19.177529718325193,57.58277348199742,5.019968829390248,169.10203759064623,53.15508224137088,296.4028629930348,2
2026-09-18 09:00:00,22.52010145045729,18.64028851724725,71.521076097289,5.798656951984007,179.9346112139367,37.88143845620884,293.2839517461915,0
2026-09-18 10:00:00,27.605054955187786,19.881390289428968,62.66524778485653,6.39380830633948,190.8787670254005,43.55398461877818,284.1785852031865,0
2026-09-18 11:00:00,27.996602377114375,20.42887096987928,61.12305846412893,6.956257196159655,172.12026235275118,31.808413982878008,381.3776103221673,1
2026-09-18 12:00:00,27.397611794798348,19.714994569278435,64.6216562659427,6.081518353500327,176.66282827476306,46.85397088376513,307.94822054262175,0
2026-09-18 13:00:00,28.04224133292461,22.14439350100484,55.58149078566326,5.652854682521406,202.2360200066673,45.68097487203093,224.57735957400408,0
2026-09-18 14:00:00,29.444863317711143,23.32244530674363,70.71251400185305,5.396318739025044,206.4510743641169,54.68020274723144,293.3494579168588,0
2026-09-18 15:00:00,29.456257976924853,22.180983725924985,60.53865312025218,6.68749734301234,157.280589985371,53.57256536661731,272.83925028126043,0
2026-09-18 16:00:00,28.358116224937884,23.772261333728903,61.64103836521359,6.091496634586304,211.8914516752801,50.51518008469582,221.33877716694133,0
2026-09-18 17:00:00,27.41671047847016,23.427172273039538,58.67296637517119,5.460773229245833,188.54198410605807,48.94255692781013,218.13468479693435,0
2026-09-18 18:00:00,28.04993606186457,23.94573365098869,62.85980863800882,5.718737453466487,221.60784570657827,44.26745886247659,293.12811669118275,0
2026-09-18 19:00:00,25.419048044069974,21.494200714735296,72.83194179848243,5.924074606731481,223.41492562063578,51.09555968995803,302.9019013951426,0
2026-09-18 20:00:00,22.285953386897535,20.12191121417942,74.83643698288313,6.017522661555247,183.66376457134854,33.876678263310126,233.14971202701895,0
2026-09-18 21:00:00,21.60023255543358,19.745973692912045,74.7519096891825,5.440152536981683,218.424430821132,21.510339281456908,313.8066821277858,0
2026-09-18 22:00:00,16.95121414470869,20.148456794530897,78.79053778468592,5.554323832749803,174.8913188090351,56.61917671212893,286.3965758726113,0
2026-09-18 23:00:00,17.647143106614383,16.501999114916348,73.43071563424968,5.1388261750508155,239.71286188505871,51.74160462247914,322.8343662777008,2
2026-09-19 00:00:00,18.651781698108593,15.345299427655174,66.76704612708619,6.215904915841913,176.02591397430606,43.730135657200854,318.5848159335697,0
2026-09-19 01:00:00,14.91145037288796,16.2430890983991,77.50106569320127,5.663352613291873,210.58248825876538,55.74558608445986,268.6625233838803,0
2026-09-19 02:00:00,13.728549107071373,15.18182695064292,78.74638374884597,5.986528659673317,194.3717256606716,37.68502583053473,340.4239892040838,0
2026-09-19 03:00:00,14.260385883086931,15.142479009384274,84.53150913865188,6.36890340343053,169.49316457287196,37.9450746791685,230.03535639518134,0
2026-09-19 04:00:00,14.303372617495349,15.756249416988693,80.78290507130468,5.887948056949578,227.02747285355926,36.558622763058324,370.6117801980278,1
2026-09-19 05:00:00,15.873109669502611,14.694241217948646,85.41382603611461,5.754811809620373,181.57604573399627,50.67621975115885,239.8485727805642,1
2026-09-19 06:00:00,17.944237852114956,14.03749372011775,80.85435727765292,5.877568590753573,148.9978350506508,29.17041922785247,273.0798907328928,2
2026-09-19 07:00:00,18.07991615551439,17.807158121013764,72.42162256586225,5.8252774415400905,113.5395991049591,37.330383932179586,252.3124680554895,2
2026-09-19 08:00:00,22.023427500924406,16.202217370048977,60.99624101579137,6.298465999151178,173.74865916716087,47.897150232361355,259.9283604848104,0
2026-09-19 09:00:00,25.16514907639762,17.11749412198024,73.12969727803026,5.924335359015516,241.2772525789692,32.958489240773886,391.9421465005585,1
2026-09-19 10:00:00,24.13836572977962,19.882976010978076,74.23088724041818,5.582239592168435,237.7321540251098,38.396895943388145,256.49117250355687,0
2026-09-19 11:00:00,29.228673353768485,19.72768488357687,54.49453402096669,6.2191396227559,178.44204792957404,22.88432422885436,309.04433489171686,2
2026-09-19 12:00:00,28.82836595928246,20.949288118372152,69.35216094799856,6.292193742543341,188.76635255895863,51.05806649401537,265.5838835485433,0
2026-09-19 13:00:00,30.307351662459563,22.214659223994445,61.941763858011115,5.264667749271815,186.05260773331932,38.121648066577215,312.4620171835099,3
2026-09-19 14:00:00,28.013248169221793,23.33096809762575,63.58752968756212,6.413113553907242,159.99703563651295,34.00718749858846,253.2336192651603,0
2026-09-19 15:00:00,30.0432686246234,22.596934750610856,68.42199392168855,5.945884709283394,171.53504385129972,32.04977274041425,285.24528374636685,3
2026-09-19 16:00:00,26.424276975898103,24.21596160473144,71.41429349507536,5.913307980058639,229.43448558202354,40.817864877949006,300.14793201890967,0
2026-09-19 17:00:00,28.285118719560597,21.15506342616843,65.7145122965033,6.202649852638606,215.116636141382,29.1984441310856,246.12754186654075,0
2026-09-19 18:00:00,25.757759009690297,23.071931404700216,67.85677451743156,5.573209443598288,208.19266575589666,64.42379677148668,385.3090369690236,1
2026-09-19 19:00:00,24.64161014569482,21.156805078332066,69.91203927781801,6.18166580567637,159.94560165017424,21.152553828310143,302.2376417293519,0
2026-09-19 20:00:00,20.236608091562722,22.09781705328639,70.11578312071211,5.649289812104858,203.02109642101934,40.4938085021351,265.96116181930495,0
2026-09-19 21:00:00,18.845661920867446,20.14891176347452,73.50969844629745,5.2100197281158644,130.88465091535934,46.06906929291255,247.1106193259723,2
2026-09-19 22:00:00,19.395842327380077,18.46167573439248,68.6134034341712,5.400897488357226,225.284080737816,37.24620995863445,278.66892094507926,0
2026-09-19 23:00:00,15.627730525357869,18.494996694007224,75.98152449087596,6.026808733161291,207.75724702211426,47.12131737293115,226.3600795754612,0
2026-09-20 00:00:00,16.63263161165761,17.7145506777658,74.60767267266621,5.421812664002137,159.6430264370051,37.00398425053839,346.2918105539977,0
2026-09-20 01:00:00,13.187812506286154,16.68508817354072,77.3980981443483,6.44403044927586,248.4927667247012,60.30094463673149,292.25015089604324,0
2026-09-20 02:00:00,16.272261319000002,14.712141393155797,77.55701893044231,6.275713381375857,146.11506022494257,33.81122985890223,271.48055730354423,2
2026-09-20 03:00:00,13.389734243823758,14.74908299594606,78.71241465390861,6.333375666413186,215.90918546748807,21.487760586516806,316.8391141742685,0
2026-09-20 04:00:00,16.766272080028216,14.996741730302851,78.791647105726,5.849911431870964,216.65515306935987,32.015001495466784,246.1394088765613,0
2026-09-20 05:00:00,17.988698932163167,15.103288972723679,66.70195821493537,5.903144646917983,162.80988681942557,48.864947748137126,228.76161654278252,0
2026-09-20 06:00:00,17.454842272355638,16.135694765212925,74.88741530263673,5.322515258302289,198.86447927569648,43.820756204511355,269.7946771308505,0
2026-09-20 07:00:00,21.061306534909445,14.55965188924852,71.78419035899614,6.198313404062996,150.8951647354141,52.521329079821164,280.10174597878364,0
2026-09-20 08:00:00,22.390663395000335,17.267461643642804,67.9780577268152,5.951933382014834,114.6087705101956,50.01744616710967,296.2234482637108,2
2026-09-20 09:00:00,23.00347053142854,17.732738736040606,67.9338718632396,6.026922250116904,167.96371319205025,38.63719650274796,215.94888334271093,0
2026-09-20 10:00:00,23.98716797388569,18.329199506892838,59.689168377687885,6.475324724581153,181.5012517321401,40.10916506204453,256.74732679923073,0
2026-09-20 11:00:00,24.005808930796967,19.441286758194405,69.37541480639109,5.557614806420996,219.32768542432376,41.14671224346774,151.6614082732578,0
2026-09-20 12:00:00,28.58665289744061,20.82836986838563,65.33404643590663,5.749543380049072,202.0222425518246,63.84346083496653,227.70603316375633,0
2026-09-20 13:00:00,26.414276626980392,18.94755904117858,67.17055451864236,5.930668368616867,202.8063637815844,51.908223146873695,303.6104613480162,0
2026-09-20 14:00:00,29.143016299161964,21.903069958504513,66.62201573821656,5.425825837816517,169.56735130149247,63.91686899178505,313.4410323429894,0
2026-09-20 15:00:00,28.366308459900104,22.16305144543924,63.36807787703239,5.724960471489264,184.0996608787584,53.40779372341814,229.3198185874792,0
2026-09-20 16:00:00,29.080891989648364,23.426226567458098,63.896335515676654,5.997179924186788,172.10220170392518,44.36416605078448,262.015818037025,0
2026-09-20 17:00:00,26.496679219071037,22.219281959147857,65.38443862939903,5.669831491450868,163.25077978910576,34.806385130143354,276.02424620511977,0
2026-09-20 18:00:00,25.005828320479363,22.292010575001363,69.83075961338723,6.323595763891644,182.1890171903823,47.01519671148744,318.1244055536844,0
2026-09-20 19:00:00,24.90953937215009,23.062248426875232,58.62240457275928,5.195630175273202,202.23537155289,44.391308277837695,336.16379466067957,2
2026-09-20 20:00:00,22.502587043626175,21.795481215852337,64.92899070775854,6.249108496093337,182.8208444172739,44.06352714661786,281.1232902089209,0
2026-09-20 21:00:00,20.66250062005652,20.757093300364843,79.53949754109763,6.064474189926401,190.2949199172508,42.9090092310075,264.57533377671075,0
2026-09-20 22:00:00,19.20390138471279,18.600102055671318,61.05313922786363,5.572468564977363,220.84744432734172,24.475372924237778,217.25225565197462,0
2026-09-20 23:00:00,14.746894346883511,18.399149643021637,78.00283713461306,5.430236572708001,184.9773674392789,57.60839816534656,279.3227693824424,0
2026-09-21 00:00:00,17.0730051934894,16.812881759637126,81.77376856585306,4.967886953103019,159.98100107036325,44.495465107826824,357.99690005961065,1
2026-09-21 01:00:00,16.157222406996926,16.01469830671226,76.54502978389486,5.481929995034466,216.90360564803717,30.857468839713583,326.60770199749277,0
2026-09-21 02:00:00,13.474975307135255,15.863646659859484,78.2049742741842,6.218870662001199,207.97548945524852,49.81762709073645,281.9943318503562,0
2026-09-21 03:00:00,14.87239850546522,14.65870182410698,79.20023017751824,5.77756570948853,209.85978494516942,36.44163831393472,287.13511234800444,0
2026-09-21 04:00:00,15.878861242067483,16.194402483554562,75.5797656095068,6.2651923521567365,218.77515972607128,50.62140622970783,247.45934554191774,0
2026-09-21 05:00:00,16.848507355091566,15.008192583165377,76.33603863767482,5.552051571750179,213.69924581923834,53.816564605124604,260.7145748489391,0
2026-09-21 06:00:00,19.000789949852802,16.03058683786998,70.18214687757599,6.082842464042625,200.86186077413913,55.19636490669318,280.903967023374,0
2026-09-21 07:00:00,22.335316857029127,17.336053258659646,75.14099187134367,5.513000559166231,271.7435798855628,43.390832733451795,281.0253736127377,1
2026-09-21 08:00:00,23.622650091509243,17.82532301966014,75.16914449551722,5.413769997516065,161.45093761094137,40.86222271981483,315.4299973161224,0
2026-09-21 09:00:00,21.843404525570538,16.837588537437497,69.52096295875724,5.757149113131729,182.40748164534324,38.7446163973533,313.48331730965185,0
2026-09-21 10:00:00,26.433104985459074,19.355916716007908,57.747826913992895,5.534013395472002,229.020030940345,37.77443911539503,295.8226712084433,0
2026-09-21 11:00:00,28.943147447608947,20.7158516959786,59.04900721130229,5.182871140385115,204.27758876286723,44.82769935789083,235.03415287202844,2
2026-09-21 12:00:00,28.642390607524874,21.7134904177286,61.10918797045533,5.727074119713203,222.73769102033717,42.9065693760826,236.5433871527279,0
2026-09-21 13:00:00,30.397951421802425,20.937791257454485,62.45015267835313,5.842574166572516,205.09269288610614,36.746961841778344,239.48434118861658,3
2026-09-21 14:00:00,32.01840566855115,21.938473425523895,52.93784708188523,6.307343444598427,241.22169653479943,33.56215246197095,284.42081156826646,3
2026-09-21 15:00:00,30.297045103183947,23.65934989374957,56.19773428296851,6.1747222708532234,169.77467433100264,43.91243907741418,193.94715780975434,3
2026-09-21 16:00:00,28.436140719953666,22.390591703453882,64.83001182534963,6.287977279693132,240.2737966822013,40.658023820561695,274.7489971014151,0
2026-09-21 17:00:00,28.517380179432962,22.623946459824822,66.87368794487824,6.088142999357403,235.12989479612799,33.586330267181346,331.34570865816545,0
2026-09-21 18:00:00,25.717331749645336,23.724802262739328,62.431231674572174,5.93304510357999,163.6913265730886,53.305710134214074,301.6730413872256,0
2026-09-21 19:00:00,23.84758788064508,21.79018772443836,61.11680927347093,5.308422037411243,218.9199622966302,62.72092750825249,260.97089556216866,0
2026-09-21 20:00:00,21.4728786464294,20.418580689732927,87.05313663072414,5.85994887917411,198.70880203290233,54.62588213984225,247.0697834500088,1
2026-09-21 21:00:00,22.533386722530516,19.33318229491976,73.27645711840695,6.038717510932326,181.8025394264281,37.79811988323956,307.22861139106726,0
2026-09-21 22:00:00,17.272357001087,19.26617546366815,74.33815278986044,6.382975179748175,143.34142430846842,44.497703154100634,287.2422146420909,2
2026-09-21 23:00:00,19.348804118711342,16.89820541280815,77.5265914352006,6.0745154166927255,169.6755898664805,60.404289516874606,265.14270189669037,0
2026-09-22 00:00:00,16.687618359119487,16.802131228882864,75.75257482048451,6.296153373842168,221.24336420553766,33.263003572225074,251.43876484375434,0
2026-09-22 01:00:00,13.13955995377361,16.438157303245827,84.9683125009726,5.387200843453904,224.4152380778167,52.82595126685226,278.05531958749094,0
2026-09-22 02:00:00,15.551473939487133,16.57521824130038,78.53519726149655,5.669432949540762,193.67868558271485,30.5191679185601,262.8785294405205,0
2026-09-22 03:00:00,12.088479454499087,15.670335159139723,82.35018414543896,5.9717402854645085,224.50955429429854,61.840376274313286,306.3751827966686,0
2026-09-22 04:00:00,16.876084198755485,14.428747905614257,75.58078962033947,6.264381076297024,228.35780233682414,40.696854752490104,324.64676383914866,0
2026-09-22 05:00:00,18.378099756177654,16.079032148894704,67.10937362527136,5.741908541664432,204.63919875879043,67.29043724523812,220.31000688629135,0
2026-09-22 06:00:00,17.61146606652192,15.296286354824264,84.95671521713939,5.7670216163403385,178.32999128449387,62.2806379864183,225.96721709884642,0
2026-09-22 07:00:00,20.373588228215727,15.183010457614282,67.2440245248024,6.074856122401191,213.23162338446934,43.93569490418612,328.92224750594926,0
2026-09-22 08:00:00,24.93123615062543,16.86236691258762,59.68239873769651,5.3496516691419504,214.6095412297659,37.805946268895894,281.6327577065582,0
2026-09-22 09:00:00,23.05311325932474,19.115259180506477,67.67196467502848,6.442961819929371,220.2183317105093,46.94775471890914,229.73397452844634,0
2026-09-22 10:00:00,23.9116386194151,19.13219204005194,62.898674589149344,5.448345562756926,225.96209810006718,43.19841033353436,314.33006426642567,0
2026-09-22 11:00:00,29.172242571999732,20.04529367187391,61.13474496079897,5.032564230576279,159.13506284236337,40.98433036414407,288.6674039955533,2
2026-09-22 12:00:00,31.006058612287262,22.30976931576228,62.631548908064126,5.804026803409032,184.70212263902775,28.41886745421703,363.1298304769957,3
2026-09-22 13:00:00,28.76702429179525,20.68334324710265,66.85608535249182,6.479383480950226,143.04135962936542,39.85446416345413,265.58793290937837,2
2026-09-22 14:00:00,30.517194553112535,21.435622323895537,63.85302014437337,6.034581252133444,222.40988115066042,33.89520878243761,319.3481598827485,3
2026-09-22 15:00:00,30.773694657319798,21.571026128382808,57.943406137287845,6.1004362172014535,193.6306565605875,50.51647706425236,217.0466224346896,3
2026-09-22 16:00:00,26.9484514776835,23.298118549184043,64.30981736508774,5.816554304922845,212.92442212092246,54.910713165974244,330.8411020065429,0
2026-09-22 17:00:00,26.221788715254032,22.996897806848374,66.97324879618262,5.739049001091529,155.72963755429527,52.406840039235966,312.7664023284462,0
2026-09-22 18:00:00,27.346311769732104,23.698290708961576,54.795488756611114,5.182036252162754,242.0294254907915,48.423750896275074,339.1738973517509,2
2026-09-22 19:00:00,26.33925473378041,22.023207186455608,67.6458178200628,4.8962454968383256,164.16982506142176,36.470929328590984,319.42321270034944,2
2026-09-22 20:00:00,22.844321290261533,20.67667427241656,61.700318013767,5.878508935376345,223.23689913147376,47.0540077260191,271.0380725649729,0
2026-09-22 21:00:00,18.868545154029274,20.03671207871257,83.95947880969732,6.3250196777360905,203.53850512677624,52.92765143644376,228.15493743852565,0
2026-09-22 22:00:00,21.480591667549163,19.094165934768768,68.60071457573252,5.937653481931226,194.31671667421463,39.1376442560027,250.9178839854385,0
2026-09-22 23:00:00,16.253796184976224,16.627314800927383,75.97106869205558,6.049439810820806,191.89519680163477,46.18986421395006,204.5539845120752,0
2026-09-23 00:00:00,15.435115501751751,19.168265315467913,74.02932590170863,6.433487018255816,180.8581097205161,43.54538410730077,238.1640387526516,0
2026-09-23 01:00:00,15.752025967710955,16.587469689735336,74.34771867946841,5.931506740576423,238.85588530702307,61.62366669610485,292.0344539683373,0
2026-09-23 02:00:00,17.331240631072163,15.703905031280316,86.97297908842961,5.750937959876952,200.37838503056727,53.515481352645246,273.08988484699256,1
2026-09-23 03:00:00,16.51948318080486,15.62842788226659,81.27846862615066,5.472590077739974,161.9233540894034,51.09159611748392,266.05639439471116,0
2026-09-23 04:00:00,16.560120424051796,15.567528784469284,68.78184326539865,6.608885025188834,188.4811939389548,27.83306266034565,243.27588336210007,0
2026-09-23 05:00:00,17.745185326871326,15.023853906441781,82.62684211118055,6.010619111661472,203.85017081608814,46.728373267675835,204.1040395656686,0
2026-09-23 06:00:00,18.565272002965198,15.030905475869686,80.08788497214893,5.422559313632267,226.93415844335976,43.4498657107543,282.28332452949,0
2026-09-23 07:00:00,21.025475956060113,16.651133424311173,69.76336654128642,5.331532932879505,181.86140838448378,43.36342889430127,290.16640769874573,0
2026-09-23 08:00:00,18.205659883458544,17.30856867242516,76.08669284999893,6.301225490771565,183.86670332586357,29.365865272583598,235.33745759813138,0
2026-09-23 09:00:00,23.366822127112947,17.31681174031839,68.2850930503591,5.38502332143667,200.70296381442216,34.1223137770243,253.6623891934512,0
2026-09-23 10:00:00,25.86198290237517,20.135228489093812,75.22852003938445,6.541533663000888,226.20274459841977,44.31982512094217,336.68533816357717,0
2026-09-23 11:00:00,25.223226342876572,20.26995780946847,62.15067744358766,4.6974148811637155,158.93736393211913,56.14355778190461,321.37991814294537,2
2026-09-23 12:00:00,28.64166280320841,21.583855489814106,62.76005768502855,6.369038079115991,215.16063892975237,39.09475430160577,215.62301753084196,0
2026-09-23 13:00:00,28.454773952544294,22.941963834890128,60.113544601982824,5.9947579244647855,186.07812409614033,41.00061272895733,271.61454451076975,0
2026-09-23 14:00:00,31.633213547473236,22.48161267206962,51.274941719942845,5.84743776922275,190.2670225475454,62.81091995286208,333.1982272948901,3
2026-09-23 15:00:00,31.12101037184576,23.117264910743568,70.01297882906002,5.729816625983295,260.0472723538925,42.03177610832164,266.3431601076992,3
2026-09-23 16:00:00,27.36346947281383,23.648021790804894,57.65600373711135,6.556291939437612,194.10592326345423,43.7121047614642,264.2422724637135,0
2026-09-23 17:00:00,26.72349090095579,22.283814438116234,65.43245685629194,6.082823543360481,222.6408125092574,43.84755217948259,318.70950506972304,0
2026-09-23 18:00:00,25.38907865158741,22.507342945414553,57.22960258619344,5.4387185564418195,221.56741511610045,31.544948535954894,314.48276977100863,0
2026-09-23 19:00:00,23.134244101478213,21.92886599406711,66.64355438201068,5.112436017588447,164.5992825770448,50.71798123415115,312.41213381522397,2
2026-09-23 20:00:00,22.29253747604219,20.235153158653283,71.75879913591666,5.870918885258924,144.63817024331289,38.471238814156614,264.52061003303476,2
2026-09-23 21:00:00,19.050843580950968,21.889385611349187,69.41531780534702,5.799571546585034,224.62946277250734,44.69929382960262,301.51552065100185,0
2026-09-23 22:00:00,16.80407699759371,17.87416524520608,79.16911685656582,5.192052785049796,167.49361422654442,49.44372964417798,334.7898205582088,2
2026-09-23 23:00:00,17.984319367544572,16.926240696640193,73.4736112995061,5.777842589807065,150.0745113628692,64.42557589035393,273.00505206125695,0
2026-09-24 00:00:00,16.882116549841644,18.051381260562863,81.94187270218309,5.57042614677032,230.78486644532592,31.822299554537565,258.8636151474532,0
2026-09-24 01:00:00,14.032045576486533,16.742185875891042,86.37034987491727,5.803716027322678,169.41719798673222,53.649821850662235,324.20290556358543,1
2026-09-24 02:00:00,16.3430331461439,14.715126530877622,73.85463642097727,6.090369444659361,176.8244757294682,53.68723256173968,356.8175921158849,1
2026-09-24 03:00:00,14.291152622228525,15.622127906925082,79.63428115029055,6.397043978985614,259.2311946526789,38.617852272207266,359.6001953426329,1
2026-09-24 04:00:00,16.317570030565903,16.174280355997848,77.73618709568208,6.163555614547715,150.20793915855288,50.99503848051982,260.019540009002,0
2026-09-24 05:00:00,18.28076855061285,15.112086248766138,77.55982421643807,5.511423700067917,162.31141875779224,61.43436151291892,264.0383900201243,0
2026-09-24 06:00:00,18.44958115294443,17.614956704921912,74.332412597688,5.947566051531678,186.20905572578238,37.35028790787558,233.833506674538,0
2026-09-24 07:00:00,20.870378052494054,14.79232342655938,72.30660113372136,5.825242848596809,192.79229480496733,47.41469797135155,279.7220929765919,0
2026-09-24 08:00:00,21.225355534168642,17.55505876308728,69.71254098502203,5.26714841814764,173.1876415364704,49.04801363939785,232.03524274169934,0
2026-09-24 09:00:00,23.5170334405755,18.89794648856672,68.7557592061695,5.9592931138769085,165.24034708031252,50.3417885495355,253.93466233170025,0
2026-09-24 10:00:00,25.19121085367949,19.7130751212842,72.66024794326027,6.542668935167086,245.29982973295793,52.692917607160126,303.0451919264956,0
2026-09-24 11:00:00,25.829879948495474,19.871791599093566,68.6345602678647,5.812970641674801,207.88958372314147,46.66304828252174,290.5990964055759,0
2026-09-24 12:00:00,27.797016581817395,20.76764681439108,66.54985829903598,5.16232692810984,217.55506232627565,50.134361863480024,202.57114779331891,2
2026-09-24 13:00:00,26.438553335727857,22.183743261615998,68.28908761780446,5.812107468443448,195.88324470324392,35.88526349876277,337.8116919309755,0
2026-09-24 14:00:00,28.263269379286843,23.116705204459407,61.715032855450616,5.3145151204107,208.6836484657741,46.64003493639557,231.52015651393054,0
2026-09-24 15:00:00,28.33416754396897,23.345682054182166,63.99313416513489,6.145442202754515,227.9870498332877,40.236587343194856,236.56264304483986,0
2026-09-24 16:00:00,27.677908197748003,23.832046312634713,57.76064177102367,6.0099459966900515,170.11102956363996,32.70171094845912,225.44311392942203,0
2026-09-24 17:00:00,26.587501299499664,22.048607339502887,70.83903672218518,5.731635978610102,207.94507989553946,39.908554505630995,248.54866645743965,0
2026-09-24 18:00:00,25.407353700209807,22.281884831838845,51.99637339803213,5.667534293657671,220.88126940223674,47.69456392198058,239.1277448533669,2
2026-09-24 19:00:00,24.530895592846743,21.07641437904719,66.52718332690678,5.7151062793537815,246.3439203915278,49.35797276370193,240.1026623524439,0
2026-09-24 20:00:00,23.311775611198783,20.691109779131086,74.13034915231283,5.803309797736928,258.43672939405286,32.31540879077229,176.42911793074222,1
2026-09-24 21:00:00,19.213618844009954,20.847452893861526,66.52431771904135,5.491105991463383,202.09579390945285,35.62323283275129,280.19709568215256,0
2026-09-24 22:00:00,16.695198716916284,19.086387136580182,78.36466112778471,5.244898767599425,234.15916849061404,52.24656279693221,284.2826067126224,0
2026-09-24 23:00:00,15.487185913329515,20.05021115010973,74.41154467110944,6.255479578677859,119.89496199885359,50.08148092615863,364.7762695156884,1
2026-09-25 00:00:00,15.207017791716538,17.154725093751775,76.30756232399581,5.645839609401216,246.56848728130143,53.871026620463525,294.4536399066224,0
2026-09-25 01:00:00,14.710637239251758,16.219326379717597,83.47694011609508,5.866817241667658,178.2234901483759,58.678304271765604,255.1364392112742,0
2026-09-25 02:00:00,13.845005900703814,15.620844720414418,80.77627754858116,5.914112780466998,192.76707653036328,50.378871095905986,226.97140086106316,0
2026-09-25 03:00:00,13.29434421960168,14.626049740555779,70.27500759705617,5.928808191862085,213.23313453101065,40.851923728291275,271.14894160802953,0
2026-09-25 04:00:00,15.253640932297648,14.953730710097926,73.21350318258483,5.33047280116063,195.3967289805346,46.14849458081917,292.94891557570236,0
2026-09-25 05:00:00,17.322392461865125,16.038527116533043,80.48980772020565,5.129663934179261,205.89360138704404,61.598971009273825,254.86605522723818,2
2026-09-25 06:00:00,19.39254419875335,15.627074919364464,75.37366055246098,5.564522990123203,247.6307890467843,72.64448997785387,277.4406410539429,0
2026-09-25 07:00:00,19.352132104619873,15.53680509134703,81.91811933707757,5.958284612966781,188.47339863962085,49.63096365742359,350.89416376235283,1
2026-09-25 08:00:00,21.38050326678485,16.25993230361709,79.15663404992468,5.508820053010274,167.3922855049834,50.35554138811307,259.63559491843347,0
2026-09-25 09:00:00,22.42168585244668,17.604562306257243,67.78275132633001,5.658031458520306,254.40391571895654,52.257083669974165,199.52897780830045,1
2026-09-25 10:00:00,25.452841244437835,19.059090747528703,78.37277953202204,6.6509189654998275,215.8029265101403,45.23792845819363,309.93947149565736,0
2026-09-25 11:00:00,25.67710451701961,20.990145408791093,65.70987292883602,5.0618304460781856,257.6671692594039,56.63853902342624,287.57285783260215,1
2026-09-25 12:00:00,28.92186954635287,19.927609086906852,56.88041387233143,5.4979864016358,225.90889731736712,55.08045292732851,206.64031954968345,0
2026-09-25 13:00:00,26.08268104612231,21.572566102435186,61.932583415100346,6.558641627429571,160.2921682395969,48.54376447148817,292.1057470910518,0
2026-09-25 14:00:00,28.460555491321305,22.57954963068582,50.96370788396734,5.78216053120191,219.36154015270645,41.819800939943846,235.08545803449013,2
2026-09-25 15:00:00,29.21314179281109,21.396738691052725,69.3793248898731,5.517605933800436,170.48155802352335,29.793036126228632,292.65289609457625,0
2026-09-25 16:00:00,28.337929600974828,22.333121373626874,70.36829442404952,6.267507566804448,200.22295407319,52.3241354761425,351.29054036817166,1
2026-09-25 17:00:00,30.989297964276577,22.319792473367325,54.1353052488015,5.822092174592444,197.72856789176726,47.128583152261044,267.92122662627116,3
2026-09-25 18:00:00,26.02470003685186,21.827325316057355,64.03093851386824,5.6606766419823975,151.47008586100833,37.62232269345899,318.3308479614594,0
2026-09-25 19:00:00,22.30565142045463,21.98193876076351,70.11125601601732,5.8769475708150045,175.6156853131464,33.700797350053726,225.86050728590493,0
2026-09-25 20:00:00,21.85680362936639,20.871552312398563,65.37007038404977,5.536756476246893,266.15561900477303,51.61432849383252,214.22323414649276,1
2026-09-25 21:00:00,17.523897184082678,19.591047298329254,66.59581322274498,5.393003574844768,207.15132214523493,28.98763678383035,355.69481889582687,1
2026-09-25 22:00:00,18.379100376054858,19.342370101242107,73.29329152984961,5.7545612289461,194.73211596011143,47.99641187443805,287.3126005422535,0
2026-09-25 23:00:00,15.800668446193033,19.343183593706918,75.83380071727213,5.395601215969597,254.38670659822776,53.43550409168894,300.46679764645353,1
2026-09-26 00:00:00,17.310907586849172,18.311405213393403,73.68485469083711,5.804277324718592,188.11294069792496,50.49892886416623,321.0808921138151,0
2026-09-26 01:00:00,14.41420880408322,14.633355457603939,80.21652974810495,5.9417626269897355,197.2573891409264,41.092602256415596,253.8874076080817,0
2026-09-26 02:00:00,14.82485112630713,15.997556131930356,85.75777694106141,6.141224182420644,229.7240856836855,32.506255155250855,308.0046543905067,1
2026-09-26 03:00:00,14.285182453869917,14.993878062792657,77.74231745689748,6.251169994206731,187.9779260415095,50.870192397951904,301.9417664923527,0
2026-09-26 04:00:00,18.54609920128893,15.124124274292285,74.99689595206009,5.637705399347099,177.60437781942497,57.005230919534206,223.20780716870541,0
2026-09-26 05:00:00,16.5683883825173,14.817670268009689,80.15228655970392,5.999765843175627,132.3873075391785,39.272666452569595,335.51941245650744,2
2026-09-26 06:00:00,21.2488355652188,15.629969288772008,73.67211195430117,5.9970093784825425,171.90505059851716,50.069082002928596,327.2744206391813,0
2026-09-26 07:00:00,21.409494327459754,16.292698792111423,67.6364891848091,5.931127486326393,171.6191676203116,60.815151187318094,223.65131043849087,0
2026-09-26 08:00:00,22.72310009100308,16.536838594120862,69.61416550636648,5.608216235619817,204.75700086405828,48.3884709644161,283.0114576584718,0
2026-09-26 09:00:00,24.364833036693927,17.24762978132977,69.89989945681255,5.3887728750143555,181.68625202816673,41.031198551222126,265.7568105234823,0
2026-09-26 10:00:00,26.090695947324377,18.641043453904413,59.44940817565686,6.000800755626623,264.7405703257159,55.40853540063158,331.7322987970375,1
2026-09-26 11:00:00,24.058238599287417,20.222683591975496,73.84780873483764,5.11725497512278,168.2711320929558,37.624390258421876,218.57551975525558,2
2026-09-26 12:00:00,27.643852735264936,21.47919707334741,70.38532124375263,5.6928642269726755,242.01940060572215,32.01807984946977,419.09660096842117,1
2026-09-26 13:00:00,30.029217740799957,22.51110630661831,56.75103743381759,4.77854759374056,206.59258865382648,53.1232119114598,268.02063322512504,3
2026-09-26 14:00:00,28.92665422478884,22.068749596684224,62.65636502199423,5.265439030656695,224.20322107137167,40.93837736516437,304.53780664724763,0
2026-09-26 15:00:00,26.653696013818113,23.090778958998463,67.62695606677342,5.44914642462103,222.3805878420761,41.83478985996315,330.49993328011215,0
2026-09-26 16:00:00,27.98357115062487,23.77000207356264,60.09164383760639,6.238689683051714,133.4529340906275,38.73059364448929,267.1600262731942,2
2026-09-26 17:00:00,29.50590574268907,23.796179221271576,63.40098233721359,6.075243209761707,199.6534196307033,40.27182604445916,270.40232457618885,0
2026-09-26 18:00:00,27.37033757330208,22.417035331832537,64.37187304349834,5.5784261264631025,192.13315588298502,59.03033427526866,254.8867642472549,0
2026-09-26 19:00:00,23.718727301668597,21.6516817447945,60.59793634980368,6.0917479180519,166.010657159262,61.62498765783667,239.5813749547553,0
2026-09-26 20:00:00,23.42717391558713,21.152899387069112,70.58319788118823,6.1550491853521585,213.78878111647606,62.94978636144609,285.8743659117088,0
2026-09-26 21:00:00,19.638506153730276,19.115510202092157,67.33308053416849,5.7357340606501115,251.49620947632414,55.901206211775126,269.5893327930018,1
2026-09-26 22:00:00,15.94419261975992,18.845112391171593,81.96298311459833,5.246248742314524,119.80989068347802,49.66271259773238,254.62503206698017,2
2026-09-26 23:00:00,15.663553549499838,18.56039293836842,74.24768036493076,5.716835075973554,183.96590972474837,30.677144080668867,256.96144207865194,0
2026-09-27 00:00:00,18.282155326271226,17.513557703554962,73.6549864401688,5.760843037931146,162.6270150765913,43.124752970996504,298.0493381557257,0
2026-09-27 01:00:00,14.827529593232565,15.955358791762697,85.4683590553538,5.307018243667909,202.1533347871308,66.56754488623687,243.09745882597824,1
2026-09-27 02:00:00,14.634924030937473,15.710072945731978,81.31999939551926,5.946818717171987,190.2313615055001,40.643784212473456,265.1214092643108,0
2026-09-27 03:00:00,14.788761921564202,14.476576422611178,73.25611609625024,5.9119247417209415,181.82968361728467,60.14144474772275,310.94669567156427,0
2026-09-27 04:00:00,18.79402705786844,15.56279371858002,68.77258467656245,5.978017079957675,220.68520484987175,45.55035819030545,284.889018802772,0
2026-09-27 05:00:00,19.48919090473726,15.074039545934548,70.01645697119666,5.911569238866977,249.08543903171295,18.21857614146854,233.01762934565562,0
2026-09-27 06:00:00,21.8281703501722,15.315137223505335,72.1794159965767,6.091937214045993,279.83955955273507,51.40485563668963,274.0451572501212,1
2026-09-27 07:00:00,19.949698868682276,15.8821938063791,74.25186043224511,5.728268788850787,177.81112854594238,57.662546961783114,292.48086484571877,0
2026-09-27 08:00:00,22.44343673312064,16.949684906480112,65.25236439694088,5.880714042948381,145.37373344545793,44.51004031359456,314.5708876494497,2
2026-09-27 09:00:00,21.53676949158646,17.60642170364435,64.71982918202445,5.640903886301787,216.7758930223502,57.33051004485414,244.784853330204,0
2026-09-27 10:00:00,27.71540163917741,19.526514428802052,64.54943505841628,5.56620031375122,248.3145420596961,28.321724855829128,252.65881109195462,0
2026-09-27 11:00:00,25.198078141403933,19.719049341997138,65.25300590136447,6.33529985230483,224.41069901122185,31.144357361006307,247.19360045119214,0
2026-09-27 12:00:00,28.387341172135013,22.274371276821906,73.12127003067667,4.982492519389401,248.19041118590934,47.04864308085688,249.17919202432847,2
2026-09-27 13:00:00,27.11552699257421,23.000595527531296,64.04438589172634,6.150703995661705,193.23539988193642,49.77114727817532,291.2001886278846,0
2026-09-27 14:00:00,28.116699759891954,21.75086682325415,71.73122442663103,5.5517836498217354,181.71276680680614,58.56578868592278,298.779565195346,0
2026-09-27 15:00:00,27.505587137448927,22.9194667206997,57.54137744453959,5.499984728942751,203.46307722203937,51.389244667485606,317.0361397153233,0
2026-09-27 16:00:00,27.150364935477345,22.479474702931043,55.95349737961865,5.904630993626163,190.08340437899335,33.06370910634957,271.3530036369693,0
2026-09-27 17:00:00,26.141063413582366,22.602385254605384,59.43029824107349,5.204156155059598,219.89282064021032,47.13045622074386,218.787081808821,0
2026-09-27 18:00:00,24.677596807612385,24.066043589253592,72.73253273813246,5.473590771221518,229.09303334010474,51.00727445288149,301.77880657829854,0
2026-09-27 19:00:00,25.061734183388108,21.582369991053554,75.10642692840194,5.460344141394803,231.4425099371566,26.25766001302871,281.36574713630336,0
2026-09-27 20:00:00,20.34270581040622,21.288180829661943,68.07785575774936,5.711440696725962,215.3177801241317,44.563665302619846,277.3987791726401,0
2026-09-27 21:00:00,20.519078824803156,20.468333215616706,69.47427526143844,5.478344924735724,207.374669800259,41.64417456061775,223.6638604675511,0
2026-09-27 22:00:00,20.326938728458337,18.199496502013407,66.1627689747875,6.440447474255707,223.83280067752546,38.45306926254255,267.1665654557864,0
2026-09-27 23:00:00,16.280457984924077,17.280647440062552,67.80525118249918,6.518806606599181,141.11024277041835,49.98777051752673,227.25380855497127,2
2026-09-28 00:00:00,14.860943837387525,16.035182102873506,82.15892588401812,4.991202590900775,206.31712257001826,33.50318473442076,294.27859953783036,2
2026-09-28 01:00:00,14.892732278206147,15.462796288135587,79.64382278096345,6.017729081906294,201.57434171511352,49.16879512003649,257.8042388518464,0
2026-09-28 02:00:00,16.769587812541065,13.255874297408498,76.3289345383201,6.143465375631029,206.39241187914664,50.594911292088945,254.21862414541766,0
2026-09-28 03:00:00,15.529680662406559,15.571962615478629,70.76410051929523,6.0171940809564415,197.37129361237308,55.837633102609736,213.51378067643873,0
2026-09-28 04:00:00,15.141000731597533,16.643355073004855,86.43058253122626,5.536754602763322,212.9556648038485,33.76580737207395,316.0838347873617,1
2026-09-28 05:00:00,17.776067508476228,15.254553286072948,72.55193529958116,5.702361775136583,182.76191235397954,29.947657816454527,264.6574147508258,0
2026-09-28 06:00:00,16.846561775245366,14.40288329738976,78.85225799378793,5.500690138088921,233.8857028836089,47.78903607339012,278.4792308135103,0
2026-09-28 07:00:00,21.210305949946775,15.65735176893385,63.67482583384024,5.631894387536469,214.20949332240423,42.13728766132298,245.5803963722978,0
2026-09-28 08:00:00,22.61291096155265,16.632898523980003,68.31188089803663,5.316013988533129,204.5205757365158,74.02650262493721,208.97699760133384,0
2026-09-28 09:00:00,23.35002060900932,17.150655997819218,69.83684755038173,5.75408447134618,179.0745028809164,49.58498476242932,253.73497647290986,0
2026-09-28 10:00:00,24.242121302329153,19.688146110716126,68.94483052747155,5.1988793154779716,224.45950655623716,45.581617117041816,260.1383464890915,2
2026-09-28 11:00:00,25.619726084880647,20.68348421591035,66.42957141432635,5.719946178308745,206.19979095483473,43.27172044323584,286.7104008365937,0
2026-09-28 12:00:00,28.864403831009934,20.075638564945873,64.23532786303194,5.300567324360094,177.3354981938925,32.81938154560551,260.79870356443473,0
2026-09-28 13:00:00,30.604951537757067,22.408491960304197,54.021455874526715,5.8827265447165615,198.30015372760283,50.63881552954597,246.26604561210883,3
2026-09-28 14:00:00,28.044038379456808,23.685551745999565,63.73401697185013,5.528232175622843,218.8724785772372,44.20854973729202,214.86642411430665,0
2026-09-28 15:00:00,29.449060839350704,24.38574986933992,61.629915410180544,5.916232139149815,216.54720616459474,44.216863165705654,276.93813981690994,0
2026-09-28 16:00:00,24.93163729858797,25.29216961846877,67.64039866266974,6.2326322913459125,214.61026903424465,45.944433254986556,243.13759224916532,0
2026-09-28 17:00:00,26.072820872320033,22.142109185601715,65.47434103981188,6.435778774441883,202.7759417522323,47.212125299172456,327.83226135062796,0
2026-09-28 18:00:00,25.45341160069365,24.723477956253916,59.48984220960064,4.788798164391803,230.7745859990569,27.607443540824782,281.0058664535241,2
2026-09-28 19:00:00,22.447208190244897,21.545062013939162,62.87435141116126,5.466322362450486,237.13389511434832,53.370230063709315,297.4841136013196,0
2026-09-28 20:00:00,20.595240437815605,20.526027635695588,60.61437054519851,5.678765569155194,222.11967847026622,36.535556251840774,265.04845334843316,0
2026-09-28 21:00:00,19.186597349579024,20.296934080312358,77.46375572973166,5.984131127352593,182.37646175432877,43.619678025313725,283.05121159071643,0
2026-09-28 22:00:00,18.93828909248956,18.53435093272559,77.81234063768852,5.139858198338188,168.25814848128448,57.85904920665289,239.37138736918988,2
2026-09-28 23:00:00,16.769259004084606,18.28395913210714,80.49464065120908,5.407163037279913,183.68180699085218,62.79448592270114,227.87124697321576,0
2026-09-29 00:00:00,12.58047532352147,15.94393824981016,82.83737942408149,5.852142881062844,258.6097024393017,27.995055613736085,275.60524309394225,1
2026-09-29 01:00:00,12.057468987023924,15.98057079360306,71.26544112698073,5.833955296610666,208.4508774148206,45.30244827674649,297.815666208043,0
2026-09-29 02:00:00,14.089702233214236,16.56436417235159,74.35880486121658,5.951047362568037,263.79325482579156,47.72913185166036,197.1675291975369,1
2026-09-29 03:00:00,15.92504909505685,15.090647661698803,78.14201817389733,5.977470290755246,196.3940496923769,29.924699738085536,255.03586036783835,0
2026-09-29 04:00:00,11.816564909421079,15.113276629391907,82.89771212265369,5.935437773246345,192.23558988521236,53.02591364418165,348.68488431553567,0
2026-09-29 05:00:00,16.300657267466722,15.516503578617577,75.72547021327982,5.877462126652597,197.7783039006778,46.16262677414173,294.1691020667982,0
2026-09-29 06:00:00,17.710628215223867,16.472427688316376,76.9918321562726,5.822295909330547,197.23477759840088,46.94159595694997,336.50584134761993,0
2026-09-29 07:00:00,22.270773351595025,14.847393105502261,69.7333305165122,6.065905235889745,176.79047264396826,35.82447081658065,249.63820192845662,0
2026-09-29 08:00:00,21.422467282430706,17.467619241469947,71.29689158883997,4.90427093337431,165.5345519549997,49.128866433813485,256.6837694002224,2
2026-09-29 09:00:00,24.38621679282904,17.750212508196505,63.941213184445076,6.417733394788494,215.0400988154259,53.382239563899375,313.66933281378033,0
2026-09-29 10:00:00,25.711885710131195,19.13331031624947,70.45579207845053,4.918207179647871,231.6470215279209,46.27297883725934,299.940814215133,2
2026-09-29 11:00:00,23.753897748595033,20.883236316219985,65.74146465828403,5.368335273238203,273.349439019992,39.86064099036946,271.22461695761257,1
2026-09-29 12:00:00,29.214488651438675,20.044650678870525,54.68936820317046,5.709295681339942,186.98861279926933,40.63930681953636,224.4993676292598,2
2026-09-29 13:00:00,29.084575542207908,21.01831157159172,57.64351428525687,6.069045156435937,189.42033539407774,47.20395707125966,321.27407848907643,0
2026-09-29 14:00:00,29.762402959511885,20.915757647366707,58.94278549177584,4.601893243680153,176.86312116646948,45.4879737838063,375.4091259011085,1
2026-09-29 15:00:00,34.65083734367796,22.424376151745253,59.78900912943068,5.788750270423266,233.77182288120702,54.04822119119395,212.12535246812988,3
2026-09-29 16:00:00,24.93600841724319,24.064345875503054,66.26544990713421,6.1169580157662935,224.44962364388795,40.19741712475834,331.14476598997754,0
2026-09-29 17:00:00,29.536792442947498,22.767233554377498,60.02510797363476,6.197807246411391,173.69196254376422,32.81619397259175,256.26795429370515,0
2026-09-29 18:00:00,25.068828720899468,21.392001698613925,60.0740884111075,5.521068136601016,172.93405739081172,48.59386077320503,261.661253958474,0
2026-09-29 19:00:00,24.24272667232216,21.439884129086153,71.23614094236129,5.679665885217987,228.5754427578769,40.22470147001297,285.78557950153333,0
2026-09-29 20:00:00,21.931731632048137,19.809710637207502,66.82216127142532,5.553540748442948,211.49588453625222,52.836819490363666,226.7790688344001,0
2026-09-29 21:00:00,19.551912184185287,19.135127299025154,72.43756608427097,5.642930138589566,222.7516613903343,45.07538630457601,273.5144622022246,0
2026-09-29 22:00:00,17.645250607641863,19.31105512821097,82.62661465523908,5.387269379708626,173.51694564983262,51.54813204364822,210.54985488791323,0
2026-09-29 23:00:00,17.544515635053685,17.025625158545093,77.8903978931821,5.444299135011633,143.6682540826938,34.85682953269212,294.0432995911282,2
2026-09-30 00:00:00,13.66206162850141,17.89010744416264,71.86425580722243,5.973750768811347,173.7510494995949,46.43386263229821,364.34888151852675,1
2026-09-30 01:00:00,16.36438796725917,16.11467664258954,67.91518325752664,5.852646149309097,220.6330019003368,38.00736792616084,249.4187404334535,0
2026-09-30 02:00:00,14.375708392672118,15.604374148017865,78.82759767819724,5.996634603036189,263.33173935904676,32.7962634692378,268.2502664683315,1
2026-09-30 03:00:00,13.543415207415986,14.913598320757412,74.0841986767268,5.885605755880334,187.11608031417177,36.38892121928985,270.2208729570901,0
2026-09-30 04:00:00,15.26280288651521,15.618278270834978,81.32737027434673,6.081735440459038,268.275676456306,39.55522908224141,314.45874375964013,1
2026-09-30 05:00:00,18.935976356988025,15.762824605065337,73.88814369643926,6.151285599261998,224.89459302475063,57.446945270238515,291.22289476207203,0
2026-09-30 06:00:00,17.696997369475664,15.803941866391984,75.99052700174852,5.103313352053558,158.2090309487352,39.290596005073404,311.81384041407716,2
2026-09-30 07:00:00,20.725947111596785,16.623404159979927,67.9951475578721,5.458276139834255,206.42101513433096,32.28459749721777,254.7505865919051,0
2026-09-30 08:00:00,20.90356558642679,16.83032826406366,80.02263957272137,5.707449617003984,225.91922835235582,46.31477422496669,292.34276019279184,0
2026-09-30 09:00:00,24.948616090603075,18.398486225117157,80.6746293313286,5.790928989805064,127.2355130434194,45.291806606776746,140.28777068256568,2
2026-09-30 10:00:00,26.528261608185307,18.729697779620956,63.173162451394056,5.531963770472786,219.33353473740146,40.07946987989802,301.6985028795612,0
2026-09-30 11:00:00,29.722660718250452,20.037061478140004,62.49800338017447,6.1648094683953225,235.1816353946934,43.38776534153873,226.2882916481895,0
2026-09-30 12:00:00,27.798831908242246,20.78028500050696,63.528488425430865,6.591979347316239,211.9660437239343,54.76227085996571,261.896244740003,0
2026-09-30 13:00:00,29.764462991160336,21.462652293290834,59.38421009340225,5.874464782232693,198.1483636795573,51.70705765399177,304.8100443457682,0
2026-09-30 14:00:00,29.147101309308418,21.912812176960323,57.26312609016591,5.833736412879285,194.81220250995779,50.84230206873731,213.5564066952037,0
2026-09-30 15:00:00,30.705288456817996,23.237855388243382,54.128813914416014,6.139782502041732,193.06033016924533,33.1632121547977,318.57731192888104,3
2026-09-30 16:00:00,26.983929245077977,24.04848473025077,58.34129857827881,5.053664097918626,164.72060588698673,73.86548061715322,270.02780754845105,2
2026-09-30 17:00:00,28.067255437621753,23.800584882491922,64.74549360259962,5.811387576175364,179.37428504285097,55.51252210274222,333.12461945148954,0
2026-09-30 18:00:00,25.207954055824978,21.458849346381406,63.55208274199185,6.191614330187006,187.5021786304352,50.17028563190872,238.88623363856854,0
2026-09-30 19:00:00,23.7154510500549,22.85978956587169,55.049994489231466,5.542738401119555,203.40483038677226,33.3568822560279,202.48849102612206,0
2026-09-30 20:00:00,22.13762872667256,20.745473198705657,72.05913663098454,5.309375768039214,183.29555727028801,54.47730112734108,273.84213138647846,0
2026-09-30 21:00:00,20.56662727892237,20.515862592526556,71.52874085297238,5.725677755960088,173.9261227250621,39.988714897006716,298.4830427138897,0
2026-09-30 22:00:00,18.32565643531706,18.275027734362233,81.14257728462526,5.775725826719231,222.79312577377536,43.057291953640345,301.83747755240887,0
2026-09-30 23:00:00,17.37232230644996,18.07830775068912,77.4188252177151,5.436539087233816,211.11841915843567,28.19220723940717,229.58047456291055,0
2026-10-01 00:00:00,18.304999259852206,17.250978546317526,67.04063290662586,6.6384645104203805,183.823113896313,32.58516914059491,210.01467719520355,0
2026-10-01 01:00:00,16.71669374439935,14.983889041718086,65.19158430307088,5.6085214475968215,215.18835414462762,49.38546498827135,262.5070410439374,0
2026-10-01 02:00:00,16.303731888745347,16.022512117937595,73.2381598118159,5.338536259429373,186.40526318942196,55.0623467527049,295.65775961902364,0
2026-10-01 03:00:00,14.555209926940716,16.21304470111438,75.80821098420289,5.762551472371755,201.8919508846436,51.84904419795035,293.6314712842528,0
2026-10-01 04:00:00,14.603960931166444,14.860281643454698,83.5910428876011,6.1631442550817965,229.251321641686,51.50818996742949,337.8850534588858,0
2026-10-01 05:00:00,18.483203369050795,16.22443119950614,74.17580129569117,5.806965699599292,181.8877672050121,44.35233543040293,260.0617919433033,0
2026-10-01 06:00:00,19.81407018879469,15.38414359010032,78.29155826393892,5.994237568017601,164.8276517649877,40.93292984633788,201.20414247101246,0
2026-10-01 07:00:00,22.397272697908825,16.8512405000911,62.89910748399623,5.451395762266737,195.64596250935975,47.88895143565394,322.8666575313694,0
2026-10-01 08:00:00,21.094029061046157,15.22514402723912,75.91348704864684,6.395075378561406,159.09604951443615,53.21408323100274,282.80781256443015,0
2026-10-01 09:00:00,23.467410332677126,19.899746043040686,71.84405336794205,6.024684411167377,191.67654471947074,45.04862254933591,286.2875164200364,0
2026-10-01 10:00:00,23.04077375621185,20.196366596194366,58.65990093538979,6.219080627551044,191.5808756205963,57.10252019913405,305.6836156842634,0
2026-10-01 11:00:00,26.361040809214526,19.80757577700714,71.37984023524643,5.946064252990068,126.08947628283312,42.84930736183993,325.54574361474647,2
2026-10-01 12:00:00,29.55703359236024,19.422328778684946,61.39885214799948,6.129953615091513,215.9190549123353,35.19721064703949,274.0792006339919,0
2026-10-01 13:00:00,28.06173771518118,22.058849819390584,64.68613726112511,5.450778976129109,194.51930699956037,44.896377579589995,322.06206533312275,0
2026-10-01 14:00:00,29.960719692801234,21.308961177478746,56.122655806496404,5.603435833324175,235.45689358315806,46.059722782595685,297.0854505656714,0
2026-10-01 15:00:00,28.47572612502676,23.219586135202263,68.60536371457775,6.338592238222412,206.4659593938225,44.17969932723591,248.77670434768004,0
2026-10-01 16:00:00,28.548263368823413,23.329252575331427,56.21282231121756,6.423896778913585,222.06825710946646,57.80655560882261,265.67046111325953,0
2026-10-01 17:00:00,25.228210383582333,22.110580769954655,70.28660763157094,5.341173760112369,235.7011625962113,53.05301980724039,299.66976093594025,0
2026-10-01 18:00:00,25.62781417445085,23.360875234029255,69.74966037020234,5.899894427145525,196.0484875168776,30.690590113782903,246.64700943024417,0
2026-10-01 19:00:00,19.32502935936656,22.47288688699113,68.33912762789902,5.6276224798059085,199.97530433408295,60.343670141982855,310.4583640854581,0
2026-10-01 20:00:00,21.71965576275702,21.78065866983085,80.25328108180445,5.521187412254055,152.79370329829305,17.585829391708273,281.3273400338883,0
2026-10-01 21:00:00,17.742556818709645,20.0423623433452,76.26657421863602,5.91393587814218,237.18613235702725,66.51024372852497,290.2647295639927,0
2026-10-01 22:00:00,20.308991774820225,17.867580746469034,75.29867292157086,6.256385172946163,195.62907800835336,42.12694486443124,332.6202129420061,0
2026-10-01 23:00:00,18.216363560840936,18.747021637358827,66.9047597503121,5.980664989313677,169.82808348956056,43.104322633485,289.2626751030479,0
2026-10-02 00:00:00,16.63782864645805,16.78370288069137,87.02325563929315,5.672195020032386,222.19167459462284,44.3998376102636,277.85647415661253,1
2026-10-02 01:00:00,17.52002855671559,15.059748760699673,69.25318103081584,6.005944471974064,134.60656424107245,48.852054328401806,271.6964614756751,2
2026-10-02 02:00:00,13.576625218762745,16.617529877641704,85.23248190131436,5.65600953056764,187.12177331380465,44.99736798733157,269.61372160877033,1
2026-10-02 03:00:00,17.85956401284986,16.815822711245733,69.99466459492169,5.9648457202922405,227.24933123635523,43.666048111627326,287.4919745681443,0
2026-10-02 04:00:00,17.33610951989951,14.967001496816637,72.50172456188218,6.358586280182293,186.86834444102286,58.08918309356186,329.5329193646566,0
2026-10-02 05:00:00,16.695419600865748,16.86359361852636,80.30926669838834,4.969136136279669,178.46234147154254,50.6559607975085,250.52894958663325,2
2026-10-02 06:00:00,20.203430220774415,15.608950167751326,77.29364730344649,6.1189009194160136,187.5153560866115,35.41196145629239,247.50171445316147,0
2026-10-02 07:00:00,18.528826415664902,15.867208151920728,67.8089870556316,5.184378031371812,139.70212206594277,52.40673914335724,326.4015958079212,2
2026-10-02 08:00:00,20.76322875770849,16.495633236651617,76.93648633603479,6.291331084217784,221.46435295349102,50.24107003183339,252.35412240565785,0
2026-10-02 09:00:00,22.898848730858095,19.27438974598411,74.14628399863625,5.545189756050855,196.3134187406926,39.54726274418781,283.64379465410815,0
2026-10-02 10:00:00,24.70653343790398,18.375884894889783,62.06239283029077,5.312931448957406,191.83026170015714,52.92138426362161,251.32810140736538,0
2026-10-02 11:00:00,25.364911004165453,20.623491628390074,73.95534476295701,6.078107690835499,191.93994150772875,43.4242739877696,207.82062166574164,0
2026-10-02 12:00:00,29.896802427134055,20.552668931952635,53.239548946198944,5.945668025256964,200.42239395393753,42.78326527874899,282.92900773167844,2
2026-10-02 13:00:00,28.373199183468728,21.4601817146867,59.22829806594945,5.400325238815337,219.603121120162,42.510868825670656,319.60671576104204,0
2026-10-02 14:00:00,29.52875745253532,23.288301370313405,63.36050417741756,5.298800097132642,198.43809376402254,20.718819430476007,272.517805928291,0
2026-10-02 15:00:00,27.905953734402956,22.55967382812479,58.645024095203425,5.7250074050034865,159.15090355460563,39.733006670653985,215.73365746975088,0
2026-10-02 16:00:00,25.331272875668297,22.676163696463764,67.32156797759475,5.318365219931521,217.26548364632202,52.13173242125601,279.3628233220166,0
2026-10-02 17:00:00,27.354833505892966,23.76994706289612,64.77958018694491,5.375410810830549,214.9570907301268,44.77588757096237,244.76194445418432,0
2026-10-02 18:00:00,22.631617536870333,23.742019449715052,68.30668760614199,5.846248316168573,206.1658099464938,32.148135701442506,170.21979667016953,0
2026-10-02 19:00:00,23.708782246589443,22.34417896737358,72.11146399704546,5.413651346297961,232.25723920883956,54.646312551920374,271.7646511310584,0
2026-10-02 20:00:00,19.947527441750786,20.47618417950084,71.32116310661085,5.970615716010617,200.91136029238876,42.013998404566046,295.7073677555213,0
2026-10-02 21:00:00,23.169180683128566,19.62678938097202,69.75468852431474,6.396057438353391,233.34128266967767,32.78424509338477,322.10821912527666,0
2026-10-02 22:00:00,19.867044083262083,19.06393221099203,78.29190648752501,5.740577834039767,242.2163306443519,67.06012461671016,345.27418959848563,0
2026-10-02 23:00:00,17.20888321860139,18.221467869130443,79.70277118780753,5.852060424794233,217.46938656573448,34.46827405512244,301.0374270954604,0
2026-10-03 00:00:00,17.83338218999093,16.20970727188818,78.93002782608193,6.607238693134194,177.56199134366187,53.7949151128571,312.3426963442238,0
2026-10-03 01:00:00,13.969045249777919,16.7500032269177,73.8912476891826,5.324959553049061,196.0764284449268,37.30685899145396,223.61738199687733,0
2026-10-03 02:00:00,15.81521906800514,15.604309048573924,80.04569999590045,6.276494078072297,237.16568102175123,46.35826834573822,339.87303206185015,0
2026-10-03 03:00:00,15.538234866554593,13.763730039933224,73.36162420528696,6.228343039164993,155.07116401791478,35.978190366318245,325.694407262862,0
2026-10-03 04:00:00,16.333852295509434,14.256858814031416,70.39230234649855,6.141726935669513,188.24138995464173,32.606958187263416,260.3153806013391,0
2026-10-03 05:00:00,18.958782781854318,14.732993755922397,73.29092893034998,6.316699140293053,189.71105490659767,50.22202544671409,302.2664050115137,0
2026-10-03 06:00:00,19.598738154169702,15.477612233789403,68.36003828173841,5.912229986383448,174.043681989388,49.052905451344,298.2427273379444,0
2026-10-03 07:00:00,20.62135217851989,17.682995911657006,75.60746597997601,5.566828201760293,226.1863684975636,56.44649444219064,333.80854042201577,0
2026-10-03 08:00:00,19.517668845657557,17.190537044911704,77.05147468368754,6.237829316488227,211.30445213122331,44.65618069704137,268.95568911360465,0
2026-10-03 09:00:00,22.37166387279845,17.292106307671016,60.04087217048465,6.253136884685158,178.66824930198524,67.20351794126492,245.15069449199953,0
2026-10-03 10:00:00,25.315936599606413,19.176504643445732,61.879363382587854,6.242125560597315,218.1653876070752,47.68346667437036,255.40006521354624,0
2026-10-03 11:00:00,27.089806029720812,19.753605982446977,56.59329940474503,5.817800832927694,195.24751295995347,50.66774681237212,310.8718393345547,0
2026-10-03 12:00:00,26.366872239480184,21.259806591626834,62.44660692965933,5.513522194554669,173.29416280332973,31.415707548927717,198.20518359430662,0
2026-10-03 13:00:00,32.378995797391106,22.292881274374682,59.82108339247479,5.876544901644644,178.612447692714,38.859156848774695,155.1170624302599,3
2026-10-03 14:00:00,31.27459108288036,23.431486132916906,57.65905020965163,6.176892007027134,213.0815322432782,50.19679700515977,310.76996027871917,3
2026-10-03 15:00:00,29.6646582646122,22.844274108620255,57.85361387912968,6.209740715943986,228.17029635565515,44.15772237586417,285.992218566212,0
2026-10-03 16:00:00,28.17023311841669,24.311168422079867,69.09660289196566,5.628129549170162,185.3969530113564,46.87683135034636,275.7385334521271,0
2026-10-03 17:00:00,26.631434013454108,23.590121435185228,52.917993320873634,5.926149158450956,216.33324001007034,36.83506244285806,222.77813488046175,2
2026-10-03 18:00:00,24.072122309966648,21.898149979288004,73.69781269563114,5.2764886782056175,247.45262472732446,46.21946973471621,206.60440941618847,0
2026-10-03 19:00:00,23.92795409349594,23.596311657344962,64.96501362202744,6.19398004120234,162.23388330889242,46.18545891591736,249.61883666007256,0
2026-10-03 20:00:00,22.386628810214127,21.261595610616077,69.1455003771791,5.486676497309975,210.6700961851587,33.19564980114761,289.4678039747873,0
2026-10-03 21:00:00,18.325625821059916,19.367176577232296,71.77243232612756,6.114102143828619,224.91967073886224,51.4254984468059,251.5697714893118,0
2026-10-03 22:00:00,19.001264625867346,20.322330440984338,81.31292297665478,5.340278169043935,197.1455055020351,27.999350530820312,311.0040080096809,0
2026-10-03 23:00:00,16.817363958457047,19.626945887748672,70.06427076582526,6.212566362573603,237.1484963256694,46.84238080597684,236.83762631918833,0
2026-10-04 00:00:00,13.076110836692841,16.973579789024352,80.76734884457827,5.928734076009108,265.9651111478385,62.65592693825501,254.22619707361665,1
2026-10-04 01:00:00,13.94794169980727,15.768652666953331,82.29966321953125,5.487456921753221,210.3006604515891,51.80550537819082,303.1280421873748,0
2026-10-04 02:00:00,14.379591699867534,15.397998418899315,71.08947612073312,6.07654255243221,192.99230803166003,51.74299246037104,259.9233993406174,0
2026-10-04 03:00:00,18.07005070198681,15.708082076857886,70.11644830538506,5.563855323277868,229.3094842298587,36.02573325051315,261.90600158709617,0
2026-10-04 04:00:00,16.77265186030957,16.022285324024413,75.53192510013736,6.099822014978051,225.26206581133704,62.69062053152861,249.2604618540475,0
2026-10-04 05:00:00,15.047030178044329,15.592686559534586,73.91023861292493,5.690355409847712,124.43507135245447,58.76718094602289,241.84237036788608,2
2026-10-04 06:00:00,19.229054434126457,15.617276951639662,69.2471758229525,5.111581149748135,199.9179333172666,36.564099771044326,289.1670941558484,2
2026-10-04 07:00:00,17.867310700874807,17.36998229149735,73.20991384356805,5.407033503807625,188.1620159978266,40.25236758185123,294.348251785785,0
2026-10-04 08:00:00,23.62403658083061,16.74973082155878,71.29906276123413,5.6278341165250865,211.9011707454175,57.54656044926688,284.0859375020513,0
2026-10-04 09:00:00,23.105046337990828,18.789459290283443,66.96035551002029,6.347275609499431,194.1902515911863,62.96147378316758,250.35265577786237,0
2026-10-04 10:00:00,25.359545716891244,18.769549761318977,71.36067611209523,6.1604574522116895,197.44471723186996,32.353139649097116,266.9403240034651,0
2026-10-04 11:00:00,28.93844243961912,20.380094546818796,56.685080159160286,6.449544564928857,174.10361721616755,34.962892302754234,338.8373913368471,0
2026-10-04 12:00:00,26.131432473614694,20.909149948167638,58.78266972929511,6.461454086411943,222.03587655273463,43.56213243577831,218.15666491601732,0
2026-10-04 13:00:00,26.66580350635399,21.783745378623944,74.03276282098088,5.586099678163634,249.65126664406196,23.28905970557485,350.43565121714556,1
2026-10-04 14:00:00,28.124601010480994,22.162192401167985,59.360688149095246,5.724605256096468,174.56984152354894,45.190451602094235,278.9887938447019,0
2026-10-04 15:00:00,30.31904906055245,23.93958653010083,53.462581091976254,5.635488030267784,158.08834930559078,56.85743514029984,267.7949444009398,3
2026-10-04 16:00:00,25.78315871327581,22.41365916951317,56.74993983520988,5.53139575787957,200.60009659482392,30.613629837642506,313.1351335520671,0
2026-10-04 17:00:00,22.701514071139982,22.27151750311731,74.53370038367672,5.063402116265417,199.14033016894209,46.27106964975087,192.30935723766527,2
2026-10-04 18:00:00,24.8232617123865,24.160896467813842,64.90556337183591,5.794100912793263,235.12798358361078,39.18229295004687,330.21278298319004,0
2026-10-04 19:00:00,24.63934451558403,22.610705176469658,65.56423790596716,5.285773762515555,163.12415142864404,61.399459487539175,349.30903315793523,0
2026-10-04 20:00:00,23.800392624608243,19.09190904104557,67.04352029253691,5.7863312473862685,183.86134474927707,39.30208137866949,318.518914698364,0
2026-10-04 21:00:00,19.493524641154256,19.58306918904176,78.0724848539638,6.646308323825194,135.5689028219944,60.189930877485835,190.90858524357134,2
2026-10-04 22:00:00,17.882860089325995,17.550408529950356,74.0429187229292,5.596261961467716,241.2495090863547,39.025449291887725,305.5667119120193,0
2026-10-04 23:00:00,18.78110363307779,17.204171264857713,85.58294453446977,5.8779096022512265,207.5163388497009,52.7117580533413,340.83994232074735,1
2026-10-05 00:00:00,13.133209623965797,14.489188267012768,81.3089513215122,6.162659354323713,186.0970125805761,47.51945618362699,336.7099515094302,0
2026-10-05 01:00:00,14.655738053202008,16.061981213098655,84.1220381709492,5.912116516786362,160.3318556422647,43.61727333485698,218.67643011094424,0
2026-10-05 02:00:00,15.285635834887586,14.622344929533195,82.08343628765694,5.9169936751769185,163.0857182546825,37.094714309460244,315.65427326412026,0
2026-10-05 03:00:00,15.912347297904073,15.184220900280877,77.12294664122493,5.655039026524768,212.42800699374175,48.23095421317893,346.82281611116593,0
2026-10-05 04:00:00,15.173112133722606,13.69990299289398,75.25741050943056,5.707248809975507,166.7772486319787,40.594647375150885,276.1786287458408,0
2026-10-05 05:00:00,17.10191404925293,15.20262617738136,77.53752278372926,5.415995791124868,203.1201626944571,38.10233775191862,216.8919510884112,0
2026-10-05 06:00:00,14.767508969880517,15.203965362365985,81.22948289217975,6.1384180035557625,261.2883458340509,59.727227413757205,308.1461037089974,1
2026-10-05 07:00:00,19.200894065781583,17.373135247404687,70.49599688042946,5.1034033373543615,189.5723713116554,50.475302274932275,317.15431874607,2
2026-10-05 08:00:00,22.6802630688317,18.1290854893965,70.01537864715523,6.188435335352881,171.15666668076864,51.43638951907203,269.4316734269639,0
2026-10-05 09:00:00,22.338292264335628,18.593000301998142,75.77507417409522,5.238520646101903,211.46021616358288,41.084014813877374,227.37106176544702,0
2026-10-05 10:00:00,25.588476332384396,18.73870897547103,76.04356709648712,6.185042909630661,163.22624777654818,43.140216529166956,314.27488336144654,0
2026-10-05 11:00:00,27.62005621950988,21.623580496618317,67.52777913833525,5.658472989515127,251.5995359098821,42.514233326488885,244.24764537512968,1
2026-10-05 12:00:00,27.54835402520442,19.757571777728142,72.65577360165611,5.307252524746768,242.10859005585004,48.372389125009775,290.8938690615548,0
2026-10-05 13:00:00,29.017176440518334,20.70558022109526,58.43251721534572,6.031719458031854,195.07485143139067,51.41803451842506,337.32665420051785,0
2026-10-05 14:00:00,27.555901152073083,22.3970751352265,66.84232987780877,6.171507014030309,173.0812045572734,44.697486296884286,208.64807612191922,0
2026-10-05 15:00:00,28.451563864479407,24.66693379229317,68.95072090553107,5.624768540758585,187.2269038167392,37.07355005819359,311.31055991877014,0
2026-10-05 16:00:00,28.977502080874906,22.83812887450393,57.14533083809013,6.088244219471573,191.13003163743716,52.60570457026549,266.73671878720796,0
2026-10-05 17:00:00,27.185206909758485,22.71710711058885,61.34980114806477,4.885966202132259,211.50701395121195,45.33403868208336,267.77386864061697,2
2026-10-05 18:00:00,24.620203095654098,21.310573330248307,75.54528009439133,5.27176148410136,231.1889698790335,30.59163621229019,295.5726573813131,0
2026-10-05 19:00:00,24.148057922153836,22.585170792962494,62.546836214480706,6.3169635721874915,168.9046210772423,23.64705249920312,244.14463874343372,0
2026-10-05 20:00:00,23.071914685954926,21.762541003463483,62.00805221357553,5.710532290320834,230.32728696028232,47.978971754604736,227.9992345228543,0
2026-10-05 21:00:00,17.113354766416137,20.666536341530012,83.50388214849819,5.055114669420461,218.53056838433895,36.70526201122296,203.6322091187729,2
2026-10-05 22:00:00,20.238611097433846,18.49662346172211,78.09748280798158,5.520453527823203,184.76631527580182,49.31062129396453,324.2705083767686,0
2026-10-05 23:00:00,16.54587042367256,17.39935840489151,78.70555671151178,5.430639810989968,167.39864312968967,37.24381691136065,260.1331125956415,0
2026-10-06 00:00:00,16.576057073369274,15.965502199676024,76.28017773872773,5.73361530741083,203.48698151877704,46.33185772495007,297.79761649429463,0
2026-10-06 01:00:00,17.034389601444364,16.238670876662557,73.76610995024186,5.6516996064769405,168.21234548893747,41.21598472037908,255.5987170047338,0
2026-10-06 02:00:00,12.942489454154302,14.671572521439444,82.2787570240601,5.871572691575264,230.71042547487818,62.519208102733046,228.52957986500178,0
2026-10-06 03:00:00,14.174357712335203,14.194363490644296,87.2898055322055,5.77221357935497,166.28351683603387,54.50315657818644,301.09250439756556,1
2026-10-06 04:00:00,15.504999129695374,14.661047426471459,78.98683167507593,6.343895702014807,216.4311857948943,58.4729690018783,288.1185029489929,0
2026-10-06 05:00:00,15.874622250007524,14.744971754696355,88.1852496362258,5.969819439887868,197.58150905554754,45.24047769119066,265.52403384050297,1
2026-10-06 06:00:00,21.10240486375521,15.105515561804683,66.5874042352926,5.983068644477434,183.18125346874396,53.22360939114881,287.07584253765873,0
2026-10-06 07:00:00,18.903108543542164,16.544728552726017,73.61786597610806,6.266062849557809,196.91505481042128,45.91650077601142,236.58061775023987,0
2026-10-06 08:00:00,21.1666798307697,17.063238241720224,69.13469086475679,5.644492499828167,232.39949508902606,59.69591367433726,317.42399098221244,0
2026-10-06 09:00:00,24.11831686312211,17.73419899518102,62.0323120484418,5.295249022656606,164.2322777301863,44.27437934743726,326.695785541379,0
2026-10-06 10:00:00,23.696775710885866,19.146410342649187,67.19845048188868,6.282788129852899,187.6353033442455,31.025106596392064,305.37218285347683,0
2026-10-06 11:00:00,26.35622640067144,19.242054547526376,66.85917482749647,5.854336699243245,177.44769305938436,25.013784747460612,260.1205696362532,0
2026-10-06 12:00:00,28.53835771836633,21.08422289912774,64.77512163772056,5.855740483159571,198.84148599353856,61.68311119564515,277.3738717873364,0
2026-10-06 13:00:00,28.26219017744971,21.9489091190219,73.33763268178312,5.546668031387905,179.45957322462039,49.78504474150859,337.75345792539053,0
2026-10-06 14:00:00,28.85991971165008,21.26166412765177,64.0904336946377,5.553257866758569,146.95756272840157,50.442568500417416,326.2466487044471,2
2026-10-06 15:00:00,27.96748261535092,23.660258308652566,68.58970487997698,6.138688935508338,168.34587359202914,59.89647842291582,354.754763620349,1
2026-10-06 16:00:00,25.790472362719925,22.294853035818402,65.78190439623097,6.193862319255044,249.13265055614335,28.482650562740446,243.77924586747304,0
2026-10-06 17:00:00,27.432137285314692,22.93595114452142,71.87171325988535,6.113529362298663,207.40184633858817,41.41398784768192,240.1915086405147,0
2026-10-06 18:00:00,28.132399607470862,23.39563100756597,74.63336689897531,6.11718464217819,206.37086161424233,42.63930170384967,280.3748115032844,0
2026-10-06 19:00:00,23.839335761892805,22.56896853091729,70.44822274060839,6.027611814903904,191.52162829974085,52.42275233207015,291.275830291852,0
2026-10-06 20:00:00,22.337896175871325,21.02746671085507,64.6312295116965,5.852609092031263,198.45123727672492,38.073597748991176,269.3084333976175,0
2026-10-06 21:00:00,21.227350816957642,19.745276978104428,68.18315390576498,5.729848126271608,187.1056423150586,32.9862625648521,259.4126228865838,0
2026-10-06 22:00:00,16.596004255179952,19.758009526860455,77.89446640980987,6.284129539976621,215.80785593123196,32.89651349002893,325.6958073131652,0
2026-10-06 23:00:00,19.60402451888858,18.504479801836812,75.15766075358694,5.650511651803827,203.02426562778118,56.494180762720205,271.3707163781144,0
2026-10-07 00:00:00,16.24131536814313,16.505307983964695,80.4025472301501,5.9479916855522985,164.86195369524154,37.57467906196882,226.39154328326703,0
2026-10-07 01:00:00,17.686304564610186,15.535657957652456,77.47742292861798,5.478394800818301,207.6117350931258,39.479825156781885,231.012436522579,0
2026-10-07 02:00:00,13.900450506714016,13.878014239505447,79.75438397322287,5.536280385259819,126.23774230185349,51.344981507279044,284.8825730053401,2
2026-10-07 03:00:00,17.96561209981326,15.259522168190598,71.66027327421344,5.705538172857109,212.41577599033357,38.010545917651,395.10609939646747,1
2026-10-07 04:00:00,17.100555414561104,14.933841803985281,77.88502480884783,5.478424649309134,157.71929429490436,27.950515772443584,235.96225025019285,0
2026-10-07 05:00:00,17.879812660472705,16.045249794557762,84.21916159483604,6.11914073019132,197.11834741489773,29.18298826275101,262.4050372530776,0
2026-10-07 06:00:00,18.85103668152972,15.82314245964654,78.87839900930311,5.260786299381988,164.16117190411433,44.43192603284542,371.1921910106416,1
2026-10-07 07:00:00,19.81547375717068,17.23895623059196,75.29495123957618,5.839691849352429,200.0846959859929,49.973284303652214,255.62877080646123,0
2026-10-07 08:00:00,23.80079748771081,16.442108617667063,72.98687763386079,5.853003238736872,217.34835557828666,42.9775475614958,293.2184336508562,0
2026-10-07 09:00:00,24.022273120489718,18.875244084364013,65.71795211090807,5.075680168672127,245.0848125574874,49.304427038090694,350.03642890364927,1
2026-10-07 10:00:00,22.54939544461927,18.576866896716275,66.79939973604027,5.623590471790556,153.75927034965565,28.871624739923643,236.94085276384712,0
2026-10-07 11:00:00,25.27396777574533,20.6573530298439,62.3323131472757,5.902279815219257,229.26418867013405,29.546964590318918,262.62959111913756,0
2026-10-07 12:00:00,27.783409198201948,19.832993285975444,62.43347584831047,5.9714911973176275,203.93458116132416,67.53935916294242,255.62536265461839,0
2026-10-07 13:00:00,29.226479258771807,22.016535364239143,59.21819540592843,5.718277116559934,186.47998541526127,57.3278427213668,214.28418548131233,0
2026-10-07 14:00:00,28.915117266650157,20.876351261981025,67.7432329832805,6.070755281792286,222.79569515178378,52.68971891898518,337.77463782754506,0
2026-10-07 15:00:00,30.58993696871397,22.64999331640287,57.31545854913229,5.756273497105584,192.9222544674438,38.40275329265561,251.58382646120538,3
2026-10-07 16:00:00,25.135525030433136,23.35228319510233,62.223761382355654,5.805461164830023,221.52591549202037,42.61993809269549,239.95017296712433,0
2026-10-07 17:00:00,27.165129373063575,22.4469284641714,73.51473064647686,5.900661547594622,170.23190860616015,44.983226828664,257.2226444771831,0
2026-10-07 18:00:00,22.773031161919267,21.62375151213298,66.81548645029017,6.170799851493667,181.01008903111122,58.14346113716524,312.1532562061642,0
2026-10-07 19:00:00,24.9513017589439,22.50532190018294,67.22608017551907,5.529712799033787,228.30800158383798,49.02782766445092,279.5157414803152,0
2026-10-07 20:00:00,21.858311928336995,20.91722976812246,72.42663980971267,5.605271250992681,244.56201570711266,50.25913801287801,243.33334778278544,0
2026-10-07 21:00:00,20.817681642318533,19.643619662785547,65.7353164346137,5.532441403308314,198.9490430254145,43.323450648825,291.3659937966021,0
2026-10-07 22:00:00,17.204175559115352,19.03351673692342,81.93240817657691,5.667120913543227,116.3813322393266,52.926650668400846,307.5037879099429,2
2026-10-07 23:00:00,18.969449929180797,20.07405913314639,76.82225528703918,6.370493703231905,194.02852152174634,48.02322747431273,274.04941648388973,0
2026-10-08 00:00:00,17.500409169597205,17.922802279825234,83.19142905588726,6.029090127731929,200.97278353467289,45.4402273274568,265.6095628453736,0
2026-10-08 01:00:00,16.113835670494353,17.10163180980408,73.66728750931628,5.347564101932463,193.01679869920483,37.56915827813729,315.6350375352888,0
2026-10-08 02:00:00,14.805724129704839,15.884335440056136,79.128760006735,5.55982121376453,210.09015684996592,43.864282578983676,267.83259013946235,0
2026-10-08 03:00:00,16.10830514391922,15.269484912905444,77.26681260226792,5.949106889710561,185.69270217208035,34.20467296220045,339.32766025160095,0
2026-10-08 04:00:00,14.877483321527908,13.083134169335667,79.86646248591661,5.437396887626892,225.16612582034082,44.59860994013045,244.69460511638752,0
2026-10-08 05:00:00,18.333586020225233,14.593112417673222,67.12662303284392,5.509863983674097,164.99860181806872,45.88911357964899,243.76346136956832,0
2026-10-08 06:00:00,20.97422134148588,15.151438854300267,71.78511628367805,6.337983866469659,237.10546122062422,20.95481615393686,238.84812879662616,0
2026-10-08 07:00:00,21.794182524251134,14.671659224015782,63.114661413779906,5.554649748610725,246.50236471883278,42.69660460899496,265.4461417324007,0
2026-10-08 08:00:00,20.905596295288888,16.074067367827652,73.10495480163794,6.181866726411754,172.60820785819078,33.24119795395407,275.1001624546527,0
2026-10-08 09:00:00,24.353859291627302,16.38005464285181,56.53212322745463,6.3021292758123755,172.5920052319081,49.986393255166945,221.97456361708743,0
2026-10-08 10:00:00,23.560287684362027,18.9693409314421,58.86972060731263,5.506615163532414,212.32085941332585,51.37159743550995,278.8702907165674,0
2026-10-08 11:00:00,27.80833293506935,20.690288957089138,67.12274406011677,5.444014977377143,164.38338770771333,40.736601823346824,297.61416749143825,0
2026-10-08 12:00:00,28.73808294578488,21.88541961489946,59.18010818908424,5.689547165407534,185.2219138669304,50.49022087121916,216.38033780827882,0
2026-10-08 13:00:00,25.95675627472523,22.160254694409584,60.31260210216852,5.36454891173055,233.07580869368044,50.91066936335061,254.15314294476457,0
2026-10-08 14:00:00,27.257324234131453,21.693384542178897,70.04543902441999,5.848413551401097,222.1282029343089,42.70284160588232,297.6994291427592,0
2026-10-08 15:00:00,28.336772438907825,21.31805117834031,64.03400415995269,5.717739235258645,259.40589025068766,60.34286975303658,231.42322936496316,1
2026-10-08 16:00:00,27.610888205779833,21.594505040478797,67.62738513073312,5.944232006354521,205.12352442800622,37.749250629934984,262.36085912346147,0
2026-10-08 17:00:00,25.135532065177625,21.848517243352674,65.4061511601827,6.358777382493129,181.67485993165442,59.713657032531664,318.5273427573519,0
2026-10-08 18:00:00,26.083468094028277,21.753013856709213,78.49798175666608,6.126993992308128,201.5373053495906,42.748005708167945,346.80731052504075,0
2026-10-08 19:00:00,24.188943729128415,21.700628326352923,64.35069822224693,5.995695910164942,195.48234981774095,36.56673646774033,292.59660844996506,0
2026-10-08 20:00:00,21.70859630203222,20.188668625498426,79.07216218436078,5.013580634812833,195.90328672390595,41.484515241956174,268.22986856689545,2
2026-10-08 21:00:00,19.05457943404481,20.30645689534469,73.22767447864666,5.9773503928409495,199.28588875712802,34.006107722706766,254.9440791745709,0
2026-10-08 22:00:00,20.073060689624846,18.814181197760423,64.03977519788646,6.48905106428182,172.0469987346129,52.84557867389203,311.4301639508619,0
2026-10-08 23:00:00,19.533363201326612,17.973160388982738,75.37420788714861,4.595790993474593,208.46653264911927,28.972310219247237,320.3362559646268,2
2026-10-09 00:00:00,15.212479947739123,17.912200442136964,79.71883686998886,6.07575301719025,157.74010196724225,58.896085537688265,228.74256811529406,0
2026-10-09 01:00:00,14.32026884024429,15.227387487893512,73.9590683205107,5.736256570097414,178.49520176275658,35.6413279825354,311.4170726377573,0
2026-10-09 02:00:00,15.736811498117994,15.87086204749614,72.90472981658483,5.460081998790822,196.43363710580547,53.36653371845954,250.71814793095115,0
2026-10-09 03:00:00,14.701475146356042,15.125118112062868,78.63474160894779,6.1204514335647815,132.21340062033227,45.24225861060468,240.6177690419103,2
2026-10-09 04:00:00,15.72872637251408,14.733210975224244,79.27426742922302,6.483882360242932,223.06974609034754,47.70815283049596,268.8542318579829,0
2026-10-09 05:00:00,18.159732259281174,15.844501751536495,62.255004874465584,6.110092291535102,138.40536470457485,39.09956628722636,314.6645297024946,2
2026-10-09 06:00:00,15.63596586873906,16.239109708507854,82.90244822013214,5.651523219495389,220.08763072694535,48.528080003331326,287.3762129935869,0
2026-10-09 07:00:00,22.165720171561357,15.414380238463066,67.32864592505148,5.422612070236737,161.21572130215515,46.34974288550864,286.2932665916327,0
2026-10-09 08:00:00,22.10902078649401,16.85427153291366,63.210437634216305,5.857851053515818,187.85243927889502,30.420889318306724,289.0976661599872,0
2026-10-09 09:00:00,23.194493598874377,18.189693165657168,73.2719404386104,6.149267716952635,215.57391940848288,35.37499997066742,293.7063207476144,0
2026-10-09 10:00:00,25.366148768667827,18.781594601581933,65.84253158050633,5.645178789506509,265.94418558438446,39.59087888990194,270.4339512989414,1
2026-10-09 11:00:00,26.89339150083661,20.50329324624032,70.20875908290733,5.683846803339681,203.4935593312205,37.4500348187355,300.27555061567944,0
2026-10-09 12:00:00,25.46537587132368,21.22495361432822,68.03131026931035,6.928800099935359,140.52121015401477,57.528109453836514,248.61271216099857,2
2026-10-09 13:00:00,31.00388812520333,23.294476117031003,59.187761735015776,6.23146077838389,228.61085397907323,45.070141838474996,301.04030603782115,3
2026-10-09 14:00:00,29.061988448405927,21.239878306393923,60.76196413701211,6.260051471357452,193.04244785422947,37.213286523601184,309.2794139133596,0
2026-10-09 15:00:00,29.42598397969454,22.765754513358356,63.50238302714724,5.215885637576475,202.09719963376472,40.0923017599696,302.96546378267914,0
2026-10-09 16:00:00,29.489502482352137,22.273197990790248,58.944940727130785,5.517124528282616,216.73589089662843,39.95536916452933,305.04115326776395,0
2026-10-09 17:00:00,25.418003781965382,23.34698926950751,61.63553251790904,5.829872655781696,133.23866129282857,42.119505279949344,293.5946256092058,2
2026-10-09 18:00:00,26.21020784855284,21.170364103101317,67.99729619500981,5.39954497684594,200.19610543205587,34.24670595280401,321.93771661370454,0
2026-10-09 19:00:00,23.410271679369455,22.1054772929261,67.58523477753451,6.440158919555717,187.70918330141913,36.86068889402681,184.13544864085353,0
2026-10-09 20:00:00,23.27015616282474,20.495961254921326,68.64365084495535,6.3641249226362575,236.65504718016558,52.6660691116421,309.14983830260644,0
2026-10-09 21:00:00,16.99742555375511,19.447946687513273,81.44998851626691,5.586581865046378,221.8134129001623,46.85343103366913,354.01830108631503,1
2026-10-09 22:00:00,18.351358549638096,17.84280143716745,73.80898670175557,6.5135674426429935,151.18994231655358,43.476624534597995,250.12418100164567,0
2026-10-09 23:00:00,16.14602154801823,17.59266306262911,77.09994377008708,5.798299161312023,237.87877557047145,45.026228173151,245.65080566549986,0
2026-10-10 00:00:00,16.586216599460162,17.86760042423274,73.49829252339315,6.835755886955619,213.48575264480633,44.54439243424589,326.4527605189521,0
2026-10-10 01:00:00,15.943585497028826,16.151421928430224,79.42139707347467,5.857874452210014,153.58275207640344,42.90868895268356,237.93042642082872,0
2026-10-10 02:00:00,13.93856115776696,16.038042719161826,81.42286617408008,6.030477100131368,201.6725931047832,50.17104838707479,248.3310274969819,0
2026-10-10 03:00:00,14.170258419712457,16.468010152416745,83.89956555529784,6.359961376467823,231.04478341567565,49.43159985847926,281.79794078791184,0
2026-10-10 04:00:00,15.771824120672937,15.21100446785806,74.57816687015809,6.311053339923124,163.57868382279818,29.282370267727845,243.04195159387757,0
2026-10-10 05:00:00,15.705289190721354,14.689257037193855,75.26456812318344,6.004292826454357,241.3273200753625,43.68437814090757,310.00098007974236,0
2026-10-10 06:00:00,19.76297554317819,15.909700157008478,76.64511634391351,5.743543872222466,154.62113677617424,29.941806006592348,243.3679151097128,0
2026-10-10 07:00:00,19.634455883611185,15.736135958202375,74.09971795648089,6.005653079997248,176.26318470059047,51.35577203455706,289.42533390826725,0
2026-10-10 08:00:00,17.639517671017536,16.596461853362264,70.70148816381548,5.473526331249554,171.71387493830923,52.676665568502834,286.37929851986024,0
2026-10-10 09:00:00,23.249500230784935,16.74880957989473,75.03337006173058,5.860853487545646,241.30801194765985,38.89221102358304,341.5555228963388,0
2026-10-10 10:00:00,23.942184268734042,19.741005992867514,59.177126035517894,5.356276987000802,185.2695159035241,43.832410446652844,321.6120746518291,0
2026-10-10 11:00:00,24.502833745114415,19.726474119890533,70.91802327218146,5.0876473439678795,165.11548992017006,23.88559702877754,253.81889834185384,2
2026-10-10 12:00:00,26.20603786915721,21.14567859665269,58.626694377020364,5.820170705655777,213.35632636742184,54.72789814092027,224.42030374111016,0
2026-10-10 13:00:00,28.925593491772933,20.99965758186088,71.11823039230012,6.304911156268669,219.83542971778155,52.09673740251402,308.5187536790975,0
2026-10-10 14:00:00,30.992961242372346,22.812859718910133,51.485447874625066,6.170321856638424,220.02608284382393,56.50085261737526,248.86436660986692,3
2026-10-10 15:00:00,29.231257494820944,22.254150314648207,67.08374426557862,5.767235081709757,191.8598250432197,59.865441403370994,261.57293048385,0
2026-10-10 16:00:00,27.152422744167463,22.88663302263854,63.40892090694282,6.498795879270198,207.63602903110845,32.75890707023225,232.60689239745454,0
2026-10-10 17:00:00,27.633603761061888,23.565964130147574,61.406662637532015,5.57237544366137,180.49300741312143,53.880442016384414,302.1604772314733,0
2026-10-10 18:00:00,24.81136453467151,23.096709064923775,67.553345840733,5.03286693528079,250.24405033807193,59.7930444441846,249.14027534249968,1
2026-10-10 19:00:00,22.76983276197293,21.81080306673264,72.23570238142155,4.927159482319615,234.32615475973796,30.05422128970764,273.59833246788844,2
2026-10-10 20:00:00,20.268455997650523,19.585495173834627,67.55585029116502,5.327523623761713,232.48870487122025,43.287887881542865,274.21987736430134,0
2026-10-10 21:00:00,17.560523474154774,22.429524636458595,71.24843320517141,6.126649897304891,223.82347803720637,41.36598016770576,282.34242479655643,0
2026-10-10 22:00:00,17.91511444016083,20.39668717621851,78.14988699737144,5.5460789266130455,215.59199917985003,53.554618641914985,301.4655400687859,0
2026-10-10 23:00:00,17.28733276657437,18.542863679500556,67.11848591186275,5.984383456742921,162.66912547550635,21.0605893365592,265.28718512423114,0
2026-10-11 00:00:00,15.792886668486593,16.397436974727224,74.52739053185567,6.458513353433591,218.99903708766945,63.15957696232194,245.3428967245383,0
2026-10-11 01:00:00,14.614568824055484,16.080699145892236,94.06595218193063,5.359961214968878,203.4279569018996,43.874629358054065,200.61821464978215,1
2026-10-11 02:00:00,13.581380908954829,15.10116204104103,75.2622780863078,5.991399892718356,237.90092254852757,54.160944020171456,279.1051851747068,0
2026-10-11 03:00:00,16.150888503503975,16.14738144612084,82.757947754594,6.015585229062289,224.22257547147285,44.39762762308409,268.7200383752789,0
2026-10-11 04:00:00,13.962124293589053,15.210002312681468,76.71569700412408,5.455704804610758,216.51141410459064,49.921250509796735,246.5810867951603,0
2026-10-11 05:00:00,18.21429440245938,14.508965608155862,77.08807244103447,6.341684370098033,149.47325607409533,21.7858174138385,277.50209848610143,2
2026-10-11 06:00:00,16.996674471609914,15.15929430556242,79.27576908704918,5.684917177780209,197.3299839017459,41.1511762719929,309.2393069045954,0
2026-10-11 07:00:00,19.0596138282528,17.068523389309732,79.17324708201137,5.646498807634796,183.26323220289032,53.477612113436784,319.4755233978872,0
2026-10-11 08:00:00,19.799822214076485,18.280078277456383,71.63894420904434,6.644645287367189,207.5709777254922,47.887323467136945,213.59450326302436,0
2026-10-11 09:00:00,23.059630095389192,19.187389070378913,78.67286707930724,6.009106696946687,187.5335518567207,28.631589072732424,260.5655479593866,0
2026-10-11 10:00:00,26.96296868771697,19.60562565204318,61.09775475181373,6.170116219874199,191.72162671720082,45.61424893876613,313.44100849593707,0
2026-10-11 11:00:00,27.723189600971768,19.833176285367973,64.30327454683167,6.341957172608735,213.77101714720112,36.81257674138495,338.841641380921,0
2026-10-11 12:00:00,29.529810994533122,18.406788939736703,62.190611467648296,5.539810400216313,187.0358565929367,35.94580748826562,242.3094538736633,0
2026-10-11 13:00:00,29.54469460292438,22.06615514379277,55.336525876743664,6.299928438821471,203.64774618722038,29.793057266832825,330.1329171693031,0
2026-10-11 14:00:00,27.344495257204446,22.462638608062473,62.15724441645906,5.599242354000932,154.4176432737708,51.1870262190713,220.99614871061524,0
2026-10-11 15:00:00,28.26529694753214,22.975688982213356,63.28921115915347,5.582150644264681,175.02795569719825,56.13014443935635,320.9313825247978,0
2026-10-11 16:00:00,26.89187913281488,23.043117877626564,61.969139824975045,5.691200011076745,219.68130701608882,66.20143134162845,263.72974671178633,0
2026-10-11 17:00:00,28.945609824364393,21.802693575596948,73.8698880380454,5.551174066022018,163.09423649910576,30.259516082570716,337.51293062575,0
2026-10-11 18:00:00,23.704817030360534,22.9100284606187,63.76110119556971,6.1288625730628645,237.3717523280899,52.67372161226476,256.4387513497882,0
2026-10-11 19:00:00,25.152279849801314,22.33420017597167,72.11438652094057,5.906884262058022,229.23198065903964,53.33171370420908,262.6043709295864,0
2026-10-11 20:00:00,23.339430805163154,21.545871025647727,72.67498209954815,5.603510234153155,191.9531019398064,39.194953227819916,269.66429483184606,0
2026-10-11 21:00:00,22.932696986856485,20.79253778326879,68.81145294325087,6.069802013261929,289.96202316507396,35.82421614590669,213.51799381108427,1
2026-10-11 22:00:00,17.885470111055753,19.4832413159373,70.61139059747187,5.689927025045462,237.29310733544878,34.14257679033069,204.5010931696536,0
2026-10-11 23:00:00,18.118735771064415,17.63670029035879,70.81624047276385,5.668771851854129,171.52161479882795,39.72646756539785,295.4061677216285,0
2026-10-12 00:00:00,19.360299928317193,16.94333052166713,70.5778035899368,5.819473553960617,222.38522161100144,47.0262159585595,314.53849389413426,0
2026-10-12 01:00:00,14.312056700575978,16.24447276905651,70.2968255495775,5.985384142266486,201.97589198959272,58.60112010506813,299.3031001136441,0
2026-10-12 02:00:00,12.69743962870146,15.622057944147539,76.14574531656179,5.955939059750968,176.69863727421767,56.05338338010117,224.84097543285907,0
2026-10-12 03:00:00,12.418504165114877,15.93487081962111,74.08541242504393,5.654700327098868,167.90272570501372,28.845830557313374,294.20754980288166,0
2026-10-12 04:00:00,17.006890216800926,15.514935002417992,82.72110675572746,6.1388444829757605,229.84680004665137,37.111567513994885,235.39184105185183,0
2026-10-12 05:00:00,14.225527219606292,16.79817144649969,82.42167929841354,5.711042339568137,182.061636061276,57.9964037430947,291.3061083289466,0
2026-10-12 06:00:00,17.941521420593116,17.301073568769983,78.80004478961557,5.538006204556512,196.94370934888843,37.689071674049316,320.2519658080975,0
2026-10-12 07:00:00,20.844236464840794,16.235292541344947,74.33107599990079,5.212791340493059,172.36922215320413,44.43085836589824,289.69867413340074,0
2026-10-12 08:00:00,22.27776330524487,13.930675561232505,70.50152215037697,6.193271392399608,177.55526188104227,27.947110653859145,333.7413560896773,0
2026-10-12 09:00:00,24.449900611993904,18.95418979249173,74.363520926253,5.8049560304776024,196.19212399785584,56.53033415512948,269.0005011458902,0
2026-10-12 10:00:00,25.833434783701282,18.567698928810355,62.346064980899776,5.884348943404206,211.64546878172456,25.87251794148612,266.3340271478254,0
2026-10-12 11:00:00,28.868046188275923,19.39408904294528,62.29169285090412,6.218321166279806,122.34922509345654,28.571894192133808,277.6940519112312,2
2026-10-12 12:00:00,26.633703255382873,20.681243780008508,68.17485023266116,5.609037507360873,200.5075939750025,55.50817060836703,221.29435664805033,0
2026-10-12 13:00:00,27.745988076335678,21.471112687294507,56.49876814911654,5.250240300610349,177.61636962244893,64.20061679566557,258.8819569753153,0
2026-10-12 14:00:00,27.841010832093765,22.95391746322207,78.47373148220024,5.827912280886087,242.07087960350674,42.093889152750855,262.3946732103974,0
2026-10-12 15:00:00,30.00676850181739,21.616154681855296,60.534706611707065,5.923184620832118,288.2825793801631,44.531371881371754,263.64000226852477,3
2026-10-12 16:00:00,29.412775709083668,22.137823403366717,61.81461640197757,5.6948603735358505,189.22162895138854,54.082795597829886,285.7316466865365,0
2026-10-12 17:00:00,27.626585447283595,23.138230148514207,69.53248762163429,6.389495031230467,148.33314317860416,47.894478146973825,215.78683520706835,2
2026-10-12 18:00:00,27.275240500334892,22.9624568394684,68.24448806464925,4.805533372911457,203.506309097557,41.26781820623336,229.17544064557998,2
2026-10-12 19:00:00,22.044672014653074,22.341660440695,70.1367836793986,6.248022655159913,193.83712011520385,40.14546378614307,320.2827838655388,0
2026-10-12 20:00:00,24.500836167326707,20.370370976853362,67.64964378969816,6.11646146014569,259.1405194700387,29.332020425150166,194.71007103744762,1
2026-10-12 21:00:00,22.47312461685074,19.25266366099709,61.91150780503922,5.9827083110801835,249.99768030126629,47.3294177212022,299.6548427549138,0
2026-10-12 22:00:00,19.60343299586862,18.594692132969666,70.09355151570777,4.4656393802123615,225.96124911789693,44.08083177930524,260.05761276809267,2
2026-10-12 23:00:00,19.72295089485076,18.156622021417697,75.3185100069739,6.313555513308107,182.39917756362024,40.62153820887319,281.40489926653805,0
2026-10-13 00:00:00,13.452887361992268,18.18838189541804,82.4759993608237,5.389426355745646,220.3329969854241,34.98185204437611,337.3239514133576,0
2026-10-13 01:00:00,14.451847011582544,14.533623126637208,85.16361233612139,5.596923208646645,207.95019077204913,35.99469146706569,269.7526885653871,1
2026-10-13 02:00:00,13.897044808977071,15.359315379295552,79.12104093811088,5.731762934083973,207.2396960989817,51.183769205066994,300.01552022023077,0
2026-10-13 03:00:00,16.32073820161254,14.070153942023564,69.87868159091063,5.96296721386079,153.25310454296388,53.81663648409047,277.3426787072766,0
2026-10-13 04:00:00,14.362611064105712,13.678205858117208,84.44851887695154,6.0557712168770195,231.8538601536094,41.728838437093835,270.6249532098678,0
2026-10-13 05:00:00,18.186495255700393,15.90986201111958,81.7566524240696,6.157136221727718,203.23424984933706,40.67520426753621,265.6729880863855,0
2026-10-13 06:00:00,20.55580421599507,15.971598044461718,76.22425780508705,6.126341404031407,196.97475957366274,36.46351953385796,303.0423339402491,0
2026-10-13 07:00:00,21.23107103440835,16.531119688011618,70.10454640442252,5.90117088168525,181.99530514973517,54.36820043574258,245.73592535514638,0
2026-10-13 08:00:00,22.425626535492253,17.736820671784795,74.7111784167922,5.966369063623036,176.19150501039869,45.30995769655907,229.71907245794947,0
2026-10-13 09:00:00,22.329923304366524,17.580948702177007,86.74864442480124,5.3636985136711015,209.51775743836947,48.67900979327265,277.9789989372435,1
2026-10-13 10:00:00,24.229723550811954,18.653889986933176,67.90009331122803,5.499589277272391,147.52511594425755,48.584701300934626,282.7113601435398,2
2026-10-13 11:00:00,28.824175826250833,21.78386067378814,55.25230554727338,6.158184089469933,223.68496278950127,41.92298379466063,202.0336733840416,0
2026-10-13 12:00:00,29.23120133234907,20.802743156592342,58.39113315342036,6.134883794691472,168.37683689012943,33.346399001565786,274.58050285557346,0
2026-10-13 13:00:00,28.70295150495716,22.416532815189466,65.08383819557166,6.0895197665777685,138.23957941384123,35.03866844314081,225.92492315141956,2
2026-10-13 14:00:00,28.373135681351165,22.469206847908406,54.328215627888284,5.594233295337389,254.6568594777806,56.27885532647451,300.0737242979128,1
2026-10-13 15:00:00,25.722768974356413,21.38509648109354,66.37969260533265,6.164196852777478,174.25738851963266,37.743156851494284,202.8526057641347,0
2026-10-13 16:00:00,26.455899198464415,21.364296796958985,66.55460421342211,5.335502219007856,178.33522515434913,40.89637680251649,352.0030331945236,1
2026-10-13 17:00:00,29.816876099015417,22.40051592920435,68.29535738024475,6.230943923944909,234.03614993024223,33.6560946462879,261.4720633345669,0
2026-10-13 18:00:00,23.5793166434963,23.308982616473745,74.65579430807594,5.695651679501644,255.63292701549923,32.839334810735934,240.4015220605075,1
2026-10-13 19:00:00,24.095953047549266,22.459060450054995,71.80778030169974,6.473668162536253,154.0099526418971,37.30835002971277,263.68110158527224,0
2026-10-13 20:00:00,23.511165959792798,21.731261731379227,57.373205795676,5.1914231631738055,171.3149581924799,61.884071842444584,297.25083434535566,2
2026-10-13 21:00:00,18.305882682278916,19.24563923726103,79.03820642150492,6.505361618367409,173.5196353351821,51.58037391192429,310.61880356939747,0
2026-10-13 22:00:00,18.777065712171623,20.29269799209785,77.39508807569528,5.655414268334615,228.04404988086964,39.73211128576377,264.02754759900654,0
2026-10-13 23:00:00,18.457125837960152,17.19280917944081,75.53117087983955,5.6482082975953025,249.173963837886,55.82876794551996,217.4523834075124,0
2026-10-14 00:00:00,15.956571156369804,17.170259518935975,68.6010039816288,5.877935527594238,167.59242315265763,43.477011267035536,226.50811465511276,0
2026-10-14 01:00:00,19.541123799476676,16.163291043327618,69.0667818946927,5.521168434879721,242.4423601390466,58.54340046991838,286.4555079496298,0
2026-10-14 02:00:00,12.497101111682706,15.396799328610575,75.56936481831042,5.771068399479077,178.72897665413893,67.11730350396213,314.49308518041806,0
2026-10-14 03:00:00,16.82661201080234,16.207170405480213,66.13302338950174,5.504949493891658,210.08368708836716,55.281617392661914,319.69901006336477,0
2026-10-14 04:00:00,15.678619567414234,14.435911583867231,77.57108076202894,5.519574587608325,161.85638901716547,45.94550955222577,281.7237030164313,0
2026-10-14 05:00:00,18.20813276394918,14.056612490274185,70.56113007604708,5.994754380120229,196.34208759254005,51.9930987351636,313.6919826472569,0
2026-10-14 06:00:00,19.16196072754887,15.551894773827382,86.53217502828592,5.4393738018785935,196.66661857781853,45.15071219282212,351.49396870368,1
2026-10-14 07:00:00,19.08853238861736,15.851711487824588,72.64990143646962,5.492722305997807,190.5452508105418,26.640016360249575,322.6139085094517,0
2026-10-14 08:00:00,22.343494588689012,19.701906335266116,76.05657227290298,5.250883500101436,211.5491294395909,38.453745857879554,311.88151605617486,0
2026-10-14 09:00:00,21.024881138620216,18.505929800741896,63.32464751018962,5.598427728015464,169.78907405442422,35.48408404346783,242.73771267630863,0
2026-10-14 10:00:00,26.40487125085709,18.6725275398251,62.06370656894715,6.3246408118895685,173.48830105439475,38.23208958169127,313.50478481712014,0
2026-10-14 11:00:00,27.39698516729162,19.190386925060412,64.00810717942163,5.461626543958812,213.13616434848066,62.93671432639444,293.4492991155499,0
2026-10-14 12:00:00,29.020168079455722,19.495769271544972,57.03502856161478,5.507346693925103,240.26105992927185,56.221497428546584,301.02582513468553,0
2026-10-14 13:00:00,30.3486582716542,21.008251856156246,57.87060664999124,5.877568778592614,199.3155891785623,49.40884801441647,325.44425115778046,3
2026-10-14 14:00:00,29.551429760314566,22.55605503254506,59.84852975640483,5.651681426480189,215.1101232038652,53.12342950451358,289.34231393472766,0
2026-10-14 15:00:00,28.983614913720892,24.00556622643209,60.45012217631046,6.69126177333986,222.7424003089202,26.078865140941442,270.8981467735415,0
2026-10-14 16:00:00,26.740575321499136,23.897351313910335,73.58690247937777,5.734988814129498,224.91515565900474,52.2818371308953,232.2053676935632,0
2026-10-14 17:00:00,25.88141632283226,23.046979170473378,67.23343183975884,5.934087338486949,171.39425822490085,54.396243162021676,263.139347294187,0
2026-10-14 18:00:00,27.280101930265996,22.205567482575766,66.06143049838732,6.177507513919728,176.6896930938529,22.602528123127172,283.51409068650736,0
2026-10-14 19:00:00,25.966236424276612,22.043477009875915,67.93879016259342,6.16983114634514,179.29776218169394,52.65236753779399,286.1047736073011,0
2026-10-14 20:00:00,21.64283434553192,20.58508960201234,73.49173067204727,5.893315032622952,257.85901402681895,30.759263573329147,284.75505194681296,1
2026-10-14 21:00:00,20.257270805162264,21.409967377021182,71.67684011443096,5.735549005325599,215.24578817515712,25.29994643553968,313.3803943904418,0
2026-10-14 22:00:00,17.143078437509352,18.848647854979937,74.22457401759453,6.609611414551702,213.8994716115505,58.26318216859578,309.61458800868485,0
2026-10-14 23:00:00,18.80938779959534,17.895653532992537,74.66281493807698,5.760095889874293,210.98707259551216,34.929509523876575,272.5164703417361,0
2026-10-15 00:00:00,16.935947409046598,15.227342059983465,81.86088285371144,5.623323958228608,160.37619789141502,37.84053260615623,241.10951570176206,0
2026-10-15 01:00:00,18.150345370672145,16.0152249980356,80.25077649737534,5.541660404682393,258.14571412331117,54.896045427573455,290.33431747110285,1
2026-10-15 02:00:00,13.682515384230392,16.205085695234196,78.77898916048147,5.109278718917297,214.37562592360882,41.947617277475985,364.85350190461816,1
2026-10-15 03:00:00,14.671507367449196,14.28211863321289,82.63340963240151,6.128646300894865,221.6948033796486,43.19834626270918,287.84971101116173,0
2026-10-15 04:00:00,16.28499105729729,14.399423732405749,75.88508741604491,4.860772641159669,147.03436133252595,42.97913093562071,263.1630419050712,2
2026-10-15 05:00:00,18.019986838282822,15.77046550903066,74.94536854123683,5.797710863638032,223.38931557084555,48.475987709747855,296.43344609868643,0
2026-10-15 06:00:00,18.17649854367855,14.354572606047803,72.22058483981476,5.718055746291446,189.3136264961712,42.73665583609324,298.82945035045094,0
2026-10-15 07:00:00,18.878825048601804,17.017813681287343,72.83718424714667,6.695986076892579,160.31651075821287,46.141260743591005,298.38602401623103,0
2026-10-15 08:00:00,23.32211129338536,16.57428488786152,75.12011679568596,5.067339508514549,171.38709002384607,39.96441874587294,329.91520780182805,2
2026-10-15 09:00:00,24.893436359536018,17.653869243196954,66.98998210525296,5.439558685206257,162.053173746399,48.51819589879362,290.4437182781388,0
2026-10-15 10:00:00,24.12558884915441,18.100897275899523,68.12570592377631,5.74556141652734,161.5464741465617,48.138430319045675,328.01648941641395,0
2026-10-15 11:00:00,28.98291166996408,20.33771318875239,54.384417099753314,5.720988265012332,201.8164346109263,63.97885837684183,284.20936454950044,2
2026-10-15 12:00:00,29.817475890285976,22.967897588023504,59.07280939349318,5.580182163675982,188.39711633805047,41.18749050326298,335.4999307003549,0
2026-10-15 13:00:00,28.962925529895166,22.4536249163147,60.43791484540216,5.767604836239133,210.02208086484163,43.1583448219502,323.26940782958417,0
2026-10-15 14:00:00,29.119396793564054,21.772673405585326,57.31100642050612,5.2961749084521035,250.27927613204014,47.38824325937041,311.87197646211604,1
2026-10-15 15:00:00,29.592567440697337,23.772199773549456,60.99724612968101,5.942877151597975,196.11488859117986,54.6443564431472,306.56742943051603,0
2026-10-15 16:00:00,26.769623221106684,22.7466563632526,62.13054068353371,4.8714058631689685,132.65332118124718,34.08414846822799,367.06070708281675,1
2026-10-15 17:00:00,26.994794687051957,23.963291290298322,64.40622565175556,5.789692257649097,192.7412536535655,46.03576521775068,318.06470354665726,0
2026-10-15 18:00:00,22.27142468308623,23.109442736869244,70.2818054293912,5.559857322294571,235.80183309193615,19.921739639449328,241.02731981501952,0
2026-10-15 19:00:00,25.12641678397205,19.473913872368804,61.46952807012032,6.206515177102654,197.4218158250951,42.28468083277605,284.83602205873285,0
2026-10-15 20:00:00,19.657760166337212,20.19673629363598,70.8171788879794,6.502124428253322,245.87991961075107,55.72727030099361,264.4113292709095,0
2026-10-15 21:00:00,22.44339642692585,20.790784358678394,69.85479570149315,5.667579132499856,213.58824779413456,37.73857563652682,357.579052671918,1
2026-10-15 22:00:00,18.004819859050325,19.121325817716013,80.71571332492324,6.356290371656572,144.85190796807834,46.76837615285312,325.0575023838183,2
2026-10-15 23:00:00,16.732752058797406,17.145719061423637,77.60429339342181,5.673553487747835,203.28746751315074,39.71094425616398,356.2780409848434,1
2026-10-16 00:00:00,14.99622131438217,16.49312838760495,75.09485852315426,5.413549390748364,208.91003882794186,36.40597802266317,244.6002188706087,0
2026-10-16 01:00:00,14.806460905093408,14.646583579182304,80.62727071010717,6.4983614528742475,232.41067403820932,54.71485998268102,319.06698714199854,0
2026-10-16 02:00:00,17.127797017722056,15.465199754841128,84.38438802534233,6.008310577893602,254.58909714834704,34.54741310154346,220.4188406785587,1
2026-10-16 03:00:00,11.506806231173904,16.904848475656337,87.17536488553641,5.801775409043926,227.23176559126097,47.92965293863093,211.3147066344807,1
2026-10-16 04:00:00,17.853270252641213,15.64394671258586,77.71370834900866,6.074870990039459,213.2143939216165,48.08351620766159,259.12175470103625,0
2026-10-16 05:00:00,17.557287753346728,16.888630295794467,78.95920557339554,5.909686014052067,220.2856481473504,36.482004829613764,335.4950054998282,0
2026-10-16 06:00:00,16.689467528214177,16.24181605669423,83.57240917328613,5.772312236823392,194.95979580651297,46.556852569576286,235.29539836184352,0
2026-10-16 07:00:00,18.575298094708497,16.99355634993596,79.48777625643811,5.269426069076801,156.1136648957771,35.65052162532023,274.32752612707026,0
2026-10-16 08:00:00,24.514589540812306,18.579262950196018,69.81629445661352,5.691785305135493,201.2448825866858,50.21791874909158,322.55371472823543,0
2026-10-16 09:00:00,22.39347299580355,18.266534427063696,74.87104350298617,6.049302169383389,210.95870982376718,31.850542853571064,308.85652644637213,0
2026-10-16 10:00:00,23.769974234106062,18.850218142794496,62.467775437752415,5.750891429725276,163.8902712226423,41.60394496808159,363.64746314851436,1
2026-10-16 11:00:00,28.655719281852928,20.861402193707693,54.50181060007508,6.160930304452155,239.79864918499825,42.472283403421,275.13487968839445,2
2026-10-16 12:00:00,28.57000714091994,22.16307218969751,62.901484684115225,5.9534620095467154,230.16233046447294,56.1295533821067,257.3348182147733,0
2026-10-16 13:00:00,27.35459241921888,21.444455410576424,63.917892645190044,5.448745472765837,158.8471575413639,46.40043071711892,231.2207567568409,0
2026-10-16 14:00:00,29.324937463106927,21.88684634926573,58.4905247767054,5.27233121686715,240.97496866369625,54.55013490112059,260.280002395304,0
2026-10-16 15:00:00,27.22285175856306,22.97478813110098,67.86184123886287,5.7371286000279325,190.75056892370458,50.54691048489879,230.85604163256383,0
2026-10-16 16:00:00,29.71340992412498,23.66519909354533,51.42959015879384,5.590308620758165,176.64525304644954,50.483030008957584,203.14218880361543,2
2026-10-16 17:00:00,28.541803915615535,23.502176144085524,59.475974020972345,5.934528723848675,232.37833078239578,41.680668097699325,353.53570325368355,1
2026-10-16 18:00:00,26.298009298232916,21.324767534987675,62.41761111773243,5.512744936494908,198.46836761719825,55.20905883524887,276.9562719710157,0
2026-10-16 19:00:00,24.354224907588172,23.35771197839685,58.9934211853969,5.553843069698049,256.9755596251061,41.438295906979974,378.6586748491651,1
2026-10-16 20:00:00,24.64178218730106,20.48706805648252,74.30351641158524,6.221227887037965,174.41335868339746,27.701745200698923,241.42846253310066,0
2026-10-16 21:00:00,20.187796175364692,19.82322418289922,65.37863824624576,5.859281187451159,148.05027428082036,42.85212831533107,257.8476556518396,2
2026-10-16 22:00:00,16.7271888118688,18.277876512009744,73.38567313921901,5.5189091738290825,191.58685156501576,49.534764046440685,243.98523952971578,0
2026-10-16 23:00:00,17.724463400942632,20.12338688833959,79.67054270789451,5.807056723494008,223.67667497181418,28.933742812871866,249.36975740028942,0
2026-10-17 00:00:00,19.0668927478146,17.193656536230375,76.74995541976614,6.351564497200673,172.1857104339337,36.148976412796145,309.94414976837777,0
2026-10-17 01:00:00,13.716379976197743,15.490792810708557,74.39947054613897,5.917514675309889,160.09698851600362,32.694115598226446,297.652958650575,0
2026-10-17 02:00:00,14.457805849959021,16.227037224832202,82.46307902635236,6.037180323770052,206.86782208108264,52.867171047089634,310.01637701671046,0
2026-10-17 03:00:00,15.863188273128701,15.751605318291753,78.81309646553667,5.499106185389023,156.08938369497452,61.72862637012496,328.6908636860776,0
2026-10-17 04:00:00,15.856964900000321,14.849818381136092,89.03681993055696,6.21056775085384,209.2007809884024,42.903008457867834,319.2942017666993,1
2026-10-17 05:00:00,15.576797161128194,15.808782065070433,79.72754548698768,6.72724090418552,189.7813084631547,50.31530363068259,234.66041022232054,0
2026-10-17 06:00:00,20.182786784345705,14.875664816197554,71.47444675344249,5.483412942994859,214.83399465057119,50.05519365899723,254.04725745323893,0
2026-10-17 07:00:00,23.66832776730824,15.777238255294407,63.715496893633,5.327242410251204,158.48513588226194,60.537969464399616,279.8593124028655,0
2026-10-17 08:00:00,22.29419718853586,15.391826676347149,65.9257465389791,5.870216897534059,238.9448945433171,38.47447096047393,424.11333379052746,1
2026-10-17 09:00:00,22.455630881113645,16.905562952214268,65.32439746532283,6.150202019937764,194.5089654501893,42.80121035241676,305.89600568525503,0
2026-10-17 10:00:00,23.17655921241979,20.446104644536547,75.44362301465587,5.763444131179895,222.9056800371447,41.592313505759414,279.2675523362716,0
2026-10-17 11:00:00,27.336711440137606,21.348419082587935,63.68579584691723,5.378717441582935,228.79626383854668,45.75367240040263,301.93098886983006,0
2026-10-17 12:00:00,29.717993841465457,21.05263091891917,63.5646430101151,5.756566335287844,165.27665142902134,70.04316802116809,250.87543782356582,0
2026-10-17 13:00:00,29.47423240376655,23.158772282498063,68.60215911538458,6.039236909110982,226.4677252882423,45.30811115197313,285.4970204400922,0
2026-10-17 14:00:00,28.99639423862172,22.33604202585111,49.81200620261661,5.637187269221576,157.24799674567024,36.4528934739294,313.1864873924029,2
2026-10-17 15:00:00,27.877573306339517,22.668975063101946,69.34128085589445,6.042902007101969,158.8958677172032,33.45502773106881,273.84017261834634,0
2026-10-17 16:00:00,26.423932377413937,23.045208518772444,64.96826570601993,6.265884314095964,258.91997707965305,57.52645007313047,244.7378698381125,1
2026-10-17 17:00:00,28.201874457793156,22.76376602889742,64.73299250885044,5.896092250308179,233.35560106389875,36.40745496021921,271.8850378928123,0
2026-10-17 18:00:00,26.870657432078378,22.29194455628961,60.01319497276468,5.788820891488683,262.2099252630127,51.635869591990954,262.21693565615266,1
2026-10-17 19:00:00,21.493138635681547,22.743145610465834,66.83261164493955,6.131737570090513,188.89357908176268,38.20308670741372,220.71490321316412,0
2026-10-17 20:00:00,24.384758467271027,21.120108523164962,69.5825192883397,5.457559669025107,203.07285992234026,32.33307263416828,252.1379135922957,0
2026-10-17 21:00:00,21.049373515623355,20.605261591957127,83.06374078290932,5.418116066522831,215.8206424025709,51.05199600301821,219.2874885467822,0
2026-10-17 22:00:00,20.59939196771869,19.825104420221866,76.69729620281208,5.693371086028406,199.63413300218318,38.69255133236469,225.52820438015902,0
2026-10-17 23:00:00,15.037060908966497,18.275272456113704,84.6831415163329,5.603248218074213,177.61591937912286,49.25425639238894,229.3622204853412,0
2026-10-18 00:00:00,13.88908594038577,16.22378293927341,78.77309052022997,5.47866320988381,173.11745906359852,49.99282940846044,313.1380519290345,0
2026-10-18 01:00:00,15.015065251325577,15.089280164082577,75.38090057548118,6.5321873899995095,206.4158669848685,50.462652450124686,334.56660253438,0
2026-10-18 02:00:00,15.754176640342791,15.65492289270809,73.59096327369367,6.6687972837977165,167.99420475013085,42.31851316056814,213.55681291847094,0
2026-10-18 03:00:00,17.933060450366966,14.99929165098378,72.4389588360762,5.6585179830977665,167.15409522899444,51.86183556504707,338.20734665097956,0
2026-10-18 04:00:00,16.996940544231627,15.069913143136098,65.73975918106942,5.836687579899346,211.80716033463779,35.774536715519176,229.93623308157817,0
2026-10-18 05:00:00,16.686230616476116,15.123453463444859,72.75192654577066,5.724862871974484,197.14521945543154,20.459097489358662,304.8752037588943,0
2026-10-18 06:00:00,16.960446188501162,17.6027573129955,73.24569879349939,6.242999696047263,228.11618811745055,52.06892173120108,285.3423428306522,0
2026-10-18 07:00:00,22.033267543361077,15.107391870740738,69.0832880759925,6.322258224736019,187.25265769751473,46.6559050483747,300.43406178851416,0
2026-10-18 08:00:00,20.552941861373927,15.4080429841431,72.39522031508776,5.089094480524141,182.56232150073393,38.89921755986029,228.3702778875615,2
2026-10-18 09:00:00,26.254436147876127,18.230625286405605,66.70693096567669,5.99040432002625,212.70660188106413,30.28847238024955,202.50570869311576,0
2026-10-18 10:00:00,25.073423025590238,18.698861956329445,66.23726550707691,5.27727146353554,175.6392537633852,24.63421701164657,242.88366359469714,0
2026-10-18 11:00:00,29.33562057723261,20.288130476194045,58.29003987560708,6.503308863150111,180.25616823329943,45.51743348208972,292.0747459984263,0
2026-10-18 12:00:00,29.08057476157999,21.4671064178272,51.68651706977641,5.976099212084159,181.44636828861755,61.48785965729952,353.2761670194344,1
2026-10-18 13:00:00,28.55598754985979,22.85571088088931,59.256271898159284,5.470660184654945,193.7089368111334,43.6144258356902,233.81105609255684,0
2026-10-18 14:00:00,28.22090544226081,21.258320958830602,57.672660280852,5.703471444824858,253.17309629887708,41.38664613308455,271.0465005340676,1
2026-10-18 15:00:00,28.250118968004358,22.418328986870545,64.83019097978779,5.684409096693536,158.6963352512853,44.75632157504157,245.03683205961525,0
2026-10-18 16:00:00,28.70465286505393,23.343009007104612,66.50085354540376,6.010045177154326,238.86522746352375,66.7920511190877,274.31095268894626,0
2026-10-18 17:00:00,27.065482212632407,23.480074181706055,68.6142766801408,6.216765041670991,222.1336026886975,52.51904226653133,197.76858555881353,0
2026-10-18 18:00:00,24.609282887896942,24.218861255368463,70.65362421516276,5.340717083211316,247.0093654210998,35.66424748299611,334.92173341559607,0
2026-10-18 19:00:00,23.563286200241198,22.592990301637286,67.45642788244812,6.5355018003648455,294.1005814496682,45.28103903902103,275.96144313145226,1
2026-10-18 20:00:00,22.117865544578724,20.954569123290977,67.24878351912604,6.442276043128337,242.94359062363566,48.32436911154941,311.6866265594434,0
2026-10-18 21:00:00,16.995165542660136,19.322927578055953,72.2702875804725,5.449870572963581,227.77000843723584,34.43661133421155,265.7119190652357,0
2026-10-18 22:00:00,19.187252172183047,18.548568117824786,65.8378028103716,5.829120717744924,160.62510945124947,52.591366223425595,282.6251230450777,0
2026-10-18 23:00:00,15.58067069461896,17.490561561224233,82.66246366899654,6.484323417645726,164.41333215466872,36.82191202855646,320.15489970586987,0
2026-10-19 00:00:00,14.207823568700311,17.52418690281101,78.47705652790975,6.293167434670993,210.80570553095666,29.89054232659929,280.268672923769,0
2026-10-19 01:00:00,12.707502695310456,16.377170831722474,74.91929529752309,5.665302787980842,149.05771556241308,45.76133553839778,281.7082529646182,2
2026-10-19 02:00:00,12.309161253198164,14.476978728188502,77.49654961761104,6.125735925827149,218.46317753873657,44.17844140509645,243.24235829498005,0
2026-10-19 03:00:00,13.205347961308089,14.78757551957138,76.21871516426754,6.998879316687655,135.95234327716966,44.989780977973055,253.62305753283601,2
2026-10-19 04:00:00,14.874290737063195,15.702038042761137,78.7659735405998,5.842063992740485,234.56700156693847,37.353553823372124,234.48737448636257,0
2026-10-19 05:00:00,19.980141237984018,15.417626578822974,77.76116976977261,5.546940699423992,190.34899064199203,38.74887382128959,245.4792964608134,0
2026-10-19 06:00:00,17.711180486157193,15.990814077672463,73.40663566863344,5.868967940836559,203.79790836410567,56.28446660369111,325.0491644185667,0
2026-10-19 07:00:00,20.4548918436844,16.47791024329962,60.59146221366046,5.898620838198927,177.54883110738552,49.41085615000748,347.3443724002855,0
2026-10-19 08:00:00,22.600722079759493,18.301144587687087,68.33323182849401,5.59018530439996,143.04420769332285,35.43253923422715,225.10900461482436,2
2026-10-19 09:00:00,24.00833109504142,18.153558270649413,66.80903318546432,5.976650027125687,237.04085837582784,25.493031055798923,290.806871401471,0
2026-10-19 10:00:00,25.38383480891101,18.69118176170344,64.81479707462918,5.298239576108999,240.0710418486414,35.8558359788779,262.2923443919822,0
2026-10-19 11:00:00,25.156806822906965,19.302672147503234,63.07452598013314,5.533786453196528,189.45536704388905,46.572990721601904,330.87874266863054,0
2026-10-19 12:00:00,30.23856914890989,21.199687566567768,61.20091242493734,6.103297910461919,219.85788694202023,38.68068281645559,280.3944087271168,3
2026-10-19 13:00:00,31.472275749480303,19.875863912926125,58.96397467636864,5.098051659383099,188.27325739368789,37.903497948231795,274.7009718103653,3
2026-10-19 14:00:00,26.47601195881597,22.316670413671584,64.5046340787876,6.16126703679791,208.65469532798738,39.10839561069337,245.20922751361059,0
2026-10-19 15:00:00,27.225437897693908,22.6990314172192,65.79268132998214,4.995207453717718,222.7741759676033,44.27292437263712,213.7287984363034,2
2026-10-19 16:00:00,27.642462312925563,21.908423317106177,61.07988110875006,5.107470168449474,216.6525477372162,52.846279129583486,305.4375393099795,2
2026-10-19 17:00:00,25.502940775940548,22.12109063423148,63.36354272036807,5.600408502777646,240.22908840228035,44.99580796054307,289.11914299005775,0
2026-10-19 18:00:00,26.2589483301838,23.111827639256347,71.78987845170644,5.9147455371277395,215.56642027116007,45.61937021517651,290.0977656208172,0
2026-10-19 19:00:00,22.719325012107728,22.012996524006162,71.93358703404792,6.330105441250955,200.84253851115787,42.75139636117179,251.02691589365608,0
2026-10-19 20:00:00,25.247584101709904,21.08143066696586,70.2376293826621,5.823049105263838,177.15743096367734,40.00643167845261,269.1692621795985,0
2026-10-19 21:00:00,21.97408957579775,20.2803542075557,76.16161543571305,5.701378556969604,185.64483859028238,53.9424087131993,306.64283944454337,0
2026-10-19 22:00:00,18.81886104594832,19.07410207035914,76.44708764798601,6.031832499193921,224.30154190175048,52.42402067844196,314.2845051892445,0
2026-10-19 23:00:00,18.59073192667377,18.959013869876568,78.73306508367233,5.451640471812826,154.94520443257645,65.4527991766605,227.8611353632588,0
2026-10-20 00:00:00,17.596672810044893,17.09874334536292,67.38726681759483,5.855766063738562,233.1742191023839,51.10564298389253,249.6660771799441,0
2026-10-20 01:00:00,14.392597983889157,15.005002384198807,80.14965177931315,5.320221496817856,191.565688219564,40.015856781925365,219.4046631171143,0
2026-10-20 02:00:00,13.775674133187053,16.840002356761772,78.9555987311039,5.833036206750165,175.4418228677633,35.9534869088981,283.0505765037346,0
2026-10-20 03:00:00,15.355733810430994,15.432568908706804,86.36153988198184,5.748065469660238,167.038274696556,54.52945260711616,310.37353248412916,1
2026-10-20 04:00:00,17.230276360255846,14.528597015363946,80.36189602670947,5.478292831420233,220.2310335694516,36.8501311568989,263.85137931802325,0
2026-10-20 05:00:00,17.258843129674293,14.133575320207711,72.53716229042494,5.866016254615095,199.56075938590047,53.09736686522071,248.48573476001144,0
2026-10-20 06:00:00,16.134505276713504,15.852629761628682,78.90256446058983,5.863419861263857,247.66295669689458,37.40086006107386,261.58792584778837,0
2026-10-20 07:00:00,18.98403001835609,16.077835271274306,74.4575706452189,6.270181604935654,162.10773048422237,48.4915838378728,367.25253259905946,1
2026-10-20 08:00:00,21.889040704608433,18.259317428825927,72.40480832023103,5.157746638774885,182.6550913081441,34.402487851336375,322.67712399694193,2
2026-10-20 09:00:00,23.6982349092289,17.687997995056456,62.86790576205206,5.769580436921183,197.2333652561776,52.79885354332081,304.23988690918645,0
2026-10-20 10:00:00,28.458813265184713,18.330095368254028,64.04950640796947,5.495895040118608,177.44429768090197,32.663283444907506,287.80271582330687,0
2026-10-20 11:00:00,24.870765554707337,20.751913154998824,65.41432458791003,6.147904823270516,200.1835599242541,47.72957329506702,274.49034141523805,0
2026-10-20 12:00:00,28.820561689244883,21.740225514173463,63.22757479318414,6.101564826076853,209.58502299246555,43.021600657729884,238.73471343618482,0
2026-10-20 13:00:00,30.99515044651591,21.963348218834348,55.58389363857005,6.0031519380274485,214.5345271738922,46.0180643722626,232.53238302767872,3
2026-10-20 14:00:00,32.40717461813419,23.00518725327768,54.58607460125597,5.518466696772214,245.18501392653383,41.04196165838366,252.28357293947155,3
2026-10-20 15:00:00,28.154884649247535,22.833553608562486,68.48334852273648,6.154188233176038,160.89582713655258,40.80740052629009,236.84880480791867,0
2026-10-20 16:00:00,28.799322005571373,23.187092080807396,56.583075801613546,5.187947628502667,210.1328095980593,46.54781204009772,250.6874815192062,2
2026-10-20 17:00:00,27.804388004103803,23.79569601120741,58.1459623898652,5.105875718562891,180.591715412355,34.97861621910148,270.92417495521687,2
2026-10-20 18:00:00,25.793222597329937,22.964356282354956,65.1902265971262,5.28965160003923,212.90040140070755,34.919779383333236,273.9879364574817,0
2026-10-20 19:00:00,23.663465513858686,21.69300757408009,64.1443895074398,5.786610075869238,212.9399655905914,41.41450500361588,250.18474898462102,0
2026-10-20 20:00:00,22.65396308425007,22.08189003674092,64.79010113758592,6.070065760395317,170.39241850303006,41.025298602809926,294.8083821856082,0
2026-10-20 21:00:00,16.389897556452826,18.14339188217687,77.25750278829807,4.60958701039619,172.96542972097737,34.946035361956255,267.43974511406464,2
2026-10-20 22:00:00,19.523104235093946,20.641658649137547,65.44694563336874,6.329097132751914,215.34929190408724,54.24214692914665,283.5879452471272,0
2026-10-20 23:00:00,17.23951938718712,16.59995654367733,70.67276556080726,5.852444878471373,200.70213532232393,41.655265815683954,245.21638460265703,0
2026-10-21 00:00:00,15.60410982834153,16.498325740182164,87.94554612060837,5.17289106096409,193.41134477805187,42.73337797003889,302.7149021804003,1
2026-10-21 01:00:00,18.30881250955586,16.13883884709775,76.72680028337801,5.840378788115832,219.7396048932492,31.724716740304537,253.60615598993664,0
2026-10-21 02:00:00,13.987598971814172,15.418713848279715,75.88206447247344,6.237010165871368,221.95155427586394,65.7163585461212,339.34216946954626,0
2026-10-21 03:00:00,14.633905232378975,15.941425526864972,80.93038911247622,6.039776406122503,184.11109661894892,69.27067395554913,266.0003458363533,0
2026-10-21 04:00:00,18.92515212681603,14.153730705111812,76.5264698327539,6.239629225021586,174.438405870725,37.19601421595652,271.212637540219,0
2026-10-21 05:00:00,15.802160574419382,15.344910148830177,82.40947941114793,5.253501348241155,162.14243069487074,57.260863811690975,298.7435394536891,0
2026-10-21 06:00:00,17.674827075595193,15.073328706286443,74.55442736200212,5.634397905944638,201.00362360604456,44.081866162624095,307.4740077381995,0
2026-10-21 07:00:00,19.96772854913608,16.407685658723743,77.32121425490115,5.430123107790587,157.30519168554306,61.03769592813106,311.7837472076532,0
2026-10-21 08:00:00,23.261101723194322,16.9481821921617,58.29444530775595,6.487032082017727,202.98285374687103,48.362330864003866,346.0235213205588,0
2026-10-21 09:00:00,24.123437076747617,18.0390723417363,62.17033485552409,6.055745137394652,236.50510374273318,45.99762168767399,301.47542093616136,0
2026-10-21 10:00:00,23.561061979271607,18.560060134028525,68.94608263355634,6.938803835583056,189.39620689141148,20.007304603814184,272.3205404462114,0
2026-10-21 11:00:00,26.15149462361505,19.627225020333217,66.66637411570089,5.612956186633109,183.9138715837951,36.21394026573317,253.8141633839273,0
2026-10-21 12:00:00,27.151146176672754,21.22981801122194,59.259713149649485,5.5101303153270775,259.93534320881434,45.205206695749425,269.6468686720129,1
2026-10-21 13:00:00,28.645649216188907,22.583399529351027,63.32232089688911,5.74286934456194,245.29105457562937,46.98666252703979,334.36065961715536,0
2026-10-21 14:00:00,29.638765487944745,21.985478147779475,57.714280171030005,6.351342888569019,177.06206388333757,32.851662860626156,219.52134787910524,0
2026-10-21 15:00:00,29.388789417855435,22.168689269497946,59.74865722743765,5.6535521242498605,204.17039543176926,37.71228471323721,242.23967534163623,0
2026-10-21 16:00:00,25.39816019541847,23.490768132537468,71.04607676882289,5.849775039162777,209.86034727044247,50.53447017250819,266.24053025865754,0
2026-10-21 17:00:00,28.54565894964712,22.837700190710123,66.68989674486646,5.8386762811547275,206.10981268178534,31.167892702666425,241.70738121813042,0
2026-10-21 18:00:00,25.878853268994934,23.128500122326514,60.36007444038977,5.815798704480875,254.44020343138362,46.33729723723539,258.64912060631406,1
2026-10-21 19:00:00,25.888531387108507,21.103789354049272,60.04750502536927,5.539040615815009,202.6168967725826,57.37953531489055,347.24938153386046,0
2026-10-21 20:00:00,22.666297490936007,19.576448859661255,67.14457603311021,5.745083572835854,207.1170462689305,48.85469629111821,263.0762784148016,0
2026-10-21 21:00:00,21.840251120886,19.608872914949014,70.05796714907217,5.727958959459457,220.65986885439247,48.35486743165977,291.4659426065178,0
2026-10-21 22:00:00,19.19981796717519,18.386917912587986,70.07072599651606,5.796974136130141,235.69759148143,24.798485508222363,208.67212600017058,0
2026-10-21 23:00:00,19.069591165998293,17.901693099525676,78.71970281480039,6.177406727261083,228.10697582912317,36.780872235821036,230.90250922726148,0
2026-10-22 00:00:00,16.721198127535597,16.49052382858369,78.07151145550007,6.5042512138497965,216.14254358934917,65.5420183359104,312.30734438488,0
2026-10-22 01:00:00,15.091646346312166,16.76438643632297,80.32044993379755,5.463826094932117,153.23900583818275,39.00838082454068,341.72113754179554,0
2026-10-22 02:00:00,18.408652080670322,15.305378174924233,67.97692335847076,5.643202550084914,185.35586827824721,57.64476209547068,283.85642389154094,0
2026-10-22 03:00:00,16.57207489939636,15.256676293862848,82.34996370764327,5.469995240637525,224.58263621615814,38.891591106437176,262.7593496244134,0
2026-10-22 04:00:00,16.79843880501555,15.126107646752756,62.14102932277788,5.8748406148889085,207.51196091837917,42.221794984905365,294.8464652355524,0
2026-10-22 05:00:00,15.135795906886663,15.292260768773478,82.40732217098285,5.584660216995609,224.78385901468855,50.155868453535184,171.10261935124998,0
2026-10-22 06:00:00,16.567538573804693,15.516595096498268,81.19051239978822,5.895918733496796,256.61498185013744,46.0069301599401,284.1648537407217,1
2026-10-22 07:00:00,20.627339907495134,16.580053427582058,69.48518617461603,6.241450764177914,164.69110384822028,48.8151245100108,233.15557599569996,0
2026-10-22 08:00:00,22.218281796652363,16.363475892939356,76.10261293025428,4.789667325678156,234.1373052441375,36.816097452730126,306.7637192889617,2
2026-10-22 09:00:00,22.890549468205172,19.084258160913024,68.61585287338207,5.996711955840277,190.08909612519108,33.63729810531243,187.3080436727622,0
2026-10-22 10:00:00,25.71147404941809,18.810770093305173,65.85838965733551,5.615925180440848,228.06049457824196,36.14128385609499,249.8649609636288,0
2026-10-22 11:00:00,29.332687860371227,18.986036870091137,62.898418504575616,5.984168907193755,198.76337769895648,39.67681858537633,273.3609664756802,0
2026-10-22 12:00:00,29.105281538316518,21.150458685593417,77.40653671307545,5.44141222489992,263.81013616678985,42.70718617942589,244.52835268176185,1
2026-10-22 13:00:00,27.04996801939437,21.147482738788202,70.66220791714177,6.2785043953227495,203.90260808785214,55.37275380639821,259.9806239924743,0
2026-10-22 14:00:00,28.832736759285584,22.996369242744855,65.3063718924219,6.1653122472161135,180.7845732693206,45.87341456025048,311.1773740270603,0
2026-10-22 15:00:00,27.554031062744635,24.631387765990176,58.77114029170046,6.027340859417057,212.59623868375303,49.84597102508585,274.02015941930966,0
2026-10-22 16:00:00,27.48062795187823,22.37074232675372,64.14119558514359,6.117290287124039,209.7182834215481,46.41601012580132,237.776767801417,0
2026-10-22 17:00:00,26.32932396986137,23.129601171735462,60.73919076693443,5.50175181313113,234.14291282331342,33.84565746471224,312.61600264031165,0
2026-10-22 18:00:00,24.783531626093993,21.059697144174052,70.77031628510127,5.552150498124284,213.44158395814776,45.17269526005649,285.0392347628465,0
2026-10-22 19:00:00,21.929030257757553,22.19155130829927,70.78749856936521,6.100974480326991,274.2519391750791,46.30782110191536,286.6994991833999,1
2026-10-22 20:00:00,21.808517977722715,20.291428960160246,64.60717002866326,5.492908342892555,196.65787593793183,52.599232213413075,239.29955899087582,0
2026-10-22 21:00:00,19.347355229011388,19.535408485662497,73.58879664227885,6.378254018663235,197.0114015065858,34.31411930356535,173.0957330935179,0
2026-10-22 22:00:00,14.105826964996599,18.118970808128136,75.22592029342255,5.6705635714875875,181.88341849840836,24.595891348516396,238.75475066574512,0
2026-10-22 23:00:00,20.129710568446665,18.550444800433706,73.00042842455173,6.000757755944249,202.57005015062532,46.76263815170498,234.68525687858067,0
2026-10-23 00:00:00,17.570976654833938,17.80584348597861,71.019441432373,6.639699807702036,206.9317736324886,48.538500015883805,250.46812171277114,0
2026-10-23 01:00:00,14.674068128589028,16.190281046980616,78.92855641249723,5.517510658372769,208.43631589867633,43.20615193682952,241.32577336030778,0
2026-10-23 02:00:00,15.028228574610898,14.84435702059367,82.1184750201424,5.827504700337913,202.01563026481998,45.28020900726791,279.50794036187864,0
2026-10-23 03:00:00,13.481037695000179,16.407915123726816,79.95749480637426,6.221673265854923,181.70536349818104,53.78772378582805,310.2350988418281,0
2026-10-23 04:00:00,18.48140649022523,14.399671897796274,72.26787087586779,6.180510955550613,173.55004615752935,40.41194423472491,318.04645709411517,0
2026-10-23 05:00:00,19.896185573853835,13.406670854901776,73.5409584166627,5.668873875904256,188.7447882549333,42.21359157841421,308.4884743345451,0
2026-10-23 06:00:00,18.73504059236979,15.9026095928279,77.40386439312051,5.593307824991259,234.24612980705342,45.79036444613832,239.0950009675318,0
2026-10-23 07:00:00,21.72356265056037,15.287753136340594,64.79580846991874,5.706745626981979,240.70399056474437,32.801853208306575,277.35603173279355,0
2026-10-23 08:00:00,22.262930168400885,17.79088703479934,70.98776457144496,6.379143106460545,197.69106390678695,43.481027749522454,337.6066339268021,0
2026-10-23 09:00:00,21.80664515740375,17.65981366225118,76.81972990620251,5.688357657456021,171.75251100597725,44.36256682665794,211.6106266810836,0
2026-10-23 10:00:00,24.882264946554514,19.482970592435358,69.40956688051816,5.831246276993386,197.56479169049626,61.370422143202745,328.92920177700523,0
2026-10-23 11:00:00,27.14763941846377,21.15647645765181,64.11160343117962,5.6292854116306295,262.74996305810237,42.018843423715396,235.15586654441285,1
2026-10-23 12:00:00,27.380356248375904,20.032912908303423,66.7422600354434,6.082219425918394,229.96903505949862,47.000112399444674,286.7506115033633,0
2026-10-23 13:00:00,28.433500867870922,21.375677420032268,64.5422812390683,5.862210015033463,216.52228074597642,54.18617605389743,291.51140467876115,0
2026-10-23 14:00:00,28.86290066373633,22.403564757012102,65.53252474931548,5.398626475696708,228.88054751157708,36.62515274689572,282.5965214627788,0
2026-10-23 15:00:00,28.640163037225285,24.09374436038375,51.91214630041493,5.412470354386002,246.2169983402394,58.75740386876166,364.1389157681032,1
2026-10-23 16:00:00,28.1405655622373,22.473293825647644,54.86404065699892,5.000557773377797,165.41401395358642,62.638702320572776,262.9667239811483,2
2026-10-23 17:00:00,25.35883986871093,22.388100348397067,70.99353790496306,5.467471436349753,188.23880393908632,44.71103712351325,209.42048500305435,0
2026-10-23 18:00:00,24.424475776308096,22.8466140755824,59.56423318762309,6.117578321452869,184.13835101489553,39.605739385406196,289.2578827010738,0
2026-10-23 19:00:00,21.884856917167692,21.366644144177734,72.1458648779948,6.329504215204907,217.6134319121295,61.27119424390388,268.1984006110216,0
2026-10-23 20:00:00,23.4667233245293,21.122020706318093,66.47968373040338,6.074223345286874,204.8033267191879,52.95630872768148,297.1920483287669,0
2026-10-23 21:00:00,17.029796271521867,18.79404624363558,70.98329824619377,6.021852880256272,222.68933872068223,45.81969204663836,310.28380967494934,0
2026-10-23 22:00:00,20.23038551497539,20.771463954045277,73.87178616776691,5.74938958018854,184.79337950398332,59.26843819615702,273.6524131318215,0
2026-10-23 23:00:00,19.129776627588434,16.886556435342396,74.44943556547673,6.109965821965595,241.1585615203747,58.209921885493195,292.45241722569193,0
2026-10-24 00:00:00,15.484551293034997,16.742597836807832,88.37025170883989,5.914511289232753,197.91998875552093,41.637430460417775,280.7695172894812,1
2026-10-24 01:00:00,11.333813584235575,16.145588046580134,79.67536767623787,6.52177958879485,220.83636655874548,47.4872985329915,346.67549776298847,0
2026-10-24 02:00:00,14.458034157049065,17.06604889234768,86.25090961188698,5.7606218743293,235.8621949676882,50.76792487925956,260.1775298852934,1
2026-10-24 03:00:00,15.142242974043294,14.076420070097535,79.99142300306961,6.337203233494452,233.45372946484906,45.28730029887851,247.51719207960548,0
2026-10-24 04:00:00,14.42192484361556,16.586963308383,75.78858077994776,6.149645632727144,210.8248522520539,31.091294090957195,310.22923612444913,0
2026-10-24 05:00:00,16.277424940981803,15.742038151725346,80.86332235840806,6.094177314481663,224.58040719147635,35.617404963017535,237.83280738629134,0
2026-10-24 06:00:00,20.795292798295026,15.869574644400844,74.27434116431573,4.995403469815272,252.2498199191686,31.417372145397728,290.68631222330185,1
2026-10-24 07:00:00,21.185657427734967,15.383865925639444,71.15642756100829,6.171675824619085,215.40803701924088,49.92924303024004,268.2164338532338,0
2026-10-24 08:00:00,20.61315382843285,17.45691299363046,72.9956921880837,5.748996808436338,178.1106079381526,33.15647682876256,270.94717261832267,0
2026-10-24 09:00:00,21.4153345613245,17.38593452165408,67.71666337118295,5.622429402226043,217.49152192891654,46.924180708174305,372.4921849604068,1
2026-10-24 10:00:00,25.009474023585344,20.01332900255873,62.259695545425046,5.206834783528834,198.8815634594123,63.319038262751576,324.3634697968894,0
2026-10-24 11:00:00,26.629562299280177,19.258426557123897,68.2417361099767,5.7977651464127264,129.5599659678697,59.27770184912146,315.8631813327773,2
2026-10-24 12:00:00,28.806476607536045,20.909473204435134,60.71253094939038,5.813420638727297,213.85994071109278,26.625833530660213,296.22282561907895,0
2026-10-24 13:00:00,27.958505715171988,21.384208654335655,62.44937815054815,5.278799231274078,203.4995195004682,32.212985292289936,247.33943514239297,0
2026-10-24 14:00:00,29.767249363042794,21.674083245196158,62.07840874407003,5.210687930842523,234.69253314492315,37.23483575820141,285.45926746950886,0
2026-10-24 15:00:00,31.66421184411382,23.456759158682605,59.729387510982455,5.994647792051245,177.49719027535082,33.30976310780632,298.3329720331468,3
2026-10-24 16:00:00,29.285429360157465,23.428366997927707,54.110852412940716,6.148682052424551,154.82871012862077,28.461856226782665,282.95941720557477,2
2026-10-24 17:00:00,26.877614707309675,23.830911464277072,70.57812278350269,5.876113163968968,205.0604257823153,44.8915966027476,278.79001309375843,0
2026-10-24 18:00:00,25.225274293420057,21.04020152857122,66.73558160739933,6.260333859873745,211.4053216281634,52.051005494165636,259.1020280484238,0
2026-10-24 19:00:00,23.27672361444784,22.679763686619026,67.45466534855184,5.7654460062594,202.81498836156706,54.54034038722887,285.9383459872513,0
2026-10-24 20:00:00,23.77096136867822,23.004359124285514,70.02907638343487,5.778259490239919,200.6212605105621,40.255238292561906,253.97714594185894,0
2026-10-24 21:00:00,19.2472965153554,19.673963309068526,74.48595514964784,5.433188788503684,167.9381913738102,42.28096299684408,303.13692718269044,0
2026-10-24 22:00:00,18.567834063499973,20.516118889687178,77.95391257124855,5.175903208978513,195.8324858907523,48.556772451247554,194.36915195369454,2
2026-10-24 23:00:00,17.127049384515797,17.754194801942056,78.53745909933575,6.541864853543833,189.54782511486755,43.915144381608506,329.3497426579977,0
2026-10-25 00:00:00,15.18514588429163,15.902072209950955,81.76705608383136,6.252519620099898,232.1812622230232,53.10606776095802,222.53336392528442,0
2026-10-25 01:00:00,13.179820894150371,15.927066921328372,87.33918445565713,5.242994973144609,211.37976092091841,49.30364862834514,232.30979903721772,1
2026-10-25 02:00:00,15.484461755426501,16.374461559002466,82.23676863834305,5.862300763132512,191.66008634764415,41.23695576485971,291.35416742486717,0
2026-10-25 03:00:00,15.147013258193446,14.465755508978502,77.42115298852505,5.759981475558533,251.71654629268298,26.433636883465567,296.5976732141865,1
2026-10-25 04:00:00,16.688182877663785,14.51972907279481,70.7596747664193,5.690403010734783,191.93276971354973,59.990316054819935,358.1311190561747,1
2026-10-25 05:00:00,16.249852072035416,15.61112824067828,85.23916717858008,5.636392860874024,216.7336017165849,38.13917710555678,286.85138117236505,1
2026-10-25 06:00:00,20.33123194821957,15.538346478253105,70.81390479540096,5.952507658787192,194.99235999232152,48.575586457302606,273.38180936028664,0
2026-10-25 07:00:00,18.873106012464586,16.6392712372432,71.38673571823988,6.127270210188589,248.93457545084013,25.834083312809025,282.65197514171297,0
2026-10-25 08:00:00,24.56806042602684,17.19026363260667,58.23469339994559,5.960956467611282,202.60579327440834,44.88683416614195,338.61951045151113,0
2026-10-25 09:00:00,21.190278550975254,18.348424075231176,72.66403126539025,5.751792650248323,203.4924268367202,46.00261960862199,371.9759996265752,1
2026-10-25 10:00:00,26.152155096835337,18.654159051352366,65.76184690356645,5.737109313243552,195.8038892368186,46.48602072547662,267.6079880436406,0
2026-10-25 11:00:00,27.66289349209577,20.2206609340344,55.628953128237676,6.174725726769067,205.89535778003645,75.13793282717997,296.7108966468845,0
2026-10-25 12:00:00,26.868842224579748,20.258101595443254,66.42375954117018,5.985377975246425,235.98613515943728,38.68881626206567,272.0244326201789,0
2026-10-25 13:00:00,29.398071690814994,22.859174022748903,58.63135436751482,5.829075785214173,225.37531534054062,53.20664226956693,271.2293463498454,0
2026-10-25 14:00:00,30.919278004640237,21.956681841683903,72.74844143087519,5.785639480959957,200.84228543348513,50.23232452209377,350.1620249545907,3
2026-10-25 15:00:00,25.43625252499238,23.766781295195788,63.0296910095548,5.938108203844916,251.03975319369962,38.21361007332414,237.9707310454604,1
2026-10-25 16:00:00,28.816295037727294,22.81311443121371,59.64447929373828,5.61266052457622,226.18956924027708,53.0566940318093,181.62875164466686,0
2026-10-25 17:00:00,23.209841237810718,23.02530251376213,64.1743093933553,6.128615526923284,186.8545664240795,43.356790630691975,287.6977743618621,0
2026-10-25 18:00:00,24.051502794715187,22.068129974425194,73.92757925155163,5.3696565752648535,158.58954938798186,53.75243217576719,323.04026115048293,0
2026-10-25 19:00:00,26.255482863069062,21.01563077981177,63.02954159199336,5.635417396093407,187.5495859461029,64.60962623421715,283.79586505004124,0
2026-10-25 20:00:00,21.127326949911918,19.60419168991576,67.42263689127822,6.044442438178409,212.40046335650757,46.507988906341,295.0881420483205,0
2026-10-25 21:00:00,18.427446737668895,19.191016853536116,77.82183896440004,5.346846874658291,217.9160111189428,42.188747709315486,305.09573524507573,0
2026-10-25 22:00:00,18.203093406522978,18.74087291742726,67.6545232351065,5.170796582940199,240.77413049906056,55.515561838104134,279.4364429363842,2
2026-10-25 23:00:00,20.1521120389395,18.134227162653023,75.34301828451734,5.825231070171696,167.16362074643,58.96653165934342,297.252304937933,0
2026-10-26 00:00:00,13.190298802699889,17.80830345062661,89.47864001976441,5.121416738221411,186.82533998159568,36.16742460607951,296.58447594614637,1
2026-10-26 01:00:00,13.661554348517505,15.814966907416329,82.83917394595444,5.280478578379255,164.67071990376462,40.47042910461925,196.65581611042052,0
2026-10-26 02:00:00,17.24614752476944,14.830329773448506,78.8941145515763,6.102637647402573,159.83602365261663,51.75423271841262,279.5546757491917,0
2026-10-26 03:00:00,18.02507273128312,13.982124866041557,79.12021380699767,5.718085896957706,181.16543762140043,43.67967989585281,212.0886866816201,0
2026-10-26 04:00:00,15.782675337073504,15.384050894323282,86.00932973888939,6.314194779883594,210.99836732882062,35.456679870132135,273.4731397957031,1
2026-10-26 05:00:00,15.191673477904203,16.242852307107203,84.21946162661048,5.318074263625018,223.14183304670948,50.40694827895395,255.18876204642262,0
2026-10-26 06:00:00,21.643765252713738,16.548962599227277,72.62583030810863,5.762419053747086,171.54937680134975,51.714897157067725,316.36045017471315,0
2026-10-26 07:00:00,22.57993027190615,16.7395190737716,73.82354067689263,5.9598338212831035,175.7217224183828,41.65614244103025,284.7765103683999,0
2026-10-26 08:00:00,23.01842048164335,17.51083465381408,64.34822079470243,5.331794027948436,146.605304740297,45.61348765331237,293.92771384352915,2
2026-10-26 09:00:00,22.593129792311515,19.32282284335739,73.16971220296278,6.212704761799849,206.43056624830987,39.23426931053881,267.34197128151,0
2026-10-26 10:00:00,25.426455988742944,19.26566516913345,60.860472957589735,6.004271553266415,178.03583294087787,34.04762574088028,317.0872505042545,0
2026-10-26 11:00:00,26.709207346738587,20.55217992122942,62.51383909075557,5.156285165325026,249.89094134635542,40.029353933718134,211.10698637909064,2
2026-10-26 12:00:00,28.558454783414437,20.7433729105184,46.71704338418649,5.784903281516559,212.29426398948783,45.73932350175907,239.17990191514642,2
2026-10-26 13:00:00,30.93798294122048,20.738792428062386,61.28156876737273,5.954382694503453,194.85662769629675,30.249107785307036,326.4522848643521,3
2026-10-26 14:00:00,30.319125561706105,21.91702249473809,56.79768927041091,5.563977330588777,180.76662717366642,40.75987068747841,257.5740600347126,3
2026-10-26 15:00:00,27.14541666854634,22.85637607432855,69.38122607376671,5.208054037796474,155.15989339417314,45.87830130592739,189.1667197931646,0
2026-10-26 16:00:00,30.12692250152038,23.04862829800104,62.19865605120256,5.911383515778964,158.96384669163706,56.94659910124867,333.10565106455545,3
2026-10-26 17:00:00,27.419445678325566,24.404731989040588,69.11714465951745,6.684497180113024,181.33577136283594,41.87407645199469,318.0774428543919,0
2026-10-26 18:00:00,26.530598693788374,22.529123349210607,59.145298844091265,5.645206360336924,179.03291353927085,32.54097649890778,303.4387762644293,0
2026-10-26 19:00:00,26.01154460463555,22.771501879966706,70.37807666023551,6.427696472513883,170.02484471462017,42.90339987302271,278.7762402780681,0
2026-10-26 20:00:00,20.332629625729673,20.651938206738947,82.53012617094102,5.499084471295412,211.31284182327033,39.334306959099095,341.42988072634785,0
2026-10-26 21:00:00,20.13452831622266,19.785935471797895,76.05935752019228,5.886218254003981,215.42796777244578,50.52178555057363,325.34473716250005,0
2026-10-26 22:00:00,17.702818172961177,17.936793890221242,79.10836323590803,6.108609012350447,186.24102808094815,41.62094673637771,336.9142427516804,0
2026-10-26 23:00:00,14.698463393645987,17.37086140928866,79.60983230959948,5.796634533611454,258.0545680479595,17.89433378420729,302.82001921788924,1
2026-10-27 00:00:00,16.45788713991631,17.421585113091,74.02719152927361,5.680905740447507,147.59811900451723,81.91624501197805,279.9118340500433,2
2026-10-27 01:00:00,19.005854043353157,16.177621019569116,77.39893701148375,6.09045100854015,201.7449169691679,46.423632915909295,259.033405159408,0
2026-10-27 02:00:00,12.23988338324137,16.29024928078003,74.18172538810002,6.556582046107688,193.44259387736224,45.89191510308579,224.24304630136513,0
2026-10-27 03:00:00,15.190098299402317,15.281299853519767,76.08310641611314,5.920234769855652,183.4789735409823,29.58590028002968,295.0818246186538,0
2026-10-27 04:00:00,16.898636576121092,14.718037014689807,67.26635209696877,5.59357592938786,179.0701146196082,30.354307340383883,298.4142933918242,0
2026-10-27 05:00:00,17.23486983417844,16.854934185873294,72.19987431241046,5.724099377096127,199.79120351262927,44.08051042326968,261.008746723707,0
2026-10-27 06:00:00,18.33030792122639,15.460775529891809,77.61385595399614,6.80788305825815,193.23416518034813,48.3617133231164,299.54724112466533,0
2026-10-27 07:00:00,18.239442139113617,17.101973651018053,77.03963631416597,5.853962846535251,188.2437041866232,52.02114139176752,261.71288673603425,0
2026-10-27 08:00:00,22.349180114410245,16.67903263476426,69.83555234038508,5.56223452056881,161.03841095031876,47.3743765731826,309.69710765387845,0
2026-10-27 09:00:00,22.676587350193756,18.53240340309677,70.04010015007754,5.341972833406984,151.45664546568503,33.14057796831865,239.71570827429125,0
2026-10-27 10:00:00,22.21511744253217,19.74241252732135,60.31253597964036,5.069639562354958,191.34450574413304,19.95533390919951,232.79553859965193,2
2026-10-27 11:00:00,28.74163579907643,20.202069756870547,60.04722563825371,5.9454337095384755,187.9371168651041,43.997776506217946,265.3768509112541,0
2026-10-27 12:00:00,29.499756556254134,19.116413661842717,57.59353410031899,6.061856797129801,194.08889419169518,39.660253293908724,308.1514158200915,0
2026-10-27 13:00:00,28.838972249300095,21.84302909343108,58.497934848267185,5.641321528013917,196.74134606331475,32.37428275887715,228.64858141363908,0
2026-10-27 14:00:00,29.343612032308553,23.448469653345732,64.1855587002985,5.794011832787618,184.32492974351547,53.28058224105626,316.9874807603678,0
2026-10-27 15:00:00,30.372957803096817,23.285687971578458,55.64991400375727,5.33181531628455,193.62777728545385,29.244232508200117,209.2964746245915,3
2026-10-27 16:00:00,28.398687311658197,23.356671100183398,59.29817097537311,5.853171385931001,174.39415075689516,51.169688394565824,265.13016497622834,0
2026-10-27 17:00:00,28.305773800447806,21.48589775799026,51.99772521091506,5.99259812822685,245.7183742748985,30.898620249825186,218.47695491589437,2
2026-10-27 18:00:00,25.053776698689227,21.887737558597706,64.86485205969208,5.5859342931329445,176.00779555550093,46.34088685583331,170.6040254326707,0
2026-10-27 19:00:00,25.779708923578568,22.157513229667344,60.025161553137615,6.476181067834336,188.87057871603977,54.33974322018622,289.65807219101015,0
2026-10-27 20:00:00,22.481178588899027,21.328306621429512,69.81860033676938,5.465157469301235,178.28633632658358,41.62066684397726,267.88755565475543,0
2026-10-27 21:00:00,20.479344599691164,21.007009604516405,67.06924624665828,5.9133906416075925,177.7825537938529,61.899198345068214,219.11604268678045,0
2026-10-27 22:00:00,16.594908366931953,18.884106595883125,77.00882118742774,6.139326887881842,200.7392469991384,64.17886325593504,254.3354456806088,0
2026-10-27 23:00:00,17.480686313146734,18.289383088928968,74.69974762051221,5.769084199940247,196.93297370350965,47.371750000196556,292.67300907717254,0
2026-10-28 00:00:00,14.689889797267252,17.013099393545033,87.1323411084909,5.724609272442203,186.2161882887437,50.41385370590273,260.27401332043326,1
2026-10-28 01:00:00,14.28109512618378,15.382018686052563,81.74877575084544,5.228453539820135,191.49572025337065,55.60708866316519,267.0527553772641,0
2026-10-28 02:00:00,13.776936557525818,13.731265319986447,70.6694867681575,6.342936598286514,178.4055934702019,50.44426372485489,259.061737187078,0
2026-10-28 03:00:00,13.639166818127684,15.48110444854779,73.70855559773324,5.732042719332961,212.05176913178482,49.37243217598544,251.70791474280162,0
2026-10-28 04:00:00,19.124979278034374,15.13915776673025,73.7260649113204,6.01494616997393,261.6557822777214,39.75930597223912,251.1865090102769,1
2026-10-28 05:00:00,19.047261124676773,14.641756661163592,68.89404690842461,6.069088195144056,173.75476168300344,28.12643824822288,250.01210534817056,0
2026-10-28 06:00:00,21.380551253216392,14.240559939649554,55.90149634496106,5.548680603192898,211.81889671203814,31.099045867505232,244.87428495707704,0
2026-10-28 07:00:00,18.35392415494901,16.6753644867808,81.12302258322991,5.720988558283514,201.3484687106213,68.82367358761519,234.3082160923679,0
2026-10-28 08:00:00,22.10688062486634,16.78726394064356,73.47286333468743,6.333792940297402,220.0588927439777,48.22458957805001,259.81150729128683,0
2026-10-28 09:00:00,21.871471877911503,18.410223597484432,72.75911811396504,5.3531209337038215,220.90378881488215,42.54316518608668,249.4028859068793,0
2026-10-28 10:00:00,24.456457684204405,20.491238824329407,64.01563555160014,6.651167229902903,206.1623809165598,57.63327259117909,232.13205477937225,0
2026-10-28 11:00:00,25.57255699318097,18.32213147615432,67.85131546323248,5.50205088588949,198.805382716547,37.5054202713817,305.64058621427813,0
2026-10-28 12:00:00,29.92155383615341,20.44031935303811,56.9723337755115,5.3281930173437955,186.9664940105466,50.83108267413188,324.30543887666863,0
2026-10-28 13:00:00,28.167136266870838,21.66092663409666,63.62372298084345,5.852923608275414,177.05118940674095,45.77192033560038,274.995889015864,0
2026-10-28 14:00:00,30.602569000541024,23.627962554455074,55.07400107016838,6.683339305735949,197.09463017144645,49.600275011036025,277.6589195172336,3
2026-10-28 15:00:00,29.667662118406252,21.554580889791087,68.38024771069257,5.035613625763117,161.4623350574696,41.63590130706143,247.2974413652161,2
2026-10-28 16:00:00,31.517635954648256,24.548688820544484,50.72765358401287,5.743593712604123,182.18432029647593,35.3530569270962,317.6812542716399,3
2026-10-28 17:00:00,24.730581133596246,22.972388026409305,72.88472178723866,5.990506006902622,233.20560873417708,36.77128926860358,344.5272446030536,0
2026-10-28 18:00:00,27.3888498596802,22.387301085750668,63.72795930847041,5.813459983414212,202.95536663239074,37.161157977397025,268.44824683897355,0
2026-10-28 19:00:00,25.53139462131874,21.669979314171066,63.314991477707565,5.9527686680012035,226.7799325680665,44.97029687677844,254.14213886429914,0
2026-10-28 20:00:00,20.53993174295945,20.650989574255977,72.58709651692735,5.51278676713109,244.08931659975272,29.43864819526057,288.6590106381938,0
2026-10-28 21:00:00,21.698966688992094,20.873769587825407,74.0279800091004,5.560111261627448,194.6891163225555,32.52571384977907,280.15724176153554,0
2026-10-28 22:00:00,19.004217444539343,18.145183396734048,80.42867275002477,5.74063094113632,206.21977502580924,46.35524297529202,254.99378098170843,0
2026-10-28 23:00:00,16.709038141764058,18.241055164905,77.91486934555078,5.3480447648389,190.94462317541735,43.723249555860846,293.847833321294,0
2026-10-29 00:00:00,14.701918943050929,16.692654667434418,74.3042168420275,5.782125439423924,175.6218271857318,46.902315342566986,312.5263042955959,0
2026-10-29 01:00:00,14.159855038802743,15.56186611644253,79.68632457226566,5.644501882531399,171.41095222002787,44.54956465666891,243.56726394700883,0
2026-10-29 02:00:00,18.07471814367889,17.604678525409362,83.7943044108972,5.611981925938053,225.29451117789475,70.18950206888213,376.6813591886242,1
2026-10-29 03:00:00,15.239543444412746,15.471537282646496,84.85093829426782,5.928202565039455,206.25881841456945,46.26738433990873,213.68231371608687,0
2026-10-29 04:00:00,17.11101717580612,15.490612435728915,80.41059677965445,5.071736202720278,255.3980921624316,41.20920350512724,240.93237094636396,1
2026-10-29 05:00:00,15.863903459192837,16.046518119378657,81.34175094958053,5.708363958646738,229.16156038771672,46.0113178536151,284.3587212120945,0
2026-10-29 06:00:00,17.330220580667543,14.39881842860741,79.10098575623165,6.726941506245945,178.06361031390895,55.1995504251033,364.87492473506194,1
2026-10-29 07:00:00,21.81124389815727,17.573406402551434,76.02028149476062,5.36555612546975,225.21026540680313,44.50371610622535,252.496372332775,0
2026-10-29 08:00:00,19.975635682672703,14.992834257203938,70.14609325218322,6.314200198593765,190.84773382693234,51.84728358636246,232.37014749617651,0
2026-10-29 09:00:00,23.18891266385974,17.3497106915591,61.797874474493284,5.82186244836508,236.50579127387005,48.960459644022166,296.96965913714985,0
2026-10-29 10:00:00,25.55104111660835,18.632774661456878,66.0837681637553,5.558816876447432,185.4099836827094,42.09584423157356,265.0562236912772,0
2026-10-29 11:00:00,27.116806371065913,20.500654872386487,59.771924420832455,5.271743336188077,168.42722119271983,46.10875798881952,301.6102277981773,0
2026-10-29 12:00:00,27.793537898966836,21.17497461291319,57.772650744353875,5.855872786114093,176.12734768815773,60.98922114192076,272.1687780039832,0
2026-10-29 13:00:00,29.35521045566736,21.69497533218748,57.57235457025951,6.38135884232587,177.66005292755258,47.430782950379644,240.71333831480177,0
2026-10-29 14:00:00,30.03928363372672,22.454503739435573,72.77942926219637,5.644315541921294,174.79244706144007,35.1397897582893,368.9550388165692,3
2026-10-29 15:00:00,29.863437102212472,22.08128488633822,61.24449864772426,5.76761543010529,182.8217517318468,41.80489572867125,156.82437603677124,0
2026-10-29 16:00:00,26.583472113489332,21.80221408441266,66.30937264561774,6.204148340076133,225.70075610975712,23.857527502671946,347.8095500139909,0
2026-10-29 17:00:00,26.523514821412636,23.444912603025124,58.459968179283564,5.9363483165385125,253.88132624798553,46.3739870675288,312.3304761693571,1
2026-10-29 18:00:00,27.292144292815408,23.019066505166702,54.430662054658356,5.171089688110168,160.09431453339488,58.12062343782814,245.17642833891142,2
2026-10-29 19:00:00,25.153704097078453,23.09602262487184,62.12029186791183,5.839554886342073,237.9053912849945,31.58594231866146,349.8968041933506,0
2026-10-29 20:00:00,19.940710822778403,20.367986322547832,79.66212493870965,6.40489396426624,185.66888852076715,46.49732734508049,220.14323203022957,0
2026-10-29 21:00:00,20.71548653481066,20.58952834865082,73.21279348860982,5.7852235254130004,210.436475936067,54.85431805869287,315.32443848030096,0
2026-10-29 22:00:00,15.532662125937785,18.773034617308216,80.75378090609662,4.703404228209049,150.37561908280108,55.91138633196484,191.6941954781156,2
2026-10-29 23:00:00,17.120654884784724,18.917103807744702,79.54804433426864,5.955285996636429,215.72105052034567,57.79801172275831,229.16487228118498,0
2026-10-30 00:00:00,18.784472698627894,17.817570221342514,70.90188586265515,5.720617424182385,139.84062809551813,26.317461686544966,229.06552697408492,2
2026-10-30 01:00:00,13.816680140073043,16.340540394633372,86.7598117517792,5.068362234431513,209.41805216930496,50.0493095461181,244.97373358284804,1
2026-10-30 02:00:00,13.748515431762627,15.264274259529456,76.73774348577395,5.128316763978486,207.7176814108801,29.944348149053948,275.4632446151463,2
2026-10-30 03:00:00,16.384563888335812,15.905042437730337,83.76968513030978,6.1900428573155235,205.73022902886402,35.01667863427529,241.9609454356737,0
2026-10-30 04:00:00,13.623619900694461,15.517523618605253,82.26316689984336,5.507046901761968,177.9526954810121,53.211222596085065,193.54356193208844,0
2026-10-30 05:00:00,16.101119986866607,14.588744373174782,68.13343024452847,5.437001447705603,216.48580023288932,46.580471218516166,293.53803074802715,0
2026-10-30 06:00:00,19.39466170637263,14.473659446078702,69.38635851935017,5.785744575627333,211.73244528250152,52.263360742393736,276.95803691709915,0
2026-10-30 07:00:00,19.23683791274825,15.94074655470837,64.39110184034158,5.5423188006720245,193.7014164907664,35.70883395198302,291.3570936359272,0
2026-10-30 08:00:00,21.646045019183543,18.212331052278568,76.24115664095079,5.840019451111098,220.15550921525582,59.73603110162877,281.8767163706391,0
2026-10-30 09:00:00,24.928011881190198,18.88191354657635,66.36270863855977,5.718911988225332,197.13187560303484,51.88333933841051,313.16941127940663,0
2026-10-30 10:00:00,26.132319125304843,18.110138024263534,53.89950484988528,5.320001767962543,215.86331476726286,53.8929811929346,271.98070587355585,2
2026-10-30 11:00:00,27.349975062748936,19.101070247690146,65.45876433329957,5.595520880575446,196.2236201781773,34.19833223884864,315.50082539241237,0
2026-10-30 12:00:00,27.55349440758601,22.01974707974359,60.64998539895518,5.977101328523641,206.5010597332862,56.71401240212619,243.9721340759509,0
2026-10-30 13:00:00,29.31657245692691,20.919918400939927,53.8010837765211,5.81676721609545,217.24168823225787,41.838384233595974,246.25318482644587,2
2026-10-30 14:00:00,28.814400979850365,22.87153787405136,70.21254800902304,5.767223007043267,188.06262279145895,38.88773729854609,330.04157581592773,0
2026-10-30 15:00:00,29.448189198912154,22.370846332887215,61.59860229178831,6.574953696471754,162.98490241237414,51.254635400456614,329.22674632909155,0
2026-10-30 16:00:00,27.316779788814106,24.293635939617346,62.15270724185651,6.092415010154214,208.28237016644465,50.83211774787939,297.9496857112333,0
2026-10-30 17:00:00,26.67589400673652,22.24736346584597,62.3918032869861,6.140976505928537,235.6817413583879,36.53181152242662,239.43568348560768,0
2026-10-30 18:00:00,24.01506331117198,23.378790839302415,60.01552668080477,5.73361263688203,208.97452918872338,65.5630101019252,236.21470258816976,0
2026-10-30 19:00:00,23.759221900708294,21.97631404799448,61.3661892212295,5.88805807614051,209.54426944089118,63.14350576389775,328.1225584944508,0
2026-10-30 20:00:00,20.783498704556735,21.20175588338743,77.88438547890733,5.627560004189723,198.7347168051008,51.05035140811769,325.9065971031264,0
2026-10-30 21:00:00,18.517197009039364,18.459029315328962,71.80994924022416,6.111019906209651,222.17355958319604,49.30403422731688,272.456825693195,0
2026-10-30 22:00:00,18.88799172178308,17.237669317435426,73.84474843854463,5.7558400383603825,194.42193751586188,48.29786226260296,368.67539707879416,1
2026-10-30 23:00:00,17.36936219548066,17.788271067376066,65.33511298441783,5.888951099572222,186.38303656619414,29.500033739813283,293.3560028778456,0
2026-10-31 00:00:00,17.112132775931787,17.197524850733288,69.27498048990434,5.8642445208620675,233.15894758624597,46.128073879214625,230.7120250387552,0
2026-10-31 01:00:00,14.591830861613873,15.27141461306363,81.93886556543713,5.792733247437818,184.08385045121955,45.99541581895748,263.9747560132843,0
2026-10-31 02:00:00,15.612079270255133,14.66494365648117,79.55406367626301,6.975275226862308,226.68412839355247,39.23988313761619,275.21882312021495,0
2026-10-31 03:00:00,16.064715574387016,15.585474798704634,85.88921730435716,5.533352289002111,233.17806385873126,41.90650827998416,278.45594546996455,1
2026-10-31 04:00:00,16.604982885256323,15.450283584365705,83.18880219584854,5.529715387936523,217.00450796186183,21.18707605284527,325.0001287140683,0
2026-10-31 05:00:00,15.811772007490953,15.026103846533385,76.27231872858674,6.077638698724702,162.52293441282103,34.02727069875009,236.74844349342564,0
2026-10-31 06:00:00,18.724045223406783,16.160059761811105,76.29591355547821,5.561932400369928,200.81464727667492,54.2182629150729,221.73950803551134,0
2026-10-31 07:00:00,20.734477128364347,15.232211038677692,69.93561023144741,5.683437455460442,193.94000008824148,62.311969016393604,299.0929473202038,0
2026-10-31 08:00:00,22.010767700361914,16.715252066330425,80.26112785275895,5.365435618657752,185.1200223399406,35.56619314704229,254.72061964296586,0
2026-10-31 09:00:00,20.682016828161018,19.283025904216856,77.32665328646877,5.996623167761035,204.28254762039282,46.82848654975939,371.940244938673,1
2026-10-31 10:00:00,25.74073443596022,19.054657703951854,66.35954413113649,6.001702897793661,223.07619042492644,55.983823293973174,312.7288152590253,0
2026-10-31 11:00:00,30.268544027401695,20.136326192079682,61.07972109149972,5.673923176030622,186.24342019606405,39.79784974105246,253.9841419063904,3
2026-10-31 12:00:00,27.522118923355595,22.84475726877419,70.59770872827232,6.085926675392029,194.85851977178976,51.762481772346156,323.51414955136823,0
2026-10-31 13:00:00,27.669365137240494,20.708953392067176,66.09465107088064,5.056749994506563,192.76823198504036,44.662103044198396,304.21643180332023,2
2026-10-31 14:00:00,29.560022839567097,23.101245908451443,68.72111267786991,5.517258639394262,234.91613136632935,56.904019884253486,300.3478858985311,0
2026-10-31 15:00:00,29.230048099723334,24.194892329002755,50.35570264903763,5.732008325515627,192.2869814656824,32.17549260331377,270.1102427364603,2
2026-10-31 16:00:00,29.851280574615693,22.740113658801164,62.884604617955155,5.331087001238819,162.96783026714763,33.95423371232347,291.81803406553865,0
2026-10-31 17:00:00,25.062945234442502,23.551407934640153,63.74729139526208,5.1005147850325105,152.7969548302846,47.79539168942811,190.88168397629343,2
2026-10-31 18:00:00,26.59707037886249,21.67848601736903,73.26540548350496,5.676841613984621,210.8818869969791,45.962060999004365,327.68357616888204,0
2026-10-31 19:00:00,24.697366407594842,21.27904120829231,74.49515374683534,6.077608034824297,177.17954780342293,44.436761035066695,137.5575044132791,0
2026-10-31 20:00:00,21.78678019458918,21.307973132838107,70.42004281199951,6.312843356570605,220.06173515817434,50.75834160204483,257.3150762389634,0
2026-10-31 21:00:00,20.696297661164888,20.674129518898557,79.24259770065729,5.58108484671785,160.06340034478606,35.693504354422636,211.17157787223863,0
2026-10-31 22:00:00,20.044186222397535,19.896749209924998,81.26254913308549,6.093286335048637,183.83263500168175,31.305643883785713,254.96595435073908,0
2026-10-31 23:00:00,18.358725601736847,19.22042668914151,74.74156263754652,6.054616815230267,160.08293451439556,39.99891891971274,272.0353091035158,0
2026-11-01 00:00:00,14.223293205398335,16.946042753155854,91.69171701568128,6.2874432697337985,213.0383214664677,41.11721441301901,227.12825864335156,1
2026-11-01 01:00:00,16.468756496109748,17.12646227939188,76.4807864413197,5.659923587858399,219.4654262187395,42.16252818942089,164.02091029443037,0
2026-11-01 02:00:00,14.902967092451222,15.262054510102926,77.44383473737898,5.08059980192613,210.158754729098,57.69045711353877,283.28262896564235,2
2026-11-01 03:00:00,15.347830362999796,15.857969744114342,82.31196650732197,5.828074340969097,167.4219103878847,52.704172467992095,358.4575912811158,1
2026-11-01 04:00:00,16.047617660011472,15.165991038281746,75.37390515227466,5.39448250361211,177.62708767668002,50.33239869155429,260.94879332599976,0
2026-11-01 05:00:00,16.824888048496778,15.492839020509265,76.63683322077833,5.510597956375197,207.02941965834663,47.21999594629311,313.373238249032,0
2026-11-01 06:00:00,20.287561245660598,15.874704684079877,79.10209862546182,5.679512342378727,149.36775775626907,40.65811544284445,335.1753935022754,2
2026-11-01 07:00:00,20.062689744508535,14.887808867415558,72.4208665676761,5.664428947460343,192.7659516683629,36.46054843216555,198.9984830181681,0
2026-11-01 08:00:00,20.320680807425248,16.100702512911383,63.54009406621317,5.856623706758318,245.50716060007645,33.02842579307979,256.7089939408672,0
2026-11-01 09:00:00,23.221438531763052,18.046756971443934,70.37087070113031,6.081262526567847,194.60133352458877,38.054931495293246,223.94457553244794,0
2026-11-01 10:00:00,25.768042075215714,17.650176736287065,61.99688161447918,5.652905766689614,155.34366082904145,44.57078011639012,242.74891848087344,0
2026-11-01 11:00:00,28.793569644751408,20.700245062969888,66.17407221277104,5.958279002643201,181.77772256971593,33.45015799817334,343.08046804586513,0
2026-11-01 12:00:00,28.96681985391432,21.697244773030512,65.12076475443405,5.805926403972202,181.07923022967273,46.69519757736609,283.94717945696766,0
2026-11-01 13:00:00,27.48567786590291,22.090163567048425,70.77418830174912,6.174197758351378,264.20926339509685,43.05561872764355,306.55294404180694,1
2026-11-01 14:00:00,32.72778487501834,21.567194404931417,61.66431965394148,5.724563259557473,249.97037241541688,41.02701588456797,273.2440357614486,3
2026-11-01 15:00:00,29.158643750490445,23.967814456251087,66.86084891770179,5.768429329690178,221.92806302304734,56.61532901211637,226.57789417057825,0
2026-11-01 16:00:00,29.975263933489597,24.629768511774685,57.08419947912392,5.650239820800437,189.70772207775806,20.393813777772685,302.12462788874825,0
2026-11-01 17:00:00,26.72217581793999,22.981364767113053,68.35332149792451,5.735100584016601,236.0188898293917,41.1627045471507,325.1030148577129,0
2026-11-01 18:00:00,26.300038867058174,22.872529917898742,74.68220980633166,5.48660474866165,165.99621082848626,21.47562554370522,287.6949686467463,0
2026-11-01 19:00:00,25.070936072495254,21.989818048583025,62.87162716982186,5.446961085542594,232.29725945732778,47.38562672929442,294.5649744703974,0
2026-11-01 20:00:00,23.827292067631383,21.42429535119904,76.80594097747783,6.11030615411309,227.83920612260133,52.62181583198926,225.60794454532862,0
2026-11-01 21:00:00,21.77431914234969,19.939629175108966,67.52406657317373,5.366719326726159,195.45962796052157,31.488937957861985,303.27454532596903,0
2026-11-01 22:00:00,19.808295500109466,18.972348608124957,68.37018917461876,5.672352764120839,234.17558940052317,32.76942416108609,328.84055291705397,0
2026-11-01 23:00:00,16.577622434903006,18.68929789998781,77.98785529489058,6.206137114508398,186.5833661160845,28.017001682895444,291.18341897085816,0
2026-11-02 00:00:00,15.080203110574837,18.876499329517152,81.88330834795424,5.658919681998557,162.047432057053,45.636419927131676,203.1286701649243,0
2026-11-02 01:00:00,15.737430481462818,15.051515887732418,82.07383404210594,6.13149618147423,229.33895038999765,41.59211723795973,340.4251800310112,0
2026-11-02 02:00:00,16.399692108511605,15.45284839733987,71.91155736592007,5.563581711709263,197.44271212581623,42.21345269608407,237.20704425424944,0
2026-11-02 03:00:00,14.904438164811612,14.191928306658061,80.68737468849751,5.379534557459922,218.05341809896004,41.320283605141185,290.5114730755964,0
2026-11-02 04:00:00,17.53558012208051,16.273619918860867,71.92953099608586,5.162069658039671,254.62659774678218,35.264009356320614,313.11905074243674,1
2026-11-02 05:00:00,19.229177649923436,14.666106319387808,65.88037553973899,6.3250896277090645,178.3323778281111,56.318740238960366,318.1847328820398,0
2026-11-02 06:00:00,17.12551862138987,14.38133774983361,71.20569607666823,5.3452515273462335,195.69861485480075,47.72340680131627,202.99772752880617,0
2026-11-02 07:00:00,18.932885628587933,16.68212247433267,69.9260354159154,6.098874636050037,247.08903513733142,33.153364632223955,279.6886902429175,0
2026-11-02 08:00:00,21.789437411641995,18.395448891794487,72.86065090779215,5.400021189282647,220.0619519256585,37.994531841674984,277.04086443530434,0
2026-11-02 09:00:00,24.27315231800144,18.495602114438526,73.0332855337416,6.326953567175928,179.0065176738621,36.279312255325245,332.56112750906044,0
2026-11-02 10:00:00,24.713149479349422,19.163838301825535,59.37818747540436,6.68271308984604,171.34946889381564,59.059279034730615,293.3489416964252,0
2026-11-02 11:00:00,28.97805148660655,20.362588918630877,63.38614358711242,5.125387976123865,184.15758079689962,52.11219272682865,332.9247064417984,2
2026-11-02 12:00:00,28.698278118768748,22.131872530260445,56.07857532862297,5.3660974263364745,177.84755885591366,43.735105430774475,296.59670399540613,0
2026-11-02 13:00:00,28.820651356384584,21.129067708734873,64.9606454174085,6.10925274552129,207.12044358468592,62.07221184953859,272.0333518175513,0
2026-11-02 14:00:00,26.84613571419721,22.374623931868705,61.070984237944614,6.005217169346325,202.353035215928,59.52043595199184,282.7543768615264,0
2026-11-02 15:00:00,26.787757059382216,22.50155118634865,58.998046438624954,6.110768741904076,208.37713262826054,42.6928910585823,335.94387668409854,0
2026-11-02 16:00:00,28.483691701913784,22.06570775416663,66.21789253444133,5.57049777983825,174.77561595320654,40.89434677876191,223.12272657995004,0
2026-11-02 17:00:00,23.75085402907358,22.601003097622833,64.96436213788623,6.595013664409347,197.87498277424234,41.37636044102651,311.23818040482126,0
2026-11-02 18:00:00,27.018956114466107,23.350278491923714,62.39743290587718,5.847219786675909,138.3290067813135,35.47253404031069,249.8953603511685,2
2026-11-02 19:00:00,23.574502549159167,22.281708843460372,57.01065150322711,5.313214969262592,204.35018952084098,62.33974448467163,241.30083663005186,0
2026-11-02 20:00:00,26.864639454392098,21.51544840008656,68.89518946184685,5.698740599982822,235.26321934867596,34.93587496941123,315.9370546646469,0
2026-11-02 21:00:00,23.65014106020652,20.152456669732736,72.12437333359772,5.318573241508467,157.25762271961457,53.6830431542744,239.67650979956025,0
2026-11-02 22:00:00,18.227826396128727,19.418659026182873,74.5538975460521,6.436376543421642,214.50284691942383,51.90543130908829,290.082988677013,0
2026-11-02 23:00:00,16.8907470278972,17.324251545711434,68.49319885974457,5.5358674948799536,181.6695694471831,41.95134021776434,255.4423431136094,0
2026-11-03 00:00:00,17.431194444511974,16.752392091258216,81.52941255825944,5.996993393897848,224.07503461080108,63.1004510366445,180.72253216414106,0
2026-11-03 01:00:00,17.79327813085358,16.325176264828748,71.71674931117175,5.611730742007127,204.75942353636836,29.409036789184718,294.108639204174,0
2026-11-03 02:00:00,12.542956413845975,15.757911071967756,79.0816850528819,5.553845076094994,212.14112337981322,44.2030869902111,280.0528509182716,0
2026-11-03 03:00:00,12.558956017944492,15.392446978781226,92.88947306026427,5.03589832748758,201.94471696266322,40.10959835059496,198.59677942340727,1
2026-11-03 04:00:00,15.004769965177358,14.889331774386898,74.87609382124101,6.0392698411962265,239.84995419153057,54.60593150270853,247.05641833844552,0
2026-11-03 05:00:00,17.924358906454962,14.834357973939463,78.60181912438655,6.319672501051674,210.42231433085308,48.53565864375168,202.72031533150783,0
2026-11-03 06:00:00,19.245310385761396,18.062115411297686,76.11608884749941,5.433612967453939,178.83728857992645,27.727048213335074,304.2675954918565,0
2026-11-03 07:00:00,21.79292386675813,16.897002693599728,72.19935232429066,5.181908354000531,202.9614515696301,57.394794437464526,330.51972810840385,2
2026-11-03 08:00:00,20.200453707452038,17.3305179807621,73.56945826383011,6.121326417095132,188.93356871101852,49.854617229245676,308.9796242018474,0
2026-11-03 09:00:00,20.33751752126433,17.778157021024803,73.87692178392881,5.1415034603575,204.87199719558768,34.64508138037069,314.56520627200365,2
2026-11-03 10:00:00,26.787021292953217,18.639024938444898,65.61527740315884,6.287813174379304,187.4069086289956,41.50320895213608,254.28678377332744,0
2026-11-03 11:00:00,25.707453058857983,19.930635705428518,65.29146453549012,5.438241950818152,179.69567793361057,32.001150850279174,296.87712044441497,0
2026-11-03 12:00:00,25.03444602990811,21.234263074869347,73.91508038466398,5.358682902870149,205.97816638245337,43.2916197438352,274.63725479431355,0
2026-11-03 13:00:00,28.979076402962548,20.324078689495728,55.06180551244855,5.899384968452517,201.6736888584966,46.50117967359823,282.41258064355276,0
2026-11-03 14:00:00,30.189763532328016,21.208589938838006,65.27957428128326,5.384744285995425,231.91867535137544,41.65352841366052,313.2972584181809,3
2026-11-03 15:00:00,28.57839508584156,22.35419739400511,66.21763739042788,5.517155567482716,187.5513236260156,40.495355001271456,322.01949682588946,0
2026-11-03 16:00:00,27.37540524721734,23.165711549422856,67.0415093099862,5.941592773068402,140.57438457514078,28.872596309488213,259.4097444144594,2
2026-11-03 17:00:00,26.710704120086973,22.672284787434794,69.93205219409627,4.828355065133342,189.0838760461006,48.37241461503208,218.69420754579806,2
2026-11-03 18:00:00,24.944125856398827,23.64659859601734,66.00405199597944,6.4569676983713284,151.20707723250268,25.755454031370473,267.5038186122857,0
2026-11-03 19:00:00,21.789662647807397,20.642509695149577,60.907534443496736,5.817456052986295,212.47015922289728,45.31079518237262,266.22906858744466,0
2026-11-03 20:00:00,20.927978984514354,20.398923624317305,70.92496192001035,5.282813595038588,149.78306214953636,27.00844175967539,286.38391520056626,2
2026-11-03 21:00:00,20.970186541803077,21.251349573202965,66.27980506171355,5.393101852285263,170.34886812757696,45.50504890486287,308.3198367385649,0
2026-11-03 22:00:00,18.98251781206475,19.104895459740117,69.96168257623198,6.196658551304321,189.1299662517541,44.93880995412251,198.4167213806377,0
2026-11-03 23:00:00,17.3023422406444,18.672597885830843,69.42509094206466,6.040421174029641,246.31851814283436,49.03344967678541,248.16345795234096,0
2026-11-04 00:00:00,14.44509945072886,18.64099755461557,76.6791563669062,6.354712262914084,167.81329652855248,53.622857168015926,236.44447242730237,0
2026-11-04 01:00:00,14.966264472773021,15.61652934093235,75.45736416275513,5.526902862078306,200.37214949439758,55.47588422250938,325.0357515476716,0
2026-11-04 02:00:00,11.734402430335718,15.45644691462862,70.43086793396162,5.918633534860321,217.39929730871776,28.8995740062407,266.6651642659045,0
2026-11-04 03:00:00,15.506234211804607,14.91835517409903,81.29362850224592,5.970627164713471,244.5218165966209,44.417939468669196,254.48465721752848,0
2026-11-04 04:00:00,18.081108735229282,13.43632559641338,85.80427880774927,6.0781070001008946,223.3338425516423,65.10940884560054,296.5320676978631,1
2026-11-04 05:00:00,14.839054333631008,14.887979251838951,81.62432076712425,6.250912449372827,232.81720854897395,46.19100568497707,251.2797459633591,0
2026-11-04 06:00:00,17.621108490023367,16.24074813476678,74.24005002930083,5.513094437662261,225.92921176554623,36.686518596986865,274.392208928126,0
2026-11-04 07:00:00,20.681926852347548,16.604044508703602,71.30795579880186,5.754331892895808,163.72631085811582,44.20298873560664,347.56284800448105,0
2026-11-04 08:00:00,23.879263951641224,17.495266535510407,65.63995391796465,5.555940101767942,210.7907631295114,41.163340596859385,346.45161295546575,0
2026-11-04 09:00:00,23.13939639126742,17.66431663507832,69.08293224981388,5.778955250657449,225.45982856516667,33.23541842867846,258.70462707748726,0
2026-11-04 10:00:00,24.461624506101156,18.475122211195487,66.86101012231244,6.0793731128251896,171.3049913097794,53.69104188207008,267.7055279136169,0
2026-11-04 11:00:00,23.99636275468171,21.05068071792898,63.39912254239049,5.138385799895719,182.6072036982793,50.84352558275362,250.23885997076778,2
2026-11-04 12:00:00,28.21733502045323,20.602146282913864,70.95363992019529,6.243748627783714,175.90423114618832,31.65490927887872,197.9653889983932,0
2026-11-04 13:00:00,31.824594844239094,22.063692755780764,50.77471500836423,5.3443271502945,223.178689579041,44.06725416183098,316.4475738038687,3
2026-11-04 14:00:00,29.416037692947015,22.594769359679784,64.69241248443481,5.677051872121107,197.92156639012603,39.33536350817877,371.85368466687055,1
2026-11-04 15:00:00,28.728062315247907,24.03307691816197,61.42033708511485,6.29757676998645,190.37462316994709,28.98407485475033,257.2620224939691,0
2026-11-04 16:00:00,28.54530129264155,23.77712988613789,71.64979752415887,5.931203887193362,161.54990250041038,30.851805425240144,242.32825090842914,0
2026-11-04 17:00:00,26.93310946238293,21.82749640862258,65.78459164138158,5.935811979305464,197.97817240418624,32.34040176199668,264.08612814639974,0
2026-11-04 18:00:00,24.280478441609805,21.514059081717722,65.46389818415199,5.327749581881956,182.97234935045753,44.41570246557203,278.4018419131434,0
2026-11-04 19:00:00,25.046653189234203,22.2915549792015,65.10548018074647,5.382365625670463,207.30018695792486,40.420469997966435,229.57879559172477,0
2026-11-04 20:00:00,22.338642284667632,20.94852988209667,69.79316273099764,6.1765025586675675,165.71098404063648,35.40812037904087,256.66086156063477,0
2026-11-04 21:00:00,20.21468656218284,19.67113875324707,66.42842265039859,5.564342581806244,205.33718778518602,41.081169703790486,315.5958901575207,0
2026-11-04 22:00:00,17.036950959082624,19.812502307195576,72.1213112235113,5.60203525068006,186.83147688503539,52.47534971845477,280.0952253786909,0
2026-11-04 23:00:00,19.00551442959631,18.114691325261045,64.66866283852514,6.185580500421884,162.5210922279456,48.56696097272056,325.8154411251592,0
2026-11-05 00:00:00,16.934876291508594,17.041965909511553,71.46326395831922,5.380034581852189,160.1814788636556,55.01868807621903,289.59071411446007,0
2026-11-05 01:00:00,14.40913795992557,16.795435787857848,79.57856685639156,5.907694053154503,164.68938835931917,42.71687135280751,231.44330924908326,0
2026-11-05 02:00:00,16.502737280522904,15.235811188907393,78.09759050979513,5.817162930467076,193.80802827678374,61.02557190681644,251.95944093120963,0
2026-11-05 03:00:00,14.492162958398712,16.39111188322177,69.11275597493953,5.798925709654703,203.629863030905,48.48079883698492,284.93648254217925,0
2026-11-05 04:00:00,14.764816934742376,14.369561901413594,77.99616116308815,5.592625747248999,208.09470897131544,40.110825766586096,230.0964289615557,0
2026-11-05 05:00:00,15.910697855473735,15.661839947917398,80.12421232754217,5.568057927414668,209.22658753185343,45.92951809690369,224.90721068357573,0
2026-11-05 06:00:00,15.843397170367863,16.682964655790123,76.57336242867738,5.368654334482054,177.244302170624,32.51924047410183,227.31197786537098,0
2026-11-05 07:00:00,20.895580254909664,15.06973648383613,68.1563604652194,5.9930660104165225,231.75208724285528,41.93814863752231,295.63217551255264,0
2026-11-05 08:00:00,19.253282682492475,16.72533185931804,71.23525505576796,5.5327403233933055,186.73323421975542,49.299742302266075,260.3503993830985,0
2026-11-05 09:00:00,21.969067568819003,18.878489733898363,67.33330214253108,6.187497848466901,213.50449280179197,51.11669508098589,322.2976652437179,0
2026-11-05 10:00:00,22.3866179863822,19.92579563818482,66.35240562080108,5.710177983363739,195.0753369951855,40.89837777168803,239.14318468213452,0
2026-11-05 11:00:00,26.820642929119494,19.89807970009949,65.08434611128085,5.376619804231584,211.26863695109125,72.33890427522635,176.70398928184608,0
2026-11-05 12:00:00,27.836697136083263,20.412263125058512,74.53440457537734,5.704874447140631,193.5701580156526,43.27792256844711,269.7717952478714,0
2026-11-05 13:00:00,28.27143646424393,22.5931757826108,58.75577665838137,5.63565712034541,211.809046297237,28.216059578568466,340.9022012157528,0
2026-11-05 14:00:00,27.436133457994135,23.410940897203037,61.885926687099904,6.2036413646912205,199.7783339035903,57.13267192008498,276.38277667794426,0
2026-11-05 15:00:00,27.003130153868515,21.931972626346358,63.73775411848162,5.652399924299387,224.41521711952066,51.07127303849677,220.11627027468523,0
2026-11-05 16:00:00,28.758732621810935,22.036869080826897,58.45274868203541,5.6895158475198695,175.43944870366406,47.3168882095525,210.02893615173016,0
2026-11-05 17:00:00,26.1239195707431,23.043908650743155,70.5424755327254,6.364618682196974,146.90325992328263,40.35079108908222,322.91607655693963,2
2026-11-05 18:00:00,25.974537482304218,22.967590121880868,53.37612815470274,6.0033069285853395,170.7992774169771,48.93346516026441,242.70252914232356,2
2026-11-05 19:00:00,22.48386028653131,21.589171856562146,66.76407180426904,6.4650824064013985,232.067552457141,61.19016245997631,336.6718131062612,0
2026-11-05 20:00:00,22.271594114156624,21.543435055985878,73.76565574461186,6.303618001625562,195.3632354033678,47.01632937340146,301.1637379540513,0
2026-11-05 21:00:00,22.14318374025645,19.467166894940178,68.35770796974909,5.445134964654858,202.76186886639687,30.29966413189074,244.2172514238126,0
2026-11-05 22:00:00,19.379248700589176,17.308245120741013,69.04070676504153,6.195980341760043,168.39090157860838,10.466459168122334,321.6854737724656,0
2026-11-05 23:00:00,16.43163180436945,17.62560296172384,78.88582560695048,6.410121316829836,201.96661175450836,48.84559560638385,238.04411386946924,0
2026-11-06 00:00:00,16.32362062904282,17.05058571721048,81.34337142213437,6.413125252929368,169.3156206778191,35.14086458739892,217.10651550220007,0
2026-11-06 01:00:00,14.877521454181203,15.950900907336644,79.60015148105785,6.1952383934306745,173.72656174841734,44.00287282604196,240.33018426622218,0
2026-11-06 02:00:00,15.011820277042093,14.609015773934656,74.37971386848508,6.18700919796367,187.9254895152836,36.90922376986601,305.74946606360874,0
2026-11-06 03:00:00,14.750102637753766,13.683777514140672,80.9808934304542,5.67893558252978,213.35291773526436,36.19091015803402,320.51867956005344,0
2026-11-06 04:00:00,15.691319364680844,14.588728956505681,75.56017026100903,5.46504716626017,216.5554274192753,37.347258667137325,259.1589094852835,0
2026-11-06 05:00:00,17.36839256130543,15.854421312163522,79.28386333590261,5.659113072441017,217.3713469381351,38.25124640083434,200.26754755443417,0
2026-11-06 06:00:00,17.009961950627073,16.540856336393194,83.40434008353047,5.134084399426895,152.35747654866879,52.762359884828356,212.72934155487775,2
2026-11-06 07:00:00,18.664448443797387,17.121743582564573,60.97477808900047,6.337118126168682,199.80006498829215,50.73643793136585,232.29417712562548,0
2026-11-06 08:00:00,19.917186169253185,16.347272371881157,73.05471396287435,5.686682816232915,194.0965449985179,32.920111771888266,223.24012482999504,0
2026-11-06 09:00:00,21.411326658962082,17.041758760685624,62.02773832450737,6.316532291625983,154.03452751755634,34.282652736329915,285.61721504258264,0
2026-11-06 10:00:00,23.67407596166928,19.397307691983915,80.20005177264572,5.30740016911136,200.47951300166596,48.791219044693726,352.52463378897806,1
2026-11-06 11:00:00,27.18894122851203,20.543356189688424,61.43264785680461,6.233049968400884,192.48718347689717,55.525023654355216,306.8310629610235,0
2026-11-06 12:00:00,26.722996553253243,21.320135684160398,68.06427034522297,5.602047736728272,215.34577016353663,55.371413599141256,229.87076620037044,0
2026-11-06 13:00:00,29.53190248037012,20.21717650535598,60.78513272558138,5.28625223667633,202.43741228719406,34.97091159219768,247.22496937333779,0
2026-11-06 14:00:00,29.05207062312884,21.77059394723098,57.52209234865009,6.450847220863903,183.52038409150242,54.89311431900225,255.0283728280477,0
2026-11-06 15:00:00,25.808724463866398,22.83995227292749,60.81926540747319,6.242924667736309,227.77287351370933,27.2373036568115,290.56856667972346,0
2026-11-06 16:00:00,29.04464120282361,23.389774555704342,69.47482642211546,5.884716968074313,133.36299497674628,42.97115582989961,337.8501894340804,2
2026-11-06 17:00:00,28.1659454366934,23.477549195238264,67.38055577685948,5.813575154053985,198.0720461471117,49.87026442608653,256.30398482196586,0
2026-11-06 18:00:00,24.00920598774772,22.579504432963386,77.30687325159056,5.975804007527647,147.10247204024193,24.211949869583485,336.55109164272756,2
2026-11-06 19:00:00,24.442020630060135,22.09305416997678,67.34684191971634,5.877851431166964,172.6342018638164,65.92856924085461,359.1564383368891,1
2026-11-06 20:00:00,20.715252643886203,21.067892366688884,72.98129493356656,5.4830896183314115,215.7444110902805,58.26695182976616,261.003725348451,0
2026-11-06 21:00:00,20.334772249404857,20.58377167978487,70.66231547243774,5.635179092086031,161.77407558677592,51.47003972360589,259.9742151575477,0
2026-11-06 22:00:00,16.60325238956755,19.25029252119273,75.0406861169439,6.584287132815481,157.28846543888196,35.349717924350784,260.57522530435534,0
2026-11-06 23:00:00,14.360592852892305,18.01731394762775,73.95785391414239,6.868862697051205,271.45834950246876,44.31896375422867,277.4995994275155,1
2026-11-07 00:00:00,15.363596389089476,16.785304960690095,78.38373528771439,6.425067402092273,159.22132845739506,52.90420169763022,260.67283612872694,0
2026-11-07 01:00:00,15.052925796564267,16.236606015287794,74.3902560696919,5.991289576065049,249.5156270926392,33.77338433000186,310.3670984555722,0
2026-11-07 02:00:00,14.403480459578095,15.923571487933664,81.3253680593273,5.664900386919226,194.83393506262217,43.19525768761983,213.04674878428872,0
2026-11-07 03:00:00,13.462473378642683,15.350277005962177,81.09508304052983,5.480725642441214,184.25512635683074,54.10383849810982,253.61511618815553,0
2026-11-07 04:00:00,15.337973580312225,15.304661134676204,79.43284192200393,5.507087035827919,217.00359171764615,30.0540499822695,288.1669869228894,0
2026-11-07 05:00:00,17.454194660565268,16.210474183924674,83.8306161057728,5.578692936525296,240.09782226633496,48.32424711020455,309.80338028642046,0
2026-11-07 06:00:00,18.432660454816194,15.748029523059516,74.09221770539261,6.660465616570308,165.61796173675015,27.452303703788196,362.81140254722965,1
2026-11-07 07:00:00,20.462018230181172,15.652374058875282,75.62921313804974,6.522512918553039,184.6925063081441,35.56153244421347,223.43899089476236,0
2026-11-07 08:00:00,20.99482719931865,17.706885428795335,81.46375468124552,6.098511355974157,225.40609204052757,39.95407394323906,248.91830343250976,0
2026-11-07 09:00:00,25.569310187791885,16.871765149454784,72.24991312112498,5.41575472943487,208.63982937281,50.13555612718778,184.3437370709065,0
2026-11-07 10:00:00,23.73573999516783,18.13486929540857,73.68296049807282,6.157222370684415,233.05753491924148,37.99210897493796,230.60523970588542,0
2026-11-07 11:00:00,27.68108791393591,20.303953992186138,61.64925342567441,5.704553188595757,215.45335863295338,46.25548391329151,204.24298812263828,0
2026-11-07 12:00:00,29.83501446593101,21.413117334229263,61.746197918721776,4.938796224542351,254.24672027447446,38.12771862191767,254.14810419742685,1
2026-11-07 13:00:00,29.48284292314682,20.832386145942994,54.4292070320741,5.914840254960503,205.3576579650095,39.693832278848475,265.86537629433474,2
2026-11-07 14:00:00,28.696213659402755,22.157847630348353,64.45911561353877,5.463234783666378,206.65433444992885,57.50661507786149,293.77816959350247,0
2026-11-07 15:00:00,27.969035214029006,22.378836239380547,64.2094586312344,5.476778628363985,209.65164116047396,33.497718217577614,263.05601878720313,0
2026-11-07 16:00:00,29.616309303060458,22.610658941694723,60.97735446210836,5.699836802572797,195.72533444820326,52.59153973947185,293.79748321648617,0
2026-11-07 17:00:00,24.815285080413325,23.61858152617463,71.75763184471832,5.6006708108230345,225.44261476402772,44.98936114525018,279.56296668375774,0
2026-11-07 18:00:00,24.044813609430534,23.029305985975554,61.50734955656137,5.7862972723583965,207.11123671589078,39.244463110920094,233.66707176999267,0
2026-11-07 19:00:00,23.215396667480064,21.813129380863227,76.71583825482566,5.767067779993118,223.6454002743543,32.824771675898816,207.54905176636487,0
2026-11-07 20:00:00,23.856480636267996,20.56323045830806,72.28104667617983,5.049676362860947,228.3349956087248,33.53763692900909,298.34727999584265,2
2026-11-07 21:00:00,20.757918138343697,18.95555644423397,71.1373283357277,6.408111195553133,212.85364044680983,37.61354975242053,340.8601194005803,0
2026-11-07 22:00:00,17.047931362234632,20.13614795102556,75.19883442623147,5.406649310820528,215.0514897270259,43.49945592778858,376.4154004672806,1
2026-11-07 23:00:00,16.584790973616816,18.43841493981785,78.90130690790279,5.419040645947811,169.690106372104,51.035096361564015,312.41818804938487,0
2026-11-08 00:00:00,15.016337457364488,16.434664716741487,85.9846512114815,5.668578699283881,183.48939236540537,41.997607400776374,333.30060847776247,1
2026-11-08 01:00:00,14.17383572762622,16.747252473353722,79.89943572029858,5.756666061052282,225.30150358972193,42.666891481177814,293.4583881615574,0
2026-11-08 02:00:00,16.46833433783517,15.479719488402544,77.35815330449392,6.383591926732735,242.7089354545554,44.16009776677695,287.0803754236085,0
2026-11-08 03:00:00,13.180904522081264,14.906609090953854,80.67350696163183,5.907769380821961,141.7870932347492,49.767776914387284,279.4400409516611,2
2026-11-08 04:00:00,18.35099345711049,15.348169222631682,83.28892841497478,6.026586193643814,182.96410558245756,51.4480281919651,270.7676142391654,0
2026-11-08 05:00:00,18.2925970669711,14.543098094913548,72.60446800494955,5.909814475033312,200.7086180724395,31.13034524428152,299.28306221716537,0
2026-11-08 06:00:00,20.136292505905548,15.260893169254159,72.08891099981798,5.892584632999509,173.62176613757967,42.17925290256688,254.17611674541104,0
2026-11-08 07:00:00,19.493857416244467,16.268741726613445,80.32454937181161,5.923891801234803,175.3244106745495,57.274040173479214,269.10230193651233,0
2026-11-08 08:00:00,21.775088921381336,16.60043904569183,71.00494746240672,5.026906342972424,214.24759621381415,31.838800462800457,227.88134868142447,2
2026-11-08 09:00:00,21.66200559393058,18.499991987803938,76.09088758751092,5.700032606064188,247.441279075143,45.74312890448959,293.9970667625964,0
2026-11-08 10:00:00,24.713006389399794,20.49525320294261,62.18799204820546,6.2649044442284625,139.04529331033578,43.291559962032196,236.63609835413993,2
2026-11-08 11:00:00,27.690229739770558,19.43183767432437,62.14526170413276,7.376932404322674,194.8857155305491,39.333244100633884,276.3497996192085,0
2026-11-08 12:00:00,30.006272419163164,19.667899762956765,67.81464328920535,5.318276426984196,213.89841025371163,60.90782651043358,295.0196437456952,3
2026-11-08 13:00:00,27.1007455588198,20.227034990765183,60.497406750598515,5.969231984129741,223.40641916600725,45.36835808867875,298.43565725479255,0
2026-11-08 14:00:00,28.451741094522102,22.343727101941766,61.50141548772494,5.571581368850263,209.57382029207116,60.11145071944314,305.86034151261737,0
2026-11-08 15:00:00,28.534531953674694,22.33317163305533,63.44198781004776,6.61906076155874,252.84207649808346,45.0562720524441,266.4683389940778,1
2026-11-08 16:00:00,25.968494023202346,23.166288400853663,60.29203458219226,5.258486895683407,200.86719779977383,49.60255889317732,294.4425511755875,0
2026-11-08 17:00:00,27.836771330943435,22.969781442777155,60.92682380975839,6.049975796126351,239.35978371176293,39.22778491073019,255.53498947551185,0
2026-11-08 18:00:00,24.414014502386088,21.181528137846477,67.6663660062649,5.2371155601983235,180.60896988962094,39.339063247022466,196.16505147959106,0
2026-11-08 19:00:00,23.51864778895211,20.376520061161067,68.41103132406728,5.672573332775666,201.7394883976655,49.0934753024886,296.2123709496624,0
2026-11-08 20:00:00,21.322075942132184,21.236746592276877,77.21526897362706,5.786274667700076,163.61854772603448,49.27697457633591,286.93952427456566,0
2026-11-08 21:00:00,19.004258925702842,20.14361924818605,81.30217526331785,6.227876672695843,227.02593321646984,50.97987066591855,315.5329401159654,0
2026-11-08 22:00:00,18.489432521779168,18.659345601306757,69.93225661386043,5.369133269536588,196.3867141207647,48.76678286954576,273.98845148513595,0
2026-11-08 23:00:00,16.726838163842135,16.639008951484072,76.88413679922688,6.065353219538954,210.73463187559693,31.635790729959155,210.87346537130355,0
2026-11-09 00:00:00,15.38003535009093,17.377113010211993,81.3151991220147,5.807511089355178,190.5989410614478,36.93631323287585,271.3347686254311,0
2026-11-09 01:00:00,14.145826783456009,17.189092511592964,87.00674518884877,5.909117354514391,217.5928550497705,53.49942886148695,310.4632225895891,1
2026-11-09 02:00:00,15.479287006174433,15.758284337037383,81.41730707917633,6.1833330858740565,211.92301921567255,25.415346345966626,294.0413923518571,0
2026-11-09 03:00:00,17.71894511871495,14.458317582391675,76.59183286550372,5.286977322797885,170.16045710086382,47.92607241505603,269.13021708420655,0
2026-11-09 04:00:00,16.14765302276762,15.035641732456922,80.35552903259202,6.124237989259437,171.8969770225097,43.88119900930819,208.4576308834727,0
2026-11-09 05:00:00,18.54442985406086,14.04340543009678,77.51552834680827,5.57243805876423,199.16693808975944,53.495818674723594,233.9593218038431,0
2026-11-09 06:00:00,16.414667112269807,16.382266955933282,72.06382800385438,6.23834938199073,219.78721872219973,49.16621186070755,294.0895544740547,0
2026-11-09 07:00:00,20.424908843223008,16.23704834287744,72.85410335066373,5.933823053815152,255.88686659341542,38.36019720291538,208.39371391702883,1
2026-11-09 08:00:00,20.3539475215434,15.585474470597415,79.27106794509137,5.716188647393178,209.08972569997186,37.90649961698337,262.2702034097266,0
2026-11-09 09:00:00,21.596345924419794,17.72418433123497,69.44760104722623,5.563989612363671,230.22594207465622,39.77216527003081,276.5368871590569,0
2026-11-09 10:00:00,24.390942888811445,19.370641208187386,67.77810174616349,6.129317997742132,151.61447195707495,50.80063047370628,320.99748623360244,0
2026-11-09 11:00:00,28.737596469926192,19.768838083629664,60.70230198845846,6.3043806741923705,260.3886754830195,21.977863204447555,299.57962204522164,1
2026-11-09 12:00:00,29.48720156949554,20.77928342284786,49.446060638570984,5.586859383655926,218.17058633387578,46.57379444357061,313.51244931295855,2
2026-11-09 13:00:00,29.125987867105074,20.848905359108375,61.551765445647305,5.346797373687441,198.5118646652366,36.169654127726325,287.0741329613044,0
2026-11-09 14:00:00,26.700949160165102,22.91733440480308,65.86782066106625,6.07768441717809,195.05911857626225,46.90835297807257,241.1835607115403,0
2026-11-09 15:00:00,28.46705980694157,22.344927945140963,59.67706127726561,5.220587623186519,166.78400606423006,48.44497786503369,250.45358128365814,0
2026-11-09 16:00:00,28.514727839843676,21.274843698395973,56.409141847763955,5.277795024966811,175.36139612839486,28.376734170713128,237.69361443034884,0
2026-11-09 17:00:00,27.21305181267373,22.56669740861996,59.34130552588328,5.37491988978884,257.3130689640024,42.73133572999369,298.6312336770482,1
2026-11-09 18:00:00,22.73430962477888,23.249021387594034,72.93976653094316,5.6338198067845,170.32986685141964,46.555703568002464,247.2431112430977,0
2026-11-09 19:00:00,22.47625654368784,21.518883567466233,79.29111601280911,5.265467244313822,169.75196726400964,45.87950095275148,259.23998747886066,0
2026-11-09 20:00:00,21.903883353776926,22.390387988098816,77.02750667999486,5.024480036247368,178.93338541773264,43.77799046884035,275.8996495274739,2
2026-11-09 21:00:00,20.992703048558138,20.378450539248895,64.48702631757747,5.345822322265151,164.0545774111618,32.79112480185988,340.6524978632512,0
2026-11-09 22:00:00,15.20580826835008,19.271006529824295,82.42616663073342,6.056989778629047,200.4591972453653,34.31371969353458,301.2853563177292,0
2026-11-09 23:00:00,16.807066568474383,17.86200520685583,72.91570823878429,5.291382371149293,232.66731537995716,31.219526772461496,244.08586301595562,0
2026-11-10 00:00:00,16.15239532832736,16.945371033788568,74.10579029346329,5.663892128818332,181.68523021183898,50.54045570839754,281.07390628931574,0
2026-11-10 01:00:00,16.51293719875084,15.960833967158205,74.27459737164257,6.578679384946224,158.80027160717538,43.84429158193399,341.0524704198335,0
2026-11-10 02:00:00,16.039286376356156,15.294082871196224,80.68319109764977,5.780330347989164,208.7558393904396,44.48246760707287,299.60717313715764,0
2026-11-10 03:00:00,16.11237619418973,15.560990424497446,81.86141544921752,5.937012395891837,198.3267698696056,27.945065561551058,211.0699056200376,0
2026-11-10 04:00:00,14.737911413456029,14.251335016167548,78.22435094745383,5.421583992699379,230.08173650244873,44.66397202738795,238.39042285448943,0
2026-11-10 05:00:00,14.188249326009206,14.27558163186432,78.96874710374883,6.665389941480057,186.3647510209319,51.33637071982683,235.3225798998752,0
2026-11-10 06:00:00,17.9104208644079,14.637342344161944,77.22881367888948,5.583482204344628,192.19529661119975,26.581604254257208,332.6291930143987,0
2026-11-10 07:00:00,21.690714422095194,17.808096513395533,73.21111539110697,5.708758126219394,195.51408906370193,39.645937412550296,325.25124943454625,0
2026-11-10 08:00:00,24.090181791286646,17.424274321336465,73.37291038424867,6.3268234711869455,202.67012331660447,29.296508684551945,249.9985208885754,0
2026-11-10 09:00:00,24.877556969164324,18.208317580934033,60.12507175945682,5.727306302058552,188.2231496792723,40.79717925270113,249.13679120770684,0
2026-11-10 10:00:00,26.1440112342026,18.153988263765253,65.12732321797704,5.819155513070085,183.36067675861975,35.990081024290774,276.78767130649135,0
2026-11-10 11:00:00,27.519206940884782,20.533950020949945,58.036829791482376,5.6873246716843475,144.48866945354476,48.80908833641603,277.9867618437384,2
2026-11-10 12:00:00,27.227999706349898,20.90674292283734,63.47168895706311,5.690067048777109,183.0383837263965,46.69239563426392,236.50696282708012,0
2026-11-10 13:00:00,28.566390343693048,21.99976227765159,60.98945514916454,5.948200804331236,221.45669804245256,57.91504405634044,265.03477300405825,0
2026-11-10 14:00:00,31.503604288739496,21.68280536244691,58.36192758399909,6.021177275679242,225.50736558106658,44.459221506995064,216.8558692058716,3
2026-11-10 15:00:00,27.347643775335662,22.991918391090337,59.584113029044545,5.542700627514973,185.866609292261,48.38487802104273,325.8928281964414,0
2026-11-10 16:00:00,30.48434601255585,22.660933169434813,52.38233581889584,5.493567817541228,238.98457994545285,39.422925183515225,204.58677948673284,3
2026-11-10 17:00:00,26.466705236567748,22.251214379532126,54.16776608254418,5.556345564456975,199.13887784898935,33.969353487714216,204.14242312429008,2
2026-11-10 18:00:00,27.488148163642617,23.05138668378355,62.758321432304655,5.239498394320092,159.86460884552156,53.347624346900865,292.4015781804772,0
2026-11-10 19:00:00,21.70151080147134,20.59826087792219,68.2031815090697,5.163827896592281,150.4284783063723,57.432550535470796,225.52495048663783,2
2026-11-10 20:00:00,22.878856301746975,21.45182101145132,65.56568411388449,5.918866858889963,236.54773767859177,52.056556992382525,254.9614016746184,0
2026-11-10 21:00:00,19.08311148036092,20.58286508725248,80.1130085377252,6.175438321270045,188.8098882421678,46.31228123129532,277.52691444410465,0
2026-11-10 22:00:00,16.37709921211372,18.296285059559008,72.45029001148698,6.148418117258087,163.57806430782261,35.25906445514724,302.01203319467345,0
2026-11-10 23:00:00,17.37805359531059,17.308461050683942,82.63050609632131,4.847203490745336,132.22171485693394,56.41628173426946,266.156715282045,2
2026-11-11 00:00:00,17.45202985640288,16.82157945498688,83.57678289366282,5.701973965182695,188.1285166737457,50.79509315637012,346.16687189119176,0
2026-11-11 01:00:00,13.971107058086277,16.397201843623584,69.88016919634957,5.359163217762976,212.14252576989082,65.24878609329446,274.9824404536036,0
2026-11-11 02:00:00,12.751476059312399,15.413614391410864,81.56013602381996,5.8574949751283425,179.06926567861387,33.455760497600934,322.6317883303497,0
2026-11-11 03:00:00,15.100752069474089,15.48314666299723,76.28061506245115,5.632870592476247,168.40264519598387,53.6256650124738,286.1422312146597,0
2026-11-11 04:00:00,15.806669180343158,16.41038372202992,62.872977260001875,6.036764762497835,183.51872694179818,50.491065048747984,360.24839032029325,1
2026-11-11 05:00:00,17.872731973025914,14.730123279523957,67.72951536702683,5.792338763839464,237.29576057434568,41.57972799751944,317.33454015696753,0
2026-11-11 06:00:00,19.924391857046732,14.16375440829951,76.3654103070863,5.041599242032844,158.21055146974427,58.63834880203104,276.7387910189045,2
2026-11-11 07:00:00,20.099143912373613,16.832311741678332,82.37702356870798,5.413165650880184,180.7489690873245,49.02345148424548,300.15322867629925,0
2026-11-11 08:00:00,24.783254972191394,18.346651660742022,71.17348474686656,5.802314045930661,236.3227321885277,35.63106971538346,264.56736577876273,0
2026-11-11 09:00:00,24.148085432520585,18.278938510030816,69.04045984354019,5.836044171692435,214.8252886827126,43.8166098372559,264.1640064657953,0
2026-11-11 10:00:00,24.98036024098965,18.129801059717067,66.31690580265699,5.237729276918399,205.37383441336868,35.511411928968876,222.8635668785766,0
2026-11-11 11:00:00,24.53239642965159,19.936162289821922,75.37443885765866,5.185416118581551,180.54661593751254,40.31484284614486,242.66953590131484,2
2026-11-11 12:00:00,27.668188546016818,20.105181212630693,73.93936975456802,5.822498135029272,200.91514443501285,52.038261535397325,357.43885540622887,1
2026-11-11 13:00:00,28.256900365906773,22.34271151991655,59.557506163290945,5.238533077579789,183.86512794640097,54.89274045234216,226.83874514885682,0
2026-11-11 14:00:00,30.440457194422205,21.383069292979005,49.8715185651419,5.132548229399686,174.21841606787746,47.21212333789365,248.78029148865446,3
2026-11-11 15:00:00,29.455206220123756,22.623600275693715,50.562815219495484,5.621943794947463,167.5982757409478,37.499251234104676,271.2512529216359,2
2026-11-11 16:00:00,26.293124144042146,22.196529738964873,71.45765598794844,5.60462156346454,223.52286789117494,48.81608420395357,272.5836282098972,0
2026-11-11 17:00:00,27.20812904792239,22.965163053264245,63.514952438621194,5.44863980906428,198.18781603351593,52.23399637957637,290.34903278923844,0
2026-11-11 18:00:00,26.50729675759358,22.17102827342755,65.5074534431813,5.518505217310015,209.43541231408088,25.278882547602823,256.23517167543747,0
2026-11-11 19:00:00,26.103780354799394,21.969836807346404,56.12220860945716,5.805534289288958,204.5501955740421,46.16478775030917,292.8150546798535,0
2026-11-11 20:00:00,23.33125595112109,21.01788044397309,64.63654829471237,5.511934838528072,213.22756483425078,43.09810201600669,320.695417645869,0
2026-11-11 21:00:00,21.329536665749572,19.245948958230795,69.3271519315966,5.828278808665935,192.35843630042325,54.53711255409572,325.66529375926,0
2026-11-11 22:00:00,18.590128991922747,19.50150165082322,75.13103712651306,5.647812585553066,185.55027646836277,48.85689164861499,264.29952797452637,0
2026-11-11 23:00:00,17.632720539829343,17.925711298115424,73.247775157636,5.867060062154662,175.54159011826633,49.84351701472786,299.45373715611856,0
2026-11-12 00:00:00,17.812079524568166,16.20917679370728,69.83887357901148,6.151282226174658,157.5809259977866,40.18089033619038,229.15465511435247,0
2026-11-12 01:00:00,13.239353119757048,17.964314120218443,76.58994129327893,6.135699138156238,166.33900488131252,45.01651717132436,246.13135818910678,0
2026-11-12 02:00:00,14.475841009174566,15.917042518235945,85.07060721872669,6.315284188426433,189.03746836699335,54.436849698038884,228.0506640523783,1
2026-11-12 03:00:00,14.07966609284216,15.013688252124282,80.72832378660691,6.135258758758864,151.90881546693566,44.35120267029723,273.170212449614,0
2026-11-12 04:00:00,16.506551851598118,16.13216362136146,79.65292181286001,5.895423012616722,158.53142287591908,46.74669555731574,240.63122894560223,0
2026-11-12 05:00:00,18.895585795170348,16.609749182353013,69.23092799140893,5.626627344943942,231.26419677905534,29.64042701557934,214.17225764780824,0
2026-11-12 06:00:00,17.60453856991839,15.419618847011138,60.5054362890948,5.64489563087351,206.72538454561376,44.31459963672784,259.559791096754,0
2026-11-12 07:00:00,16.602810133078197,16.449490864401618,73.86110630588368,5.448889077425676,186.44489815389437,24.880000318938905,205.85664896876193,0
2026-11-12 08:00:00,21.381668882463295,16.209597745597648,66.40914456891656,5.801811716420623,268.1472337671368,39.838551306417436,328.0877241458457,1
2026-11-12 09:00:00,25.181943913743755,17.846969618975507,67.92672864664789,6.078954991484774,150.55250843860915,45.63515557726899,252.69907755026904,0
2026-11-12 10:00:00,26.306444854424818,18.840749956992106,81.26088474309942,5.509732958846792,229.26833829385467,52.6703079448457,314.41264294552514,0
2026-11-12 11:00:00,27.5920268400217,20.183137807307407,66.76539788006524,5.78511285653449,196.6560175166175,35.008400565480244,255.31730039860113,0
2026-11-12 12:00:00,27.64218787367935,21.266208382909607,76.90917534850222,5.529055108511292,223.55141068738436,48.73684143470102,227.20248696197598,0
2026-11-12 13:00:00,26.842934679693798,22.27628988380864,67.03232686106469,5.883741732075046,203.2686115181242,59.68493404362128,322.02095885423677,0
2026-11-12 14:00:00,29.7729414824367,22.654215740177722,57.523039033212385,5.5802466464200196,143.83264813264228,38.59256134284378,278.54814332430954,2
2026-11-12 15:00:00,27.51005806897154,21.895109203852943,65.12751070783857,5.504195771482379,202.86381402676486,29.529470782773426,350.47637143649183,1
2026-11-12 16:00:00,31.33832292656176,22.24922631540713,67.69720548551443,5.528013322027189,210.06667563918793,47.89839957057089,256.3390829506714,3
2026-11-12 17:00:00,27.805508280837607,22.426577209585336,72.18120304460106,6.001331509538226,134.24044104426758,33.08002993463707,257.2027880173427,2
2026-11-12 18:00:00,24.629027546169073,22.23830914159917,63.96848010438171,5.761300237867858,258.32144881405696,36.810014265264805,315.19163368876434,1
2026-11-12 19:00:00,22.894655444634704,22.66904655712388,70.19233194493485,5.628631307999986,209.33622782518316,54.23336941702486,315.4701060199618,0
2026-11-12 20:00:00,21.86058369007962,20.06964881051767,63.02096517354874,5.904561801018884,220.15963220409486,63.76899275376681,281.13721546058605,0
2026-11-12 21:00:00,19.82901380124973,19.74934414187352,76.72852656195747,5.6341935130129395,165.03411831271063,34.99309883658515,408.41072759232577,1
2026-11-12 22:00:00,20.175250663294932,19.76240759857124,79.95647269932554,6.250607157474281,220.71852566436854,37.62580259984587,263.77756830718596,0
2026-11-12 23:00:00,17.32987678631024,17.72482183999263,75.8031451270078,5.410453538522697,232.68513378689167,40.60131037591181,224.2214705212393,0
2026-11-13 00:00:00,14.840374565146137,17.368332519874258,75.254630250024,5.725211394873087,207.60704684413537,39.521919464745736,234.8977983767714,0
2026-11-13 01:00:00,18.074180243710195,16.059939240911486,76.51163846393558,5.238093911333199,199.71885324437707,64.33292513812034,264.0104204256309,0
2026-11-13 02:00:00,15.073962497280334,15.741324990722022,80.39854016007942,5.661250243243963,173.1923562530475,39.694321703122135,335.751000219666,0
2026-11-13 03:00:00,16.391778729929868,14.953518659796094,77.13558468333227,5.1281458009173475,193.51379246650023,41.12248085473871,267.5462455141328,2
2026-11-13 04:00:00,15.025482412341791,15.533652378182683,79.2629967268696,6.098526609023651,184.6391145722216,61.16177473174825,337.6420839346455,0
2026-11-13 05:00:00,17.59492597331095,13.900251568918579,74.41701457968001,6.106601506802232,217.15986912178053,50.76676311539301,292.377004615125,0
2026-11-13 06:00:00,18.966664986714793,15.24524877815141,78.61977665707427,6.1136680694897905,174.50372224647793,54.858992329492445,318.33477185442064,0
2026-11-13 07:00:00,17.353792746138126,16.408831016609255,79.25658593045989,5.811548992069787,216.9395216451067,35.93887126977609,290.48674506507217,0
2026-11-13 08:00:00,25.02291266569096,17.426956198404955,61.4569890654501,5.448051838115963,174.8304331181103,39.69820316824264,290.1699202648775,0
2026-11-13 09:00:00,25.747700007101468,19.15908591779298,60.44980697568527,5.47986374718562,192.12942337519945,34.6028164232104,305.108424044243,0
2026-11-13 10:00:00,24.90420702578102,18.68718026650754,65.24307948392996,6.412068822088209,218.4813319103845,53.012615460358155,252.33166071657018,0
2026-11-13 11:00:00,25.29634285762205,21.218861589898783,69.72857419137944,6.374270841519919,178.8860984004187,57.252432077834435,252.7714582181005,0
2026-11-13 12:00:00,28.583520247196397,20.472780938672262,62.8400627728184,5.849022062780309,219.51609466932806,39.00225630818487,288.9818794465838,0
2026-11-13 13:00:00,28.89152733314507,22.891344253981906,58.51441514961264,5.593746386367869,216.58982473014106,41.35758677095724,352.6444590202409,1
2026-11-13 14:00:00,29.533503422844845,23.11807531649645,62.267388876215335,6.3474493690794045,191.8714797986917,41.79509934961342,213.36987098932082,0
2026-11-13 15:00:00,29.04884687831461,22.132936441450497,59.88733114841111,5.522198735446076,234.8534960406737,29.527760067218242,193.8325752223989,0
2026-11-13 16:00:00,28.821539310449964,23.245631389801456,66.2165851285807,5.891539683238363,202.33353025931342,38.26177922240346,264.45024655085547,0
2026-11-13 17:00:00,29.120706017393545,22.82271463673052,63.12044495446298,6.340782922159383,233.0682957975605,52.73266214763601,316.23388321974977,0
2026-11-13 18:00:00,26.35215480769297,22.964569290077755,63.201023293507724,5.4654646001341485,253.80394774631537,36.24581495554906,277.05504342720724,1
2026-11-13 19:00:00,22.237250067352733,21.649809853999542,70.87289377940903,6.131689434254845,192.76096934896066,45.92981862204988,228.2268061273982,0
2026-11-13 20:00:00,24.04384427906868,20.754203019470616,74.1226271627386,6.008224318337548,219.3486495208219,31.919810255358435,278.1637398746555,0
2026-11-13 21:00:00,22.649188529514785,21.130551846620364,66.37282338185037,5.784193383107375,180.87296224031374,43.55999088871132,205.68107148467362,0
2026-11-13 22:00:00,23.228085101768126,18.92102328443546,70.53958278611405,5.402626560346754,169.01556771475407,39.36678845413992,300.156682434967,0
2026-11-13 23:00:00,15.365011481834774,18.62586167894333,77.60968451946829,5.51022409595869,194.13621027840713,32.78328516216233,262.6356793418763,0
2026-11-14 00:00:00,16.30214519323434,16.81971881196464,78.97234418742929,5.915780429140264,159.12199160751612,52.90386096155112,271.7187000181828,0
2026-11-14 01:00:00,12.11537116119304,17.504903482635825,78.58872989858969,5.230665282047445,171.8717666105807,53.466273612010184,292.0874188204457,0
2026-11-14 02:00:00,15.829723734568814,14.99323068139385,77.9560086843143,5.8522975436073,217.74297797963203,35.30461287764025,283.22755669504437,0
2026-11-14 03:00:00,14.416218768726363,14.64498186984598,84.63965388961236,6.016420393624665,184.59052953653486,42.838165358062724,253.34961705075554,0
2026-11-14 04:00:00,18.82299086574636,16.219613744892722,69.12737605487384,6.19408806912364,221.31542261365584,45.44318683072449,316.34451350585886,0
2026-11-14 05:00:00,15.888330076666293,14.780339582127525,70.68697839137505,5.240657170215911,208.9823581405246,26.852382128721505,306.8773025855621,0
2026-11-14 06:00:00,15.966225443049108,16.81675782979376,70.78325164590625,6.326498918864509,255.53462186057345,31.029072736059682,204.0286323110294,1
2026-11-14 07:00:00,19.481371073228573,16.885045338929658,67.16904206112477,6.478145397671974,215.73011856728138,57.86284436366781,265.7902931410961,0
2026-11-14 08:00:00,19.036768343174295,16.876280234751334,76.53249442765417,5.964060627085438,233.42654210837944,34.34873103497429,231.78852825214892,0
2026-11-14 09:00:00,24.93838249747861,16.51408904197619,59.444642573698346,5.384780567430136,212.0565398938264,57.581831082516956,224.2776760321831,0
2026-11-14 10:00:00,22.40237543061552,18.984545356582533,68.02767275954372,5.668756284655903,209.34180503234217,31.54586325616669,296.4053449404648,0
2026-11-14 11:00:00,26.992433840080572,20.116580223236824,67.10052590845686,5.780961101952597,234.94199126339944,51.58827777140403,258.2295487733904,0
2026-11-14 12:00:00,24.945460096706775,21.933774186643497,68.54874318669484,5.908185403492222,220.06392397595795,41.88696892489665,269.2891340421436,0
2026-11-14 13:00:00,28.281034077218514,23.09918486573828,60.534964207525356,5.8087926210574405,206.30190838872284,43.29233730845633,248.2126026489176,0
2026-11-14 14:00:00,31.4650672337068,21.916111871822757,59.59653797832737,5.912466057157847,206.16963997789153,63.55935913533964,289.8070181127931,3
2026-11-14 15:00:00,29.302452621177167,23.50464871634682,61.77278350327524,5.763701297064351,216.14687935491247,32.45813365681318,302.13387541276126,0
2026-11-14 16:00:00,26.76693741904367,23.61232172481068,63.15847031940666,5.906042837804897,179.85879441620347,50.94798196261071,361.81019451905297,1
2026-11-14 17:00:00,26.902942234897207,23.72243346708463,63.06229572485045,5.615790631535474,178.58601601583905,50.53489663557822,267.76102942007395,0
2026-11-14 18:00:00,25.52702530806667,22.86305354484619,76.9447068041048,5.664725313207012,242.76217797118795,78.54573389166377,217.06330100897952,0
2026-11-14 19:00:00,24.520678834482755,20.274428971976775,71.0217399182772,5.5695899318093325,255.93240991579992,34.22869179768114,254.84425238273928,1
2026-11-14 20:00:00,19.94971245507876,20.87566205397779,84.8635996414662,6.566903813801629,172.13352624769502,38.740152064965635,308.8823968552663,0
2026-11-14 21:00:00,21.07711759505335,19.11071012047655,68.62264322133348,6.385560314469729,179.93016702680887,53.15922285832554,244.09419239478768,0
2026-11-14 22:00:00,14.443412552595838,18.837915381665542,78.64307195244426,6.022117676005446,234.27568458512434,42.997361407981366,215.71489602180077,0
2026-11-14 23:00:00,16.105425703148455,18.748727208497034,70.41286032983862,6.330123598907095,216.0055997942719,40.369490432682504,244.9272925484772,0
2026-11-15 00:00:00,15.205411409831612,17.244120668699978,74.10567229775421,6.119384535591153,220.29284315962767,54.575114883231656,253.66536329002741,0
2026-11-15 01:00:00,16.18850945508338,17.090045568371753,86.48335439721245,5.872508463805622,226.8980388455917,42.33431563696279,231.69321808141376,1
2026-11-15 02:00:00,15.033946279015304,15.809301521433076,75.74909301597286,5.197771463592126,192.77803514767774,36.081409296185825,283.6990605646575,2
2026-11-15 03:00:00,13.130174635192091,14.097635943108605,90.24019693849179,5.695134431949944,209.8990977497056,52.262101547619814,271.8391087517312,1
2026-11-15 04:00:00,14.460332484783407,12.983322394741812,72.83078971486046,5.665984843192659,207.56576452094276,48.75288008027861,306.5882096327519,0
2026-11-15 05:00:00,17.348272546015277,15.2553437041874,70.31472777441529,5.346769930763137,174.24525199263618,41.87153404394024,257.1656066029764,0
2026-11-15 06:00:00,18.381398987203166,15.364757211781313,72.6361651102391,5.205535090157353,209.45272829647112,41.396984812399786,297.3225907427401,0
2026-11-15 07:00:00,19.319580519828733,15.390016283748302,72.89775376780963,5.99708773862681,237.13132088449004,35.85093395059437,255.30916823905338,0
2026-11-15 08:00:00,21.278749315732032,15.639498200278897,75.4809372833722,5.929801728948325,189.97600283469916,52.25096855115342,229.81550552765057,0
2026-11-15 09:00:00,24.85598531145658,17.37692924881175,68.82666971218343,5.333041207972955,204.57707746222803,41.39892182745625,253.27923459016267,0
2026-11-15 10:00:00,24.723461140696177,18.84440681210818,64.65027034444445,5.5016485974255245,206.20126748032567,37.3015409642633,210.2693124379881,0
2026-11-15 11:00:00,26.817610602262224,20.567978439375196,63.55228824469479,6.264488909261665,191.4600634869419,32.14444832808145,346.5286255993192,0
2026-11-15 12:00:00,31.317082708611885,21.150904865254383,57.224186150742234,5.448921394593375,220.30703713083074,48.92154357908836,280.69998991144007,3
2026-11-15 13:00:00,26.625956828697593,23.114880922484375,59.875583128934245,5.868319561573521,179.59803106235037,39.914170210870026,243.18372438678148,0
2026-11-15 14:00:00,26.222235902638012,21.635618370301437,60.49350223382628,5.724088680172807,239.97936556087802,24.873246860109287,259.8942335087176,0
2026-11-15 15:00:00,29.936865281221387,23.56855041880222,65.61518111970139,6.002545388424825,218.78616684896735,32.967312103559536,176.9814406703972,0
2026-11-15 16:00:00,27.044213234549918,23.037838994502984,54.80611947890439,5.457556938937428,171.89694197981316,42.66403064341017,332.3741290028727,2
2026-11-15 17:00:00,26.472391176691904,23.41943860445114,72.719924075195,5.836033391016042,250.94029054658762,42.94462335082832,328.46192176856937,1
2026-11-15 18:00:00,24.328265432803327,22.11488972452532,65.49111035262484,5.8674890309383505,205.04304383784788,42.564577496293495,279.30167616640387,0
2026-11-15 19:00:00,23.422033104566378,22.685771423858665,64.43101724255955,5.892072322491687,178.31157448294846,41.172438884324386,287.77849184253625,0
2026-11-15 20:00:00,24.39780716814451,21.236179806676194,70.82142785171294,5.831629543185045,233.13663574973575,30.241462772635888,224.2929289229736,0
2026-11-15 21:00:00,21.391459372209532,19.491720192475885,78.15633167408414,5.9378437282376435,214.84014558344074,36.25451475850949,227.2012041895793,0
2026-11-15 22:00:00,19.793335267830464,18.99038077686945,78.23615988662323,6.676708132820324,146.84120887297885,56.837769864841015,207.10815403249072,2
2026-11-15 23:00:00,14.9259119480052,17.773079132440238,80.99816590919322,6.824519110708442,184.23019048268438,55.36228126853066,268.55727656905634,0
2026-11-16 00:00:00,14.211091568679624,17.391342680510235,84.78100756619362,5.544313543685311,208.3729201166463,50.779517823440514,317.44141619463727,0
2026-11-16 01:00:00,10.979901226748382,15.227751475754202,74.6416306421826,4.8727028078590005,135.21299967072025,49.895026040406684,259.6714148519062,2
2026-11-16 02:00:00,13.785928768375868,15.51241702316969,77.24773277050822,6.038198120288789,202.5521025616218,54.04755908065491,288.90783320710466,0
2026-11-16 03:00:00,16.67357399555501,15.452542496963192,71.83586090520977,5.874500983960506,204.7393811811578,33.792052625078995,314.15335579574264,0
2026-11-16 04:00:00,16.713241947131486,15.026418645754427,82.46730331951808,6.224416743673432,164.49524352872533,45.32928366756949,210.0359728808785,0
2026-11-16 05:00:00,16.71798263726598,16.213849690354923,74.4210307406614,5.913954359886127,208.1193465877989,33.7973284935304,348.82261701517103,0
2026-11-16 06:00:00,18.46654957442292,16.155116604119087,78.46717329460277,5.823441575810287,200.223915173751,33.97085530234727,321.2928154972507,0
2026-11-16 07:00:00,19.154938370419245,16.16558823786121,76.0933586679401,6.251562638350889,164.26117682344955,48.680649377469415,295.55570871041704,0
2026-11-16 08:00:00,22.307138323602675,17.173351277998137,65.31989933085838,6.307512235365537,227.58681640588475,54.46750439135875,311.9637812214429,0
2026-11-16 09:00:00,24.96055073493857,18.201256260775516,63.51254806819229,5.2453759764876,225.13561384303415,43.06150865577462,313.84305213100276,0
2026-11-16 10:00:00,23.076169818884292,19.32263968333346,75.17768467141248,5.473357525144166,191.30788739442917,61.49000432209502,286.7055954635925,0
2026-11-16 11:00:00,27.399219000061855,18.574749783878396,59.64352395650371,5.7577628162845285,194.0425602982453,47.11784327045537,332.13111811570275,0
2026-11-16 12:00:00,29.46083013292307,20.758778963384522,61.67134189146971,5.839375049569833,221.78791812786037,37.23214467583489,256.89358605530185,0
2026-11-16 13:00:00,28.13883035057842,20.64087587019145,58.720697147673675,5.7096067186591,193.98010570664582,34.13271448126328,293.47244820781594,0
2026-11-16 14:00:00,30.051050918180877,23.48672637310534,58.768977963603646,5.973682871144754,142.07275398439538,55.18131484184716,327.8657120500024,3
2026-11-16 15:00:00,32.983462450732304,22.815023689153932,56.589035339271376,6.19844191572684,214.6080967219978,46.284591157398154,167.35200975763155,3
2026-11-16 16:00:00,27.905663637010736,22.845327240256303,58.99887108409966,6.489083884288291,175.60222037784476,51.76047378169482,292.5185338389663,0
2026-11-16 17:00:00,27.53970804331382,23.581141170782864,58.550115578104005,6.03156520950916,188.3047083674722,18.420367395467583,303.9841991377342,0
2026-11-16 18:00:00,24.392914374507914,22.801961453097654,68.5598694344777,5.459066528618756,243.73611703854428,47.44672034346938,206.6623453646223,0
2026-11-16 19:00:00,24.08361005962072,20.925519513242826,63.27598088449926,5.741049509920873,195.98064577973605,39.88225811503763,286.2728034406633,0
2026-11-16 20:00:00,22.690407437473457,20.943275709978106,65.11822329653847,5.769859103496177,200.0520480762162,31.062404640831357,243.25176078561444,0
2026-11-16 21:00:00,20.48053019468756,19.767142601828976,67.12809804786507,6.005856095992463,215.29001826390794,44.373176570515746,290.87225126364945,0
2026-11-16 22:00:00,16.970457020436715,17.604373689115157,75.64591134381935,5.955267213373577,215.16001831622097,55.91813533654456,271.20002814356997,0
2026-11-16 23:00:00,17.359795188682345,17.412502833000154,80.28675394558039,6.620158660444604,172.4240669786665,67.66228286419718,237.14687323318827,0
2026-11-17 00:00:00,18.131116081585382,16.853167742386827,82.17530388365887,5.615394745898037,198.19104453396878,47.4215240732251,319.38654654405804,0
2026-11-17 01:00:00,15.911472862748314,16.079612130060333,73.67664213473313,5.953900213506721,201.08457583777482,37.90853410038478,258.26539904041977,0
2026-11-17 02:00:00,16.442980783607762,14.350113245920397,87.41997702632675,6.741884559097636,208.16080689886482,37.30497443481533,285.7985517608633,1
2026-11-17 03:00:00,14.883001260957581,16.057629161281707,73.51687418331693,5.56591724123856,208.6766582274986,54.63132362065199,327.56190493936396,0
2026-11-17 04:00:00,17.062672532644495,14.91831755288685,81.34253557746595,5.858059478468142,277.6232368633237,35.03125880847108,238.33222022467274,1
2026-11-17 05:00:00,17.469154289018956,15.166339156172178,71.82853258310004,5.422047799550394,164.72420688238265,51.224273795277625,275.3219699189131,0
2026-11-17 06:00:00,17.07363390546915,15.856411695534115,71.55702296408697,5.832834759850972,229.40274860593868,47.93681189959618,255.1869141982664,0
2026-11-17 07:00:00,20.666048191480666,15.541111872130871,67.87696138630126,5.4879131407449435,235.50127417499178,46.831013918828795,264.11281421849105,0
2026-11-17 08:00:00,20.512455004839534,17.36508477850616,71.52281549594697,6.218720361396539,214.78351921770582,29.318814101192075,361.2434083162583,1
2026-11-17 09:00:00,22.862412903390457,17.67106410277537,71.86496537109952,5.858927543612558,180.49053815380776,41.43041797773675,293.2710353628112,0
2026-11-17 10:00:00,25.78399246093856,18.282731567482248,68.80854923639784,5.425841096007082,249.94004090802878,30.418422086423874,287.5437070648882,0
2026-11-17 11:00:00,27.395613878376018,20.494034175094402,58.80533826920934,6.136227079116669,134.24051405779406,39.11752598683234,295.9634933572584,2
2026-11-17 12:00:00,26.278329128875377,22.193339087041448,59.91770860779321,5.871866415548634,179.5019990834652,54.17138661520512,292.2103851032986,0
2026-11-17 13:00:00,30.34245944079779,22.408290623534857,55.40585520422492,6.1811275108893815,235.15046591668434,57.310579033555655,201.96745844059268,3
2026-11-17 14:00:00,29.85800941745071,23.2024836672501,60.013616687131595,5.3409349488209,188.89665189732446,47.13948649490885,366.8704328208883,1
2026-11-17 15:00:00,27.70438813060715,22.447198819906436,62.103956222317045,5.947529764899464,247.89393574400557,39.29659487566015,216.4252189944542,0
2026-11-17 16:00:00,25.75580063181731,21.721904216665234,60.74216193147026,6.1093366778578835,154.645857659648,60.88099332360418,344.3037706410513,0
2026-11-17 17:00:00,26.732390599683686,24.055813322836148,65.6691497506958,5.630649003905705,166.63694318155976,39.1640936624382,299.72061460089003,0
2026-11-17 18:00:00,24.83108442920826,24.107713526661563,77.91554272662668,5.29639890921274,184.05085489619074,33.64313508190996,282.23116072537886,0
2026-11-17 19:00:00,23.98144400129718,23.062672543761938,65.09868988926762,5.783357001851842,212.52197832609588,51.964829679167835,262.78060095693434,0
2026-11-17 20:00:00,21.45532500826665,20.7313712488162,68.48605088406235,6.2912461175123715,193.3393954885993,49.57734042569707,379.2064220437319,1
2026-11-17 21:00:00,17.17708139316484,19.111568709427008,78.58581017982404,6.250372132253623,185.28802242312736,39.57424089074159,299.17958240697703,0
2026-11-17 22:00:00,17.91747959254826,18.147453841744348,72.10494303025811,5.628628626097769,242.61189293295573,46.00225229569567,275.707522596736,0
2026-11-17 23:00:00,16.5918238650917,16.617737765498678,79.83463377048088,5.2867658254494225,245.40334926167452,49.42159988851773,253.58949181958639,0
2026-11-18 00:00:00,16.888313710670015,16.914097105271964,72.54131001330077,5.627528111860171,187.56860702877333,47.03678841051816,248.7940692501166,0
2026-11-18 01:00:00,14.191219704059947,17.456115241719772,88.53113439301457,5.6126089397072345,148.70696578011012,49.58938954964581,277.0244338868886,1
2026-11-18 02:00:00,17.51801201005885,15.42256827936445,77.10226045089085,5.978578713321911,135.2754851243786,39.94285138440026,237.77587873355026,2
2026-11-18 03:00:00,12.371058389998886,15.378155015122347,78.45461518661777,5.7579993988383515,207.17870344341068,50.26245044239599,302.18604191778985,0
2026-11-18 04:00:00,17.904573420212866,16.100477571443367,71.9710533983982,5.498694315305143,219.67866866656394,45.17557837583282,249.17430531054652,0
2026-11-18 05:00:00,16.71377407537701,14.813020445377807,73.77447234600741,6.241705226904267,201.88993356735637,40.281894784636464,315.19822057783296,0
2026-11-18 06:00:00,19.789377308515334,17.164323550237924,79.51649556102596,5.856170346977933,197.87275678757726,42.54115237766725,314.30349525245146,0
2026-11-18 07:00:00,20.307968910370455,17.76524840125177,65.68668226954904,5.9741662610923765,175.86372155917752,44.02098164075582,272.7825728350323,0
2026-11-18 08:00:00,23.709333304038203,16.895110929055615,64.60909168285663,5.110005826347493,219.64939381741516,30.54621662938721,298.21208919419905,2
2026-11-18 09:00:00,23.23069036888843,17.502696408374547,65.71486877270675,4.8302940517210855,250.3455613669673,38.633407534300716,300.21455638107193,1
2026-11-18 10:00:00,23.85206936223328,19.55779043711225,67.69907693153537,5.224981687422236,133.4936696799333,45.64905515592786,216.50673563420798,2
2026-11-18 11:00:00,29.080503899212427,19.757256226394997,60.147846857711116,5.607782629757289,197.67496433636853,31.49008964611148,344.267719546145,0
2026-11-18 12:00:00,27.891956857667857,20.07475582634613,55.47351261384626,6.030542407045523,170.889549517592,38.800763381854196,264.7702514285138,0
2026-11-18 13:00:00,29.093818494459793,22.853418047564574,59.48830438867091,4.86310125183708,155.28602017838446,68.84644978371873,302.82294053662804,2
2026-11-18 14:00:00,30.852127871067193,23.43725952495942,58.87969313879453,6.437140825748795,166.10072387646753,33.70741635178806,303.94494044211297,3
2026-11-18 15:00:00,27.213547920881823,22.988112588167123,60.603253319542894,5.868226410708051,211.39018567053213,41.161860873495705,175.41851633858366,0
2026-11-18 16:00:00,28.955414172949958,21.989708197017457,65.08738043769837,6.344117997179964,212.148865927735,36.66282721471269,248.72283221002124,0
2026-11-18 17:00:00,26.0649053336115,21.880082304182366,69.71915574343444,5.445611967010349,243.808632835244,43.83129996046663,308.61475281704224,0
2026-11-18 18:00:00,25.301745966533442,22.549885045873076,65.6459713415129,6.001543973668996,200.26344641436384,36.8508165686502,277.4900983774081,0
2026-11-18 19:00:00,23.92015176379408,21.428530297142167,68.84852581770075,5.834078371988315,147.25335110391265,42.56756876707567,302.5587734535228,2
2026-11-18 20:00:00,19.749667207829596,20.727125654286713,61.89511936385813,6.127074525221822,192.85491372872085,37.81452964850107,278.69466245780734,0
2026-11-18 21:00:00,19.020011120051702,20.852846704458084,71.4704727951288,5.706483452960113,158.40862783352648,55.55127816369825,324.1752717521258,0
2026-11-18 22:00:00,20.526609338619707,19.586543453938045,76.79217725244592,5.9892860836030355,163.79612340733985,45.81637037719547,279.5613555377764,0
2026-11-18 23:00:00,18.379539314571364,19.067237963988006,72.22736990661797,6.24087812750848,217.41677175219485,34.9702734303678,331.96356387121904,0
2026-11-19 00:00:00,15.843862807518077,16.207501421298193,73.7010562490185,5.53952948244329,205.8254271678326,53.40796523832693,235.79885691151821,0
2026-11-19 01:00:00,15.603204403745861,15.89701962030444,89.06459934565962,5.89689769299586,217.62696786305992,35.41733383969887,269.8943972208422,1
2026-11-19 02:00:00,14.558636241545313,16.143083741230335,88.02502246112465,5.04485510511106,189.27521458184816,29.35919811088349,251.2640172567185,1
2026-11-19 03:00:00,17.273394294718496,15.49475936765404,78.0098014087486,6.081001207625343,223.71588690276067,44.96957512567192,290.5454425624906,0
2026-11-19 04:00:00,15.637293306817686,16.2259043060701,83.32980108921902,6.581865017384995,187.59791305129667,64.0726442433998,263.85328220469694,0
2026-11-19 05:00:00,17.398015669896438,15.472726059566982,64.39270410633388,5.302225580900521,233.5004849822674,26.723358710841126,265.81943251625455,0
2026-11-19 06:00:00,20.219045216213097,17.014385668146687,68.19938853740075,5.763447495828823,210.33916818414627,31.69012078430903,246.80934546999012,0
2026-11-19 07:00:00,19.022209457013496,16.603587116632323,71.22355928571804,6.152192520365645,193.7900938854615,52.52525663160844,256.57057932285824,0
2026-11-19 08:00:00,24.33818377674534,17.849733958070928,66.01427897357087,5.81256698938662,206.3627913252829,38.5767860038804,274.5889174433329,0
2026-11-19 09:00:00,21.51604120110258,17.705911862162353,68.13103045380709,5.86603982059729,199.46417897075247,51.11948567246543,194.1461939526731,0
2026-11-19 10:00:00,27.944463196669197,19.011429769507192,50.116512706415236,5.6436002233905445,247.8831954593877,36.62511093058053,182.92944575875293,2
2026-11-19 11:00:00,26.390734092377873,20.764031703481663,66.66124218268935,5.628739098764834,207.36312867736368,46.419621774091766,277.3658376922993,0
2026-11-19 12:00:00,27.698129704753146,22.290382536474443,65.88051499569926,5.7653223385658485,199.95161982816475,62.444739253854884,164.23293739065832,0
2026-11-19 13:00:00,25.92646552724906,22.411816684194793,73.29773532525104,5.816668568855742,192.84527428847602,33.05410352978129,267.27430892767717,0
2026-11-19 14:00:00,28.31780792393346,22.397564197590057,58.47708416740503,5.327423495369076,225.29552657735033,55.23760810137304,259.91344955235144,0
2026-11-19 15:00:00,27.20177098748315,23.96557132877895,59.407059026120706,5.773591205621588,221.23740017160515,51.79706796632087,296.6815147944349,0
2026-11-19 16:00:00,27.150708308430865,21.246417074976094,50.41922760006062,6.4274135754837305,191.78475109062114,30.10755748901091,248.11926483792283,2
2026-11-19 17:00:00,26.743781019622514,21.725915703950776,62.839628593498546,5.632346482564438,165.33075456131573,50.58900523741773,337.78059077167865,0
2026-11-19 18:00:00,26.936687421709358,23.009408994072466,68.58153399925963,5.305098006850149,172.9409558486494,45.72806128862606,308.9265149292174,0
2026-11-19 19:00:00,24.123138342818585,21.83971380974869,64.3933946776541,5.739433572805429,194.47512381373411,45.91094009913729,214.50823873393944,0
2026-11-19 20:00:00,22.461514980101672,21.484410920899332,80.16340611659624,5.514154875150282,240.4678251835725,48.365175664517025,263.6261457010263,0
2026-11-19 21:00:00,18.54498760101401,20.086802198355638,72.86304069983558,5.264663269871224,192.49470112259257,41.49634155584195,336.087405767355,0
2026-11-19 22:00:00,17.178868865595906,19.4567565556831,76.52031878272768,5.8556673846930485,182.17629170103305,45.700989589423976,247.09472378401864,0
2026-11-19 23:00:00,19.74834005922114,17.313201562795363,65.88647652602667,5.515887185139569,147.1784206025406,47.414524250402884,272.88430699898356,2
2026-11-20 00:00:00,14.835020621364059,17.45638886886375,80.03407698023953,5.55011433325869,245.4062430680689,52.46057938885529,331.1651030341911,0
2026-11-20 01:00:00,17.722831594062466,16.967104497819875,65.23600311286157,5.8613709521541555,217.0708443794438,29.728389666219186,253.37617535748888,0
2026-11-20 02:00:00,14.6354082016787,16.51233886800723,82.30599993305128,5.186730161855066,223.88029910017573,57.90885896491105,319.9191976033157,2
2026-11-20 03:00:00,15.241951120191779,16.747140130562688,81.73179953694692,5.10337213989955,228.85064155788126,33.44709656940787,238.60001589545524,2
2026-11-20 04:00:00,17.543369913853827,15.19527875480191,82.14441322505796,6.068348877800773,195.0580931372311,52.61628464146387,159.49544599415523,0
2026-11-20 05:00:00,18.958091164602152,15.35542556432147,68.55044700863897,5.027666559710367,202.53771901242607,45.794450992727796,324.1411726576251,2
2026-11-20 06:00:00,18.33378115958137,14.317360413523168,75.20227319998946,5.409328921877058,244.65805825855983,32.188436572013025,292.54940160229904,0
2026-11-20 07:00:00,19.605902104000045,15.746443754343069,75.69200027213246,5.080064185844625,205.3874266795741,50.28145469704005,295.1825710133786,2
2026-11-20 08:00:00,21.91611932721668,16.84553434079471,72.31206499899153,5.605545413260467,217.62575870191984,35.54593360804829,231.28148834778904,0
2026-11-20 09:00:00,24.318669608065825,18.804979461411,62.89110009464676,5.971223499060466,226.11652151601535,55.6879555515764,234.46589534012546,0
2026-11-20 10:00:00,26.836955530304632,18.511199100728298,52.235743915853746,5.844935179492951,219.2879399726793,37.89165161498756,321.0174607894456,2
2026-11-20 11:00:00,26.95609225679706,20.67234819620915,65.78749077626594,6.7567493557829135,196.1549248920052,30.050139023946226,284.72829229617054,0
2026-11-20 12:00:00,28.9905072735258,20.998702626429296,60.84889288021944,6.2347662471156005,198.98348471558242,60.33845105036295,270.30175770648964,0
2026-11-20 13:00:00,31.21902038242989,21.68669263265438,56.103822576276926,5.4275368599373595,223.32921313927827,46.81323671236909,283.83706648456655,3
2026-11-20 14:00:00,29.571964418397176,22.66321679044436,64.73336951650073,5.321177998069436,223.2800857980418,53.671911257613154,335.340221200492,0
2026-11-20 15:00:00,29.228960068030645,22.550778207354,61.10065022759106,6.8826751763902,235.04697797058384,36.485281212466326,303.9475290821028,0
2026-11-20 16:00:00,25.783811588855972,22.656770201525866,58.86345082953383,6.225028802293345,216.53290949929516,26.081894632917994,256.0141921045937,0
2026-11-20 17:00:00,23.00365226306224,21.49987458052418,59.138355838844205,6.035747842907829,217.89816840776166,61.75202424087777,218.86048555519793,0
2026-11-20 18:00:00,26.08256359384525,22.26573824927544,59.45610736171987,5.829940724886247,186.6129989964666,44.93573187821051,298.5221504731114,0
2026-11-20 19:00:00,23.669496968796338,21.44445260782721,79.96166511127834,5.909408626990007,182.56551466784296,49.913518941635466,238.04127957463083,0
2026-11-20 20:00:00,21.227825987627888,20.587215208520735,74.5404926845104,5.207170689807029,223.41892023054484,51.56595780598269,227.70492249524938,0
2026-11-20 21:00:00,20.55356199056187,20.368774630482115,72.67878732120082,5.862815668078707,182.77444795950873,41.646089469843105,327.6299674749627,0
2026-11-20 22:00:00,18.409394406204637,19.526905562232407,73.4004220766254,5.828492558983606,199.37896990649415,47.26229547615517,309.8962298703259,0
2026-11-20 23:00:00,18.74192290764502,18.15047942330378,72.6727278110888,5.4383444627594075,241.37069722913873,60.93952592505445,290.4274370672199,0
2026-11-21 00:00:00,16.066988475897396,17.79633215235958,82.9555937457186,5.584589418572609,236.61710877035267,44.675587711206695,225.46411756251,0
2026-11-21 01:00:00,14.118134288371271,16.6320224159181,77.00526014443732,6.406070557377422,209.0536649239155,54.42101316419575,346.5706424306833,0
2026-11-21 02:00:00,16.485249358438935,15.29985343301773,79.50230282329474,5.749930031882055,191.1158126049887,25.087530199693784,316.154732588634,0
2026-11-21 03:00:00,14.912822603557219,14.766011666272224,76.76247312427337,6.628468521013244,196.29863268969487,56.237606303192145,262.84857595750424,0
2026-11-21 04:00:00,16.72762719901739,15.250257789413476,86.02763052035445,5.103728225405046,226.02980423166844,29.779957019940262,254.38879767356536,1
2026-11-21 05:00:00,16.334136472404964,15.595310382765248,80.51047877100555,5.5911479255097,198.90502167661504,55.094088240335005,278.13958965235736,0
2026-11-21 06:00:00,17.525259671753844,16.654173830487444,81.59747246731351,5.181088579501232,183.25152820969208,48.90631220451271,255.86325333845394,2
2026-11-21 07:00:00,20.3145190295609,17.124511311205886,69.10052829108572,5.316231018443266,236.4732426922392,44.04079323926122,363.47415827140435,1
2026-11-21 08:00:00,22.019242965315527,16.566821594794266,75.26758900445847,5.468717717736281,205.44800417387845,44.004117787920705,259.5788650118054,0
2026-11-21 09:00:00,24.531473868767897,17.88311879548811,65.39934423050508,5.926123850708236,182.6823253702476,42.47268906642665,232.2846851383909,0
2026-11-21 10:00:00,25.097031370035385,19.536814243934217,66.83373647562179,5.906730468432155,214.36820566797894,36.79330480556437,338.5366343333231,0
2026-11-21 11:00:00,24.195207792650237,20.88967440285726,75.54098900191701,5.528283872148958,229.13655239577525,42.94023721369954,252.23752666851573,0
2026-11-21 12:00:00,27.413017001108486,21.751175574963835,58.29050431488772,4.908880177065367,169.7698080563672,67.08059077509088,306.45720432466914,2
2026-11-21 13:00:00,29.9522084847392,21.777324858481116,61.473588474839964,6.391077149212861,193.98638259941197,58.0230671078473,302.0155042434428,0
2026-11-21 14:00:00,28.55393588113534,21.46088349319494,64.32530323523122,5.685694113585457,192.59949897234765,36.28996821477566,272.65751797819786,0
2026-11-21 15:00:00,28.391905680251654,22.0645542041598,64.92973508770207,5.353483931879544,213.56861497350428,47.67687402327288,236.08012941909215,0
2026-11-21 16:00:00,29.54174258534998,23.21810681145553,58.6959864321127,5.909972312428034,218.96024968579576,45.959791632364315,273.0726829208644,0
2026-11-21 17:00:00,25.88178762741745,23.137483768695752,75.77317535113946,5.881778068209269,183.45578266161544,43.57706556990328,228.20555574671124,0
2026-11-21 18:00:00,23.18579517263565,21.585158116390247,62.102386366135924,5.670929414000014,155.21746472281924,34.97222443362521,274.0512894985239,0
2026-11-21 19:00:00,23.570786636429403,21.86408281345761,75.40948297944706,5.8594124062566015,230.95396263798202,49.45897984806652,305.9112586583863,0
2026-11-21 20:00:00,21.273739073126894,21.504979485577426,76.94684114020592,5.337988063836793,166.4016418826836,53.46071629914637,343.7112026476799,0
2026-11-21 21:00:00,18.738897204652474,19.114294854404367,83.41776730243545,6.103965137270594,208.13552615131633,36.6610131493322,231.48603536222845,0
2026-11-21 22:00:00,18.236932316151965,19.88399776144353,66.57454572707853,5.401253162097252,196.04057303807954,64.55541417289207,264.9816558401629,0
2026-11-21 23:00:00,17.787511002564344,17.662698900742058,70.71082935747424,5.557772137878627,204.87331715612225,60.22003249235554,254.00755663098877,0
2026-11-22 00:00:00,15.923889331157206,18.00609049006132,84.75104809841956,6.05952072646063,249.53701915120575,50.48165558951232,285.9495751002995,0
2026-11-22 01:00:00,15.698990825005879,15.744810918633089,68.17601523684141,6.281583586004094,291.1484484086549,32.682802973311865,214.1276649475672,1
2026-11-22 02:00:00,17.720111547773136,14.714597998554902,67.10357163747017,6.434309827218535,150.99687765804174,49.01408625984562,237.85349291500134,0
2026-11-22 03:00:00,14.724200923640176,14.769787102970351,76.28941995807433,6.222319295386629,229.51718465998772,47.81978001564465,207.31933767725457,0
2026-11-22 04:00:00,16.355345125475935,14.923881501538144,77.73355479254022,5.670371126479287,195.31256681967062,50.13155276218497,217.46781837339583,0
2026-11-22 05:00:00,16.286432487795466,14.825512769426542,84.81740638288932,5.183586772359814,231.43563541137658,60.904642722897364,248.5824882435166,2
2026-11-22 06:00:00,17.23046042016954,15.363097247603756,74.79711792114476,6.362022234241158,228.71789228537492,43.240259453833794,341.8353045130355,0
2026-11-22 07:00:00,19.3109052041557,16.43874499499476,70.18571801469047,6.34827839556199,242.2923442159449,65.47826579655744,288.90401907730535,0
2026-11-22 08:00:00,21.28186214271747,16.86305650416288,72.41871511722117,5.531209538658602,208.5489474548809,49.0650434599375,277.5998349439923,0
2026-11-22 09:00:00,24.350947012038333,17.91183390442831,69.526846002026,6.1684756151298235,173.31270545134927,42.09536824338735,328.8754401611394,0
2026-11-22 10:00:00,29.023613680051135,17.632618880637924,63.777862694789995,5.667128882427704,227.8294846612886,68.99377206706411,290.3439152473368,0
2026-11-22 11:00:00,25.875682313892074,20.34863459321846,64.45925018357278,6.400510753404691,203.53992728432192,53.2989190002009,294.1030444558803,0
2026-11-22 12:00:00,27.437239868067877,20.928637361846665,53.6998815887278,5.594054135038487,192.98470354597603,40.45266113042527,256.07902139280793,2
2026-11-22 13:00:00,28.666796264356602,23.116661509132488,57.411764537240416,6.591460515019401,185.71328357885113,45.842165889464425,249.50686577563673,0
2026-11-22 14:00:00,29.59369827306462,21.712449481334588,67.98891749865976,6.114448219039298,230.19006707315387,51.35233021854534,222.55492201074324,0
2026-11-22 15:00:00,29.156807001955652,21.417067042356663,62.347176287536215,6.519017937874395,248.1010847602213,43.49138973214658,250.9564173583443,0
2026-11-22 16:00:00,29.988321517413247,23.494454795144033,58.80140358356881,5.614481092140048,164.13942323901097,46.339078690449504,263.7790634360379,0
2026-11-22 17:00:00,23.310159362503022,23.140924919806675,74.01865150686625,5.962011841777677,218.65856727436793,36.82796396337279,288.78875790067684,0
2026-11-22 18:00:00,21.91960519470649,21.657355198712835,64.44589060450747,5.412288320662253,188.82838443732064,28.14805469192092,273.5296633982119,0
2026-11-22 19:00:00,23.067916057702423,20.604627960742917,67.59176006219205,6.137595700847679,155.9818280542366,46.06419322744712,260.39722136529247,0
2026-11-22 20:00:00,23.645950281315564,22.22991738454743,68.7136516882915,6.159616613134849,204.43117462289024,46.400278222258876,238.53292992413003,0
2026-11-22 21:00:00,17.83979463687396,21.166564492895507,72.7853589192781,6.758809567280474,175.00586659431318,50.271195915578545,290.9650723182084,0
2026-11-22 22:00:00,13.988551490459365,17.010034593035098,80.11755232595675,5.992815918887859,152.66740316599407,39.238102928938034,255.08935651864635,0
2026-11-22 23:00:00,17.907021641022983,17.598145396184716,73.97310437366359,6.089637681002437,176.54778583326396,31.59445705459335,289.1518603196796,0
2026-11-23 00:00:00,16.303308009063,18.33135364382712,69.83931515019503,5.611667849398487,169.1667824625844,35.34675530252652,198.46911561625853,0
2026-11-23 01:00:00,13.603206605777377,15.790722829031514,80.98354148246243,6.016551749054095,180.59939440809825,55.55633756839825,288.45684651879577,0
2026-11-23 02:00:00,13.521690598918605,15.143408597640923,73.53221232373333,5.648043516524966,160.22347769138932,38.333886877924286,304.87627611184956,0
2026-11-23 03:00:00,13.78390363652451,14.910089232740232,80.6873912616542,5.8463443035367995,188.1457967412136,40.57919014196238,299.7812343745499,0
2026-11-23 04:00:00,16.10362514971984,14.103282420985472,83.94632894108675,5.869806264618318,178.60252615748084,41.87586436168888,267.1311829859722,0
2026-11-23 05:00:00,16.110779617419656,13.772476099461292,75.66194847271615,5.659078050660332,211.26841631436972,38.807238307132096,311.6127326169751,0
2026-11-23 06:00:00,19.24109587846328,16.377936233450047,67.45326929598913,5.825178038616797,217.80616959194947,38.06789172467167,224.0816446817661,0
2026-11-23 07:00:00,15.906326689925766,14.697223350255667,76.67746890606418,5.649881932114631,207.80445730335325,36.2887643536619,271.4317573917388,0
2026-11-23 08:00:00,20.7147222023083,17.197817161687006,67.38247781683738,5.648107549986464,192.93666626379473,59.006565745681996,267.26416795357204,0
2026-11-23 09:00:00,22.12265237435107,18.673987413796038,72.82536216393606,6.230665860600908,192.12717212923056,51.8010068334293,316.4559875616435,0
2026-11-23 10:00:00,25.115488982441263,17.839018960879073,65.52146948345622,5.870165456730565,174.88775037765905,57.47820773150238,194.1802731790181,0
2026-11-23 11:00:00,26.142675830570624,19.295861458334027,73.57760526163813,5.93882650888011,175.6101602177019,59.49339756460838,232.67481128290802,0
2026-11-23 12:00:00,29.25894349633472,21.97054335071327,67.10421578278502,5.217078092405785,221.1081160423621,21.50120202567019,344.8900323452206,0
2026-11-23 13:00:00,25.972475626533388,22.254740500927824,64.46762672575292,5.969383332732156,147.20892204048607,48.43454642028077,177.77735504620154,2
2026-11-23 14:00:00,29.06823721449613,21.970273049634645,65.0961606824701,6.012169385590095,197.57825185061174,39.13821366101681,307.5769588675,0
2026-11-23 15:00:00,29.598985418841036,23.82550250784521,58.91503545157653,5.640664550924499,190.29412815316397,56.168096443533486,246.98691347891432,0
2026-11-23 16:00:00,30.847148981334005,23.96522857876344,59.55320564822503,6.634011870504277,217.97396304124678,37.58528796757439,285.188104145844,3
2026-11-23 17:00:00,26.22709851166562,23.07894545956884,63.12031080424969,4.884309094326373,157.2496404973295,34.458502436362906,331.55129615437414,2
2026-11-23 18:00:00,25.986687906528775,21.743973432838825,69.04825431141401,6.113746854308219,200.3744211645782,30.659541393468977,286.7282748431532,0
2026-11-23 19:00:00,21.105939126874098,21.497668161968754,78.23781443129897,6.085121921981945,210.28953024077322,41.97325089021198,332.3813350704407,0
2026-11-23 20:00:00,18.412065693530465,21.22910939516431,78.29876220371916,6.016633172799764,142.85806344128014,54.14945262528311,255.30603276852793,2
2026-11-23 21:00:00,21.455428247954902,19.88440031709209,75.26316910888089,5.870485082255449,167.77016081414789,47.561672168613114,260.5929497662837,0
2026-11-23 22:00:00,18.491659559527893,19.75116574258788,78.82517571474519,6.020271729050015,197.24630459561627,32.97351734863856,306.473689953909,0
2026-11-23 23:00:00,18.818021566391803,16.740904555502446,76.57465373200338,6.147270191822358,215.42440722902913,66.52659090361891,257.42278158870675,0
2026-11-24 00:00:00,13.877717840054306,15.804589176747008,74.05030779588348,5.509644966467202,205.474979333381,51.49538639491568,298.8938552415201,0
2026-11-24 01:00:00,16.01837242526965,16.316269764439756,85.68281068675893,5.919678248872036,216.81362758849423,52.774101157576865,322.3521686631073,1
2026-11-24 02:00:00,17.80322676081578,15.142662853816722,84.05818202051319,5.726673263190678,167.61882462078034,57.85028827347658,309.73347577149553,0
2026-11-24 03:00:00,15.86807762851242,14.634657803085535,76.18890882921825,5.362492639909797,152.3374895081592,28.597844113742205,211.84353738213673,0
2026-11-24 04:00:00,16.352694431895504,13.585554624660482,74.92327710564449,6.086867989845316,202.53517417270368,35.885658614121176,261.3447689180191,0
2026-11-24 05:00:00,17.063086652930693,15.151933370682272,78.98635428106004,5.574255830126386,163.11940285357656,53.230113569242725,286.27329936219286,0
2026-11-24 06:00:00,16.143677814311133,15.493694298461634,79.78165079874417,5.200856530088213,174.0403302185659,36.89261671978523,265.24425841482434,0
2026-11-24 07:00:00,22.221626087847877,16.694356060815203,68.72431835081746,5.58435573571934,227.9683506447912,42.249865277449516,278.17464053566135,0
2026-11-24 08:00:00,21.0837135402924,17.05512490649678,64.8494154737111,5.480440440762748,205.67298670300553,44.222593471687,286.8028297707704,0
2026-11-24 09:00:00,24.56845820029217,17.85864055699752,68.44635611339828,6.211391603676044,182.95565284233757,32.22594611370083,253.93727517129722,0
2026-11-24 10:00:00,23.15544854014312,19.94160050943227,71.37064444270598,5.8612772562232305,179.05905486077108,41.3918281786636,267.26244478176545,0
2026-11-24 11:00:00,25.180557971544165,18.985302337651245,69.81243617434099,6.352953098275976,218.62764670667494,54.145032173518324,227.75861087972578,0
2026-11-24 12:00:00,30.214808925324423,21.42911137507806,61.88869315138174,5.533377507506781,206.3591280694995,52.29453889817841,255.88632852370714,3
2026-11-24 13:00:00,28.24052735058671,20.49150939290991,61.1557914374864,6.1496679487586,163.56330073031927,56.130146619674676,213.93285588936737,0
2026-11-24 14:00:00,31.179913214063816,21.79341211113711,63.95411434065481,6.935849165923165,141.56528800697157,55.098758737907964,279.6598678277076,3
2026-11-24 15:00:00,28.6441347954357,21.893577599057622,62.35628073330675,5.942412986850856,256.4540549792045,49.05873925702584,267.271111825658,1
2026-11-24 16:00:00,25.299331167054287,23.625554028361535,63.716187527711256,6.144659544929261,163.32562324047325,48.266784983097,238.36819151805483,0
2026-11-24 17:00:00,28.287848867903413,22.81137511827996,61.5513144482873,6.077407065690163,215.8308950990037,47.53330760106618,346.4103923531539,0
2026-11-24 18:00:00,24.615161523366588,22.453299019463373,58.13196100958519,5.231169869029669,245.32078797014523,38.72952832746039,265.18354067812635,0
2026-11-24 19:00:00,24.85976653599321,20.94304073456263,65.65707103591545,6.03432691898698,204.42792706499466,34.70055276279386,286.4621177631848,0
2026-11-24 20:00:00,22.037816301310123,20.76024520325369,73.39680303780119,5.922582528259827,181.98689970598386,38.104026538800994,249.4546734061815,0
2026-11-24 21:00:00,17.87358934236805,19.424503937762793,76.65060789985449,5.696101046640676,157.21852874912864,41.73970683442531,258.426079170508,0
2026-11-24 22:00:00,18.746442148055852,19.306764011883374,81.5075902872389,5.446385450318047,156.7996839103991,38.44174055257224,287.97653883394145,0
2026-11-24 23:00:00,20.344587244923368,17.171850911324626,70.67162073601344,6.077593296130814,211.30084546029158,49.138317384839155,261.7099580077245,0
2026-11-25 00:00:00,16.67730186128062,18.06383549216406,78.82380358172983,5.411038504155751,243.52928968849955,47.01895216064251,275.13213427553075,0
2026-11-25 01:00:00,15.152242586468327,14.831108515554533,82.18100977776687,6.653458241872759,188.13622709886414,48.09323498720218,307.2729846141386,0
2026-11-25 02:00:00,16.613015102935346,14.890682518896995,88.17866691791463,5.8456676333952515,183.32838613551908,48.5140806591578,254.2789528192459,1
2026-11-25 03:00:00,15.554521913781189,16.478057102816603,78.45840115905078,5.310677180885398,220.9244327243356,56.95663937784533,221.71355267048455,0
2026-11-25 04:00:00,16.252123518903122,14.651889001630373,71.67651588299613,5.594401488668664,179.4215823828576,44.914271076129,213.94942841286345,0
2026-11-25 05:00:00,15.412814773455512,14.084393763320197,82.1442660386298,5.688746264684073,208.23448722885263,55.08369433834611,332.53756145547453,0
2026-11-25 06:00:00,18.850772038684397,15.711155634892382,83.10771033342101,6.7649506615695385,201.25404350256537,50.16585357979167,312.2458680230228,0
2026-11-25 07:00:00,21.74143180890777,15.791259081482174,68.69753827817757,5.446164421276201,187.71595824265833,56.29633536635086,301.23198668750956,0
2026-11-25 08:00:00,20.745906771849963,16.331303795505356,75.71031956681213,5.753513094699445,199.5338552379044,61.14629834386572,257.5578877651195,0
2026-11-25 09:00:00,25.948477047588067,17.088027170950944,71.40546781903892,5.5848686520539905,252.89456343949936,50.766495799790704,221.67679956048664,1
2026-11-25 10:00:00,25.362440963782312,21.214698884500756,71.05039856331199,5.999703394232665,218.1359883230287,46.03768249671999,263.7079354601541,0
2026-11-25 11:00:00,25.618093200998022,19.834034660262773,66.28608077117026,5.591246634517982,232.77502412767936,45.973078174433084,271.2658251485582,0
2026-11-25 12:00:00,29.558625941871437,19.459546111733697,57.437280078688545,5.344377333544116,172.43916917239818,40.29833920438161,229.73793333010883,0
2026-11-25 13:00:00,28.33128943041607,23.02339493195062,61.99605494343278,5.72188216808152,232.87808442822723,39.96227853423944,216.2137474780552,0
2026-11-25 14:00:00,30.13927233122916,22.95295833922621,62.52587547191316,5.680242462667103,219.17061426406954,54.02117163311535,205.7874957438427,3
2026-11-25 15:00:00,28.32384283563567,22.250530160340446,66.95250121769584,5.563102248950394,155.01211710321897,35.36329707552444,301.2957275017538,0
2026-11-25 16:00:00,27.972438611196218,22.253504729051087,64.50279890655973,5.584475856441153,216.19372200113298,61.14772635562226,226.78566739187943,0
2026-11-25 17:00:00,27.69008777480727,23.40248154208286,61.27235483752839,6.273878319152401,184.6017758961597,43.4827674709598,287.3764128286375,0
2026-11-25 18:00:00,25.93634558638501,22.26656695314619,68.05328357708683,5.6721039142929985,153.62588971023152,73.62077893122814,259.08800586371007,0
2026-11-25 19:00:00,20.81843564504004,20.28764486999011,75.71830256466606,5.346348935008627,203.8932719698286,38.06884573170383,298.58551635104544,0
2026-11-25 20:00:00,20.31813438985841,22.429791971683734,73.91628901424231,5.615153614480057,216.1712777318783,47.501889199803344,288.43298047876067,0
2026-11-25 21:00:00,21.582381661468578,19.688083810637316,66.32020643354608,5.821734263786157,204.54824205933687,41.48150729751581,265.72250328434853,0
2026-11-25 22:00:00,18.30179511664768,20.19645738918594,73.53081568643684,5.265492145379458,196.72584245462735,37.06915908456728,280.21813700836867,0
2026-11-25 23:00:00,16.264655577537038,18.98747178596249,81.6215171890179,6.45039118400256,190.08243984625005,55.638003508787186,270.5865556649315,0
2026-11-26 00:00:00,13.899961150622717,16.199192364413747,72.80495757553037,6.147031791002509,273.9976402802467,33.944458056021936,250.38611397467713,1
2026-11-26 01:00:00,13.618914734062749,16.998124766744326,69.5914122071689,6.372069097447511,164.52291834414063,38.23925493025765,314.2033114183145,0
2026-11-26 02:00:00,11.967302040057078,15.0147443449713,89.57965180265161,5.956851250195073,226.1876594707161,50.86319708914911,258.0770498703201,1
2026-11-26 03:00:00,15.086598137924224,13.642936225400573,80.85315850960033,4.9625210199479595,200.46268912666952,52.44960810949405,271.5259941499408,2
2026-11-26 04:00:00,15.040165802637361,14.660321467182285,81.3854510494357,6.414133486655405,174.36600481198903,31.081145787724793,218.39499601369977,0
2026-11-26 05:00:00,15.600370695216194,15.454406696264751,72.29547029760529,5.454572656116043,198.54802848114264,50.81676885215374,285.9617841537925,0
2026-11-26 06:00:00,18.39781486224807,15.165709066465176,78.01026248263501,5.487125302399161,158.21202087234147,46.28899913416339,250.57673611418156,0
2026-11-26 07:00:00,20.73422263056146,15.925934202513726,72.89517628116806,5.862530057582177,182.1352877957944,35.8227664213847,255.92605363368392,0
2026-11-26 08:00:00,25.139796898314916,17.91485283594289,58.31060583278012,6.3512919386680595,198.59197022493183,37.11118464664446,241.41756556462232,0
2026-11-26 09:00:00,21.543908186372825,18.04991900382199,77.6687272477219,6.22131485358096,153.46648824202612,24.66548572051599,270.0401420844661,0
2026-11-26 10:00:00,27.239071564950784,18.325361350972038,64.5065307401527,6.162512448070408,215.19147615464175,62.17444427797578,194.74109539852026,0
2026-11-26 11:00:00,28.409399809828443,20.596900439343944,60.32830039780953,5.675269178850178,171.08716877265402,55.15420414977007,302.29428051653036,0
2026-11-26 12:00:00,26.89353871742602,21.158140453563398,62.23780480916268,5.6689569895631555,156.44837125959344,32.10854989821781,273.4534090128309,0
2026-11-26 13:00:00,29.066334715902524,19.811143283576556,51.44428881375509,5.938377467192026,167.58746792514887,52.98907672791796,256.30857595191173,2
2026-11-26 14:00:00,28.313550125993576,22.806783946154912,65.39042284696453,5.747971663486587,265.2786248550646,39.25977656050333,213.0707733683633,1
2026-11-26 15:00:00,29.040013654651585,23.177166271329156,62.861269650646726,6.155727162931741,140.6580757439348,54.148105363496995,292.3226674591988,2
2026-11-26 16:00:00,30.3258743465979,23.01609690366469,59.03855012241705,6.132047065798091,213.0836926630937,40.03926430840917,249.62689758819695,3
2026-11-26 17:00:00,27.8581568172528,23.577063770011936,69.362637856555,6.036536528469082,177.45091186942142,41.36645904892042,327.2434748099326,0
2026-11-26 18:00:00,26.262912559850164,21.926186747676553,57.96520983320058,4.789615487292249,189.49615485447316,42.11652732242335,294.4527584931913,2
2026-11-26 19:00:00,23.16626933578568,22.097626955802912,65.6166144152191,5.851195345470906,218.11792786041,38.42644658338687,336.38622754748496,0
2026-11-26 20:00:00,19.773915002613496,19.746432503066117,68.42126072306188,5.756458447706919,216.64456144516762,58.992713752333046,280.47880163154286,0
2026-11-26 21:00:00,19.875564368471743,20.36094848712915,71.15534785897614,5.8672102407038125,179.57910742514628,53.98526993081479,318.11291044648624,0
2026-11-26 22:00:00,20.309912232295872,20.56244775643192,72.36545544753106,5.498270144581437,159.26527980100118,46.09948538333279,293.5108418119287,0
2026-11-26 23:00:00,14.7595007468097,17.168838737615886,80.83866672288514,5.27008563584031,218.66422921101918,55.245681639858105,256.96074351184814,0
2026-11-27 00:00:00,14.355188121243886,16.39215829440978,77.43890698898176,5.985255391990016,216.57131579028032,28.729282847545406,282.4884007393654,0
2026-11-27 01:00:00,15.427920820327625,15.603560520940567,73.49971633983239,5.657479472907175,191.45091473635435,32.715412214489675,241.64054934164255,0
2026-11-27 02:00:00,13.523017822729106,15.639896965503521,88.60241336157729,6.02987719748304,213.25833151425135,49.745547623579625,357.7511773189749,1
2026-11-27 03:00:00,14.049734045303703,14.285867676560752,91.5985201045784,5.531634248926092,186.62511557073395,52.35536555807889,270.96539561178344,1
2026-11-27 04:00:00,15.302424300916664,15.336997902952785,78.75352419831013,6.366364256197071,175.18887304895634,47.794075462557515,276.048411660746,0
2026-11-27 05:00:00,15.001826425408943,15.813768651219059,74.61390645440494,6.200425937028305,200.11886543363227,26.173053249216814,290.5994344653408,0
2026-11-27 06:00:00,17.03881723067545,15.963376155625275,83.33068997840094,5.918730843418352,215.57098223274554,34.37665475662252,231.5221870273309,0
2026-11-27 07:00:00,21.24340855946332,14.75684053474335,63.67412419700169,5.714684634645621,209.27750808657302,49.16591866504169,327.85484422666303,0
2026-11-27 08:00:00,20.038945326653554,17.796134132126884,70.6793989844916,6.140963551119278,215.27488040230017,69.26472289241268,233.98681796927795,0
2026-11-27 09:00:00,21.41492511397539,18.71461775099286,67.22150460649803,5.957019126094962,177.18263380132623,57.17912665058428,224.94117750554423,0
2026-11-27 10:00:00,24.554962530699157,19.664129097877044,61.136367210908574,5.895433675172241,247.45643374274758,60.77304298470773,268.33903949187896,0
2026-11-27 11:00:00,28.047680722070602,20.333549979334745,61.34266196890643,6.217146163823843,189.72857433984126,48.39725422190299,223.82810008841662,0
2026-11-27 12:00:00,27.766795114495736,21.176151451364106,58.7589854667353,6.370614461762656,196.43253045570225,48.324909807893775,337.47762144765505,0
2026-11-27 13:00:00,28.064609166850047,22.65433864324731,62.785741320523215,5.299035526205782,160.44032272346396,34.66514532743924,265.7718692126778,0
2026-11-27 14:00:00,29.06653819627341,24.002912405220517,61.65604000283423,5.379846357060077,194.18434531108147,54.518220530516174,146.15330008638279,0
2026-11-27 15:00:00,26.142919634734,22.101270934464395,61.9218378207093,5.48789570980848,215.96713210554552,44.26818297458997,282.9979407250017,0
2026-11-27 16:00:00,28.804236307153623,23.862500316635817,59.9823496484463,5.199030160942579,222.87531838077993,51.92732375463719,297.1402394741616,2
2026-11-27 17:00:00,27.5249000154113,22.794729626750314,62.21587514198789,5.774900589772339,246.85822211560347,45.30686352880935,258.1427100643913,0
2026-11-27 18:00:00,24.886037288856418,22.360363173514873,70.58598555896943,6.040046582097802,215.60704687476382,47.791184247507395,220.76427896955164,0
2026-11-27 19:00:00,25.320620083412273,20.59920257244056,65.27310889458434,5.791432682019066,208.30739587399108,44.12271883701378,270.86771933334006,0
2026-11-27 20:00:00,20.308755851570442,20.772168472387683,76.15300168204595,5.586351343354842,186.61114665457043,47.24624697822893,255.7317813109262,0
2026-11-27 21:00:00,21.88013017416271,19.237464214035352,73.07290870877803,6.250583102851663,180.1477877530098,55.000765575452306,235.97712320563855,0
2026-11-27 22:00:00,18.731740498392877,18.628916456395242,76.77956488643227,5.856222561282699,229.10745544004467,32.33770470930776,232.44699719620996,0
2026-11-27 23:00:00,16.54542364687691,17.0861747125674,83.48472147547757,5.937193186946527,228.53211055216727,30.0707757368489,281.2494299574954,0
2026-11-28 00:00:00,15.90801172045646,16.640873290149596,71.7134315367227,6.261693921959904,167.6896189745368,49.25864577638899,311.1208720155862,0
2026-11-28 01:00:00,15.07762206726011,15.846684589635085,75.9409379877523,5.750703224459547,221.69287661460444,59.405742979076166,293.46175351988387,0
2026-11-28 02:00:00,16.830424344626575,15.613302319613284,85.01998478794596,6.624085629049873,219.51151074187527,61.92744616801082,205.88008565646481,1
2026-11-28 03:00:00,13.623500524770002,13.844496805010662,78.76521686732967,5.620873998451294,166.58573344957418,32.755897822899286,299.6191201822393,0
2026-11-28 04:00:00,14.794043314789032,13.843585481803741,64.57152957272392,6.59917928180516,216.2137041436753,40.97126164597626,305.898960481082,0
2026-11-28 05:00:00,18.604706869802886,15.425828111428148,73.05951004049712,5.410105927235032,168.5136062155458,30.207847455550905,330.74787003391066,0
2026-11-28 06:00:00,17.606697597224212,14.897947891206167,75.94666053414718,6.006993961152176,127.12121096979534,39.4938837361288,237.0044897563242,2
2026-11-28 07:00:00,21.539066300279742,17.031196707437754,57.46755485250826,5.542987132477505,195.1969275892385,56.22848095049362,272.7358944254149,0
2026-11-28 08:00:00,24.549153974513064,17.180215777612037,73.61069343002407,6.247826446792437,207.73444115764966,44.871082164416,297.7009700121533,0
2026-11-28 09:00:00,23.209040775305194,18.450133539755043,64.98058875030576,5.608706956856628,196.5478758535066,41.26125920376212,253.89785207441557,0
2026-11-28 10:00:00,26.52204348986296,20.128553856336715,66.21636338810202,5.916348476257634,286.01320451563925,50.4508575641121,297.0763940138651,1
2026-11-28 11:00:00,25.219209046296047,19.787507530964824,65.00704141772444,5.539783201583372,211.36553687704924,37.04947910190529,274.0389469512837,0
2026-11-28 12:00:00,29.194277773592784,20.54041063566698,54.92510957566846,6.174890069466645,204.41425457896102,60.92978364881857,241.14180733377816,2
2026-11-28 13:00:00,29.060616763003626,22.525789193225243,56.174719211218545,5.537699495744344,212.88773909942273,45.07284972241474,244.55031045237814,0
2026-11-28 14:00:00,29.709557423240323,22.8717124662815,56.073116909973876,6.473365937897067,186.76042986799706,40.98205757040101,324.97157425099425,0
2026-11-28 15:00:00,27.793122675970384,22.713839057299232,68.47661233475372,5.401601157215444,227.88437186280618,50.86849234795611,235.14325350413313,0
2026-11-28 16:00:00,25.570552703140315,24.113166373564752,64.97764581573087,5.261748832668741,210.83005838531304,54.392861602110465,228.27998863321545,0
2026-11-28 17:00:00,27.704625565430092,22.69390785728433,60.54512173872516,6.180620831231634,209.45515111677472,60.95975240149259,288.7751545892724,0
2026-11-28 18:00:00,22.404895271280818,22.49032052518238,64.84108111151185,5.563342543894591,181.27639331399183,42.900310937418354,273.7770886263002,0
2026-11-28 19:00:00,23.335707577353844,21.8454052454136,74.37790201480603,5.797105074620186,153.0700902065272,55.86056522693717,222.53514490293045,0
2026-11-28 20:00:00,23.411772799629954,20.252324884081222,75.62687900306199,5.671103538465712,184.95841732768127,46.01211611899997,254.22319303641902,0
2026-11-28 21:00:00,20.47611328809191,20.097344491999195,77.7523835478231,5.274956693138924,208.47901568779676,38.88619979026305,242.32874086957787,0
2026-11-28 22:00:00,21.42251396718472,20.117408141918794,73.15516993514917,5.7692025343446645,186.6590156076516,37.231884709957654,249.33329815012388,0
2026-11-28 23:00:00,18.58791626056683,18.320698471890857,75.54365069667337,6.305966357988921,208.75181501202113,34.03016556366996,375.9988158722658,1
2026-11-29 00:00:00,14.956974591020565,17.024850741119145,72.37194140089582,6.201254801322226,193.02914369431085,37.583060011108856,262.89680381303884,0
2026-11-29 01:00:00,15.27948928575368,16.042159050321274,76.8355172235403,5.8927171050503695,212.91738453879572,56.15706621760084,239.74996223311408,0
2026-11-29 02:00:00,14.928943946183345,15.800592007587326,75.06596624784781,6.244907317214043,170.69527622374056,52.06709601786037,355.871499631986,1
2026-11-29 03:00:00,12.86525407095733,15.736109997635076,71.83413456992766,5.376192566122329,205.78670035655244,32.587883440580505,310.53019192769585,0
2026-11-29 04:00:00,14.527223798782401,15.487391064711803,84.25254853728794,5.669818268437997,180.7713756094581,27.536090797850644,303.9930224234164,0
2026-11-29 05:00:00,16.209111171224375,14.870804805386143,73.46991686256938,5.958321976292083,153.8515117360809,33.87706844203589,241.67622822794533,0
2026-11-29 06:00:00,15.445669245716095,15.795723660150339,83.84490644231722,5.747834069273155,195.04537630914876,37.232637917528514,322.65933430746026,0
2026-11-29 07:00:00,20.259506886659818,16.55552466817243,76.49732373980828,5.701270667809377,246.08952721454142,41.967342894229915,307.6509835293135,0
2026-11-29 08:00:00,21.62639223302044,16.194244009978416,73.23191920354257,5.319742507071561,156.24270776462052,56.72863523008714,280.88358327352057,0
2026-11-29 09:00:00,21.302392463750284,18.099308252536872,73.90154940231558,4.967463444542915,203.58176751182597,39.52283141100333,206.3478750851101,2
2026-11-29 10:00:00,26.106319297916,17.27095689095811,61.995847432132265,6.127146569979854,223.92731189792673,61.804999601772735,274.2031999008869,0
2026-11-29 11:00:00,28.023556585342273,20.421303148267032,72.06098285404259,5.89728862930089,269.00092055433356,28.198001076786323,344.19722856661514,1
2026-11-29 12:00:00,28.402729544788404,21.528274443650144,62.53235170101916,6.160799351284037,185.21201052659936,41.51367479237694,283.8153127896816,0
2026-11-29 13:00:00,28.275378521210023,22.42646402537536,63.979204200141496,5.62510562313665,181.03998186187061,52.855486691364014,259.9413389167255,0
2026-11-29 14:00:00,29.88716322762778,22.148064133402098,57.29002245901347,5.5148888460689625,164.999234121822,53.47205252366434,265.8617062764532,0
2026-11-29 15:00:00,29.781811324738513,23.110940773175503,56.006000106428985,5.8026191866546535,234.2154900453866,41.642860436116074,268.62990772744735,0
2026-11-29 16:00:00,28.523283181070607,24.139163076432933,64.55854022676239,6.1416798594451265,173.97757012282773,55.017534337841965,243.01543144892244,0
2026-11-29 17:00:00,25.712829092653692,23.99471902378928,66.6321725685095,5.707419114004938,188.8821070467395,53.12196442506883,273.3502068254874,0
2026-11-29 18:00:00,25.91490114826677,22.440763455756503,61.35535679256699,6.120714073731394,144.53186367886235,38.17885340687489,332.709381181822,2
2026-11-29 19:00:00,25.604954291955863,21.93988282932984,58.481921255775944,5.397476797762765,226.5191552803558,48.14928468444422,328.1781951564392,0
2026-11-29 20:00:00,21.105056412082405,21.888728915787546,64.72431686886338,5.735421146732053,234.7477484233408,52.03613284076845,244.82656358703744,0
2026-11-29 21:00:00,23.335175692981,18.834634568200343,74.37845775387834,5.771954342368788,225.37325190753097,38.89465232427175,326.0358953820278,0
2026-11-29 22:00:00,17.711553599021922,18.74153940585838,72.07986660792334,6.290555977568768,151.84024155938846,61.94325450269163,305.44565250611004,0
2026-11-29 23:00:00,17.098863051704374,19.033180184019322,74.18682160957559,5.883050959206363,218.2145312233792,36.646380533823574,300.3335415044665,0
2026-11-30 00:00:00,14.929093779499425,17.780160433347813,85.736788758396,6.498431007317678,149.81988845827996,46.440928832945126,292.27647526560537,1
2026-11-30 01:00:00,15.573425469856913,16.466983897373733,72.10113662873962,5.260926080021007,201.7412090619272,32.50222683580492,237.7849448488218,0
2026-11-30 02:00:00,12.386667461047088,14.331232460597748,77.90102491815821,5.8519675617645115,206.15232739951392,46.033601986625605,258.77687260171535,0
2026-11-30 03:00:00,14.41945651775144,15.096368508410798,75.2528180358948,5.871759215672178,209.30549654324795,34.32926783929178,308.31673612485304,0
2026-11-30 04:00:00,14.29964037298608,14.528067683000053,87.33077395824691,6.048037279034746,216.03909597912406,42.058708586707375,226.7251862450021,1
2026-11-30 05:00:00,17.253260053532603,15.401127817097498,85.66300543867294,5.474656025420443,199.75899189322183,29.134024386789033,233.36899578416495,1
2026-11-30 06:00:00,19.99167106326336,14.888421037026342,76.16781085109483,6.4737785357643345,141.12711461814342,52.99813400325722,287.2478969906362,2
2026-11-30 07:00:00,21.15727596495418,15.350994159274123,74.92819246282619,5.805185576588704,216.05363026398595,48.56280049741608,243.41869357363586,0
2026-11-30 08:00:00,18.44251095871166,15.348107777853087,71.36721183528235,5.3651729948260325,202.92824423383243,55.87410553636699,307.9557741480307,0
2026-11-30 09:00:00,26.874837795109467,18.94216756757128,73.88683708039005,5.793590003834552,172.921406258863,41.521948353601644,244.8312817497382,0
2026-11-30 10:00:00,25.942919910931302,18.680183590845555,66.60697737867575,5.674735390847954,152.91807736590175,56.33847366880998,284.77520579452585,0
2026-11-30 11:00:00,25.784998757566335,20.16099280737211,69.72355281316909,6.913294056898931,246.20066557773077,45.39279645394836,288.12286258602927,0
2026-11-30 12:00:00,28.29786970497748,20.998209506820654,61.91493166017226,6.219977439810005,236.9390161487205,46.13167459428737,255.71621288410094,0
2026-11-30 13:00:00,29.025765517777515,20.974479978377794,60.22891844202893,5.819864542283287,221.17872221922363,66.14053325351938,265.41413481381625,0
2026-11-30 14:00:00,27.999726924572656,21.4568496859792,71.1155389884934,5.755233325920318,179.71100266295892,40.15324035061396,247.7995407984018,0
2026-11-30 15:00:00,29.05835578503659,22.059451204358485,64.22859145664762,6.180422744992586,124.49013343365448,57.2745903115485,274.2558117739105,2
2026-11-30 16:00:00,27.150969395060613,22.421465248936485,71.07571403127918,6.199544864131286,222.94037526305706,49.79684940547613,236.53251039648293,0
2026-11-30 17:00:00,26.3432044792708,23.156988302767317,66.06479548360025,4.6353800322717404,211.00060321565226,39.28095107754517,266.05968994011766,2
2026-11-30 18:00:00,24.470581296367374,21.827527484321266,62.793469762243696,6.057197261893333,188.7601307278347,31.84309109536527,304.9396403118086,0
2026-11-30 19:00:00,21.66272638110817,23.22561963002189,67.48801367827775,5.81118661759145,233.7441892009363,34.6691494954451,229.52995683757317,0
2026-11-30 20:00:00,22.218754705323075,21.821720828714522,70.25232056593536,5.27554247128521,225.4399260188855,56.30674797854511,255.51722352088424,0
2026-11-30 21:00:00,21.06621583905686,20.68196382014265,67.98803991291514,6.152085655849671,205.28286464692547,62.34399526836957,295.73049639939796,0
2026-11-30 22:00:00,19.27232539411456,18.90427287802148,67.73590248392408,6.698475205423306,201.05175253613342,45.91439903210226,191.8942087327735,0
2026-11-30 23:00:00,18.28014041064702,19.176148408166306,80.4709166661587,6.0227183787311125,201.52903152799044,46.43881762621123,349.2233614559735,0
2026-12-01 00:00:00,16.42433248853123,16.8255954951031,73.96645065964496,6.240171376902746,220.39819618504237,52.76453433156487,316.81031656123736,0
2026-12-01 01:00:00,14.439430968651166,16.14656374393041,79.7636465765752,6.521647636785762,174.27570960371037,45.73302029353185,213.4665767905072,0
2026-12-01 02:00:00,16.25949579664678,15.67187801666166,78.36927299345189,5.467895139711979,212.7794936535511,55.99700037970322,190.83216800272993,0
2026-12-01 03:00:00,13.20224290621362,15.697755127278402,77.61654288594082,5.056971421933233,172.38227166591227,47.91622250663185,276.18470349336246,2
2026-12-01 04:00:00,14.58681509974021,15.509526463202388,86.14981921185544,6.062746425323801,240.09665515256702,46.355413136524426,230.19023216391537,1
2026-12-01 05:00:00,15.6039524245593,14.756196472088044,72.08954828450578,5.70095538542342,215.96385714725704,38.00787152505882,313.4597316079365,0
2026-12-01 06:00:00,20.120084088708964,15.109503409321484,73.5640254114531,5.2503306190513825,179.3531521508321,35.547329205267175,290.7600864852675,0
2026-12-01 07:00:00,21.60244945549247,16.683495240975475,71.70764918529196,5.768732025545683,202.41787472089248,13.40911986454757,279.9351606534908,0
2026-12-01 08:00:00,22.730957855567492,17.572189267112986,68.85157755899827,6.091018949516248,174.38640859915878,57.341167999418715,252.1897445990559,0
2026-12-01 09:00:00,25.419628113535342,17.650042919731618,59.41188319739767,5.740411334094256,245.1233851310239,43.53392944777674,339.00030559157415,0
2026-12-01 10:00:00,24.181075826382017,17.730249544257237,71.7367967676589,5.485268947705984,248.68627953413628,40.996026552642185,305.1380840288674,0
2026-12-01 11:00:00,27.472640148097305,19.869423303603487,67.15038517395621,5.710597175881396,220.88671047688544,25.482927036145668,299.12663236082585,0
2026-12-01 12:00:00,27.874416183916324,21.498820639060686,59.57285793634433,5.792209413879462,246.69969702963732,38.59887234227648,323.0022385850977,0
2026-12-01 13:00:00,30.031803939850846,23.272760601882016,63.8992713082058,5.0282070949495665,204.553878466175,37.283135417171046,234.24556546028523,3
2026-12-01 14:00:00,28.827163651171702,21.505735245265225,63.68194205009784,5.742890018731723,222.90537701524391,37.052269127692256,326.38951476156365,0
2026-12-01 15:00:00,28.184066451408356,22.522446302891815,56.17605953150443,5.262263811142043,236.74173565729268,48.328361431526275,264.4156681454945,0
2026-12-01 16:00:00,28.873540604332558,22.688477150779697,57.48210670194415,6.063610380808438,199.8276921345225,46.22248553196003,288.389187864098,0
2026-12-01 17:00:00,28.264001219092684,23.948347576701476,68.17460576153668,5.175582969765289,202.13311571952036,31.38704066380295,268.7414796131227,2
2026-12-01 18:00:00,24.497482207729796,22.436148414770848,68.55010227643449,6.205076881820374,228.00969804286692,32.021589000926674,199.8853757450566,0
2026-12-01 19:00:00,23.72011980868908,21.10256587724838,65.11434150051997,5.636333972314423,219.3949389678798,32.00321447669634,313.2939304388899,0
2026-12-01 20:00:00,20.412339049537522,21.446956226337456,67.61281368469176,5.582809717291195,177.33617839396842,63.10526087567177,202.02066708370177,0
2026-12-01 21:00:00,16.441175158042945,19.711565364377325,74.09362081977136,5.917781838920789,134.39511886185593,59.927226286916294,236.339175999497,2
2026-12-01 22:00:00,18.800689447120593,18.020490181313637,71.61677501406676,5.453586221910643,194.73415812208856,36.47701000900402,256.88701478287516,0
2026-12-01 23:00:00,17.963610566076117,17.250505173768996,70.6138521575624,5.911498301652025,137.09257462324462,25.234056800042694,196.85537815962886,2
2026-12-02 00:00:00,16.33092238713902,18.387233563538096,68.09407257351667,5.507156490124651,170.26947991683355,46.2804424301252,230.97509508785168,0
2026-12-02 01:00:00,12.314176639344971,16.478940252573377,87.32305446478996,5.577306195070092,173.77139128398846,45.46940116237671,284.79280363136127,1
2026-12-02 02:00:00,14.473725854885288,15.62210642922428,83.88469733719488,5.962141667731654,182.94073067179622,48.16916986988398,261.1339523385785,0
2026-12-02 03:00:00,11.9109975758999,14.93638170619409,75.74052564988583,5.344567706506247,224.61314432490624,52.413738924773334,264.433885050994,0
2026-12-02 04:00:00,17.992373834990207,15.233719073695038,75.49070787583008,5.294265079295057,231.13038622190783,49.51703953395942,238.3997419604564,0
2026-12-02 05:00:00,15.421170658517038,15.360485451645722,73.38340419620572,5.899290202964137,215.26222159421621,33.83560468499746,276.8472529503156,0
2026-12-02 06:00:00,20.383105414189846,15.769633447428108,70.63243738683951,5.789240059004246,218.97520928185415,47.940410871640175,261.99007899213603,0
2026-12-02 07:00:00,21.607071149808572,16.26344894747601,68.74768172086144,5.867477097923756,219.68361369105938,53.538235753356545,209.3613839592653,0
2026-12-02 08:00:00,20.649114471195908,17.69503867064444,69.48189155597555,5.931055694688568,125.09510026337227,37.75998276996627,266.9632532171629,2
2026-12-02 09:00:00,22.11255588881603,17.983207296390503,79.87966835380219,5.822950221522793,200.3059304602135,47.99956468755859,225.32352692327436,0
2026-12-02 10:00:00,26.025555324579507,18.21764893155789,62.96770518712364,6.0432370495868275,146.10623836489984,39.47219282532192,310.9078844777026,2
2026-12-02 11:00:00,25.683261412531227,19.545337867689387,61.5387671796279,5.838974514791463,215.2741842701462,64.96169720941229,259.3397306120558,0
2026-12-02 12:00:00,28.21590478972838,19.41678504520823,58.72800710484071,4.9970784401298785,137.2067555804091,31.7317286113298,375.8609772292314,1
2026-12-02 13:00:00,28.0372393978131,23.449880817580105,67.97419750463305,5.100846162135258,194.58684393947902,56.55948936528601,313.6761014608581,2
2026-12-02 14:00:00,26.32826237830155,23.154305288699902,56.54557348757347,6.571179672096833,216.4330932805876,28.291872385747308,269.7892329885133,0
2026-12-02 15:00:00,25.415778755336788,22.199646909052884,62.08795091141825,5.800028746823545,166.46726155051064,62.93052685216608,298.1791533289568,0
2026-12-02 16:00:00,28.40220419923297,22.77452412048232,69.55146916147811,6.180096660686838,228.8514788153966,33.5845093257559,191.40803245153484,0
2026-12-02 17:00:00,26.107410848809895,22.35420212579113,66.29103792141636,5.66171843774917,215.1986650985524,46.896715439893356,313.4951762763902,0
2026-12-02 18:00:00,24.6703652746288,23.69813938423705,67.755171695626,5.776793962242428,211.4247408751373,28.70806813303195,242.1883801137003,0
2026-12-02 19:00:00,24.855529074358323,20.692525393329447,77.23409741148852,5.618654138291662,220.94004762531597,31.500188829782893,278.58932148177416,0
2026-12-02 20:00:00,23.760163414948668,21.091580847055024,69.11954366680409,6.786370932584546,189.22399736700032,53.97747047624622,245.89509948599954,0
2026-12-02 21:00:00,19.77944960223964,19.948453906358203,69.1237296705145,5.9012969689456565,204.55756591270426,55.28162311469471,250.1472649902655,0
2026-12-02 22:00:00,17.98910193963521,19.66147090456729,73.402692388056,5.586056837797521,200.30154716702597,47.393589323676466,267.754716400823,0
2026-12-02 23:00:00,17.800467081364996,17.881516437410163,69.36227795720916,5.139384114627924,199.62353166151567,52.41081665490241,278.0733110002647,2
2026-12-03 00:00:00,13.902418818959566,15.593432898675651,85.99678261732701,6.589493377094341,179.8390677005877,55.448787426539724,273.9233647684283,1
2026-12-03 01:00:00,15.573248798098067,15.970678607539856,80.5849100299659,5.734688645908679,162.72403655831883,38.15823136200686,274.9206150344789,0
2026-12-03 02:00:00,15.827828957733232,14.758168610507585,83.02867600057456,6.097691647824639,189.89424952131574,31.010385656831854,209.97269170074227,0
2026-12-03 03:00:00,16.258864528602967,15.199960332088976,82.9542822084233,6.142398916122618,188.24156278417198,44.86296613797205,368.28198417056433,1
2026-12-03 04:00:00,13.032693119755233,16.14734162921626,78.68971435165605,5.6148677906278515,177.8980703744933,39.227988141027915,284.2792131627204,0
2026-12-03 05:00:00,15.908219626980756,13.744756499457905,72.58637218757865,6.068981110154462,225.56161345430073,48.88621480200995,292.50269382548527,0
2026-12-03 06:00:00,17.1826051207648,14.895720196542323,75.522308298542,5.558344685299353,164.8338014643316,50.48028612087926,261.40035556819754,0
2026-12-03 07:00:00,20.338097115896172,15.72941851222701,67.6304781069819,5.403829455184233,194.85472523326277,38.18349209430719,240.03381221769513,0
2026-12-03 08:00:00,22.721116869651976,16.69469512366943,69.95944413346275,6.265785877004885,234.99019134683755,52.041085429664435,281.041429238807,0
2026-12-03 09:00:00,26.056798926886618,18.556824350874113,70.7923256919095,5.73672424807112,227.27388057798657,51.54138375951308,286.5710764256411,0
2026-12-03 10:00:00,24.75755177944789,18.86116446595089,65.8502396344167,6.007405133441062,236.48881655291848,52.23317578889019,327.0723550981893,0
2026-12-03 11:00:00,26.203388720842014,20.36791836098644,65.70590898452828,5.964368397552708,182.2765826787732,40.92207622989407,358.1047073405919,1
2026-12-03 12:00:00,29.78668585480919,20.49938156501458,60.186748893112146,6.0551727840221155,223.5286437718312,52.79922164828575,334.0808961596086,0
2026-12-03 13:00:00,29.206346191818934,22.01236660108054,65.36602243200576,5.17738522631935,168.11088809065606,50.20002280675193,204.33884306320164,2
2026-12-03 14:00:00,30.90147726678196,23.086339719839927,55.9793153084202,5.565883787473452,191.72378132550378,51.40184644756561,256.5832743676083,3
2026-12-03 15:00:00,29.19457278853823,22.277863665366603,50.384281345538625,5.67020993700143,194.5473256765942,61.777885630885265,288.4326847981747,2
2026-12-03 16:00:00,26.326502898421168,23.625086495845213,67.1625408187715,5.467408530839403,182.7247936340597,48.27774189925412,258.98857390350264,0
2026-12-03 17:00:00,24.950054936139125,22.90560152013833,71.39910618317302,5.9716027392065545,189.14558035746424,38.93037776002533,273.24692733017054,0
2026-12-03 18:00:00,23.172731626411608,23.300469807523555,70.82459327209875,6.274757231038359,185.1987221750794,33.89545469000536,189.19455023627276,0
2026-12-03 19:00:00,24.804811067855354,21.667291204684613,63.433074241233506,6.338073862138519,170.52818566694913,56.27936159993822,311.56852003933216,0
2026-12-03 20:00:00,23.782895234630512,21.30499572412968,62.18546522751304,5.664318093916046,225.69240518017375,48.57307676035448,199.98179044774164,0
2026-12-03 21:00:00,22.962309896361926,20.00279119506726,71.3177157832673,5.916786344983163,194.52649991377191,61.700219883202244,212.10041903410666,0
2026-12-03 22:00:00,19.76465799848486,18.923030190367538,73.38980516649154,5.978257401796039,206.04309631751858,24.7044780879953,234.41316862833418,0
2026-12-03 23:00:00,18.79451039799665,18.17186816217047,73.21762438411237,6.048502437681411,204.91330613578563,54.10667087786442,271.09864184924805,0
2026-12-04 00:00:00,15.067797674528402,17.429445975379924,87.43095950553487,5.4487459707709425,201.64179275330065,42.38862664579372,210.09098579284563,1
2026-12-04 01:00:00,13.503895490860737,15.171920945714604,75.46132494006045,6.528232107305986,202.78413638169286,41.46479005118829,232.5843106374068,0
2026-12-04 02:00:00,16.27511899862633,16.682805271916546,85.74504230728573,6.170608073738578,190.83748339906936,37.35192159851409,320.9578016923818,1
2026-12-04 03:00:00,15.865040344335624,13.648566262403888,77.52087111115044,6.181059737476977,242.5519060554459,53.99571013885143,270.505585878983,0
2026-12-04 04:00:00,16.09898873502027,14.452150312208882,67.9033611336213,6.281384022760158,222.82234284906076,51.13536177283225,292.3418791479225,0
2026-12-04 05:00:00,17.631309752643652,15.060881438231807,74.3464150252319,6.013654376906394,200.5514609831306,33.57617974960559,225.55028863001021,0
2026-12-04 06:00:00,18.984778223687307,15.865783160131006,78.41574651457243,5.389074630779611,186.5883669210181,46.649214379250715,272.84655901771083,0
2026-12-04 07:00:00,22.113991974062696,17.43251089744691,68.0379344670999,5.744410907377957,196.43537471812758,52.0611433068047,269.56533574754525,0
2026-12-04 08:00:00,23.942478377225434,15.513366809419914,60.2951332411375,5.139578641975234,212.52864549115236,46.78010525925907,243.18918116374442,2
2026-12-04 09:00:00,24.628063844228166,17.55856851687815,66.02375072794536,5.966029003879633,244.99820277608936,56.07840300026939,272.95691583528566,0
2026-12-04 10:00:00,26.76870430884439,17.29853320976059,59.9916929599282,5.7323145367337816,158.80857366004867,42.099614561108176,199.31498828708328,0
2026-12-04 11:00:00,27.720841296942996,20.060573759538283,65.59406244910822,5.7837910465892275,219.79324275925333,22.456423268955255,292.5443497734453,0
2026-12-04 12:00:00,27.37042322843914,21.217346867600025,67.42249120621109,6.28160045203426,233.80170910335903,46.86717560768237,259.0202912978743,0
2026-12-04 13:00:00,29.896327796393187,23.101063718483193,55.243054605587645,5.617202384577416,155.39844590284304,46.8062576940508,264.7112243270609,0
2026-12-04 14:00:00,26.908257396711107,22.560609423852515,60.58107084836843,5.699150736491169,194.56547369806177,48.111864967043545,309.07063208467133,0
2026-12-04 15:00:00,30.3423181124673,23.69892340871018,63.77243059057393,5.808789318385286,168.06446080750882,56.06979097967701,292.28133909832036,3
2026-12-04 16:00:00,26.27039341684202,23.467069665231246,60.58130650829478,5.0640031002345465,212.91588835031104,25.475367467066935,262.2664324375555,2
2026-12-04 17:00:00,27.378452398497934,22.51550474755214,58.135066442662506,5.6935745376951985,189.24947202933345,42.6151669566734,230.33655883551867,0
2026-12-04 18:00:00,24.23226906236076,21.336933017704123,61.42782146618581,4.8056820350855265,196.09582799359623,35.773421919984486,328.1464561915036,2
2026-12-04 19:00:00,24.641816790329287,22.04842896337964,68.59001291639545,5.565791375241704,187.66832578164576,32.91969611881515,221.39511992289258,0
2026-12-04 20:00:00,21.949112161108136,19.80631838628371,71.60685400425756,6.142075621357131,221.60490298304805,44.27701000437107,300.17467610404606,0
2026-12-04 21:00:00,17.796132747037355,21.071441838545798,71.62441055165996,5.9789066233004275,206.87098881794415,52.01822030280675,211.1042422317454,0
2026-12-04 22:00:00,19.13104944652772,18.87035031837054,73.4681676448079,5.562071875818369,206.92780292118965,48.00946604859159,311.71493212580503,0
2026-12-04 23:00:00,16.183371366445105,18.92086574879905,84.61561628104153,5.816319287289525,204.81865475244362,38.124775775042394,315.42403411534275,0
2026-12-05 00:00:00,17.25954225472898,16.615828452694082,70.81824850973412,5.370004173147837,217.17472641356412,43.54528400456282,198.4955662724613,0
2026-12-05 01:00:00,15.240507749078134,16.386653504374603,68.352677656054,5.799062638740192,192.1408443543103,54.29896444629616,292.9734021075174,0
2026-12-05 02:00:00,15.593131478082057,15.703377470729995,79.96362010490338,6.9721281141970035,251.0232436262278,51.83129245060022,289.6601459099942,1
2026-12-05 03:00:00,13.802165783453704,15.100261400434988,79.28539524034761,6.538320528148772,162.9561574634444,39.4722998677337,303.12197218744103,0
2026-12-05 04:00:00,15.053823826367887,14.653872389282727,74.78528597428303,5.821048852006904,148.22244655491053,38.82503624336022,289.60961100073274,2
2026-12-05 05:00:00,16.36229457754254,15.450261509620143,80.0256476937235,5.86405766596615,145.7395829417428,27.835158394010026,236.5073722883911,2
2026-12-05 06:00:00,19.785053720363834,14.79496777407568,76.85406125890735,5.408173874146179,137.61235642122693,40.70588666417636,266.31068130120514,2
2026-12-05 07:00:00,22.704332315990587,15.204024612086561,58.113411121410834,5.47928435681958,220.19509444460755,27.642110695614836,341.58586145735876,0
2026-12-05 08:00:00,20.792242372385687,17.994261514661464,68.18631960647974,5.944873728841878,216.54103097847923,65.67069687386115,230.68746096201707,0
2026-12-05 09:00:00,25.427005532704165,18.546458210703598,77.47517451673929,5.590042973745406,236.23329475326784,36.448818431332896,287.9143183340469,0
2026-12-05 10:00:00,22.245483873411448,19.052713286881794,72.62244393089722,6.161659837940633,168.30085355883435,56.08980855313217,321.05015495820203,0
2026-12-05 11:00:00,25.158463366667398,21.36739008644511,69.59036215148487,6.427874272391103,222.36384364236503,63.18106207891991,235.3698876455742,0
2026-12-05 12:00:00,26.624010142210906,20.785787585020124,70.3156592225043,5.9330483139124155,201.70472186447918,47.162014085279885,218.32853411536746,0
2026-12-05 13:00:00,26.732717749862392,22.886589700737375,64.40608282616375,5.840694882335971,204.99759497467576,43.99985743613094,224.355906653955,0
2026-12-05 14:00:00,26.62461741531863,22.60456088307841,68.43387990207574,5.127688150035739,218.76868686048823,31.776347439449175,290.798854463056,2
2026-12-05 15:00:00,29.38097915223017,22.043902705095164,64.73313523650981,6.09904409810882,177.3115474681267,39.95399878351225,224.01584908033223,0
2026-12-05 16:00:00,27.741076279899282,24.47843215341668,65.80591594788466,5.342531479384377,277.61747406213465,61.03965047869026,269.58559837471694,1
2026-12-05 17:00:00,27.518855564713498,23.656271982455543,61.76731346925678,5.632796348546632,239.95640912826062,48.51252629622269,329.8508558521288,0
2026-12-05 18:00:00,26.535709029182268,22.367284790330103,65.41744377681258,6.183830356954054,184.04882138013917,45.28348207458838,272.94767502365477,0
2026-12-05 19:00:00,24.210158805476446,22.41016413237335,64.40600161189438,6.211903265723612,167.27785826829955,58.121232091756625,243.88748847356786,0
2026-12-05 20:00:00,22.98664476422556,20.677037252801675,68.8800978057618,5.613396989059953,197.36287514585925,51.96290548455716,280.0163869085354,0
2026-12-05 21:00:00,20.08396825491895,20.698595408457717,66.45678363360093,5.636433786032005,205.46775330746127,43.52126852220237,272.253085837267,0
2026-12-05 22:00:00,16.719509917541384,17.087137147772832,72.38346814258558,5.520272450697331,231.9684577912493,47.16255835673597,293.1063055521297,0
2026-12-05 23:00:00,18.636973802925365,17.148882752634243,72.62407122686491,5.320858501869635,164.93837265295022,37.319349625686925,339.76578215275407,0
2026-12-06 00:00:00,15.054153974337238,17.78340779542957,73.61648807364493,5.546081807158303,208.56460829597498,39.38959353636414,290.870754353479,0
2026-12-06 01:00:00,13.835124767832884,15.971848444678672,77.27276392487465,5.154747992434125,154.12954926755634,42.93701370741341,356.35130047063615,1
2026-12-06 02:00:00,14.733123186293403,15.701932220773239,77.90062229267033,6.073225032603306,213.09072780233356,50.5747106237369,293.21207613910167,0
2026-12-06 03:00:00,13.869302837031753,14.05886816515138,81.76814831888377,5.95780944206475,196.7748733862585,32.526370273099545,244.30674829167825,0
2026-12-06 04:00:00,15.311676600524782,16.478293596561684,82.77227458863482,6.024211713948205,258.1003928685729,45.762403304227284,366.53211976914406,1
2026-12-06 05:00:00,17.566333414039367,16.088720409817867,73.00147804626222,5.418238379769942,153.6199236734097,41.10137839936936,270.0072793061913,0
2026-12-06 06:00:00,19.02251260886919,15.375350210161983,80.24850795570009,5.321971774593977,241.11825144470316,35.990707815337956,232.8043107243598,0
2026-12-06 07:00:00,18.84152158464391,15.847816189763147,78.48322949155478,5.821405709725424,148.88505994501344,41.15508450508346,367.9491465451974,1
2026-12-06 08:00:00,21.26844194057688,17.823683489135753,73.39833883102744,5.82564102598009,160.18369176780487,21.78596736949778,245.6753245527808,0
2026-12-06 09:00:00,25.42323282287301,19.55070017972506,66.66036625903548,5.7410920689948215,149.68716324583505,37.42411325971621,244.1044227185642,2
2026-12-06 10:00:00,26.244600176600912,19.763008204649083,66.50208399742162,5.68420669232486,207.51057825353163,34.005131179240436,252.94117967822365,0
2026-12-06 11:00:00,30.062345027328647,21.772718314327363,66.26044172053754,6.4843103110777545,164.789035677388,42.200839573992354,281.5850565328882,3
2026-12-06 12:00:00,29.83237008710336,20.262118936750465,66.71905419427233,5.970410004717191,159.55005484158386,22.20210177036067,312.2344558979555,0
2026-12-06 13:00:00,30.477920386863385,21.17291766034716,66.50122917768215,6.5882713565865965,206.0830280487014,46.90892743509469,169.04833545247251,3
2026-12-06 14:00:00,26.918197174316298,21.512948720695075,64.30479755020546,6.307586010172653,213.55326157624071,54.09423296406863,312.06001941246006,0
2026-12-06 15:00:00,29.90727131147361,23.217111824875857,63.28611025122473,6.481308370406937,201.19547912450977,43.82703627770101,252.81861590681476,0
2026-12-06 16:00:00,27.982517623945707,23.140482839843497,69.5387113843754,5.370214893457599,195.13342552935342,49.98791873404377,258.48422227359464,0
2026-12-06 17:00:00,26.12327476299846,22.742142406378687,61.933490109819886,6.037268396399211,254.86728897311536,39.87269443598757,343.6076724368527,1
2026-12-06 18:00:00,25.752023010798794,23.11150851763639,63.905488118449924,5.627293804402651,204.37508798725912,29.453788762241263,283.53232639476,0
2026-12-06 19:00:00,25.22955061763487,22.814290008917922,66.20472257390554,5.134645315456186,224.17074421766748,45.01691321285653,292.90805391460407,2
2026-12-06 20:00:00,22.751247386506318,19.779470072570525,73.59649682608945,6.39840126782221,204.28766377069877,51.80378376985219,273.0575954072175,0
2026-12-06 21:00:00,18.870555982269263,19.55769855808919,78.33119357487,5.682522989717748,167.06371135235946,31.756118743923423,305.5457033552934,0
2026-12-06 22:00:00,19.61368837038893,19.65611487529845,71.70925339954361,5.377959347893326,216.4966304570605,40.347727236781644,339.72042291819514,0
2026-12-06 23:00:00,16.093871218580226,17.59053287250305,69.54430726580519,5.634174454700522,180.32608065590622,42.528835990955834,175.99738867707842,0
2026-12-07 00:00:00,16.26284685195536,16.36143513891348,78.11550349913341,5.481510350890472,197.2704158588229,73.51407645284945,318.3847196294497,0
2026-12-07 01:00:00,14.78349411476082,16.986402817374124,74.06822637564501,5.522520812953333,209.16208045680278,47.23371194719892,336.8813225550141,0
2026-12-07 02:00:00,14.671700622396562,14.50429832908306,71.34427822992302,5.71135864392694,141.75745799340072,25.944264211362228,295.0425299160237,2
2026-12-07 03:00:00,16.387883678537285,14.895032848610843,70.41518178208668,6.492326077217897,151.71493628324814,23.4714909815779,247.90550309180605,0
2026-12-07 04:00:00,14.377531593785083,15.262915220643848,80.7788671266857,5.53347311338215,227.2837751749269,52.3049883026375,228.9091020839929,0
2026-12-07 05:00:00,19.968045143109567,14.677240763715632,79.24353263293256,6.463708265687676,180.08760660203168,69.85031975996529,369.47382747653046,1
2026-12-07 06:00:00,15.768370896058256,16.162422909672788,77.6724275059113,6.1395347183918085,181.51034032673417,42.19025515399281,238.80065253508542,0
2026-12-07 07:00:00,19.291765159400068,15.716471295095912,74.30678508194974,5.958508625434434,204.9931519211246,41.591804079414906,335.7056628422501,0
2026-12-07 08:00:00,22.55531783491261,18.126895594756736,75.24809329249449,6.09924801290075,188.42982208634393,49.30774176197596,290.62045297903086,0
2026-12-07 09:00:00,24.68820456537061,17.8641267815933,59.05187997613749,5.805462265534983,212.5276514492837,37.01703591654891,356.83323224059285,1
2026-12-07 10:00:00,25.34928641914244,19.537016109364284,68.58173840503044,6.31442004154537,198.4663463380087,19.55845379571327,262.2695934276054,0
2026-12-07 11:00:00,26.86366141380352,20.632095342796337,64.10565738184167,6.02679210530684,205.95808850541346,55.37264389275686,210.69676305532448,0
2026-12-07 12:00:00,28.678002954482494,20.497967997804743,64.81668374878134,5.134133605989795,178.94424829273242,38.868178715981706,275.0868338878377,2
2026-12-07 13:00:00,28.414876567836956,20.18563788582148,59.88472857657657,5.918500772755986,205.80784469842783,55.50117865821371,215.54209448398333,0
2026-12-07 14:00:00,31.08977188690236,22.75270621886882,55.00258728358476,6.113589257197046,233.15267260506332,37.3901320968932,382.0824212483039,3
2026-12-07 15:00:00,30.02050445537088,22.92153398285617,61.07793917498297,5.684399512559513,182.96755351657404,46.21779127460538,300.179928963235,3
2026-12-07 16:00:00,29.371414352999526,23.4446608220601,69.40025939307287,5.8505023490855725,227.45954900816454,53.548319474886945,306.1252179741783,0
2026-12-07 17:00:00,25.500512383250207,22.682481327250006,70.10393566280707,5.554856802130237,198.45319045032053,55.70350951071872,306.15081132104217,0
2026-12-07 18:00:00,25.380917363391447,22.11975945609718,63.40443531302981,5.248949737574575,222.03444967933814,47.32988667481424,247.25641277506693,0
2026-12-07 19:00:00,23.36103439263659,23.43520553353155,61.66189854892969,5.179849251627504,203.86313955059333,46.83239095799,269.7187802993178,2
2026-12-07 20:00:00,20.4915979364658,19.822116750791377,63.39974605775211,5.185172805172455,198.99767239706222,51.197061801791115,279.4145852543909,2
2026-12-07 21:00:00,20.728512960201005,20.622436563101473,78.1062817070112,6.067617896988213,210.491890462291,49.64169534394152,352.75553853677826,1
2026-12-07 22:00:00,17.693531363330276,18.540318513453286,70.39235092332453,4.803887316649468,236.40792686906747,32.08819465828687,228.71632805670671,2
2026-12-07 23:00:00,18.033358276469524,17.69610092539758,73.13240300326189,5.533408029214607,207.08291882645227,32.27917645696158,245.856644409808,0
2026-12-08 00:00:00,14.33253482916743,16.746317733940828,85.80701383538697,5.493738685901849,214.35592492725192,23.909408969791205,260.48275575095937,1
2026-12-08 01:00:00,17.81708013523925,15.528825455916802,66.94999656031794,5.687136185605014,188.94545259269896,52.665080008396465,248.05413363557435,0
2026-12-08 02:00:00,13.655501012111907,15.992877753051236,87.474721332841,5.057427380025519,247.12659421985077,41.042702262889996,216.64294181929796,1
2026-12-08 03:00:00,15.567472721777175,16.248811571603692,76.45083046440489,5.961555237896247,219.21011332789016,53.20197245376302,166.81181918300297,0
2026-12-08 04:00:00,17.12561113909103,15.37601092899733,70.10635005689707,5.29073544233604,202.33125380075018,49.03710573454491,201.92622137315067,0
2026-12-08 05:00:00,16.194291886393998,15.219002291813403,75.73009510058264,6.2529622162837075,196.32038983235975,34.975733184290306,318.9611973032596,0
2026-12-08 06:00:00,19.778702965149424,14.74674598558285,69.0525725348133,5.5512937249644665,229.3372480781933,43.797775664652214,274.6712439608312,0
2026-12-08 07:00:00,18.34449128758173,16.58503308791337,76.5907094494305,5.761754790635232,181.8138776886422,40.451779483359076,308.42155665016276,0
2026-12-08 08:00:00,24.17817654877384,18.72507970538344,64.1455259720325,5.801509542622083,146.51374951186,38.90776519736438,251.6994561636655,2
2026-12-08 09:00:00,23.832957213166285,17.66016812055384,58.242240289605235,5.897696421144229,202.17198798273367,54.152873254932814,271.0665735896363,0
2026-12-08 10:00:00,24.60538288804668,18.69921313651851,65.77072786229904,5.814805750998457,235.7001371934303,70.10743470547672,339.5263000383553,0
2026-12-08 11:00:00,26.500974809664683,19.586404875625284,57.81610496696968,5.629155780506947,247.7392643355402,56.16203641743548,337.10890422629666,0
2026-12-08 12:00:00,29.27555673058015,20.608468612404465,62.290931343245425,5.937219412277617,196.7811816969836,44.73043632642596,312.67888530369095,0
2026-12-08 13:00:00,27.884797846247817,19.632187481808284,57.002590923086,5.986458852197981,201.3076299182535,57.59507759956124,283.09671149161676,0
2026-12-08 14:00:00,27.875963465865834,22.788129923822325,60.50877982510057,5.493946133156152,215.58591297547866,62.12902650310804,295.71877710196964,0
2026-12-08 15:00:00,28.42917588764787,22.187261564072582,63.19792795589424,5.970547127589422,192.06951743408706,31.076292176897027,289.82553194581567,0
2026-12-08 16:00:00,26.29673465733612,21.71178950496656,63.781624786025304,6.276688120960678,215.49217845173447,57.248547613625306,268.3229282538353,0
2026-12-08 17:00:00,29.680563330218558,23.466255264942312,62.035475418742955,6.082357678441821,197.43794746795197,52.69682018743205,258.8252076223841,0
2026-12-08 18:00:00,24.650408113177914,21.598487387104203,70.22094609277529,6.172950096658875,230.3410477157054,56.881190566564996,319.89471781204503,0
2026-12-08 19:00:00,25.059158494988253,21.557491881639187,60.53934130735757,5.868768339562978,221.6894153929347,53.13287456016901,223.1748980441546,0
2026-12-08 20:00:00,22.31420512547166,22.173153912950863,69.30096614631047,5.425539821570048,224.30683496907298,42.722709924658595,334.4943310899457,0
2026-12-08 21:00:00,18.7114656085594,18.90790354199047,57.298722282188066,5.476142216118542,193.84047065593737,65.32870644182768,263.9822877300874,0
2026-12-08 22:00:00,18.491067936180904,17.77392141232179,75.44738498499554,5.927955187141764,257.7778196150678,48.39598608582149,222.4378598120927,1
2026-12-08 23:00:00,18.226256700660294,18.18016877123979,73.02442130733343,6.177105490060924,214.51735827138415,40.656729793057465,253.17980569213552,0
2026-12-09 00:00:00,15.65543017087947,17.919589891208293,72.69623497755478,6.914364765597622,207.41882160460494,50.05978015040374,240.02368451634905,0
2026-12-09 01:00:00,17.028188634753064,14.912099501068237,77.54477074977895,6.192728777775441,177.17171058299084,54.7239590172786,251.973025915846,0
2026-12-09 02:00:00,16.532273089172797,15.862050174331987,82.42476017891798,5.331825697000999,197.08784539554338,45.94761075861996,251.2418592525134,0
2026-12-09 03:00:00,16.616891497964016,15.601096326813082,74.07964146444847,5.493090971056007,203.43139282107907,48.93136383522225,249.65220914499108,0
2026-12-09 04:00:00,15.248337015099436,13.352671613046144,73.37792313067207,6.711406926382399,176.369681107271,45.88367082103651,262.6817172744066,0
2026-12-09 05:00:00,15.430488860021935,15.775097765169503,78.70853968016723,5.714244427209288,191.23048562692736,38.399242668993566,272.4090667175571,0
2026-12-09 06:00:00,17.579618591955807,16.23718308873599,68.62642435642123,5.819005853904515,195.02599945690972,36.781755413722294,305.5543854072387,0
2026-12-09 07:00:00,20.482628095282436,15.922144416648988,68.51893943298339,5.4158332318363085,201.67761982769656,30.97183713428413,265.201894720516,0
2026-12-09 08:00:00,22.818680070298534,18.001877089838406,75.12959472389427,6.4260413622296975,147.1187902987519,60.18020034046745,288.04083226510375,2
2026-12-09 09:00:00,20.554376208576976,18.873888279049794,72.04564469876907,6.00013328292825,195.94188377887207,42.76582751870339,275.3012524819415,0
2026-12-09 10:00:00,25.487830197582376,19.082494340573763,56.41726894317031,5.4901594608458755,188.67961450760205,10.724248982447108,296.6232308197184,0
2026-12-09 11:00:00,27.18688130629061,19.674119868150136,54.79078419605426,5.4024698844570915,199.37347551125302,48.965330792795086,276.8670135862344,2
2026-12-09 12:00:00,27.645861442017743,20.221737685933633,64.03539473281259,5.922881578359148,231.05829698540768,48.75827104507302,249.1271289873212,0
2026-12-09 13:00:00,30.698391542547295,21.79837631725324,63.87388302853169,5.817682469952181,261.5718647636362,26.334323171696045,238.27201389437656,3
2026-12-09 14:00:00,29.632670111376306,22.919908750901097,52.75268857321768,6.132844086888451,220.35131598933881,36.676037916667376,283.4091839401686,2
2026-12-09 15:00:00,30.726768646144823,22.604361816323763,61.776440662108755,6.01878738925088,162.96733483800992,36.23710965439071,325.9351395960255,3
2026-12-09 16:00:00,27.738237045965725,21.241999195790378,69.76583308228972,5.694207860492551,189.63779144502396,37.577323092077236,265.8350149196106,0
2026-12-09 17:00:00,28.35596370706622,23.878674420817532,71.81213849131373,5.582479361815453,217.87889926493273,57.1277586170357,246.9654538468719,0
2026-12-09 18:00:00,27.95259959179128,22.61628019261367,64.51299428914984,5.736023140680466,214.49871489287068,43.511224519331634,264.7531729891372,0
2026-12-09 19:00:00,25.77927348962664,21.524727527404725,67.99888478521041,5.579727661337294,229.61977206359222,40.72765115183849,252.54421956390044,0
2026-12-09 20:00:00,20.3617876098569,21.68572671073863,61.299932730030996,5.747921786878095,197.07947017128214,56.22389942220593,248.32077923552345,0
2026-12-09 21:00:00,19.807752567968784,21.25498705759629,83.1294596584174,5.806576371447752,189.09499266903484,49.95347745183705,217.25621673998995,0
2026-12-09 22:00:00,17.982252941825305,16.758470744409685,71.94384540432902,5.440827642647977,252.57272011748117,27.59021742023451,265.22366854952446,1
2026-12-09 23:00:00,17.78413433430866,18.312134739527576,70.3916830067044,6.052271944839152,201.76011810108912,38.83376360832097,284.4310861537355,0
2026-12-10 00:00:00,16.96735250603073,15.858680631351723,74.76314632056501,5.651828914212132,169.49976871936656,48.21962087133946,231.72383371207792,0
2026-12-10 01:00:00,13.980180204937918,16.570861280692963,87.18215082500166,5.463246259885862,244.25400971098765,35.66109865987967,239.86640998928584,1
2026-12-10 02:00:00,15.101757770875407,15.638240146761909,89.31812091266724,5.6593570286872525,155.11713525816666,65.29554788421132,237.07752022047148,1
2026-12-10 03:00:00,12.208628217742318,15.644877915996167,82.37668953608845,5.896903262648114,95.14864332534184,46.128787636525836,219.53288131815194,2
2026-12-10 04:00:00,18.100739682211767,14.600601908404276,79.66953324436415,5.833215279925321,223.0816027411272,37.46623660422475,236.77631585442933,0
2026-12-10 05:00:00,16.281691170679125,13.637704605388405,77.07799083861258,5.9688472459617845,227.32102913073894,33.7705635666395,267.08574284696164,0
2026-12-10 06:00:00,18.583795909766746,15.175603831856911,68.91046754318899,6.159338450030211,212.42038825834072,54.27527588035703,221.31768775820646,0
2026-12-10 07:00:00,19.723792113300263,16.497050983365636,80.11516781798113,6.321976081603213,160.9263174802385,38.521380630060435,269.49830130140657,0
2026-12-10 08:00:00,23.719041362520123,17.81231386294018,64.8265129631939,5.914194465075221,198.23390434273037,48.79924178291707,246.8613283015834,0
2026-12-10 09:00:00,19.555473653621576,17.0272587792119,80.61108548251353,5.372239045105801,191.65494279338387,33.48480643125567,237.8407176471882,0
2026-12-10 10:00:00,25.475084486511136,19.821648341498413,72.32260526503205,5.692355678987879,183.88132967322832,45.70197791524503,290.0883526549253,0
2026-12-10 11:00:00,26.791019332059285,19.516978348692867,67.3209581213149,5.398272646246797,242.36208292427838,38.64114102116539,249.3949757874439,0
2026-12-10 12:00:00,27.381723245103544,21.289959905275623,72.68680588714751,6.4787416294849125,168.60001824104933,41.84605586524946,256.199445357294,0
2026-12-10 13:00:00,31.350820602476926,21.420511962453684,69.94074544295638,6.594960353010865,209.483133593192,37.03719199614543,326.9202724000087,3
2026-12-10 14:00:00,27.669005811716342,22.609838117307437,62.320976211118825,6.060124478998537,235.82140950987724,55.25626277808271,238.19777465032115,0
2026-12-10 15:00:00,29.91917504987697,23.577205412812493,56.45301934806548,6.1433835370556125,211.44324575957114,40.08996024875674,337.63498190369455,0
2026-12-10 16:00:00,28.5965570095502,22.018388738169172,52.7627824022574,5.900377277294663,237.23355117486122,43.56542805080298,261.0883548378936,2
2026-12-10 17:00:00,28.84202634710911,22.319778587758808,73.01297966062036,5.946422366184317,216.91144167286788,44.04857719201256,229.5546146851214,0
2026-12-10 18:00:00,24.499216372833743,22.612071685011422,64.80253030800726,5.161018312668351,212.88049011476087,61.12270121633628,252.84206635751931,2
2026-12-10 19:00:00,22.712279967032007,23.749694053570472,74.82044832507029,5.770427053897236,211.0050460649644,53.903085873913994,277.7509962648948,0
2026-12-10 20:00:00,23.644104861216096,20.309448230266536,64.32079732899327,5.447538775061496,218.4032979995045,52.90680758277959,325.1801543936285,0
2026-12-10 21:00:00,20.82624864677752,21.667383289207617,79.09982982842716,5.912542615015348,188.43382707763217,29.221133769736984,306.9529923425312,0
2026-12-10 22:00:00,16.182593979984862,20.603538642940137,73.4802992649411,5.776156061844586,160.9437844438164,38.43607612397461,277.5562739934283,0
2026-12-10 23:00:00,16.241295009999263,17.886874899028644,70.95185031991417,6.578728784938446,228.6213023438993,56.886187158289154,325.39823925956495,0
2026-12-11 00:00:00,16.51739615428102,16.76147797904008,75.53659246009403,6.166651075489137,234.852269015173,33.2906918457835,199.75851808530058,0
2026-12-11 01:00:00,16.495165548296406,15.617920716322056,73.94692283723613,5.913804793008658,207.5593643271813,45.840135481217295,284.9776612023942,0
2026-12-11 02:00:00,13.981154020210568,15.48133636059611,82.60411410305338,5.693224125144149,183.54873141096888,34.34738495739211,287.397589065024,0
2026-12-11 03:00:00,10.86713523125111,14.010921148796081,83.10246308653605,6.470408583503971,153.26848650411085,35.35092744590593,287.88569870315933,0
2026-12-11 04:00:00,16.72265695211448,14.939008786143521,79.47132363022223,5.788018141549388,202.57421299770164,61.807856528642034,210.59395336045162,0
2026-12-11 05:00:00,15.219771496778202,16.333800913924414,76.68116683843968,5.932669584654111,159.53148965846086,52.19270641576389,234.32350393286106,0
2026-12-11 06:00:00,15.473991802816382,15.047030334880873,74.50567298152632,5.816899841770733,155.33037492086223,54.83140227794587,268.34102311369094,0
2026-12-11 07:00:00,15.939777796806142,15.978993432062568,74.35446390435226,5.638338437717071,199.37805415952923,52.83741480163779,319.5916601984591,0
2026-12-11 08:00:00,23.22097129029661,15.639087620586206,78.7595284417992,5.814602488954208,177.08691496435955,43.607116377704976,351.6105798287065,1
2026-12-11 09:00:00,24.004659491325096,18.263973490094752,68.72026327154457,5.015213259728673,210.35928668494313,38.08403292096103,248.4225899366631,2
2026-12-11 10:00:00,25.161515428931622,19.211585347961098,56.287370438016836,5.180917439503525,195.22113192314376,40.979097405825065,222.60612832115618,2
2026-12-11 11:00:00,29.033284012749977,20.0862380682227,58.959014117429625,5.939852216667851,181.8009630133217,43.081735456132535,307.63045745700487,0
2026-12-11 12:00:00,29.018164851025677,20.826538359822287,62.06253234114857,6.427279876210994,148.85254757813104,62.762860693279166,379.57480045203533,1
2026-12-11 13:00:00,31.185930848106352,21.59422078972823,68.20388138852428,5.939288441657667,174.41335622508927,31.636435689704705,319.27762533204736,3
2026-12-11 14:00:00,26.910896791749504,22.865621802098293,69.2504174293501,5.511852458041338,175.5159052984673,39.46338551381206,245.05469104023896,0
2026-12-11 15:00:00,28.70965484809253,22.840650023885377,57.33982499987939,5.222858498373066,163.24076979455114,35.87036633694618,389.4455717286885,1
2026-12-11 16:00:00,25.63710776406905,23.251977497244265,77.72724945097939,6.113810904190255,190.12867114272845,55.5662319752048,302.47198481875654,0
2026-12-11 17:00:00,26.605673970522634,23.035689559119913,64.31738941136545,5.5731219395939595,165.58244026476046,63.53788259339097,243.35947145633224,0
2026-12-11 18:00:00,25.127076219349984,23.362843444814363,72.47915759215473,6.0572941674210234,195.08771758126355,48.08786359826396,352.3720866535084,1
2026-12-11 19:00:00,24.75165377161225,22.370022402646235,60.92297298706579,5.955946063226286,207.2123364100597,48.91015834843584,240.2003275440464,0
2026-12-11 20:00:00,22.068345821712846,21.15428947452015,57.9271695376901,5.9913201569018755,175.21490136832466,45.913209230419355,250.15645925352226,0
2026-12-11 21:00:00,21.123377391702228,21.250013804931825,64.00978967811552,5.8134406829414225,212.76225888255755,49.37478989281125,304.06483289364496,0
2026-12-11 22:00:00,19.55516019970834,19.33621482324525,56.68214037937146,5.953457753987856,159.15926386256888,52.73155162357627,274.0037872844298,0
2026-12-11 23:00:00,20.282645547768883,19.008693970622254,82.62127197894188,5.7522182394974655,166.63467804811128,49.25640512886822,276.4802852801907,0
2026-12-12 00:00:00,15.464877190579742,17.48555408670931,78.91481196573639,5.545877386252719,196.60348107125694,49.98834328278295,276.5476600657119,0
2026-12-12 01:00:00,13.826985164976954,14.698037612108575,75.18439770978749,5.4146003757935794,220.61123275665915,52.75414363493875,319.57919703480644,0
2026-12-12 02:00:00,15.369125422974614,16.57976619551771,80.22016964233106,4.845996480811609,226.021986244678,27.21721898744933,182.02437441153506,2
2026-12-12 03:00:00,14.035099175267208,15.244437687917863,80.50455117058017,5.727556175038196,248.37171866472679,45.020089301457254,286.3805554354588,0
2026-12-12 04:00:00,18.160763326163735,14.958436183279378,77.71175098667348,6.407751273180781,188.70233375547468,48.052090420845175,263.3918649167793,0
2026-12-12 05:00:00,16.625425473276316,15.361375372835388,82.49714643774976,6.092032037015039,196.17496043965087,49.16148180519291,244.90015869877536,0
2026-12-12 06:00:00,17.651635448189015,15.259911855296593,73.76843169704811,5.891083647390383,169.0197341294604,43.291137382160464,244.79454328266664,0
2026-12-12 07:00:00,19.48129310255568,16.353195963564964,68.62325174642825,5.50639800228434,162.3870100402693,46.60751499797152,169.5156132312312,0
2026-12-12 08:00:00,23.07762613520746,16.526499146925527,72.84572470961064,6.198935690303631,206.85716258982575,37.80093595319232,243.06327585595224,0
2026-12-12 09:00:00,23.575112840870418,18.98414162657741,72.12152848037782,5.75227627527879,176.72385501661273,27.251552643022702,326.6185089975735,0
2026-12-12 10:00:00,24.537499769804427,18.90912950910316,67.45867931684141,6.429973725515623,236.97137600051872,54.83137101305657,308.2821951211016,0
2026-12-12 11:00:00,29.44777534474113,19.729209106232137,71.9504405297145,5.407565094682127,156.12842804397826,33.65628396680496,267.3447295042203,0
2026-12-12 12:00:00,26.777923065498445,20.26005934742458,62.07738170709361,5.5000121888109375,214.59059617474088,43.395461368862385,218.54977112637374,0
2026-12-12 13:00:00,28.814829895072965,22.043447756065106,57.3229142677361,5.461092022312148,169.82782283548912,37.50870367097994,307.87479089036515,0
2026-12-12 14:00:00,29.978459227415346,22.613787295237827,62.51630606463459,5.207152651826394,175.3865459968375,60.870092798760794,327.39393646641673,0
2026-12-12 15:00:00,26.314478118397865,23.17444299609828,61.44793697335507,5.425182125923294,216.17336195756093,44.20355285491285,316.3677868319066,0
2026-12-12 16:00:00,28.78256857859996,22.178198489995896,64.33850032640453,5.841286503906367,179.72358691676274,41.89543537117934,236.2509778005452,0
2026-12-12 17:00:00,25.36708595508516,21.582758346107017,61.794455574700606,5.515119590059749,184.526477974403,52.47865868725982,240.40485276549254,0
2026-12-12 18:00:00,26.734174171251002,22.964574657143,62.31777957983936,4.257449868303761,175.63524909345296,66.56474167608187,341.23645035376853,2
2026-12-12 19:00:00,22.36775679783918,23.016140614247398,79.0128939427888,6.229709318968048,253.55089374840324,49.05689527058088,226.6291583401216,1
2026-12-12 20:00:00,23.039153547773292,20.178917102088082,66.72507895893365,5.126362508261037,181.4754106675997,41.225805383681646,294.1285346206228,2
2026-12-12 21:00:00,21.84701628372442,21.30682920725944,66.18932273944421,6.035691313954654,201.54656652298289,51.965939813546896,203.8905541170722,0
2026-12-12 22:00:00,19.792154788449206,19.227128846989103,78.50280819739345,5.812485835867825,193.94259199156778,29.273209314184346,262.9873853050434,0
2026-12-12 23:00:00,17.427227504051324,17.95907349594925,70.23211724370495,6.646949126568137,206.64251185172785,45.46429260064397,298.4060160293742,0
2026-12-13 00:00:00,15.59087075911438,16.681961042763376,74.2262389383274,6.198782992609048,181.55789159102196,64.93957654956412,273.8013617143155,0
2026-12-13 01:00:00,14.373889851474257,15.063958459713811,82.03413778077586,5.59815816180601,193.9754829637505,46.57747396685772,295.9565328422043,0
2026-12-13 02:00:00,17.206552036225656,16.326081197601923,80.44419467589567,5.519174575057875,211.81856026981805,46.077776561576485,225.95179697385018,0
2026-12-13 03:00:00,14.189276385725057,14.515811605693644,85.4752502925353,6.401091072319714,174.10978585991023,45.206365403575056,242.19992142017378,1
2026-12-13 04:00:00,14.382223063153937,14.37615465940992,75.40522316311285,5.209651561159435,232.67964069884462,41.045237195738004,294.27273513995476,0
2026-12-13 05:00:00,18.048305934243412,15.929837742753291,77.7220762438385,5.876351974367483,235.56441557124896,48.1449067236487,302.87552568209503,0
2026-12-13 06:00:00,17.305794795220258,14.029511627524865,73.30250524801478,5.747551814700131,218.19477878476218,52.75273011660303,283.7925141225145,0
2026-12-13 07:00:00,18.763171438083162,14.952694626719275,70.85591610674703,5.662709572518129,202.0962915078945,41.68179947509225,312.8823096663325,0
2026-12-13 08:00:00,19.83459360674535,16.985492605193535,78.614551583367,5.94140559377937,110.28195655386392,20.09248261699179,208.71168245714895,2
2026-12-13 09:00:00,23.08736855652687,18.1993513627938,65.94738575286982,5.87582394420347,212.7287339796339,49.65617505278754,256.3520819861256,0
2026-12-13 10:00:00,25.37592746415526,19.38778771837514,67.33991002311858,5.982960297116698,188.26008784313407,66.33126076520104,347.90735092904737,0
2026-12-13 11:00:00,27.31438505979688,19.79383738569308,64.40063527439693,5.855590260945314,192.61176765747382,41.237385919438694,326.3387531597488,0
2026-12-13 12:00:00,29.489137192940294,23.024295734913352,55.65926348677914,5.967072562006899,143.0786800843155,30.288366172433964,300.34552660030175,2
2026-12-13 13:00:00,29.551827669522165,21.646113077733524,65.76827107335501,5.837346077172637,214.8076545762258,51.774129847324794,268.7853210657799,0
2026-12-13 14:00:00,28.71369167067023,22.279472693455574,64.7449744635905,5.536229245113474,156.54256859519137,62.43832264184003,316.39262513399876,0
2026-12-13 15:00:00,28.464187269453895,22.22611397010517,52.31152221730322,5.801600504094638,203.55273637974182,50.29373569715236,292.1656607864643,2
2026-12-13 16:00:00,28.82741402986385,23.099125453216857,63.1942087203501,5.514245376118392,227.13972445729524,62.2470005416651,214.30238541571083,0
2026-12-13 17:00:00,28.858602712698687,23.355672290793695,57.90480957392847,5.48784935810766,185.92015456047343,52.93668545625713,314.8304978822452,0
2026-12-13 18:00:00,25.6894712992248,23.426964058764522,71.05801097299339,5.665539998912899,236.4815517568532,52.06850985677693,240.35826342711067,0
2026-12-13 19:00:00,23.10803703440203,20.63699971319402,61.44335637481377,5.752230735705663,177.5902886537846,39.819993172578876,305.3875300007271,0
2026-12-13 20:00:00,20.510700998371682,20.803203729315438,70.00477395880625,5.814090122539124,218.01299230193004,47.85406890753217,210.36108845022807,0
2026-12-13 21:00:00,18.020458787664015,20.3926390690574,76.58557220974551,6.166551530945332,160.85642745624418,44.70529043282223,338.9607732840083,0
2026-12-13 22:00:00,19.499404508065286,19.46964602767563,73.27241606103102,5.600614366983662,230.9339130404157,44.36264279433348,264.0041448479152,0
2026-12-13 23:00:00,17.917220317153507,17.96996274583355,78.71412690298565,5.878740770589928,226.2797114773787,42.461348720489326,230.6265467111529,0
2026-12-14 00:00:00,16.80386746116892,17.43393917562568,68.64324911655085,5.847211085577527,214.05073768891188,47.25613467458554,247.45979067716905,0
2026-12-14 01:00:00,15.04553004644844,15.524401760913168,86.60493562859877,5.556548685013574,188.20147590158567,32.036550158632735,261.5260361074518,1
2026-12-14 02:00:00,17.110402118837627,16.78222273071693,78.49324075133622,5.8294963144826175,157.93998129715663,53.11718399281575,274.7692113429092,0
2026-12-14 03:00:00,14.512341474099296,15.93039917722727,85.78378129608532,6.201088566070926,188.2807905434163,36.22254707219804,327.7258254535866,1
2026-12-14 04:00:00,17.370726029319737,13.924057770347861,79.92632961098252,5.87460248675336,233.30921527244368,42.49728774995292,277.8057046590963,0
2026-12-14 05:00:00,16.99213818920985,14.276214256350322,75.95138360067295,5.890633571610923,203.89885614707347,48.30559893035165,188.16332809109917,0
2026-12-14 06:00:00,17.587473852980995,14.698360984776722,68.874040321867,5.517868667622933,153.4088921146265,35.72726581604488,225.81045951324356,0
2026-12-14 07:00:00,21.077062145258996,16.713948851971033,68.2897595194457,6.58754354048195,166.25817081740178,25.335369376947472,385.30139169664403,1
2026-12-14 08:00:00,22.61445417802599,15.972217786866025,77.2104716506817,5.540657451871,237.5945420255684,41.16953322302493,280.41555182651706,0
2026-12-14 09:00:00,24.347192454618035,17.699904352223452,74.11055796274026,5.1328866157810085,214.63738256383658,30.689025074163002,313.0316045604194,2
2026-12-14 10:00:00,25.621917633084298,19.36376351713342,62.55569893978039,6.144073648087231,162.97999637780217,52.12310932670471,262.66615442024647,0
2026-12-14 11:00:00,26.892907845730587,19.982343432772936,50.036989154112405,5.75407318414063,147.0250551147622,33.46496427457874,234.81554743172552,2
2026-12-14 12:00:00,31.64473581579673,21.207110012570165,57.36286834951834,5.67878327162117,181.248735961998,59.85155563709162,255.74871110472785,3
2026-12-14 13:00:00,30.537865751817737,20.975784955667184,58.31604665717313,5.581778487835389,144.4592387603024,44.94207110764775,280.1330433623361,3
2026-12-14 14:00:00,30.084240342478267,22.93998511385555,59.050048528824156,6.548685849726335,195.32496529979,45.591741945942296,256.5905465109173,3
2026-12-14 15:00:00,28.929179521328557,22.373133791175476,64.32768058356274,5.941836111441873,273.5487611550891,25.193686714553362,351.73871066119057,1
2026-12-14 16:00:00,29.572913627386075,22.740304260481647,65.29356654374503,6.019900488658034,152.09131772902484,46.44862628850523,250.34988823093502,0
2026-12-14 17:00:00,27.72673963289301,23.053888687481063,68.079410176026,5.865046249432907,194.41923010381353,44.19820083126747,232.80657558998956,0
2026-12-14 18:00:00,25.539307129161053,22.546564192362432,67.98137714568357,5.908019845378078,239.3577972599375,32.0091096507453,307.35211038809274,0
2026-12-14 19:00:00,23.356386827818774,21.847611139958666,59.36848229700429,6.359449844223765,222.47263574900285,45.87268338796809,312.2801001537979,0
2026-12-14 20:00:00,21.87862399350597,20.399498542418595,68.43965254432636,5.699658135508922,195.53777855602584,41.02076989192576,276.1990848615394,0
2026-12-14 21:00:00,15.432628080465271,19.795636651450728,89.40129522118762,5.217224981791708,195.60953989495408,42.83212182104641,250.9142550983709,1
2026-12-14 22:00:00,18.81590125894646,19.001746872669628,75.69200216327664,6.1472218616911105,165.32270652726262,45.25881762194046,198.97364743307935,0
2026-12-14 23:00:00,16.31753841152863,16.86465563305625,78.65805174838498,5.9986806448969565,191.9703268998334,40.285457868417986,323.8288608977644,0
2026-12-15 00:00:00,18.326827170933257,16.629973626949297,76.20523709374939,5.8431919251540165,207.3032214272039,47.46456626948868,309.7424363968684,0
2026-12-15 01:00:00,15.267535322194153,16.481716778480084,80.15585572589696,5.988301296619114,233.1534062982227,44.13444517649037,257.40446721003616,0
2026-12-15 02:00:00,13.216554870697557,14.51394910178597,68.62457324973332,5.65170231188233,181.39473129455732,49.72768468386575,277.38289913718904,0
2026-12-15 03:00:00,15.163698984784345,16.06156201611912,77.00593963370343,5.808277033141704,194.30494615809613,39.713254060280086,265.9329126991355,0
2026-12-15 04:00:00,14.368640545915174,16.015690610079876,78.96816718592834,5.747319898456036,171.52359557729952,34.350802470660405,340.1492096514536,0
2026-12-15 05:00:00,17.760363655262864,14.140176234075659,81.49504060995163,5.563404697171633,206.75975538621515,37.911314715618616,233.48326788183095,0
2026-12-15 06:00:00,18.936421046509228,16.62199409130236,73.9146592173004,6.275669113242001,223.5133835092689,59.426567688517785,250.19754023920322,0
2026-12-15 07:00:00,21.625026130944754,16.0567076042841,62.21741170985659,5.23509654903288,218.88944040289684,54.55966526206747,246.33095043744086,0
2026-12-15 08:00:00,20.813677312458154,17.334811647325644,73.57403300590897,6.744352868725187,164.89438773672936,57.13379132599109,287.40645145769093,0
2026-12-15 09:00:00,23.862745460059866,17.56740297788732,63.74558220671444,6.15094488368259,204.40589628369244,57.8271395817022,277.2451781478909,0
2026-12-15 10:00:00,23.452467306860047,19.738435861781408,62.17311102636086,5.088809786119059,179.68062415249435,40.33681942826798,283.00272653851266,2
2026-12-15 11:00:00,28.001989641192907,20.360151395489016,58.62681719698561,5.710333468203628,230.331500469585,47.95811935408463,239.77571497835334,0
2026-12-15 12:00:00,28.840484597151253,20.348677394721918,64.50393963174108,5.732581633638577,195.16061831679386,45.758390028479624,334.3958732164158,0
2026-12-15 13:00:00,29.505188315564833,20.89626552477396,67.28758022012255,5.956754651576845,154.41459985276748,51.595385255914216,256.83819571115055,0
2026-12-15 14:00:00,29.00242854703541,21.295859666970376,64.01173546944544,5.404248691704112,193.405918831768,42.108317547690326,322.503597975861,0
2026-12-15 15:00:00,29.383640120206664,23.01405672630248,64.29974797383711,5.812810137347287,213.75417707596642,45.92974157091004,400.5645598912538,1
2026-12-15 16:00:00,30.468686488953967,23.45797712942379,62.20280257744525,5.751552240750941,207.320181894284,45.72271477619685,240.0665578474249,3
2026-12-15 17:00:00,26.522106082742813,23.38447584817983,65.08010858501096,5.504952654970625,184.64611959044058,50.322623999156974,288.6953959948519,0
2026-12-15 18:00:00,25.707967775565127,22.36971673945185,69.03509184413564,5.449299107411507,182.44179830386562,51.55717221071599,269.73585446976324,0
2026-12-15 19:00:00,22.18254386694553,20.9028299602147,57.68707002431826,6.167521858680943,170.3748680535105,45.936710323402004,356.23526219691325,1
2026-12-15 20:00:00,20.6976085576025,20.454340161580973,72.11831148740116,5.121366983982963,188.15751138994082,46.23990784065808,263.773842900596,2
2026-12-15 21:00:00,20.334986623922315,20.957155091579622,66.77339087818196,5.991151574438421,174.32963100422592,47.25898020748704,284.94765910072346,0
2026-12-15 22:00:00,20.15590032005286,18.612297148319936,78.02743247865726,6.1190041227512495,229.10257958531943,61.465514206230424,284.0747327804531,0
2026-12-15 23:00:00,16.66583129531681,18.0794579241351,75.66522591953552,5.712576664664633,172.96587827805152,27.700022086830682,270.98404920208634,0
2026-12-16 00:00:00,15.583947379540742,16.13947961314009,77.85400358589027,5.8209491358899985,203.66853387086604,35.303203387821924,305.2189507146738,0
2026-12-16 01:00:00,14.62819134921996,16.440839311621037,71.32081100966703,6.265397999878952,201.62911709979,51.73679596445942,278.7358560182018,0
2026-12-16 02:00:00,14.197864993733516,15.169750735518983,84.44671645258404,5.518059395710377,228.37002343654734,47.697843988390915,294.27406952180326,0
2026-12-16 03:00:00,15.680976399539755,15.973666865864338,80.71946892192135,5.5593390284443505,232.68104866875112,47.62749550150877,283.5441081942786,0
2026-12-16 04:00:00,13.691935705740963,15.61884616496545,82.75441656481335,5.601806527560276,220.87909829843986,51.67495498713356,250.81849097157448,0
2026-12-16 05:00:00,18.971661896694258,14.739731937583807,69.56889146312278,6.266130239689312,210.5878502987039,47.139928931237634,264.2415176109916,0
2026-12-16 06:00:00,17.501866552805808,15.434567162984116,71.52956091194237,6.316917498753883,168.54061561717828,39.40717521550776,297.2169141097184,0
2026-12-16 07:00:00,21.271121912439565,15.730679883221306,71.99265097730205,5.241643906214552,167.93389736785227,51.28809140108259,297.0544120761339,0
2026-12-16 08:00:00,20.095002103909188,15.864453442763992,68.81350542406872,6.202496298924655,174.62927540705152,45.20887162999078,324.80036195246777,0
2026-12-16 09:00:00,24.814993511536972,17.278769875952143,68.79647259954233,6.127563322538913,222.55762998883745,40.524228211104464,349.36976591354676,0
2026-12-16 10:00:00,26.507916911721747,19.158573862176656,53.7859366921003,6.421437924179931,202.19989784751908,51.903606245779116,254.15724491035962,2
2026-12-16 11:00:00,27.526050576314677,20.29548377899375,60.93101652638942,5.954043212850552,226.05971722206687,51.51033858282,280.39496633118557,0
2026-12-16 12:00:00,26.57053504379138,21.11883832287411,73.4991252745828,5.782295951888569,230.08408202960248,47.14766491600792,267.2637676179277,0
2026-12-16 13:00:00,29.135803068420593,21.587040681579282,63.634465457874114,6.258086674628664,178.22144299102257,62.171191539945575,230.70769450404495,0
2026-12-16 14:00:00,27.22541572289842,23.21055489971454,64.56346945517686,6.079561516600706,200.96222982671563,58.268267347702846,297.58220555217684,0
2026-12-16 15:00:00,28.382335901379196,22.914536828805023,72.26732959670174,6.69795936565949,199.6101896394923,55.01857194053802,306.1134865602342,0
2026-12-16 16:00:00,29.606297477924063,23.562603062476757,49.192674932483946,6.183483137984731,190.16636931127354,70.66365572808748,231.9203509525394,2
2026-12-16 17:00:00,28.144800358911947,21.44468319939426,58.54968399536513,5.861419190569566,183.95471436425865,43.53536598002284,260.02002643298727,0
2026-12-16 18:00:00,25.522774413810648,19.32618141384308,63.76680484469028,5.3303582478495315,235.5426651023317,40.35199670683906,256.1164191028262,0
2026-12-16 19:00:00,22.349523451833385,22.055457547016655,73.87232802282689,5.567633129122353,201.55915180146502,53.60363099303359,214.66301187099327,0
2026-12-16 20:00:00,22.96838156826129,19.86018747702281,73.21622393422764,5.225618008788794,200.39434365679304,42.47365702005719,273.5449067933951,0
2026-12-16 21:00:00,20.21733854082939,19.86531481823964,67.80916020609159,5.713975185575655,175.91666975394213,45.119277156478226,229.19033294245725,0
2026-12-16 22:00:00,15.019526602654365,18.758322367180316,83.36633968752751,6.170427037293138,220.25637291240514,35.14080034249695,281.3597476502131,0
2026-12-16 23:00:00,18.224197271168947,19.234644301522348,72.51438943798873,5.798531564607794,169.84677497485956,51.066594577131276,285.7648609983916,0
2026-12-17 00:00:00,15.901472922704391,17.319997242354884,83.37643062100057,6.208690107504029,213.64716586534047,30.2899275446239,290.720911332189,0
2026-12-17 01:00:00,17.04219608795113,16.304260096692747,70.78615120384835,5.935029493375605,214.46688080165487,44.035617788406306,292.6528871091952,0
2026-12-17 02:00:00,13.357094221735792,16.205491308569183,79.75492893858625,5.638763084098396,187.62454852029293,44.84644262484243,336.23762866390143,0
2026-12-17 03:00:00,10.473463496182521,15.431094764314958,81.38100722769816,5.835050062067985,209.5295624354954,40.63961157580169,242.65415436737635,0
2026-12-17 04:00:00,16.35644796102671,14.633858405609253,82.05241430459652,5.988838676422038,205.57008677133462,27.427852413385,244.66072735931053,0
2026-12-17 05:00:00,17.487598046717125,15.993477439047375,72.8009762611086,5.855689359385446,198.8191812556955,27.353689062255494,301.2065558870457,0
2026-12-17 06:00:00,15.963992558590322,14.648098282551627,77.03096628463284,5.860273691540765,200.38831940435696,37.538275933282,269.7207389873714,0
2026-12-17 07:00:00,18.720517365482443,16.43017062528066,76.46943614973631,5.492379956965317,201.85345469580565,50.39050328762064,320.0130642823311,0
2026-12-17 08:00:00,26.13282661557985,15.76194416469095,67.76690047643478,5.626809493903114,203.89735018016145,47.88924861441944,297.46755169464177,0
2026-12-17 09:00:00,23.35331739448694,18.127878905602714,72.81078216398153,6.703384318461858,201.8072609403112,44.835646411688586,351.7244531317144,1
2026-12-17 10:00:00,26.596438464564326,19.154391713418345,65.53989772674615,6.291386596169417,166.88407429363576,36.15411513982522,271.3468620090924,0
2026-12-17 11:00:00,25.973757727253258,21.376440149941814,63.140246150896935,5.210463641276114,195.43367146983186,48.411322212611076,215.71841712053663,0
2026-12-17 12:00:00,24.926723478211336,19.748020885246575,64.73943809935264,4.853212416997455,207.94845803590616,27.009707219610817,288.62645679916585,2
2026-12-17 13:00:00,28.506093413829618,21.34771738406314,62.32104947944252,5.830476968579489,202.91866185617874,21.034505176280224,272.13303368343685,0
2026-12-17 14:00:00,28.601593159570843,23.12224755639707,63.32605058888691,6.157389157770396,228.61250778185416,42.569284487849956,296.37949946058285,0
2026-12-17 15:00:00,28.16166342602092,23.131957110274122,61.87014564953272,5.592023265031117,218.60259768498364,39.53948619902971,301.50428746700817,0
2026-12-17 16:00:00,27.890216573231484,23.144244041070003,63.02775721694996,6.208663491279175,173.88771394840592,55.13171297647458,253.6180593961631,0
2026-12-17 17:00:00,27.346149875774287,22.098794742789444,55.99835084621033,5.823861826002833,195.00118675836816,46.57983777772834,234.6397736589938,0
2026-12-17 18:00:00,25.27482457311929,21.99144693666461,69.40698693453024,5.73477548810921,190.65990039658436,61.50735309999851,269.16226599950454,0
2026-12-17 19:00:00,21.9157240637966,22.824459931324796,71.00669256789122,6.102446070470073,199.86954540118447,39.5178493130454,179.75233856902176,0
2026-12-17 20:00:00,22.72927718734291,20.95879264499686,74.13421944289395,5.587249682839092,199.910558004839,49.86772291522161,278.2266903514487,0
2026-12-17 21:00:00,17.26420905129872,20.335563937325663,75.68375167547696,5.685317471278538,218.34565007719547,42.4772287058437,258.7024769945534,0
2026-12-17 22:00:00,15.4244638140737,18.907849336978817,69.19865553050262,6.068066904852185,205.31985089423432,58.817197241311376,309.46700177970723,0
2026-12-17 23:00:00,18.15902327374652,17.018255407390104,72.8169411249708,5.7874416251735905,236.9163501562565,42.959495528759206,195.56605865827538,0
2026-12-18 00:00:00,16.698352581711966,17.747048340859997,75.36232728635355,6.563510509351094,207.2300941298708,53.54406780145765,275.2538123920255,0
2026-12-18 01:00:00,15.152426168365468,16.574158782879806,81.93160512512944,6.077530165142407,175.0822843898817,34.2238103547584,338.0489713886856,0
2026-12-18 02:00:00,12.906827242867392,17.380407854755997,70.56043958599216,6.0515255313331044,185.98158139495342,40.84787356867955,302.01605311804076,0
2026-12-18 03:00:00,14.176652804965409,14.323831591123291,79.59391421878618,5.7801981415739725,218.11367212195276,44.15956588072533,314.2268798275145,0
2026-12-18 04:00:00,15.543702051979174,15.658058336960384,80.31593361659152,6.149901870683842,151.57495206482943,57.634175399628006,288.5893409051979,0
2026-12-18 05:00:00,14.656411578832996,14.087061522014126,75.50486667899281,5.670956890879341,159.62358755719865,23.028130589919613,208.53863720397362,0
2026-12-18 06:00:00,17.39145701296515,15.661775639000709,75.90339163352606,5.912951100479805,200.3209162137569,41.67355553554221,281.6611669240991,0
2026-12-18 07:00:00,21.166762191547374,16.95277814650434,67.86470282439393,5.433482781198176,228.52766355563497,41.33519873572699,291.3395744025602,0
2026-12-18 08:00:00,24.140958046433823,15.34229190712281,63.782985678177454,6.215776556892236,239.21106295864632,24.230264776056195,231.87101823236904,0
2026-12-18 09:00:00,23.18258118672982,17.80077784019663,66.53880332526762,5.916241878904716,193.48682758934686,40.359642392531846,269.93784626562666,0
2026-12-18 10:00:00,26.634732531474146,18.549432212765904,60.88486099989596,6.593005225479151,231.82486060957652,29.593328688087063,158.95717483824336,0
2026-12-18 11:00:00,24.078657362424632,19.473710341773984,70.92370272477211,6.756919353467903,202.16803729306693,21.693365219626077,261.63607296232766,0
2026-12-18 12:00:00,29.05135468816149,21.308170121807482,57.863614990029326,6.105327780573258,154.0575505327031,42.37687171504677,257.5449622873479,0
2026-12-18 13:00:00,27.555558161932254,22.724975689884268,58.818780170441656,5.827370124483161,199.75770390564892,42.03854879196142,331.0895742245339,0
2026-12-18 14:00:00,29.461018425061955,22.35747864295443,69.88642122412332,5.4215741951497725,181.43275626135346,42.55046417040668,250.87107589485225,0
2026-12-18 15:00:00,28.389852156663913,23.02809244720429,67.13587747112348,6.1618999213035295,227.54692641433223,47.528582458983514,264.34571765618085,0
2026-12-18 16:00:00,30.042798841166825,23.0914470024474,51.04107458730381,5.884113825558091,199.2297421893654,36.20603176786301,271.83084890892763,3
2026-12-18 17:00:00,25.638093995795955,22.865146110241405,61.81044575578219,6.015213935661785,161.6626068033059,62.90856013445921,251.3871990427848,0
2026-12-18 18:00:00,26.441409446342746,21.592627504968068,65.88262352300225,6.491914954982497,155.00855567274323,44.66705991868497,303.79165687328634,0
2026-12-18 19:00:00,23.392472120772847,22.715182806124506,69.94780879123006,5.470230684534661,199.37060127756646,57.86430463061484,195.3043194457248,0
2026-12-18 20:00:00,21.762541782985505,21.23615629452707,62.83248553173293,5.4302783326074655,127.39347585620884,28.20100758511288,320.4630681657652,2
2026-12-18 21:00:00,19.91248584454354,20.351181372412146,78.29784445065937,5.705429624651728,184.45504130516298,36.65470349908126,274.52487526736525,0
2026-12-18 22:00:00,17.23149034325883,18.354792296779536,79.84833368399754,6.128480459900729,206.93090977228525,51.863148050442305,327.06588539181706,0
2026-12-18 23:00:00,17.029104082834163,17.597347501198524,78.3745832608007,6.021946896085795,168.28950487833924,42.73435724322067,165.11071431542916,0
2026-12-19 00:00:00,15.843849840326197,16.859092641831378,84.17102264516917,5.441724595321691,229.8196147071599,34.268206126270336,177.5508271755557,0
2026-12-19 01:00:00,15.600379588586616,14.944273120494728,79.94099445655064,6.102621160280993,235.73019649252075,26.613701013559186,263.32085761658,0
2026-12-19 02:00:00,15.126757718539293,14.185470924704102,80.49079513401207,5.319514872442695,169.49897141744145,52.33203672240365,295.23661552002244,0
2026-12-19 03:00:00,16.435511040394875,14.655698350332873,84.46578311063736,5.464903330260457,191.0586747741054,51.51602254948855,252.80269135987302,0
2026-12-19 04:00:00,17.323085097579984,15.418016613153911,81.11839578654256,5.753817073124324,229.84079453964415,47.43320691419228,298.3538332033006,0
2026-12-19 05:00:00,15.474317548952465,14.613786782899775,73.62328164669938,5.578627501609912,199.96077397234734,40.040938092140834,314.25239029771853,0
2026-12-19 06:00:00,19.803158750886155,14.720854226789676,75.80218539229618,6.155943795460374,158.1656426570294,33.86909972370195,301.63998188085475,0
2026-12-19 07:00:00,18.40876204361757,15.519824352663672,70.98814622286599,5.914551393200438,195.7003679430694,44.47018460103298,279.13074017520324,0
2026-12-19 08:00:00,22.8817838322066,16.63572606148375,71.46263215610347,6.5062244710509045,174.41215033112482,31.846813963545998,278.8241139861623,0
2026-12-19 09:00:00,24.741341492771948,17.681636649333836,69.09345774377273,5.701125853858234,233.24593689277657,37.4841591943541,250.40819654446463,0
2026-12-19 10:00:00,22.633024662506244,20.732417161765245,62.323033842712576,5.751119139583702,218.17796282973768,57.61250581399549,272.78502703184887,0
2026-12-19 11:00:00,27.08921633809995,20.878972683199937,63.283712337724886,6.2841530436247055,190.58729164203115,26.49164236868581,234.03076451061094,0
2026-12-19 12:00:00,27.359433656450594,21.819819289825382,64.8949647301613,5.763631678750482,204.26444037590122,51.77527826900367,243.6108213055577,0
2026-12-19 13:00:00,27.623332897120413,22.763291416164897,61.07054956848472,6.397602099083018,160.7563526908254,59.94195951449163,295.5745679818702,0
2026-12-19 14:00:00,31.02627849604851,21.665044919670514,60.74201551669559,6.016331284153797,177.38667624327167,53.162597193826535,256.484754738746,3
2026-12-19 15:00:00,27.780962073067347,21.88581161316648,67.09233439732454,4.858885412045856,246.5983756307748,48.98212878426484,245.49752423322667,2
2026-12-19 16:00:00,26.852612432814,22.114503766772756,64.02389975946943,6.271028165659786,201.60543957739003,40.36427153828876,292.96924052739973,0
2026-12-19 17:00:00,27.063289878313473,23.931308211826543,65.04704952956513,6.165090725247923,227.90257414374096,38.541119455659874,290.19598627721666,0
2026-12-19 18:00:00,26.528384619447625,22.02634818403176,71.48305884944273,6.1805330424442175,206.96039265224084,22.518691339366793,266.38801658205557,0
2026-12-19 19:00:00,23.599260436702455,20.827342178954762,70.44687039208318,5.0356086485818965,239.42845529088572,45.37006680267314,269.0425827711345,2
2026-12-19 20:00:00,23.74955581850388,20.65520303982415,68.90465446616771,5.534804015491581,140.03487402202342,40.977595512709065,291.63791559519626,2
2026-12-19 21:00:00,20.98473017722849,19.84439175503838,66.42792688911901,5.564518066577292,194.3534724794298,38.019655913180934,313.7582846553556,0
2026-12-19 22:00:00,15.232683020402854,19.21473061895565,81.47591043246082,5.463551452975842,249.34344938649167,44.79918971120987,283.04342636615047,0
2026-12-19 23:00:00,16.25605208643366,18.16548463615955,78.5434872432393,6.496769012757575,228.68520306681933,45.62369480204655,227.3186435849155,0
2026-12-20 00:00:00,15.09505902448138,16.337455548901193,84.70462633912938,5.795292864870547,239.76116776370574,38.64442702632947,266.142900289462,0
2026-12-20 01:00:00,15.957560646120655,16.720097989264776,77.48531994117177,5.785375622948331,199.79706219030527,61.130807834767865,258.7140064882633,0
2026-12-20 02:00:00,11.062774415438833,15.024543557862119,74.04333820080343,6.0208033241263115,183.8868075375985,52.306027791124244,232.88055574502215,0
2026-12-20 03:00:00,19.062033779053106,15.011275625479692,65.02495512099496,6.027720667155752,169.18506620936216,53.96278558373278,294.91731062408405,0
2026-12-20 04:00:00,16.734361315850247,15.549419256402684,79.99717023977837,4.466042915749668,167.09215725015468,43.96697216360591,297.99410317581334,2
2026-12-20 05:00:00,17.2735677375707,14.622839571688255,72.8207507264244,5.541456985140255,224.21181686625556,50.11235732261143,304.0483368682384,0
2026-12-20 06:00:00,20.27235157462872,15.080417245997337,74.25701686599803,5.234884568883489,215.39633151262555,36.04295399401437,235.3634818367164,0
2026-12-20 07:00:00,23.70374776350129,16.644907315008314,68.52666590631024,5.960122437261928,198.0027965200892,51.66258540250306,281.2980374831669,0
2026-12-20 08:00:00,23.306119966882605,16.313813458715984,67.59845770127127,5.684443034266381,215.24571964555042,42.955973926862605,274.74899068623495,0
2026-12-20 09:00:00,25.234952960425076,17.65689020070666,65.63625001954878,5.806155025800507,204.27355277156184,34.780164649856744,287.2961237336754,0
2026-12-20 10:00:00,25.696035036696575,19.444593742434314,61.23781043073798,4.96859210044379,228.8665310419845,44.772333287807704,280.1890596599277,2
2026-12-20 11:00:00,26.73745883825541,21.678550133558865,64.23616094959516,5.6760591101238,228.58060264724512,42.07945969750111,274.49816220334776,0
2026-12-20 12:00:00,27.348484660483717,21.484323603810196,60.659351243447546,6.246052100733126,168.02377698545473,68.23069327220917,269.69104962101807,0
2026-12-20 13:00:00,27.52231279645166,22.2065389351382,61.51194204362948,6.363779793240867,208.2093796240937,49.35394248479912,319.2736244010208,0
2026-12-20 14:00:00,27.969478850450756,22.888742882075938,61.21838015591329,6.08754536781628,149.93399749417753,60.79717467448222,240.52743969922855,2
2026-12-20 15:00:00,26.735646837509,22.005151085902636,63.18375744549561,5.265813882620752,203.99062214271788,56.31287106358727,268.07316516939807,0
2026-12-20 16:00:00,27.948370650463538,23.092477390943927,67.4728225019792,6.303760721196849,218.12912839104757,45.37780599797499,318.25482667223844,0
2026-12-20 17:00:00,24.422746102466252,22.839890114487154,66.44375053101703,6.089600902000006,160.5884196562052,40.56280797069955,242.55776303874364,0
2026-12-20 18:00:00,25.786374786215568,22.72136924743596,70.57486193949181,5.753124386374185,187.50611793617503,27.59773418799677,244.59648289024054,0
2026-12-20 19:00:00,23.757237403654134,21.92163356672689,75.58058987224746,4.989985474196102,200.28579131659407,36.290564493352605,304.3576377780724,2
2026-12-20 20:00:00,22.22040294758003,21.30375974193369,74.0102397181847,6.181437980265007,207.0174474912017,51.62753457754214,218.0434463741183,0
2026-12-20 21:00:00,19.405069329252367,19.78610242449072,75.78625948023972,5.563133468006648,191.64188890325497,41.97869614879297,301.42524492105974,0
2026-12-20 22:00:00,23.115290555270754,19.046887133897435,70.2958123810927,5.938466328421912,164.83135542785985,48.758203257384416,255.41461683012147,0
2026-12-20 23:00:00,19.09042638196464,16.982460966744323,77.81828188689279,5.827357544254665,198.37978394242225,24.697248486526636,291.4000246208169,0
2026-12-21 00:00:00,14.071008423381844,16.744074177597668,79.96159358492298,6.415357993775311,150.43269299177067,49.53514849097373,226.17061731777494,0
2026-12-21 01:00:00,15.58782134711687,17.284239713795124,82.61746361324575,5.7498532056009966,193.02075689953566,55.96481557199286,322.40305066233475,0
2026-12-21 02:00:00,14.087990785594014,15.79094505656485,82.5649400837356,5.79395456396562,186.7587915890921,27.242417101937466,226.3104540044183,0
2026-12-21 03:00:00,13.716799625915401,15.119559864937266,78.14063814499958,6.431446156191452,195.97202979681737,48.71563906356799,303.9980141418662,0
2026-12-21 04:00:00,13.927714066823029,16.516898621003477,84.16599752032639,5.5367111024999245,183.22034067572952,58.43534653608461,227.9815046489606,0
2026-12-21 05:00:00,17.69857756783305,14.047628712202863,75.61910694848818,6.125729140563111,154.76957485531398,61.80086649339466,347.33203484356255,0
2026-12-21 06:00:00,17.47792964739564,14.648333940505271,74.89582438506365,5.720553710848614,189.00970038231463,39.9650092914204,272.14472872579483,0
2026-12-21 07:00:00,21.64000572032016,17.541742004274827,68.05099733362087,5.398983215198028,227.92460375111958,52.79930344611534,353.03428379987935,1
2026-12-21 08:00:00,23.490673321795658,17.036768748839147,69.04128625321806,5.8004643946883485,237.84382411966413,59.29789820005415,242.24450050357362,0
2026-12-21 09:00:00,25.87260489353482,17.770657390558082,70.33518720482313,6.076682045443195,273.180028361578,49.01381390780379,257.2939721580482,1
2026-12-21 10:00:00,24.221419850888843,18.040636539923486,71.77899620689857,6.341483935990604,250.74951225192993,57.850775889968105,323.4287681492868,1
2026-12-21 11:00:00,27.66279588434385,20.393433193526093,64.97161392608217,6.389877594138273,164.0918621999569,44.64138346661699,217.95215912899536,0
2026-12-21 12:00:00,29.01085915145452,21.43556789562197,64.58518722187975,5.682094370309787,187.7468719618202,48.94314143770797,247.02933376520232,0
2026-12-21 13:00:00,28.050213521367528,20.952831636078276,69.09822773197176,5.405100307187114,199.3164309548667,38.78390773537798,294.80273718757326,0
2026-12-21 14:00:00,27.84234206391069,22.351881146697412,62.23935806745287,5.672504440169008,197.43320497298902,43.35399842326241,234.24877693214668,0
2026-12-21 15:00:00,31.175761782687434,22.59529063952982,53.41198584312404,5.327387698667938,202.0859998968868,49.33716169876364,295.8726968807618,3
2026-12-21 16:00:00,28.403421640089153,23.204781717135017,68.82154329278588,5.713045520233398,272.22774264642675,38.03380674954232,281.81617540086876,1
2026-12-21 17:00:00,27.90369909437344,21.96830311137976,60.26666982659828,5.663333886552096,167.5384536262281,42.76413626859246,214.45417505031264,0
2026-12-21 18:00:00,24.26688598225811,23.46565957874828,63.82804620457075,6.090996081662706,178.59406591357103,52.608736809468034,313.71075151933866,0
2026-12-21 19:00:00,21.982806615934354,22.561086150024273,61.03964328420601,4.917625928034249,249.3147779026728,65.525575331761,224.50267627221723,2
2026-12-21 20:00:00,21.145825338261833,20.709459553013748,73.88142485990728,5.5065568215653435,181.52055970745442,24.505615083514265,305.8511638789175,0
2026-12-21 21:00:00,20.00223460319736,19.862141211099384,64.29005535340205,5.509792678223234,211.80741951007147,64.76576667323617,280.13901592977123,0
2026-12-21 22:00:00,16.903669989773977,18.890862279777906,72.36430197381254,6.27485090096321,231.03972109604626,42.401282355772324,256.79950141177034,0
2026-12-21 23:00:00,17.035485318718596,17.342076977184714,78.89860159011297,5.354462249039593,214.5949705019609,54.64899869027385,230.78389900156463,0
2026-12-22 00:00:00,13.405064391406178,16.645256465411972,83.92352899235445,5.890662943859597,205.75296899307477,56.6109269999174,288.170773016326,0
2026-12-22 01:00:00,13.558448082271713,15.95535658111412,76.87134156018277,5.748748634232087,228.15832309081952,60.64496773940547,240.09900826089893,0
2026-12-22 02:00:00,16.006366872415313,16.82619308142795,76.5215931181396,6.217217010734553,173.2079433048509,37.72038135270209,323.31813904210304,0
2026-12-22 03:00:00,16.144204996393363,15.893591341508076,72.6639813722972,6.038332745804219,185.10910611511997,42.74728691882201,324.778024372136,0
2026-12-22 04:00:00,15.350007025428631,15.7477237658693,75.23800763042973,5.848497492728152,216.06912765395492,44.46403901047096,340.6813608394399,0
2026-12-22 05:00:00,15.523606068078736,15.432237185247239,79.10274901907005,5.578133250164773,137.91682222357247,41.42566157502655,286.2358974830123,2
2026-12-22 06:00:00,16.958894672710983,14.642036777717259,73.54109299876453,5.059062998756049,242.4975147003408,58.187609748391395,258.82760778006497,2
2026-12-22 07:00:00,19.628364315370384,16.138379991591904,71.6248876206772,5.898834262274962,209.10177125593344,44.23172298988534,263.1238967731737,0
2026-12-22 08:00:00,22.966777737467936,17.776390767690703,61.51633330695065,6.0121959194119485,204.5909525834345,28.81452335191631,260.1964966879098,0
2026-12-22 09:00:00,25.204101852734134,16.958112116096085,71.81985860074973,5.170052955010139,151.08461367076828,38.66986177686236,284.9202215331643,2
2026-12-22 10:00:00,24.755202396777047,19.50924256549861,69.24409008972287,5.30652233426858,161.40172623800785,29.2159997330312,292.4642902235441,0
2026-12-22 11:00:00,25.219508829328657,21.893363560620294,70.10111626399163,5.9009319893486705,188.04249007097414,42.71661213306659,324.2625746406759,0
2026-12-22 12:00:00,28.46394328329057,21.849453316791784,68.69539468313563,5.935656674483148,224.22289550886796,51.725496745679365,275.8049366238413,0
2026-12-22 13:00:00,27.5261783280847,22.959650433195783,59.242521628569776,5.403741075963176,137.70151963404243,38.455233276963114,218.87090677865766,2
2026-12-22 14:00:00,28.222621041708198,22.638772615491483,60.740882334810046,5.570374114572784,223.65094402332068,40.96967035365423,258.70316294152394,0
2026-12-22 15:00:00,30.749394919679034,23.638048864168265,50.02655425847411,5.065404464571829,189.199060276749,42.25234707661806,337.2340712022609,3
2026-12-22 16:00:00,29.302850969339726,22.425717428516773,76.93869338730352,6.350905561525293,193.29729581775044,46.40742493835245,212.73685718111943,0
2026-12-22 17:00:00,27.18670893668301,23.500394355029258,63.02802269939351,5.2800502370526186,207.60778825072418,50.16082778635524,304.56599841605527,0
2026-12-22 18:00:00,23.592121498330915,22.987612122386363,73.28309370157746,6.0169037564994206,208.07951713539234,53.07255427935368,259.3770754566624,0
2026-12-22 19:00:00,24.128828166923633,22.06035606397632,61.25460047801435,5.786015721538647,178.6271423019021,67.55516982936521,239.66142758401918,0
2026-12-22 20:00:00,23.59398593618129,22.0528059357748,73.0691590047975,6.315837447849903,218.74730265406527,46.234959310000725,290.824441964485,0
2026-12-22 21:00:00,19.62481618563405,19.60424831013217,82.13817496048748,5.4830983628900976,130.41805580310682,52.357930539797145,337.43812102491063,2
2026-12-22 22:00:00,20.526671134980074,18.85035398682107,71.466590892884,5.824501084136155,186.48743340297037,29.12443252321725,288.61776707132685,0
2026-12-22 23:00:00,18.98937046597148,18.041093452676556,68.55834795788621,5.12062923630506,204.6104528953071,41.20817014434466,264.49823159835046,2
2026-12-23 00:00:00,18.433421421724137,16.17631122312848,73.58591228920335,5.024589265224098,189.65152054356577,42.29583106537927,223.15803041574526,2
2026-12-23 01:00:00,15.696383905773551,16.353118430294007,66.43053168828561,6.038533433546189,145.19269088102055,34.826851110128956,271.0460335558905,2
2026-12-23 02:00:00,15.881087549709019,14.160754054499167,77.15326143523997,5.085989664372119,222.74082136281413,39.64007268632464,221.71400718842236,2
2026-12-23 03:00:00,17.359800148473155,15.973860322386294,79.67307551839718,5.708712986226187,162.54836563618844,43.925152823443725,262.6030311431908,0
2026-12-23 04:00:00,16.608913079112394,15.037309893252772,76.29051608319755,6.204518179189168,197.97457977415132,39.95336625835192,272.4776940643358,0
2026-12-23 05:00:00,16.298401370008847,14.719582371720717,75.42122058254454,6.0986739424378715,204.5910379120287,71.0183418783816,180.57834037158102,0
2026-12-23 06:00:00,17.827185745208208,14.86839949502615,77.64521768631032,5.534165804820562,200.59481461296102,50.1227534157773,330.53288818351547,0
2026-12-23 07:00:00,20.54609911494296,15.983909651558458,74.76480529681622,5.164598745436731,235.07032777591445,65.01022738859336,225.45914107518246,2
2026-12-23 08:00:00,20.064157867080674,17.55060776861793,64.02348274697728,6.003797944662211,198.4021232001894,59.92651178834005,267.5616319531722,0
2026-12-23 09:00:00,23.596844942671357,18.402915002579967,68.52790088018831,6.336902713144072,212.8236621409082,38.60753866549614,296.35332983250066,0
2026-12-23 10:00:00,27.14482067734538,18.43556964217723,76.00614080833176,5.535104768533751,198.32287900546277,45.375604674198115,327.3419887271672,0
2026-12-23 11:00:00,23.662866691557912,19.358444442307974,61.329478741890384,5.478674856637153,218.38868252498824,40.65175378925423,243.31387974508672,0
2026-12-23 12:00:00,30.36390097918284,21.525518965055717,59.53622466081526,5.590039214852401,241.8048589114257,43.38177240713668,174.6325895610842,3
2026-12-23 13:00:00,30.445042112078216,21.250549201054167,69.57468007576466,6.0286434843228465,204.1262548841658,35.23566330811269,318.14654864045144,3
2026-12-23 14:00:00,28.310353076254284,22.512029434401356,67.94845209121324,6.2914070425659645,223.45551072748998,40.58464670829777,225.0202045429516,0
2026-12-23 15:00:00,29.576567025831192,22.962707019175696,58.341136165122265,5.304157275447791,243.65986804646593,48.595188815332385,289.3777297433491,0
2026-12-23 16:00:00,28.066899416850564,23.24964970538139,63.750397597892345,5.200687276270139,240.71552740922814,48.33122056942204,291.86358800542587,0
2026-12-23 17:00:00,28.794733020963857,23.550319649301773,61.83576197491926,6.7359985287729796,188.4413178916637,47.53403665216267,144.91882269313652,0
2026-12-23 18:00:00,26.97402471415491,21.453731265643896,60.290811321405776,5.729070884843984,231.09297067235502,44.40325175116441,210.40652913822242,0
2026-12-23 19:00:00,21.711627230943133,20.2994996645378,69.97478678540283,5.9011571182761235,207.46313480141578,53.607424252369405,256.5675517313146,0
2026-12-23 20:00:00,22.880893620196264,20.54604217501732,67.54309699173183,5.5232276637529445,233.5168999320174,42.42956973921462,171.63488324243062,0
2026-12-23 21:00:00,19.879824903817482,21.476498906675833,73.10795480580276,5.995984923781086,217.0590375068885,58.915523397616155,221.4779489497035,0
2026-12-23 22:00:00,18.62424885577715,20.6177392800699,70.30898546961225,6.184024349880609,208.27004228108564,26.52402442982438,279.9151424050667,0
2026-12-23 23:00:00,15.957994680239446,19.429665528042626,70.86731538248935,5.919918468629172,213.01916241039063,51.56811023975756,271.46065391634926,0
2026-12-24 00:00:00,18.560027777190182,16.845614905791447,73.92156280040993,6.496343230805774,207.65713868116794,49.88371112247357,287.10617722577086,0
2026-12-24 01:00:00,16.798611945830388,14.745880809665945,84.81725675589743,5.669302164023563,208.8299913540953,38.2543344274845,292.96883914915406,0
2026-12-24 02:00:00,13.890343254040548,13.661467103540772,80.14260272646533,5.69484701078585,195.23502918254275,41.447689731447234,207.72681732081546,0
2026-12-24 03:00:00,13.236603305611172,14.645066165604199,78.85810713860886,5.8925625405109665,192.44826978177448,49.647909391090366,223.60606946349444,0
2026-12-24 04:00:00,15.359313227042158,14.841541095880512,81.73925315274191,5.9859846582024385,252.89524788118007,54.159352471487495,305.454647580482,1
2026-12-24 05:00:00,17.702006500831125,16.176797015688493,74.36599413602576,5.891178904825043,214.32583733333553,27.505368316688937,335.9732096401072,0
2026-12-24 06:00:00,18.860308765919335,16.230142752496203,83.10779410569235,5.286233989217964,182.800852333058,51.282460676542556,236.3036780455115,0
2026-12-24 07:00:00,22.06796592143472,16.353496938447105,69.89887834780293,5.9250060664782245,191.67747705711068,40.42348814442443,285.3562237638783,0
2026-12-24 08:00:00,23.18487958327128,16.288124183247085,72.0806298158653,5.650330566078625,231.68775360343852,56.25289774298553,307.2833157325558,0
2026-12-24 09:00:00,25.266086854347005,17.196100172994004,62.307673862817225,5.567609194370141,177.91439869734143,26.60724786183823,284.5022246875714,0
2026-12-24 10:00:00,25.990283100915654,19.203302149657148,67.72710654558453,5.812992821901298,155.53916954566967,69.45298965121208,265.0493477831608,0
2026-12-24 11:00:00,24.865799372989347,20.592916963481866,67.93650813713155,5.415390925068314,157.74652578193866,36.138600669859024,249.37400022204028,0
2026-12-24 12:00:00,27.76863002977072,21.31350500979647,62.7951133409791,5.345843470450707,148.13073199385636,59.29961186789678,354.41076819062164,1
2026-12-24 13:00:00,30.351615393886476,21.00074875706087,57.46927272148763,4.75381241599846,161.03555425206625,44.30815380267167,278.84836166107897,3
2026-12-24 14:00:00,28.922715607213032,22.984635718171422,58.50259044308249,6.498894931403957,164.5740218059757,36.8133326279987,290.557681248691,0
2026-12-24 15:00:00,29.516116336959097,23.204432078837403,62.392423715547345,6.022292527641201,241.55712138824416,47.65114005381411,287.9728032298765,0
2026-12-24 16:00:00,27.584055353621874,22.143466875047856,66.44382912413612,5.753294351477478,198.61462362022195,55.29125444956368,242.50326371996752,0
2026-12-24 17:00:00,25.405029695493067,22.23624652891607,65.27815038393766,5.533110705245341,189.1020938258985,29.472951992552375,277.0328409325722,0
2026-12-24 18:00:00,25.314983903930834,23.014898394787007,67.45835896088697,4.649587087181433,156.6976081094428,52.01588849287009,262.1102924848759,2
2026-12-24 19:00:00,24.275304480266627,21.64082109662948,67.0800612330162,5.508588449511406,195.7062080758598,44.8782150134291,261.3940963532446,0
2026-12-24 20:00:00,21.016468420807833,22.271317841309166,71.67286801955754,6.086346534865631,147.88015812307424,50.77044082566334,287.67836564075054,2
2026-12-24 21:00:00,19.83469981699735,20.436179601261745,71.59613530621705,6.176869721437547,188.91748486140906,45.1097535733898,238.3742810705864,0
2026-12-24 22:00:00,17.090805137021025,18.610695049448584,75.98089673241631,6.05691679744132,261.93483169531027,39.28131161245346,226.80846316785008,1
2026-12-24 23:00:00,18.729119908040314,17.95655933927717,87.41525839443875,5.863356782300987,219.91410736119096,33.868767486281214,295.1090024162168,1
2026-12-25 00:00:00,15.496138537126878,17.050706714110174,79.36280524948488,6.321549658372551,193.7060551893641,51.72645112047025,253.7355762948532,0
2026-12-25 01:00:00,17.417652533665798,15.588860624660441,78.72530175175626,5.6685851111645835,220.9437081621907,51.672719921988346,261.1993711889305,0
2026-12-25 02:00:00,17.293121775811365,14.805827826320144,77.83837189566685,6.234075566453744,184.35370465617297,51.62272247690808,197.84813789293355,0
2026-12-25 03:00:00,15.116950268893907,15.697408609891326,76.945575560842,5.646167022511914,175.97966771362437,49.27596319440573,313.5233112870653,0
2026-12-25 04:00:00,14.425149074687905,15.676218637633676,85.55976717683285,5.447543476448895,251.12388888598525,54.4469887183947,295.96064847662774,1
2026-12-25 05:00:00,13.92140571509416,15.619321870486093,78.2384942897553,5.397714807830991,165.7317603823918,59.06069279769642,303.32275141247317,0
2026-12-25 06:00:00,16.29194439045981,16.748152860321287,82.12493947616098,5.374201431530818,189.3763629296795,26.23582152593482,290.4930248159098,0
2026-12-25 07:00:00,18.127514446934363,15.738154286444527,72.97594767334652,6.063627211520994,209.1809984709053,21.582025561309116,214.36172185238942,0
2026-12-25 08:00:00,24.067704441192255,18.339416612856905,62.71889207484909,5.502901771561168,171.91297382727655,62.17947359879645,284.1599585871661,0
2026-12-25 09:00:00,23.985470196558065,17.243986924746594,69.44441680531129,5.386788461986022,219.51814860894228,31.58953485414811,250.63465990620205,0
2026-12-25 10:00:00,26.084406786137983,18.189851549305207,59.57537007612389,6.085494087864544,190.80216426073244,34.137567132103804,236.48571579065845,0
2026-12-25 11:00:00,23.619115954903144,18.627309074690682,70.73526197919928,5.931188156188893,219.9173098270057,42.12385688125076,295.00192965782884,0
2026-12-25 12:00:00,26.265228182665176,20.643363748938548,58.91093290034521,6.1850367931383206,217.57952539251556,28.460284212868977,341.34035667010716,0
2026-12-25 13:00:00,30.092100448692907,21.42544925528263,58.69443930920424,6.005039804509119,192.7096360812251,41.184133026923625,334.73357675825366,3
2026-12-25 14:00:00,29.43016116857388,22.884851439341475,53.92515811508764,5.498755367921075,251.31976017772956,35.51894655877335,299.88580074042466,1
2026-12-25 15:00:00,28.54067286599508,23.058816058452635,76.27202760781955,5.830440966587434,180.03992589699675,42.666591303029925,273.79087362163216,0
2026-12-25 16:00:00,28.909441364391256,22.045621303184692,53.438872564648925,5.85005319630787,240.4661141164621,47.798413049071016,266.3783071632435,2
2026-12-25 17:00:00,29.403444177509556,22.549522314415622,61.16493568897056,5.432336536610399,235.24799727884124,41.56461774570435,238.8198565422709,0
2026-12-25 18:00:00,25.168436304694424,22.166931998267604,71.91439780601677,5.358150010362403,253.12646622981322,41.05952714602853,264.2106726517329,1
2026-12-25 19:00:00,23.91578801970475,20.407641327176677,72.88298391928943,5.527711356352918,205.22168118029063,47.579957967916464,311.3409583835258,0
2026-12-25 20:00:00,22.288895378096957,20.215242618389304,73.91003615714934,6.614632942668832,176.34242864216031,55.442917979499484,347.9255652809975,0
2026-12-25 21:00:00,23.77643113719334,19.41862527591881,66.28214069426062,5.63490236231138,262.3038975598864,61.02964346921666,242.34074772143845,1
2026-12-25 22:00:00,15.350965603371462,20.146900015856758,84.73428600763924,6.293146716554686,189.95895596070906,42.814617459977846,195.19946061313203,0
2026-12-25 23:00:00,18.075087053877382,18.117884392355798,79.27685098935805,5.61253579620808,175.59372281883392,63.24889151923237,253.7650401555078,0
2026-12-26 00:00:00,15.765618800370333,17.529735003158,78.54275552785799,6.155535527815997,194.30639762285563,53.767068347612465,311.1581645148454,0
2026-12-26 01:00:00,16.088676805252792,14.972664477534439,78.29649162232961,6.1609966622231385,170.54927851528768,32.679915460268234,357.89109162636277,1
2026-12-26 02:00:00,14.013941169007914,16.49126997127344,78.06365735911365,6.181036203180818,215.78446475370038,32.38791744386325,327.40164826627216,0
2026-12-26 03:00:00,15.165071669688846,16.177178345263002,73.65365386720819,5.955130936803584,181.8299485472446,39.2271214939733,326.4114084951351,0
2026-12-26 04:00:00,17.004938042707174,13.4013240262843,82.17982922614497,6.3509466315124605,191.37547490285382,59.44603983359726,241.0175858530104,0
2026-12-26 05:00:00,21.719617833259928,14.57204331571105,76.89749856809576,5.951341587741091,229.03336584994886,39.98632684434463,242.14442505803967,0
2026-12-26 06:00:00,19.712054284103107,15.932510843274654,68.32498915392667,6.485411891736112,218.71079630528575,26.076431754937268,222.0476145093517,0
2026-12-26 07:00:00,18.91616828723659,16.687083638084353,72.93167222958513,5.152032078724626,200.46753717708975,42.711157911122896,248.38081055498276,2
